{"cameraMode":{"drawMode":0,"name":"Shaded","section":"Shading Mode"},"sceneLighting":true,"audioPlay":false,"sceneViewState":{"m_AlwaysRefresh":false,"showFog":true,"showSkybox":true,"showFlares":true,"showImageEffects":true,"showParticleSystems":true,"showVisualEffectGraphs":true,"m_FxEnabled":true},"in2DMode":false,"pivot":{"x":1.7762808799743653,"y":-8.12795639038086,"z":75.48081970214844},"rotation":{"x":0.09614315629005432,"y":0.0194044541567564,"z":-0.0018724818946793676,"w":0.9951838254928589},"size":57.51448059082031,"orthographic":false}