{"cameraMode":{"drawMode":0,"name":"Shaded","section":"Shading Mode"},"sceneLighting":true,"audioPlay":false,"sceneViewState":{"m_AlwaysRefresh":false,"showFog":true,"showSkybox":true,"showFlares":true,"showImageEffects":true,"showParticleSystems":true,"showVisualEffectGraphs":true,"m_FxEnabled":true},"in2DMode":false,"pivot":{"x":5.556239604949951,"y":2.221243381500244,"z":-1.965530276298523},"rotation":{"x":0.20729593932628632,"y":-0.002938520396128297,"z":0.0006250552251003683,"w":0.9782824516296387},"size":3.578167676925659,"orthographic":false}