{"cameraMode":{"drawMode":0,"name":"Shaded","section":"Shading Mode"},"sceneLighting":false,"audioPlay":false,"sceneViewState":{"m_AlwaysRefresh":false,"showFog":true,"showSkybox":false,"showFlares":true,"showImageEffects":true,"showParticleSystems":true,"showVisualEffectGraphs":true,"m_FxEnabled":true},"in2DMode":false,"pivot":{"x":0.8544011116027832,"y":0.4765084683895111,"z":4.542113304138184},"rotation":{"x":0.20729593932628632,"y":-0.002938520396128297,"z":0.0006250552251003683,"w":0.9782824516296387},"size":12.05436897277832,"orthographic":false}