Using pre-set license
Built from '2022.3/staging' branch; Version is '2022.3.62f1 (4af31df58517) revision 4911901'; Using compiler version '192829333'; Build Type 'Release'
OS: 'Windows 10  (10.0.19045) 64bit Professional' Language: 'ko' Physical Memory: 15761 MB
BatchMode: 1, IsHumanControllingUs: 0, StartBugReporterOnCrash: 0, Is64bit: 1, IsPro: 1

COMMAND LINE ARGUMENTS:
C:\Program Files\Unity\Hub\Editor\2022.3.62f1\Editor\Unity.exe
-adb2
-batchMode
-noUpm
-name
AssetImportWorker2
-projectPath
C:/Users/asdf/Desktop/unity/ReactiveTurnBase/My project A
-logFile
Logs/AssetImportWorker2.log
-srvPort
50571
Successfully changed project path to: C:/Users/asdf/Desktop/unity/ReactiveTurnBase/My project A
C:/Users/asdf/Desktop/unity/ReactiveTurnBase/My project A
[UnityMemory] Configuration Parameters - Can be set up in boot.config
    "memorysetup-bucket-allocator-granularity=16"
    "memorysetup-bucket-allocator-bucket-count=8"
    "memorysetup-bucket-allocator-block-size=33554432"
    "memorysetup-bucket-allocator-block-count=8"
    "memorysetup-main-allocator-block-size=16777216"
    "memorysetup-thread-allocator-block-size=16777216"
    "memorysetup-gfx-main-allocator-block-size=16777216"
    "memorysetup-gfx-thread-allocator-block-size=16777216"
    "memorysetup-cache-allocator-block-size=4194304"
    "memorysetup-typetree-allocator-block-size=2097152"
    "memorysetup-profiler-bucket-allocator-granularity=16"
    "memorysetup-profiler-bucket-allocator-bucket-count=8"
    "memorysetup-profiler-bucket-allocator-block-size=33554432"
    "memorysetup-profiler-bucket-allocator-block-count=8"
    "memorysetup-profiler-allocator-block-size=16777216"
    "memorysetup-profiler-editor-allocator-block-size=1048576"
    "memorysetup-temp-allocator-size-main=16777216"
    "memorysetup-job-temp-allocator-block-size=2097152"
    "memorysetup-job-temp-allocator-block-size-background=1048576"
    "memorysetup-job-temp-allocator-reduction-small-platforms=262144"
    "memorysetup-allocator-temp-initial-block-size-main=262144"
    "memorysetup-allocator-temp-initial-block-size-worker=262144"
    "memorysetup-temp-allocator-size-background-worker=32768"
    "memorysetup-temp-allocator-size-job-worker=262144"
    "memorysetup-temp-allocator-size-preload-manager=33554432"
    "memorysetup-temp-allocator-size-nav-mesh-worker=65536"
    "memorysetup-temp-allocator-size-audio-worker=65536"
    "memorysetup-temp-allocator-size-cloud-worker=32768"
    "memorysetup-temp-allocator-size-gi-baking-worker=262144"
    "memorysetup-temp-allocator-size-gfx=262144"
Player connection [9676]  Target information:

Player connection [9676]  * "[IP] 172.30.1.88 [Port] 0 [Flags] 2 [Guid] 3903258626 [EditorId] 3903258626 [Version] 1048832 [Id] WindowsEditor(7,DESKTOP-FAF2NFQ) [Debug] 1 [PackageName] WindowsEditor [ProjectName] Editor" 

Player connection [9676] Host joined multi-casting on [225.0.0.222:54997]...
Player connection [9676] Host joined alternative multi-casting on [225.0.0.222:34997]...
Input System module state changed to: Initialized.
[PhysX] Initialized MultithreadedTaskDispatcher with 12 workers.
Refreshing native plugins compatible for Editor in 9.93 ms, found 3 plugins.
Preloading 0 native plugins for Editor in 0.00 ms.
Initialize engine version: 2022.3.62f1 (4af31df58517)
[Subsystems] Discovering subsystems at path C:/Program Files/Unity/Hub/Editor/2022.3.62f1/Editor/Data/Resources/UnitySubsystems
[Subsystems] Discovering subsystems at path C:/Users/asdf/Desktop/unity/ReactiveTurnBase/My project A/Assets
GfxDevice: creating device client; threaded=0; jobified=0
Direct3D:
    Version:  Direct3D 11.0 [level 11.1]
    Renderer: AMD Radeon(TM) Graphics (ID=0x1638)
    Vendor:   ATI
    VRAM:     7880 MB
    Driver:   31.0.21921.1000
Initialize mono
Mono path[0] = 'C:/Program Files/Unity/Hub/Editor/2022.3.62f1/Editor/Data/Managed'
Mono path[1] = 'C:/Program Files/Unity/Hub/Editor/2022.3.62f1/Editor/Data/MonoBleedingEdge/lib/mono/unityjit-win32'
Mono config path = 'C:/Program Files/Unity/Hub/Editor/2022.3.62f1/Editor/Data/MonoBleedingEdge/etc'
Using monoOptions --debugger-agent=transport=dt_socket,embedding=1,server=y,suspend=n,address=127.0.0.1:56184
Begin MonoManager ReloadAssembly
Registering precompiled unity dll's ...
Register platform support module: C:/Program Files/Unity/Hub/Editor/2022.3.62f1/Editor/Data/PlaybackEngines/AndroidPlayer/UnityEditor.Android.Extensions.dll
Register platform support module: C:/Program Files/Unity/Hub/Editor/2022.3.62f1/Editor/Data/PlaybackEngines/WindowsStandaloneSupport/UnityEditor.WindowsStandalone.Extensions.dll
Registered in 0.010686 seconds.
- Loaded All Assemblies, in  0.337 seconds
Native extension for WindowsStandalone target not found
Native extension for Android target not found
Android Extension - Scanning For ADB Devices 202 ms
Mono: successfully reloaded assembly
- Finished resetting the current domain, in  0.479 seconds
Domain Reload Profiling: 814ms
	BeginReloadAssembly (100ms)
		ExecutionOrderSort (0ms)
		DisableScriptedObjects (0ms)
		BackupInstance (0ms)
		ReleaseScriptingObjects (0ms)
		CreateAndSetChildDomain (1ms)
	RebuildCommonClasses (34ms)
	RebuildNativeTypeToScriptingClass (10ms)
	initialDomainReloadingComplete (62ms)
	LoadAllAssembliesAndSetupDomain (129ms)
		LoadAssemblies (99ms)
		RebuildTransferFunctionScriptingTraits (0ms)
		AnalyzeDomain (126ms)
			TypeCache.Refresh (125ms)
				TypeCache.ScanAssembly (114ms)
			ScanForSourceGeneratedMonoScriptInfo (0ms)
			ResolveRequiredComponents (0ms)
	FinalizeReload (479ms)
		ReleaseScriptCaches (0ms)
		RebuildScriptCaches (0ms)
		SetupLoadedEditorAssemblies (438ms)
			LogAssemblyErrors (0ms)
			InitializePlatformSupportModulesInManaged (272ms)
			SetLoadedEditorAssemblies (5ms)
			RefreshPlugins (0ms)
			BeforeProcessingInitializeOnLoad (2ms)
			ProcessInitializeOnLoadAttributes (114ms)
			ProcessInitializeOnLoadMethodAttributes (45ms)
			AfterProcessingInitializeOnLoad (0ms)
			EditorAssembliesLoaded (0ms)
		ExecutionOrderSort2 (0ms)
		AwakeInstancesAfterBackupRestoration (0ms)
========================================================================
Worker process is ready to serve import requests
Caller must complete domain reload
Begin MonoManager ReloadAssembly
Symbol file data-000001872A05A420 doesn't match image C:\Users\asdf\Desktop\unity\ReactiveTurnBase\My project A\Library\ScriptAssemblies\Unity.EditorCoroutines.Editor.dll
Symbol file LoadedFromMemory is not a mono symbol file
Symbol file data-000001872961A010 doesn't match image C:\Users\asdf\Desktop\unity\ReactiveTurnBase\My project A\Library\ScriptAssemblies\UniTask.TextMeshPro.dll
Symbol file LoadedFromMemory is not a mono symbol file
Symbol file data-000001872961A010 doesn't match image C:\Users\asdf\Desktop\unity\ReactiveTurnBase\My project A\Library\ScriptAssemblies\Unity.Timeline.Editor.dll
Symbol file LoadedFromMemory is not a mono symbol file
Symbol file data-0000018729DCEC30 doesn't match image C:\Users\asdf\Desktop\unity\ReactiveTurnBase\My project A\Library\ScriptAssemblies\Unity.VisualScripting.Shared.Editor.dll
Symbol file LoadedFromMemory is not a mono symbol file
Symbol file data-0000018729DCEC30 doesn't match image C:\Users\asdf\Desktop\unity\ReactiveTurnBase\My project A\Library\ScriptAssemblies\UniTask.DOTween.dll
Symbol file LoadedFromMemory is not a mono symbol file
Symbol file data-0000018729DCEC30 doesn't match image C:\Users\asdf\Desktop\unity\ReactiveTurnBase\My project A\Library\ScriptAssemblies\UniTask.Addressables.dll
Symbol file LoadedFromMemory is not a mono symbol file
Symbol file data-0000018729669FD0 doesn't match image C:\Users\asdf\Desktop\unity\ReactiveTurnBase\My project A\Library\ScriptAssemblies\UnityEditor.UI.dll
Symbol file LoadedFromMemory is not a mono symbol file
Symbol file data-00000187068B8880 doesn't match image C:\Users\asdf\Desktop\unity\ReactiveTurnBase\My project A\Library\ScriptAssemblies\Unity.VisualScripting.Core.dll
Symbol file LoadedFromMemory is not a mono symbol file
Symbol file data-0000018706901E90 doesn't match image C:\Users\asdf\Desktop\unity\ReactiveTurnBase\My project A\Library\ScriptAssemblies\UnityEngine.UI.dll
Symbol file LoadedFromMemory is not a mono symbol file
Symbol file data-00000187295A1550 doesn't match image C:\Users\asdf\Desktop\unity\ReactiveTurnBase\My project A\Library\ScriptAssemblies\UniTask.Editor.dll
Symbol file LoadedFromMemory is not a mono symbol file
Symbol file data-000001872A3D9010 doesn't match image C:\Users\asdf\Desktop\unity\ReactiveTurnBase\My project A\Library\ScriptAssemblies\Unity.VisualScripting.Core.Editor.dll
Symbol file LoadedFromMemory is not a mono symbol file
Symbol file data-000001872A3D9010 doesn't match image C:\Users\asdf\Desktop\unity\ReactiveTurnBase\My project A\Library\ScriptAssemblies\UniTask.Linq.dll
Symbol file LoadedFromMemory is not a mono symbol file
Symbol file data-000001872A413A20 doesn't match image C:\Users\asdf\Desktop\unity\ReactiveTurnBase\My project A\Library\ScriptAssemblies\Unity.VisualScripting.Flow.dll
Symbol file LoadedFromMemory is not a mono symbol file
Symbol file data-0000018707C61430 doesn't match image C:\Users\asdf\Desktop\unity\ReactiveTurnBase\My project A\Library\ScriptAssemblies\Unity.VisualScripting.Flow.Editor.dll
Symbol file LoadedFromMemory is not a mono symbol file
Symbol file data-000001872A43B430 doesn't match image C:\Users\asdf\Desktop\unity\ReactiveTurnBase\My project A\Library\ScriptAssemblies\Unity.Timeline.dll
Symbol file LoadedFromMemory is not a mono symbol file
Symbol file data-000001872A0BC420 doesn't match image C:\Users\asdf\Desktop\unity\ReactiveTurnBase\My project A\Library\ScriptAssemblies\Unity.InputSystem.dll
Symbol file LoadedFromMemory is not a mono symbol file
Symbol file data-00000187295A1550 doesn't match image C:\Users\asdf\Desktop\unity\ReactiveTurnBase\My project A\Library\ScriptAssemblies\Unity.InputSystem.ForUI.dll
Symbol file LoadedFromMemory is not a mono symbol file
Symbol file data-00000187295A1550 doesn't match image C:\Users\asdf\Desktop\unity\ReactiveTurnBase\My project A\Library\ScriptAssemblies\Unity.TestTools.CodeCoverage.Editor.OpenCover.Mono.Reflection.dll
Symbol file LoadedFromMemory is not a mono symbol file
Symbol file data-000001872A374230 doesn't match image C:\Users\asdf\Desktop\unity\ReactiveTurnBase\My project A\Library\ScriptAssemblies\Unity.VisualScripting.SettingsProvider.Editor.dll
Symbol file LoadedFromMemory is not a mono symbol file
Symbol file data-0000018729A3A220 doesn't match image C:\Users\asdf\Desktop\unity\ReactiveTurnBase\My project A\Library\ScriptAssemblies\Unity.Performance.Profile-Analyzer.Editor.dll
Symbol file LoadedFromMemory is not a mono symbol file
Symbol file data-000001872A43B430 doesn't match image C:\Users\asdf\Desktop\unity\ReactiveTurnBase\My project A\Library\ScriptAssemblies\Unity.TestTools.CodeCoverage.Editor.dll
Symbol file LoadedFromMemory is not a mono symbol file
Symbol file data-000001872A37B040 doesn't match image C:\Users\asdf\Desktop\unity\ReactiveTurnBase\My project A\Library\ScriptAssemblies\Unity.TestTools.CodeCoverage.Editor.OpenCover.Model.dll
Symbol file LoadedFromMemory is not a mono symbol file
Symbol file data-00000187069B1780 doesn't match image C:\Users\asdf\Desktop\unity\ReactiveTurnBase\My project A\Library\ScriptAssemblies\Unity.VisualScripting.State.Editor.dll
Symbol file LoadedFromMemory is not a mono symbol file
Symbol file data-000001872A37B040 doesn't match image C:\Users\asdf\Desktop\unity\ReactiveTurnBase\My project A\Library\ScriptAssemblies\Unity.Settings.Editor.dll
Symbol file LoadedFromMemory is not a mono symbol file
Symbol file data-000001872A44E610 doesn't match image C:\Users\asdf\Desktop\unity\ReactiveTurnBase\My project A\Library\ScriptAssemblies\Unity.CollabProxy.Editor.dll
Symbol file LoadedFromMemory is not a mono symbol file
Symbol file data-000001870738E890 doesn't match image C:\Users\asdf\Desktop\unity\ReactiveTurnBase\My project A\Library\ScriptAssemblies\Unity.TextMeshPro.dll
Symbol file LoadedFromMemory is not a mono symbol file
Symbol file data-00000187069BCB90 doesn't match image C:\Users\asdf\Desktop\unity\ReactiveTurnBase\My project A\Library\ScriptAssemblies\Unity.TextMeshPro.Editor.dll
Symbol file LoadedFromMemory is not a mono symbol file
Symbol file data-0000018729B5C010 doesn't match image C:\Users\asdf\Desktop\unity\ReactiveTurnBase\My project A\Library\ScriptAssemblies\UniTask.dll
Symbol file LoadedFromMemory is not a mono symbol file
Symbol file data-00000187069BCB90 doesn't match image C:\Users\asdf\Desktop\unity\ReactiveTurnBase\My project A\Library\ScriptAssemblies\Unity.VisualScripting.State.dll
Symbol file LoadedFromMemory is not a mono symbol file
Symbol file data-00000187069E09A0 doesn't match image C:\Users\asdf\Desktop\unity\ReactiveTurnBase\My project A\Library\ScriptAssemblies\Unity.VSCode.Editor.dll
Symbol file LoadedFromMemory is not a mono symbol file
- Loaded All Assemblies, in  0.654 seconds
Native extension for WindowsStandalone target not found
Native extension for Android target not found
Mono: successfully reloaded assembly
- Finished resetting the current domain, in  0.717 seconds
Domain Reload Profiling: 1369ms
	BeginReloadAssembly (142ms)
		ExecutionOrderSort (0ms)
		DisableScriptedObjects (6ms)
		BackupInstance (0ms)
		ReleaseScriptingObjects (0ms)
		CreateAndSetChildDomain (27ms)
	RebuildCommonClasses (35ms)
	RebuildNativeTypeToScriptingClass (8ms)
	initialDomainReloadingComplete (38ms)
	LoadAllAssembliesAndSetupDomain (428ms)
		LoadAssemblies (314ms)
		RebuildTransferFunctionScriptingTraits (0ms)
		AnalyzeDomain (192ms)
			TypeCache.Refresh (167ms)
				TypeCache.ScanAssembly (153ms)
			ScanForSourceGeneratedMonoScriptInfo (17ms)
			ResolveRequiredComponents (6ms)
	FinalizeReload (717ms)
		ReleaseScriptCaches (0ms)
		RebuildScriptCaches (0ms)
		SetupLoadedEditorAssemblies (574ms)
			LogAssemblyErrors (0ms)
			InitializePlatformSupportModulesInManaged (18ms)
			SetLoadedEditorAssemblies (4ms)
			RefreshPlugins (0ms)
			BeforeProcessingInitializeOnLoad (91ms)
			ProcessInitializeOnLoadAttributes (415ms)
			ProcessInitializeOnLoadMethodAttributes (40ms)
			AfterProcessingInitializeOnLoad (6ms)
			EditorAssembliesLoaded (0ms)
		ExecutionOrderSort2 (0ms)
		AwakeInstancesAfterBackupRestoration (5ms)
Launched and connected shader compiler UnityShaderCompiler.exe after 0.04 seconds
Refreshing native plugins compatible for Editor in 4.04 ms, found 3 plugins.
Preloading 0 native plugins for Editor in 0.00 ms.
Unloading 3959 Unused Serialized files (Serialized files now loaded: 0)
Unloading 33 unused Assets / (59.1 KB). Loaded Objects now: 4446.
Memory consumption went from 224.4 MB to 224.3 MB.
Total: 3.930800 ms (FindLiveObjects: 0.277500 ms CreateObjectMapping: 0.264600 ms MarkObjects: 3.259200 ms  DeleteObjects: 0.128400 ms)

AssetImportParameters requested are different than current active one (requested -> active):
  custom:container-demuxer-ogg: 62fdf1f143b41e24485cea50d1cbac27 -> 
  custom:video-decoder-ogg-theora: a1e56fd34408186e4bbccfd4996cb3dc -> 
  custom:framework-win-MediaFoundation: 216162199b28c13a410421893ffa2e32 -> 
  custom:CustomObjectIndexerAttribute: 9a22284fe3817be447336de3de66b15e -> 
  custom:container-demuxer-webm: 4f35f7cbe854078d1ac9338744f61a02 -> 
  custom:container-muxer-webm: aa71ff27fc2769a1b78a27578f13a17b -> 
  custom:video-decoder-webm-vp8: 9c59270c3fd7afecdb556c50c9e8de78 -> 
  custom:SearchIndexIgnoredProperties: e643bd26f0fe6173181afceb89e7c659 -> 
  custom:AudioImporter_EditorPlatform: d09bf68614088b80899f8185d706f6e7 -> 
  custom:video-encoder-webm-vp8: eb34c28f22e8b96e1ab97ce403110664 -> 
  custom:audio-decoder-ogg-vorbis: bf7c407c2cedff20999df2af8eb42d56 -> 
  custom:audio-encoder-webm-vorbis: bf7c407c2cedff20999df2af8eb42d56 -> 
========================================================================
Received Import Request.
  Time since last request: 1149895.298389 seconds.
  path: Assets/SPUM/Retro UI Set/1_UI_Images/Theme2/07_Resources/Spum_Icon226.png
  artifactKey: Guid(4cc5593321ee7448b912ff65bde6bb2c) Importer(815301076,1909f56bfc062723c751e8b465ee728b)
Start importing Assets/SPUM/Retro UI Set/1_UI_Images/Theme2/07_Resources/Spum_Icon226.png using Guid(4cc5593321ee7448b912ff65bde6bb2c) Importer(815301076,1909f56bfc062723c751e8b465ee728b) [PhysX] Initialized MultithreadedTaskDispatcher with 12 workers.
[PhysX] Initialized MultithreadedTaskDispatcher with 12 workers.
 -> (artifact id: 'c2a84b91f8e717337241cdf8cf8b2828') in 0.095451 seconds
Number of updated asset objects reloaded before import = 0
Number of asset objects unloaded after import = 3
========================================================================
Received Import Request.
  Time since last request: 0.000027 seconds.
  path: Assets/SPUM/Retro UI Set/1_UI_Images/Theme2/07_Resources/Spum_Icon279.png
  artifactKey: Guid(88056ea574e054e0f9b7a780d8fd5641) Importer(815301076,1909f56bfc062723c751e8b465ee728b)
Start importing Assets/SPUM/Retro UI Set/1_UI_Images/Theme2/07_Resources/Spum_Icon279.png using Guid(88056ea574e054e0f9b7a780d8fd5641) Importer(815301076,1909f56bfc062723c751e8b465ee728b) [PhysX] Initialized MultithreadedTaskDispatcher with 12 workers.
[PhysX] Initialized MultithreadedTaskDispatcher with 12 workers.
 -> (artifact id: '45d5f45aac5dd78dd214903dbab32c78') in 0.005999 seconds
Number of updated asset objects reloaded before import = 0
Number of asset objects unloaded after import = 3
========================================================================
Received Import Request.
  Time since last request: 0.000017 seconds.
  path: Assets/SPUM/Retro UI Set/1_UI_Images/Theme2/05_System/Spum_Icon130.png
  artifactKey: Guid(16fd178e58abb4bdba7fa4862eaa34f9) Importer(815301076,1909f56bfc062723c751e8b465ee728b)
Start importing Assets/SPUM/Retro UI Set/1_UI_Images/Theme2/05_System/Spum_Icon130.png using Guid(16fd178e58abb4bdba7fa4862eaa34f9) Importer(815301076,1909f56bfc062723c751e8b465ee728b) [PhysX] Initialized MultithreadedTaskDispatcher with 12 workers.
[PhysX] Initialized MultithreadedTaskDispatcher with 12 workers.
 -> (artifact id: 'b2f79c9823f5001217f6e9e81e270643') in 0.006761 seconds
Number of updated asset objects reloaded before import = 0
Number of asset objects unloaded after import = 3
========================================================================
Received Import Request.
  Time since last request: 0.000015 seconds.
  path: Assets/SPUM/Retro UI Set/1_UI_Images/Theme2/06_UI/Spum_Icon199.png
  artifactKey: Guid(3c0582fc87aff4527b5ec0a9bd80b2b8) Importer(815301076,1909f56bfc062723c751e8b465ee728b)
Start importing Assets/SPUM/Retro UI Set/1_UI_Images/Theme2/06_UI/Spum_Icon199.png using Guid(3c0582fc87aff4527b5ec0a9bd80b2b8) Importer(815301076,1909f56bfc062723c751e8b465ee728b) [PhysX] Initialized MultithreadedTaskDispatcher with 12 workers.
[PhysX] Initialized MultithreadedTaskDispatcher with 12 workers.
 -> (artifact id: 'ba6a393538873126947e4c21231e86be') in 0.006205 seconds
Number of updated asset objects reloaded before import = 0
Number of asset objects unloaded after import = 3
========================================================================
Received Import Request.
  Time since last request: 0.000018 seconds.
  path: Assets/SPUM/Retro UI Set/1_UI_Images/Theme2/07_Resources/Spum_Icon247.png
  artifactKey: Guid(d4f2153a57b104ff88d2dbdb6c3755b2) Importer(815301076,1909f56bfc062723c751e8b465ee728b)
Start importing Assets/SPUM/Retro UI Set/1_UI_Images/Theme2/07_Resources/Spum_Icon247.png using Guid(d4f2153a57b104ff88d2dbdb6c3755b2) Importer(815301076,1909f56bfc062723c751e8b465ee728b) [PhysX] Initialized MultithreadedTaskDispatcher with 12 workers.
[PhysX] Initialized MultithreadedTaskDispatcher with 12 workers.
 -> (artifact id: 'e9b4282372c27bcb819dff3301dcabbf') in 0.010971 seconds
Number of updated asset objects reloaded before import = 0
Number of asset objects unloaded after import = 3
========================================================================
Received Import Request.
  Time since last request: 0.000015 seconds.
  path: Assets/SPUM/Retro UI Set/1_UI_Images/Theme2/07_Resources/Spum_Icon285.png
  artifactKey: Guid(a6f658271eafc4e1fb0ba88917bf51bc) Importer(815301076,1909f56bfc062723c751e8b465ee728b)
Start importing Assets/SPUM/Retro UI Set/1_UI_Images/Theme2/07_Resources/Spum_Icon285.png using Guid(a6f658271eafc4e1fb0ba88917bf51bc) Importer(815301076,1909f56bfc062723c751e8b465ee728b) [PhysX] Initialized MultithreadedTaskDispatcher with 12 workers.
[PhysX] Initialized MultithreadedTaskDispatcher with 12 workers.
 -> (artifact id: '3d6f605cbda7b49b3b4ee209dbb5f8a0') in 0.005935 seconds
Number of updated asset objects reloaded before import = 0
Number of asset objects unloaded after import = 3
========================================================================
Received Import Request.
  Time since last request: 0.000014 seconds.
  path: Assets/SPUM/Retro UI Set/1_UI_Images/Theme2/07_Resources/Spum_Icon260.png
  artifactKey: Guid(1740dce11ec6b49b0a55c366d617b1f4) Importer(815301076,1909f56bfc062723c751e8b465ee728b)
Start importing Assets/SPUM/Retro UI Set/1_UI_Images/Theme2/07_Resources/Spum_Icon260.png using Guid(1740dce11ec6b49b0a55c366d617b1f4) Importer(815301076,1909f56bfc062723c751e8b465ee728b) [PhysX] Initialized MultithreadedTaskDispatcher with 12 workers.
[PhysX] Initialized MultithreadedTaskDispatcher with 12 workers.
 -> (artifact id: '5d83e28c1fd5ef92105f7f789e0e5133') in 0.006610 seconds
Number of updated asset objects reloaded before import = 0
Number of asset objects unloaded after import = 3
========================================================================
Received Import Request.
  Time since last request: 0.000016 seconds.
  path: Assets/SPUM/Retro UI Set/1_UI_Images/Theme2/07_Resources/Spum_Icon220.png
  artifactKey: Guid(8d3568442d30643e69d9e34c1c2834eb) Importer(815301076,1909f56bfc062723c751e8b465ee728b)
Start importing Assets/SPUM/Retro UI Set/1_UI_Images/Theme2/07_Resources/Spum_Icon220.png using Guid(8d3568442d30643e69d9e34c1c2834eb) Importer(815301076,1909f56bfc062723c751e8b465ee728b) [PhysX] Initialized MultithreadedTaskDispatcher with 12 workers.
[PhysX] Initialized MultithreadedTaskDispatcher with 12 workers.
 -> (artifact id: '2baa2163bdd6f96ac1e1bafcb207cc1f') in 0.005600 seconds
Number of updated asset objects reloaded before import = 0
Number of asset objects unloaded after import = 3
========================================================================
Received Import Request.
  Time since last request: 0.000014 seconds.
  path: Assets/SPUM/Retro UI Set/1_UI_Images/Theme2/07_Resources/Spum_Icon231.png
  artifactKey: Guid(44676ae07279248ee8b1764990b8e6f2) Importer(815301076,1909f56bfc062723c751e8b465ee728b)
Start importing Assets/SPUM/Retro UI Set/1_UI_Images/Theme2/07_Resources/Spum_Icon231.png using Guid(44676ae07279248ee8b1764990b8e6f2) Importer(815301076,1909f56bfc062723c751e8b465ee728b) [PhysX] Initialized MultithreadedTaskDispatcher with 12 workers.
[PhysX] Initialized MultithreadedTaskDispatcher with 12 workers.
 -> (artifact id: 'c70c6a0807d8b1251f733db09bc7e8ab') in 0.005993 seconds
Number of updated asset objects reloaded before import = 0
Number of asset objects unloaded after import = 3
========================================================================
Received Import Request.
  Time since last request: 0.000019 seconds.
  path: Assets/SPUM/Retro UI Set/1_UI_Images/Theme2/05_System/Spum_Icon126.png
  artifactKey: Guid(4944d5038c03e483aa3fe3feef365335) Importer(815301076,1909f56bfc062723c751e8b465ee728b)
Start importing Assets/SPUM/Retro UI Set/1_UI_Images/Theme2/05_System/Spum_Icon126.png using Guid(4944d5038c03e483aa3fe3feef365335) Importer(815301076,1909f56bfc062723c751e8b465ee728b) [PhysX] Initialized MultithreadedTaskDispatcher with 12 workers.
[PhysX] Initialized MultithreadedTaskDispatcher with 12 workers.
 -> (artifact id: 'e3c6b33037f779afa4c895bd009d11b4') in 0.008849 seconds
Number of updated asset objects reloaded before import = 0
Number of asset objects unloaded after import = 3
========================================================================
Received Import Request.
  Time since last request: 0.000014 seconds.
  path: Assets/SPUM/Retro UI Set/1_UI_Images/Theme2/05_System/Spum_Icon103.png
  artifactKey: Guid(f88274f171ed64bdca11c279e3697b45) Importer(815301076,1909f56bfc062723c751e8b465ee728b)
Start importing Assets/SPUM/Retro UI Set/1_UI_Images/Theme2/05_System/Spum_Icon103.png using Guid(f88274f171ed64bdca11c279e3697b45) Importer(815301076,1909f56bfc062723c751e8b465ee728b) [PhysX] Initialized MultithreadedTaskDispatcher with 12 workers.
[PhysX] Initialized MultithreadedTaskDispatcher with 12 workers.
 -> (artifact id: 'bfba698c11b7fab60fce96f4fa76b8a5') in 0.006013 seconds
Number of updated asset objects reloaded before import = 0
Number of asset objects unloaded after import = 3
========================================================================
Received Import Request.
  Time since last request: 0.000023 seconds.
  path: Assets/SPUM/Retro UI Set/1_UI_Images/Theme2/06_UI/Spum_Icon163.png
  artifactKey: Guid(ff4ecdd33408b4015822168ab91a3e5d) Importer(815301076,1909f56bfc062723c751e8b465ee728b)
Start importing Assets/SPUM/Retro UI Set/1_UI_Images/Theme2/06_UI/Spum_Icon163.png using Guid(ff4ecdd33408b4015822168ab91a3e5d) Importer(815301076,1909f56bfc062723c751e8b465ee728b) [PhysX] Initialized MultithreadedTaskDispatcher with 12 workers.
[PhysX] Initialized MultithreadedTaskDispatcher with 12 workers.
 -> (artifact id: 'd22a5e1b4da77d42e759908bda126ebe') in 0.005775 seconds
Number of updated asset objects reloaded before import = 0
Number of asset objects unloaded after import = 3
========================================================================
Received Import Request.
  Time since last request: 0.000014 seconds.
  path: Assets/SPUM/Retro UI Set/1_UI_Images/Theme2/06_UI/Spum_Icon184.png
  artifactKey: Guid(c6f7b0a7820374f2aa4ae147921467f9) Importer(815301076,1909f56bfc062723c751e8b465ee728b)
Start importing Assets/SPUM/Retro UI Set/1_UI_Images/Theme2/06_UI/Spum_Icon184.png using Guid(c6f7b0a7820374f2aa4ae147921467f9) Importer(815301076,1909f56bfc062723c751e8b465ee728b) [PhysX] Initialized MultithreadedTaskDispatcher with 12 workers.
[PhysX] Initialized MultithreadedTaskDispatcher with 12 workers.
 -> (artifact id: 'ae7c7bdf2ba93527a669f6016cbf1659') in 0.006043 seconds
Number of updated asset objects reloaded before import = 0
Number of asset objects unloaded after import = 3
========================================================================
Received Import Request.
  Time since last request: 0.000012 seconds.
  path: Assets/SPUM/Retro UI Set/1_UI_Images/Theme2/07_Resources/Spum_Icon262.png
  artifactKey: Guid(9be830e55460a4a4f8cc45ff5343db82) Importer(815301076,1909f56bfc062723c751e8b465ee728b)
Start importing Assets/SPUM/Retro UI Set/1_UI_Images/Theme2/07_Resources/Spum_Icon262.png using Guid(9be830e55460a4a4f8cc45ff5343db82) Importer(815301076,1909f56bfc062723c751e8b465ee728b) [PhysX] Initialized MultithreadedTaskDispatcher with 12 workers.
[PhysX] Initialized MultithreadedTaskDispatcher with 12 workers.
 -> (artifact id: '6cc1971ca636c99413cd719036b3ae5e') in 0.006084 seconds
Number of updated asset objects reloaded before import = 0
Number of asset objects unloaded after import = 3
========================================================================
Received Import Request.
  Time since last request: 0.000018 seconds.
  path: Assets/SPUM/Retro UI Set/1_UI_Images/Theme2/06_UI/Spum_Icon159.png
  artifactKey: Guid(6cd575a7e14b94532b8a18c6c528c6fc) Importer(815301076,1909f56bfc062723c751e8b465ee728b)
Start importing Assets/SPUM/Retro UI Set/1_UI_Images/Theme2/06_UI/Spum_Icon159.png using Guid(6cd575a7e14b94532b8a18c6c528c6fc) Importer(815301076,1909f56bfc062723c751e8b465ee728b) [PhysX] Initialized MultithreadedTaskDispatcher with 12 workers.
[PhysX] Initialized MultithreadedTaskDispatcher with 12 workers.
 -> (artifact id: 'e71ade11e0dbbe8eeca1a37ae282133d') in 0.010089 seconds
Number of updated asset objects reloaded before import = 0
Number of asset objects unloaded after import = 3
========================================================================
Received Import Request.
  Time since last request: 0.000015 seconds.
  path: Assets/SPUM/Retro UI Set/1_UI_Images/Theme2/06_UI/Spum_Icon205.png
  artifactKey: Guid(19d34f795fd664f809a2188909adb619) Importer(815301076,1909f56bfc062723c751e8b465ee728b)
Start importing Assets/SPUM/Retro UI Set/1_UI_Images/Theme2/06_UI/Spum_Icon205.png using Guid(19d34f795fd664f809a2188909adb619) Importer(815301076,1909f56bfc062723c751e8b465ee728b) [PhysX] Initialized MultithreadedTaskDispatcher with 12 workers.
[PhysX] Initialized MultithreadedTaskDispatcher with 12 workers.
 -> (artifact id: '5830542494332822be9973718c18bea9') in 0.021316 seconds
Number of updated asset objects reloaded before import = 0
Number of asset objects unloaded after import = 3
========================================================================
Received Import Request.
  Time since last request: 0.000015 seconds.
  path: Assets/SPUM/Retro UI Set/1_UI_Images/Theme2/05_System/Spum_Icon101.png
  artifactKey: Guid(0342a35bcbbd344e999972008ef74a64) Importer(815301076,1909f56bfc062723c751e8b465ee728b)
Start importing Assets/SPUM/Retro UI Set/1_UI_Images/Theme2/05_System/Spum_Icon101.png using Guid(0342a35bcbbd344e999972008ef74a64) Importer(815301076,1909f56bfc062723c751e8b465ee728b) [PhysX] Initialized MultithreadedTaskDispatcher with 12 workers.
[PhysX] Initialized MultithreadedTaskDispatcher with 12 workers.
 -> (artifact id: '9190336d11b77c4bb83a86b1deab4358') in 0.005841 seconds
Number of updated asset objects reloaded before import = 0
Number of asset objects unloaded after import = 3
========================================================================
Received Import Request.
  Time since last request: 0.000015 seconds.
  path: Assets/SPUM/Retro UI Set/1_UI_Images/Theme2/07_Resources/Spum_Icon234.png
  artifactKey: Guid(d6862c7473ba1415383a4010ab69be18) Importer(815301076,1909f56bfc062723c751e8b465ee728b)
Start importing Assets/SPUM/Retro UI Set/1_UI_Images/Theme2/07_Resources/Spum_Icon234.png using Guid(d6862c7473ba1415383a4010ab69be18) Importer(815301076,1909f56bfc062723c751e8b465ee728b) [PhysX] Initialized MultithreadedTaskDispatcher with 12 workers.
[PhysX] Initialized MultithreadedTaskDispatcher with 12 workers.
 -> (artifact id: '5259d5addf305d592f802dec25e38ec8') in 0.010787 seconds
Number of updated asset objects reloaded before import = 0
Number of asset objects unloaded after import = 3
========================================================================
Received Import Request.
  Time since last request: 0.000017 seconds.
  path: Assets/SPUM/Retro UI Set/1_UI_Images/Theme2/07_Resources/Spum_Icon213.png
  artifactKey: Guid(c85d6fae784ac4f3ca3891f564c4e2b5) Importer(815301076,1909f56bfc062723c751e8b465ee728b)
Start importing Assets/SPUM/Retro UI Set/1_UI_Images/Theme2/07_Resources/Spum_Icon213.png using Guid(c85d6fae784ac4f3ca3891f564c4e2b5) Importer(815301076,1909f56bfc062723c751e8b465ee728b) [PhysX] Initialized MultithreadedTaskDispatcher with 12 workers.
[PhysX] Initialized MultithreadedTaskDispatcher with 12 workers.
 -> (artifact id: '126b90e0a473be50bf8341bd8826f9d8') in 0.005861 seconds
Number of updated asset objects reloaded before import = 0
Number of asset objects unloaded after import = 3
========================================================================
Received Import Request.
  Time since last request: 0.000017 seconds.
  path: Assets/SPUM/Retro UI Set/1_UI_Images/Theme2/06_UI/Spum_Icon190.png
  artifactKey: Guid(9e79440f8a7ac4d988018064745c1461) Importer(815301076,1909f56bfc062723c751e8b465ee728b)
Start importing Assets/SPUM/Retro UI Set/1_UI_Images/Theme2/06_UI/Spum_Icon190.png using Guid(9e79440f8a7ac4d988018064745c1461) Importer(815301076,1909f56bfc062723c751e8b465ee728b) [PhysX] Initialized MultithreadedTaskDispatcher with 12 workers.
[PhysX] Initialized MultithreadedTaskDispatcher with 12 workers.
 -> (artifact id: '2b8932cb1efede46faa4a228560f352f') in 0.006203 seconds
Number of updated asset objects reloaded before import = 0
Number of asset objects unloaded after import = 3
========================================================================
Received Import Request.
  Time since last request: 0.000018 seconds.
  path: Assets/SPUM/Retro UI Set/1_UI_Images/Theme2/06_UI/Spum_Icon138.png
  artifactKey: Guid(b13e4b90a302e434cb7ccc234e06b362) Importer(815301076,1909f56bfc062723c751e8b465ee728b)
Start importing Assets/SPUM/Retro UI Set/1_UI_Images/Theme2/06_UI/Spum_Icon138.png using Guid(b13e4b90a302e434cb7ccc234e06b362) Importer(815301076,1909f56bfc062723c751e8b465ee728b) [PhysX] Initialized MultithreadedTaskDispatcher with 12 workers.
[PhysX] Initialized MultithreadedTaskDispatcher with 12 workers.
 -> (artifact id: '81ad1111382ede7ed723a494e8e46e62') in 0.006054 seconds
Number of updated asset objects reloaded before import = 0
Number of asset objects unloaded after import = 3
========================================================================
Received Import Request.
  Time since last request: 0.000017 seconds.
  path: Assets/SPUM/Retro UI Set/1_UI_Images/Theme2/07_Resources/Spum_Icon246.png
  artifactKey: Guid(a364150572c6b4dfa9c4319edfa8304d) Importer(815301076,1909f56bfc062723c751e8b465ee728b)
Start importing Assets/SPUM/Retro UI Set/1_UI_Images/Theme2/07_Resources/Spum_Icon246.png using Guid(a364150572c6b4dfa9c4319edfa8304d) Importer(815301076,1909f56bfc062723c751e8b465ee728b) [PhysX] Initialized MultithreadedTaskDispatcher with 12 workers.
[PhysX] Initialized MultithreadedTaskDispatcher with 12 workers.
 -> (artifact id: 'b43aed9c01d417ab9cd064e2fe87e567') in 0.014031 seconds
Number of updated asset objects reloaded before import = 0
Number of asset objects unloaded after import = 3
========================================================================
Received Import Request.
  Time since last request: 0.000018 seconds.
  path: Assets/SPUM/Retro UI Set/1_UI_Images/Theme2/07_Resources/Spum_Icon273.png
  artifactKey: Guid(4ee45927732e9403aa47a132769c9924) Importer(815301076,1909f56bfc062723c751e8b465ee728b)
Start importing Assets/SPUM/Retro UI Set/1_UI_Images/Theme2/07_Resources/Spum_Icon273.png using Guid(4ee45927732e9403aa47a132769c9924) Importer(815301076,1909f56bfc062723c751e8b465ee728b) [PhysX] Initialized MultithreadedTaskDispatcher with 12 workers.
[PhysX] Initialized MultithreadedTaskDispatcher with 12 workers.
 -> (artifact id: 'a863d15ec1453e01ae61c094b70cb2d0') in 0.006143 seconds
Number of updated asset objects reloaded before import = 0
Number of asset objects unloaded after import = 3
========================================================================
Received Import Request.
  Time since last request: 0.000019 seconds.
  path: Assets/SPUM/Retro UI Set/1_UI_Images/Theme2/06_UI/Spum_Icon169.png
  artifactKey: Guid(c5c07c02e28264820905234f1bfae41b) Importer(815301076,1909f56bfc062723c751e8b465ee728b)
Start importing Assets/SPUM/Retro UI Set/1_UI_Images/Theme2/06_UI/Spum_Icon169.png using Guid(c5c07c02e28264820905234f1bfae41b) Importer(815301076,1909f56bfc062723c751e8b465ee728b) [PhysX] Initialized MultithreadedTaskDispatcher with 12 workers.
[PhysX] Initialized MultithreadedTaskDispatcher with 12 workers.
 -> (artifact id: '20d973b2c17578254069e334c618b84a') in 0.006336 seconds
Number of updated asset objects reloaded before import = 0
Number of asset objects unloaded after import = 3
========================================================================
Received Import Request.
  Time since last request: 0.000016 seconds.
  path: Assets/SPUM/Retro UI Set/1_UI_Images/Theme2/07_Resources/Spum_Icon212.png
  artifactKey: Guid(4e3e75f8bc6e14bce84ad9f2f2b19563) Importer(815301076,1909f56bfc062723c751e8b465ee728b)
Start importing Assets/SPUM/Retro UI Set/1_UI_Images/Theme2/07_Resources/Spum_Icon212.png using Guid(4e3e75f8bc6e14bce84ad9f2f2b19563) Importer(815301076,1909f56bfc062723c751e8b465ee728b) [PhysX] Initialized MultithreadedTaskDispatcher with 12 workers.
[PhysX] Initialized MultithreadedTaskDispatcher with 12 workers.
 -> (artifact id: '0b4bb9fc46b86b7f0fd7bd7fe4e5fff1') in 0.005919 seconds
Number of updated asset objects reloaded before import = 0
Number of asset objects unloaded after import = 3
========================================================================
Received Import Request.
  Time since last request: 0.000016 seconds.
  path: Assets/SPUM/Retro UI Set/1_UI_Images/Theme2/06_UI/Spum_Icon197.png
  artifactKey: Guid(731023e2bf74d472896e4c521510d220) Importer(815301076,1909f56bfc062723c751e8b465ee728b)
Start importing Assets/SPUM/Retro UI Set/1_UI_Images/Theme2/06_UI/Spum_Icon197.png using Guid(731023e2bf74d472896e4c521510d220) Importer(815301076,1909f56bfc062723c751e8b465ee728b) [PhysX] Initialized MultithreadedTaskDispatcher with 12 workers.
[PhysX] Initialized MultithreadedTaskDispatcher with 12 workers.
 -> (artifact id: '087d7ba0ffd2c35112ff786cb7b30c49') in 0.007231 seconds
Number of updated asset objects reloaded before import = 0
Number of asset objects unloaded after import = 3
========================================================================
Received Import Request.
  Time since last request: 0.000021 seconds.
  path: Assets/SPUM/Retro UI Set/1_UI_Images/Theme2/07_Resources/Spum_Icon286.png
  artifactKey: Guid(6145ad67d478b49d1afe300a28209045) Importer(815301076,1909f56bfc062723c751e8b465ee728b)
Start importing Assets/SPUM/Retro UI Set/1_UI_Images/Theme2/07_Resources/Spum_Icon286.png using Guid(6145ad67d478b49d1afe300a28209045) Importer(815301076,1909f56bfc062723c751e8b465ee728b) [PhysX] Initialized MultithreadedTaskDispatcher with 12 workers.
[PhysX] Initialized MultithreadedTaskDispatcher with 12 workers.
 -> (artifact id: '731a7441fd0349cf691806e17556b65e') in 0.006117 seconds
Number of updated asset objects reloaded before import = 0
Number of asset objects unloaded after import = 3
========================================================================
Received Import Request.
  Time since last request: 0.000025 seconds.
  path: Assets/SPUM/Retro UI Set/1_UI_Images/Theme2/07_Resources/Spum_Icon218.png
  artifactKey: Guid(02621294d13f74b7f9dd99e1f6981677) Importer(815301076,1909f56bfc062723c751e8b465ee728b)
Start importing Assets/SPUM/Retro UI Set/1_UI_Images/Theme2/07_Resources/Spum_Icon218.png using Guid(02621294d13f74b7f9dd99e1f6981677) Importer(815301076,1909f56bfc062723c751e8b465ee728b) [PhysX] Initialized MultithreadedTaskDispatcher with 12 workers.
[PhysX] Initialized MultithreadedTaskDispatcher with 12 workers.
 -> (artifact id: '7d27a3f243bea7fbc0fbdffe8815ac4b') in 0.008989 seconds
Number of updated asset objects reloaded before import = 0
Number of asset objects unloaded after import = 3
========================================================================
Received Import Request.
  Time since last request: 0.000025 seconds.
  path: Assets/SPUM/Retro UI Set/1_UI_Images/Theme2/07_Resources/Spum_Icon221.png
  artifactKey: Guid(2cd9e5e32bfb6485cb071223710c8557) Importer(815301076,1909f56bfc062723c751e8b465ee728b)
Start importing Assets/SPUM/Retro UI Set/1_UI_Images/Theme2/07_Resources/Spum_Icon221.png using Guid(2cd9e5e32bfb6485cb071223710c8557) Importer(815301076,1909f56bfc062723c751e8b465ee728b) [PhysX] Initialized MultithreadedTaskDispatcher with 12 workers.
[PhysX] Initialized MultithreadedTaskDispatcher with 12 workers.
 -> (artifact id: '5784b1efa66e8947b92dc1d580ef48bb') in 0.011727 seconds
Number of updated asset objects reloaded before import = 0
Number of asset objects unloaded after import = 3
========================================================================
Received Import Request.
  Time since last request: 0.000017 seconds.
  path: Assets/SPUM/Retro UI Set/1_UI_Images/Theme2/05_System/Spum_Icon98.png
  artifactKey: Guid(d82c8cc2aaf6b4c80999cfe184bdfd90) Importer(815301076,1909f56bfc062723c751e8b465ee728b)
Start importing Assets/SPUM/Retro UI Set/1_UI_Images/Theme2/05_System/Spum_Icon98.png using Guid(d82c8cc2aaf6b4c80999cfe184bdfd90) Importer(815301076,1909f56bfc062723c751e8b465ee728b) [PhysX] Initialized MultithreadedTaskDispatcher with 12 workers.
[PhysX] Initialized MultithreadedTaskDispatcher with 12 workers.
 -> (artifact id: '3251a0686f3dd2edb5f785a1f2e99343') in 0.010385 seconds
Number of updated asset objects reloaded before import = 0
Number of asset objects unloaded after import = 3
========================================================================
Received Import Request.
  Time since last request: 0.000014 seconds.
  path: Assets/SPUM/Retro UI Set/1_UI_Images/Theme2/06_UI/Spum_Icon192.png
  artifactKey: Guid(5f8bed7c41bc049c9960ab5aa1bd5add) Importer(815301076,1909f56bfc062723c751e8b465ee728b)
Start importing Assets/SPUM/Retro UI Set/1_UI_Images/Theme2/06_UI/Spum_Icon192.png using Guid(5f8bed7c41bc049c9960ab5aa1bd5add) Importer(815301076,1909f56bfc062723c751e8b465ee728b) [PhysX] Initialized MultithreadedTaskDispatcher with 12 workers.
[PhysX] Initialized MultithreadedTaskDispatcher with 12 workers.
 -> (artifact id: 'a11f4df11c5dc62155c39ba74337024e') in 0.005902 seconds
Number of updated asset objects reloaded before import = 0
Number of asset objects unloaded after import = 3
========================================================================
Received Import Request.
  Time since last request: 0.000014 seconds.
  path: Assets/SPUM/Retro UI Set/1_UI_Images/Theme2/05_System/Spum_Icon93.png
  artifactKey: Guid(d43590e83a5754a709346e5044e11579) Importer(815301076,1909f56bfc062723c751e8b465ee728b)
Start importing Assets/SPUM/Retro UI Set/1_UI_Images/Theme2/05_System/Spum_Icon93.png using Guid(d43590e83a5754a709346e5044e11579) Importer(815301076,1909f56bfc062723c751e8b465ee728b) [PhysX] Initialized MultithreadedTaskDispatcher with 12 workers.
[PhysX] Initialized MultithreadedTaskDispatcher with 12 workers.
 -> (artifact id: '0060cc9f5e7e4b7fe9ac84d0c2c76ea5') in 0.005961 seconds
Number of updated asset objects reloaded before import = 0
Number of asset objects unloaded after import = 3
========================================================================
Received Import Request.
  Time since last request: 0.000013 seconds.
  path: Assets/SPUM/Retro UI Set/1_UI_Images/Theme2/06_UI/Spum_Icon207.png
  artifactKey: Guid(9ba39688fa7574ba58b042cbc25ceaf6) Importer(815301076,1909f56bfc062723c751e8b465ee728b)
Start importing Assets/SPUM/Retro UI Set/1_UI_Images/Theme2/06_UI/Spum_Icon207.png using Guid(9ba39688fa7574ba58b042cbc25ceaf6) Importer(815301076,1909f56bfc062723c751e8b465ee728b) [PhysX] Initialized MultithreadedTaskDispatcher with 12 workers.
[PhysX] Initialized MultithreadedTaskDispatcher with 12 workers.
 -> (artifact id: 'a50dbedd89121658b1decb02b2f15280') in 0.010826 seconds
Number of updated asset objects reloaded before import = 0
Number of asset objects unloaded after import = 3
========================================================================
Received Import Request.
  Time since last request: 0.000033 seconds.
  path: Assets/SPUM/Retro UI Set/1_UI_Images/Theme2/06_UI/Spum_Icon160.png
  artifactKey: Guid(777c6904b7500459ca9fd252f3cc6527) Importer(815301076,1909f56bfc062723c751e8b465ee728b)
Start importing Assets/SPUM/Retro UI Set/1_UI_Images/Theme2/06_UI/Spum_Icon160.png using Guid(777c6904b7500459ca9fd252f3cc6527) Importer(815301076,1909f56bfc062723c751e8b465ee728b) [PhysX] Initialized MultithreadedTaskDispatcher with 12 workers.
[PhysX] Initialized MultithreadedTaskDispatcher with 12 workers.
 -> (artifact id: 'd1e74df58b2bc8f06c894d5c590567cc') in 0.006888 seconds
Number of updated asset objects reloaded before import = 0
Number of asset objects unloaded after import = 3
========================================================================
Received Import Request.
  Time since last request: 0.000015 seconds.
  path: Assets/SPUM/Retro UI Set/1_UI_Images/Theme2/07_Resources/Spum_Icon287.png
  artifactKey: Guid(d03196b2da51b402f8db62a23d9fa4d8) Importer(815301076,1909f56bfc062723c751e8b465ee728b)
Start importing Assets/SPUM/Retro UI Set/1_UI_Images/Theme2/07_Resources/Spum_Icon287.png using Guid(d03196b2da51b402f8db62a23d9fa4d8) Importer(815301076,1909f56bfc062723c751e8b465ee728b) [PhysX] Initialized MultithreadedTaskDispatcher with 12 workers.
[PhysX] Initialized MultithreadedTaskDispatcher with 12 workers.
 -> (artifact id: 'ee0ff119680130f5858b4c7d70f13885') in 0.005130 seconds
Number of updated asset objects reloaded before import = 0
Number of asset objects unloaded after import = 3
========================================================================
Received Import Request.
  Time since last request: 2.756624 seconds.
  path: Assets/FantasyIconsPackFree/ItemBackgrounds/Purple.png
  artifactKey: Guid(6d62ab0bd6240c040bb125b47eee0ec9) Importer(815301076,1909f56bfc062723c751e8b465ee728b)
Start importing Assets/FantasyIconsPackFree/ItemBackgrounds/Purple.png using Guid(6d62ab0bd6240c040bb125b47eee0ec9) Importer(815301076,1909f56bfc062723c751e8b465ee728b) [PhysX] Initialized MultithreadedTaskDispatcher with 12 workers.
[PhysX] Initialized MultithreadedTaskDispatcher with 12 workers.
 -> (artifact id: '0a57da6d897ea183e22347f944d44fc5') in 0.010069 seconds
Number of updated asset objects reloaded before import = 0
Number of asset objects unloaded after import = 3
========================================================================
Received Import Request.
  Time since last request: 0.000028 seconds.
  path: Assets/FantasyIconsPackFree/Icons/Bow/RedwoodBow.png
  artifactKey: Guid(bd414a9002c9cc743a6b1481e409997d) Importer(815301076,1909f56bfc062723c751e8b465ee728b)
Start importing Assets/FantasyIconsPackFree/Icons/Bow/RedwoodBow.png using Guid(bd414a9002c9cc743a6b1481e409997d) Importer(815301076,1909f56bfc062723c751e8b465ee728b) [PhysX] Initialized MultithreadedTaskDispatcher with 12 workers.
[PhysX] Initialized MultithreadedTaskDispatcher with 12 workers.
 -> (artifact id: '9b395828ac353aecebb23cf77a2193b4') in 0.012391 seconds
Number of updated asset objects reloaded before import = 0
Number of asset objects unloaded after import = 3
========================================================================
Received Import Request.
  Time since last request: 0.377554 seconds.
  path: Assets/FantasyIconsPackFree/Icons/MeleeWeapon2H/OldPoleaxe.png
  artifactKey: Guid(c03fbd6f990a8a54680cdd21777738e1) Importer(815301076,1909f56bfc062723c751e8b465ee728b)
Start importing Assets/FantasyIconsPackFree/Icons/MeleeWeapon2H/OldPoleaxe.png using Guid(c03fbd6f990a8a54680cdd21777738e1) Importer(815301076,1909f56bfc062723c751e8b465ee728b) [PhysX] Initialized MultithreadedTaskDispatcher with 12 workers.
[PhysX] Initialized MultithreadedTaskDispatcher with 12 workers.
 -> (artifact id: 'b9335dbc8fb8b9276c1f5930f9bf6d39') in 0.007929 seconds
Number of updated asset objects reloaded before import = 0
Number of asset objects unloaded after import = 3
========================================================================
Received Import Request.
  Time since last request: 0.957318 seconds.
  path: Assets/FantasyIconsPackFree/Icons/Shield/MilitiamanShield.png
  artifactKey: Guid(cee802c4711b2cc4c9be089c2d913ba9) Importer(815301076,1909f56bfc062723c751e8b465ee728b)
Start importing Assets/FantasyIconsPackFree/Icons/Shield/MilitiamanShield.png using Guid(cee802c4711b2cc4c9be089c2d913ba9) Importer(815301076,1909f56bfc062723c751e8b465ee728b) [PhysX] Initialized MultithreadedTaskDispatcher with 12 workers.
[PhysX] Initialized MultithreadedTaskDispatcher with 12 workers.
 -> (artifact id: '95391e0265acc730bd73af443b69a301') in 0.007622 seconds
Number of updated asset objects reloaded before import = 0
Number of asset objects unloaded after import = 3
========================================================================
Received Import Request.
  Time since last request: 44.607327 seconds.
  path: Assets/FantasyIconsPackFree/Icons/MeleeWeapon2H/GateCrusher.png
  artifactKey: Guid(e67e11d800ebc144b9a0a05702c468e4) Importer(815301076,1909f56bfc062723c751e8b465ee728b)
Start importing Assets/FantasyIconsPackFree/Icons/MeleeWeapon2H/GateCrusher.png using Guid(e67e11d800ebc144b9a0a05702c468e4) Importer(815301076,1909f56bfc062723c751e8b465ee728b) [PhysX] Initialized MultithreadedTaskDispatcher with 12 workers.
[PhysX] Initialized MultithreadedTaskDispatcher with 12 workers.
 -> (artifact id: 'dc2d93e9be314c1ad288dd8a569ad4a0') in 0.007590 seconds
Number of updated asset objects reloaded before import = 0
Number of asset objects unloaded after import = 3
========================================================================
Received Import Request.
  Time since last request: 0.000016 seconds.
  path: Assets/FantasyIconsPackFree/ItemBackgrounds/Grey.png
  artifactKey: Guid(f1191f8d2b2b9784fa6ed9188da4a79e) Importer(815301076,1909f56bfc062723c751e8b465ee728b)
Start importing Assets/FantasyIconsPackFree/ItemBackgrounds/Grey.png using Guid(f1191f8d2b2b9784fa6ed9188da4a79e) Importer(815301076,1909f56bfc062723c751e8b465ee728b) [PhysX] Initialized MultithreadedTaskDispatcher with 12 workers.
[PhysX] Initialized MultithreadedTaskDispatcher with 12 workers.
 -> (artifact id: '56876e2f277e8d546f48a8765206a9df') in 0.008534 seconds
Number of updated asset objects reloaded before import = 0
Number of asset objects unloaded after import = 3
========================================================================
Received Import Request.
  Time since last request: 1.253888 seconds.
  path: Assets/FantasyIconsPackFree/Icons/MeleeWeapon1H/FreeFolkAxe.png
  artifactKey: Guid(71bd4f726fd131046bf2bde8c724fefe) Importer(815301076,1909f56bfc062723c751e8b465ee728b)
Start importing Assets/FantasyIconsPackFree/Icons/MeleeWeapon1H/FreeFolkAxe.png using Guid(71bd4f726fd131046bf2bde8c724fefe) Importer(815301076,1909f56bfc062723c751e8b465ee728b) [PhysX] Initialized MultithreadedTaskDispatcher with 12 workers.
[PhysX] Initialized MultithreadedTaskDispatcher with 12 workers.
 -> (artifact id: 'ff7b85ace1a0745837aea04ac5aceea7') in 0.009383 seconds
Number of updated asset objects reloaded before import = 0
Number of asset objects unloaded after import = 3
========================================================================
Received Import Request.
  Time since last request: 1.710028 seconds.
  path: Assets/Pixel FX - Fire/Sprites/Fire_Napalm_Flame_128x32.png
  artifactKey: Guid(ee91c8c0f589b44409ae9c632b7eb225) Importer(815301076,1909f56bfc062723c751e8b465ee728b)
Start importing Assets/Pixel FX - Fire/Sprites/Fire_Napalm_Flame_128x32.png using Guid(ee91c8c0f589b44409ae9c632b7eb225) Importer(815301076,1909f56bfc062723c751e8b465ee728b) [PhysX] Initialized MultithreadedTaskDispatcher with 12 workers.
[PhysX] Initialized MultithreadedTaskDispatcher with 12 workers.
 -> (artifact id: '72ff4dda4053608b6d2c02a2d0ad2360') in 0.027964 seconds
Number of updated asset objects reloaded before import = 0
Number of asset objects unloaded after import = 11
========================================================================
Received Import Request.
  Time since last request: 0.029283 seconds.
  path: Assets/Pixel FX - Fire/Sprites/Fire_Meteors_Small_16x16.png
  artifactKey: Guid(fb34ce9dac801b84ba135a7d6b3a405d) Importer(815301076,1909f56bfc062723c751e8b465ee728b)
Start importing Assets/Pixel FX - Fire/Sprites/Fire_Meteors_Small_16x16.png using Guid(fb34ce9dac801b84ba135a7d6b3a405d) Importer(815301076,1909f56bfc062723c751e8b465ee728b) [PhysX] Initialized MultithreadedTaskDispatcher with 12 workers.
[PhysX] Initialized MultithreadedTaskDispatcher with 12 workers.
 -> (artifact id: '5656f39700f541ea54ef001958469a2b') in 0.017344 seconds
Number of updated asset objects reloaded before import = 0
Number of asset objects unloaded after import = 13
========================================================================
Received Import Request.
  Time since last request: 0.275433 seconds.
  path: Assets/Pixel FX - Fire/Sprites/Fire_Meteors_Medium_B_16x16.png
  artifactKey: Guid(273748a7929d0bc41abf7beba79fe375) Importer(815301076,1909f56bfc062723c751e8b465ee728b)
Start importing Assets/Pixel FX - Fire/Sprites/Fire_Meteors_Medium_B_16x16.png using Guid(273748a7929d0bc41abf7beba79fe375) Importer(815301076,1909f56bfc062723c751e8b465ee728b) [PhysX] Initialized MultithreadedTaskDispatcher with 12 workers.
[PhysX] Initialized MultithreadedTaskDispatcher with 12 workers.
 -> (artifact id: 'ef240f9af86efadcdc9746ad3ee23159') in 0.025858 seconds
Number of updated asset objects reloaded before import = 0
Number of asset objects unloaded after import = 13
========================================================================
Received Import Request.
  Time since last request: 0.341519 seconds.
  path: Assets/Pixel FX - Fire/Sprites/Fire_Meteors_Large_A_32x32.png
  artifactKey: Guid(ea1dd78cd8e18384aac49e23a3858d05) Importer(815301076,1909f56bfc062723c751e8b465ee728b)
Start importing Assets/Pixel FX - Fire/Sprites/Fire_Meteors_Large_A_32x32.png using Guid(ea1dd78cd8e18384aac49e23a3858d05) Importer(815301076,1909f56bfc062723c751e8b465ee728b) [PhysX] Initialized MultithreadedTaskDispatcher with 12 workers.
[PhysX] Initialized MultithreadedTaskDispatcher with 12 workers.
 -> (artifact id: '65e946a9d103903d698ee65a4921ee3f') in 0.027527 seconds
Number of updated asset objects reloaded before import = 0
Number of asset objects unloaded after import = 13
========================================================================
Received Import Request.
  Time since last request: 0.395728 seconds.
  path: Assets/Pixel FX - Fire/Sprites/Fire_Incendiary_96x32.png
  artifactKey: Guid(f5246608584596f45a9a22eb0f3cf0a6) Importer(815301076,1909f56bfc062723c751e8b465ee728b)
Start importing Assets/Pixel FX - Fire/Sprites/Fire_Incendiary_96x32.png using Guid(f5246608584596f45a9a22eb0f3cf0a6) Importer(815301076,1909f56bfc062723c751e8b465ee728b) [PhysX] Initialized MultithreadedTaskDispatcher with 12 workers.
[PhysX] Initialized MultithreadedTaskDispatcher with 12 workers.
 -> (artifact id: 'db585b6dd26f7902c934f24e5ad2a38b') in 0.039972 seconds
Number of updated asset objects reloaded before import = 0
Number of asset objects unloaded after import = 18
========================================================================
Received Import Request.
  Time since last request: 0.424767 seconds.
  path: Assets/Pixel FX - Fire/Sprites/Fire_III_Flame_B_48x48.png
  artifactKey: Guid(032ae2ff670891a49a27691dfabe191b) Importer(815301076,1909f56bfc062723c751e8b465ee728b)
Start importing Assets/Pixel FX - Fire/Sprites/Fire_III_Flame_B_48x48.png using Guid(032ae2ff670891a49a27691dfabe191b) Importer(815301076,1909f56bfc062723c751e8b465ee728b) [PhysX] Initialized MultithreadedTaskDispatcher with 12 workers.
[PhysX] Initialized MultithreadedTaskDispatcher with 12 workers.
 -> (artifact id: '79ba12d45b736288271aa33e717a6495') in 0.024228 seconds
Number of updated asset objects reloaded before import = 0
Number of asset objects unloaded after import = 8
========================================================================
Received Import Request.
  Time since last request: 0.341130 seconds.
  path: Assets/Pixel FX - Fire/Sprites/Fire_II_Flame_D_48x48.png
  artifactKey: Guid(21d68974b0ec17b40bfbd07411d3efc7) Importer(815301076,1909f56bfc062723c751e8b465ee728b)
Start importing Assets/Pixel FX - Fire/Sprites/Fire_II_Flame_D_48x48.png using Guid(21d68974b0ec17b40bfbd07411d3efc7) Importer(815301076,1909f56bfc062723c751e8b465ee728b) [PhysX] Initialized MultithreadedTaskDispatcher with 12 workers.
[PhysX] Initialized MultithreadedTaskDispatcher with 12 workers.
 -> (artifact id: '9131fe576e84753430988c4a50c4a582') in 0.050173 seconds
Number of updated asset objects reloaded before import = 0
Number of asset objects unloaded after import = 22
========================================================================
Received Import Request.
  Time since last request: 0.341531 seconds.
  path: Assets/Pixel FX - Fire/Sprites/Fire_II_Flame_C_48x48.png
  artifactKey: Guid(856b5e38433e0af48999417736130159) Importer(815301076,1909f56bfc062723c751e8b465ee728b)
Start importing Assets/Pixel FX - Fire/Sprites/Fire_II_Flame_C_48x48.png using Guid(856b5e38433e0af48999417736130159) Importer(815301076,1909f56bfc062723c751e8b465ee728b) [PhysX] Initialized MultithreadedTaskDispatcher with 12 workers.
[PhysX] Initialized MultithreadedTaskDispatcher with 12 workers.
 -> (artifact id: '433f3777e6ccc365209f27d9c6537d1a') in 0.045155 seconds
Number of updated asset objects reloaded before import = 0
Number of asset objects unloaded after import = 27
========================================================================
Received Import Request.
  Time since last request: 0.585735 seconds.
  path: Assets/Pixel FX - Fire/Sprites/Fire_II_Flame_B_48x48.png
  artifactKey: Guid(93caca61674f0444e83de76b97741d1e) Importer(815301076,1909f56bfc062723c751e8b465ee728b)
Start importing Assets/Pixel FX - Fire/Sprites/Fire_II_Flame_B_48x48.png using Guid(93caca61674f0444e83de76b97741d1e) Importer(815301076,1909f56bfc062723c751e8b465ee728b) [PhysX] Initialized MultithreadedTaskDispatcher with 12 workers.
[PhysX] Initialized MultithreadedTaskDispatcher with 12 workers.
 -> (artifact id: 'c201a86b08e324e4bada8726c5711f27') in 0.046418 seconds
Number of updated asset objects reloaded before import = 0
Number of asset objects unloaded after import = 32
========================================================================
Received Import Request.
  Time since last request: 0.609197 seconds.
  path: Assets/Pixel FX - Fire/Sprites/Fire_II_Flame_A_48x48.png
  artifactKey: Guid(3096473e357da524fa730d26119cf90b) Importer(815301076,1909f56bfc062723c751e8b465ee728b)
Start importing Assets/Pixel FX - Fire/Sprites/Fire_II_Flame_A_48x48.png using Guid(3096473e357da524fa730d26119cf90b) Importer(815301076,1909f56bfc062723c751e8b465ee728b) [PhysX] Initialized MultithreadedTaskDispatcher with 12 workers.
[PhysX] Initialized MultithreadedTaskDispatcher with 12 workers.
 -> (artifact id: 'bfac2dc4002b422794d89286cd982d73') in 0.056407 seconds
Number of updated asset objects reloaded before import = 0
Number of asset objects unloaded after import = 37
========================================================================
Received Import Request.
  Time since last request: 1.406015 seconds.
  path: Assets/SPUM/Retro UI Set/1_UI_Images/Theme1/01_UI_Images/00_Basic/EXP_Gauge1.png
  artifactKey: Guid(7691a402c40664e6f92428db847c46ae) Importer(815301076,1909f56bfc062723c751e8b465ee728b)
Start importing Assets/SPUM/Retro UI Set/1_UI_Images/Theme1/01_UI_Images/00_Basic/EXP_Gauge1.png using Guid(7691a402c40664e6f92428db847c46ae) Importer(815301076,1909f56bfc062723c751e8b465ee728b) [PhysX] Initialized MultithreadedTaskDispatcher with 12 workers.
[PhysX] Initialized MultithreadedTaskDispatcher with 12 workers.
 -> (artifact id: '5ff6ea71e03d92302d37e7465b39a1ef') in 0.007759 seconds
Number of updated asset objects reloaded before import = 0
Number of asset objects unloaded after import = 3
========================================================================
Received Import Request.
  Time since last request: 0.337735 seconds.
  path: Assets/FantasyIconsPackFree/Icons/Helmet/DarkMountain.png
  artifactKey: Guid(69b6fac54bf33d94f8b56a037beeb7bf) Importer(815301076,1909f56bfc062723c751e8b465ee728b)
Start importing Assets/FantasyIconsPackFree/Icons/Helmet/DarkMountain.png using Guid(69b6fac54bf33d94f8b56a037beeb7bf) Importer(815301076,1909f56bfc062723c751e8b465ee728b) [PhysX] Initialized MultithreadedTaskDispatcher with 12 workers.
[PhysX] Initialized MultithreadedTaskDispatcher with 12 workers.
 -> (artifact id: '6001b08946e8d318ba6585fbf2015e32') in 0.007854 seconds
Number of updated asset objects reloaded before import = 0
Number of asset objects unloaded after import = 3
========================================================================
Received Import Request.
  Time since last request: 0.000013 seconds.
  path: Assets/FantasyIconsPackFree/Icons/MeleeWeapon2H/DarkSword.png
  artifactKey: Guid(d5ab6ea498c4d064781b7c052c6b6a2a) Importer(815301076,1909f56bfc062723c751e8b465ee728b)
Start importing Assets/FantasyIconsPackFree/Icons/MeleeWeapon2H/DarkSword.png using Guid(d5ab6ea498c4d064781b7c052c6b6a2a) Importer(815301076,1909f56bfc062723c751e8b465ee728b) [PhysX] Initialized MultithreadedTaskDispatcher with 12 workers.
[PhysX] Initialized MultithreadedTaskDispatcher with 12 workers.
 -> (artifact id: '4bcd6f79656e2d258ed3391409fa0b7d') in 0.008007 seconds
Number of updated asset objects reloaded before import = 0
Number of asset objects unloaded after import = 3
========================================================================
Received Import Request.
  Time since last request: 0.678432 seconds.
  path: Assets/SPUM/Retro UI Set/1_UI_Images/Theme1/01_UI_Images/01_Box&Btn/Button_X.png
  artifactKey: Guid(bff776d1498334ea8985a997924e528d) Importer(815301076,1909f56bfc062723c751e8b465ee728b)
Start importing Assets/SPUM/Retro UI Set/1_UI_Images/Theme1/01_UI_Images/01_Box&Btn/Button_X.png using Guid(bff776d1498334ea8985a997924e528d) Importer(815301076,1909f56bfc062723c751e8b465ee728b) [PhysX] Initialized MultithreadedTaskDispatcher with 12 workers.
[PhysX] Initialized MultithreadedTaskDispatcher with 12 workers.
 -> (artifact id: 'dfb18bf3b27a1145341c0f5b4e4cc7dc') in 0.007689 seconds
Number of updated asset objects reloaded before import = 0
Number of asset objects unloaded after import = 3
========================================================================
Received Import Request.
  Time since last request: 0.000016 seconds.
  path: Assets/SPUM/Basic_Resources/UI/ColorPicker.png
  artifactKey: Guid(3985cb2d622ec40a2a2b65d828e18f98) Importer(815301076,1909f56bfc062723c751e8b465ee728b)
Start importing Assets/SPUM/Basic_Resources/UI/ColorPicker.png using Guid(3985cb2d622ec40a2a2b65d828e18f98) Importer(815301076,1909f56bfc062723c751e8b465ee728b) [PhysX] Initialized MultithreadedTaskDispatcher with 12 workers.
[PhysX] Initialized MultithreadedTaskDispatcher with 12 workers.
 -> (artifact id: 'e12c62f14bd1d8a497151de45aa5e087') in 0.009139 seconds
Number of updated asset objects reloaded before import = 0
Number of asset objects unloaded after import = 3
========================================================================
Received Import Request.
  Time since last request: 1.372954 seconds.
  path: Assets/SPUM/Retro UI Set/1_UI_Images/Theme1/01_UI_Images/01_Box&Btn/Button_Icon1.png
  artifactKey: Guid(e8b9be948c8fc4e8aa2ca08844a85f85) Importer(815301076,1909f56bfc062723c751e8b465ee728b)
Start importing Assets/SPUM/Retro UI Set/1_UI_Images/Theme1/01_UI_Images/01_Box&Btn/Button_Icon1.png using Guid(e8b9be948c8fc4e8aa2ca08844a85f85) Importer(815301076,1909f56bfc062723c751e8b465ee728b) [PhysX] Initialized MultithreadedTaskDispatcher with 12 workers.
[PhysX] Initialized MultithreadedTaskDispatcher with 12 workers.
 -> (artifact id: 'e5af41cf5b66a94eef58fd1a81e10f1e') in 0.008023 seconds
Number of updated asset objects reloaded before import = 0
Number of asset objects unloaded after import = 3
========================================================================
Received Import Request.
  Time since last request: 0.000017 seconds.
  path: Assets/SPUM/Retro UI Set/1_UI_Images/Theme1/01_UI_Images/04_Popup_Inventory/Button_Scroll_Up.png
  artifactKey: Guid(76a1d2d34211e4e6faf3643a9eaf6069) Importer(815301076,1909f56bfc062723c751e8b465ee728b)
Start importing Assets/SPUM/Retro UI Set/1_UI_Images/Theme1/01_UI_Images/04_Popup_Inventory/Button_Scroll_Up.png using Guid(76a1d2d34211e4e6faf3643a9eaf6069) Importer(815301076,1909f56bfc062723c751e8b465ee728b) [PhysX] Initialized MultithreadedTaskDispatcher with 12 workers.
[PhysX] Initialized MultithreadedTaskDispatcher with 12 workers.
 -> (artifact id: 'b39d1f202128816735d792cbc3a7ab85') in 0.007602 seconds
Number of updated asset objects reloaded before import = 0
Number of asset objects unloaded after import = 3
========================================================================
Received Import Request.
  Time since last request: 0.358537 seconds.
  path: Assets/SPUM/Retro UI Set/1_UI_Images/Theme1/01_UI_Images/01_Box&Btn/Button_Basic1_WS.png
  artifactKey: Guid(dd0e9d0d872dd4d009bcb6bde72e2e60) Importer(815301076,1909f56bfc062723c751e8b465ee728b)
Start importing Assets/SPUM/Retro UI Set/1_UI_Images/Theme1/01_UI_Images/01_Box&Btn/Button_Basic1_WS.png using Guid(dd0e9d0d872dd4d009bcb6bde72e2e60) Importer(815301076,1909f56bfc062723c751e8b465ee728b) [PhysX] Initialized MultithreadedTaskDispatcher with 12 workers.
[PhysX] Initialized MultithreadedTaskDispatcher with 12 workers.
 -> (artifact id: 'e815a2b83e5d7f3e7fcd282ecb4b172a') in 0.007551 seconds
Number of updated asset objects reloaded before import = 0
Number of asset objects unloaded after import = 3
========================================================================
Received Import Request.
  Time since last request: 0.000014 seconds.
  path: Assets/SPUM/Retro UI Set/1_UI_Images/Theme1/01_UI_Images/01_Box&Btn/Button_Basic4_WS.png
  artifactKey: Guid(1c88fbd0d9c4e43f68b5dbe4845a5979) Importer(815301076,1909f56bfc062723c751e8b465ee728b)
Start importing Assets/SPUM/Retro UI Set/1_UI_Images/Theme1/01_UI_Images/01_Box&Btn/Button_Basic4_WS.png using Guid(1c88fbd0d9c4e43f68b5dbe4845a5979) Importer(815301076,1909f56bfc062723c751e8b465ee728b) [PhysX] Initialized MultithreadedTaskDispatcher with 12 workers.
[PhysX] Initialized MultithreadedTaskDispatcher with 12 workers.
 -> (artifact id: 'eb8129f43f3aa2757552f9330f6d8745') in 0.005892 seconds
Number of updated asset objects reloaded before import = 0
Number of asset objects unloaded after import = 3
========================================================================
Received Import Request.
  Time since last request: 0.000015 seconds.
  path: Assets/SPUM/Retro UI Set/1_UI_Images/Theme1/01_UI_Images/02_Box&Btn_White/Button_Basic4_White.png
  artifactKey: Guid(1bffedb06d6d3485dac5d67387582f4f) Importer(815301076,1909f56bfc062723c751e8b465ee728b)
Start importing Assets/SPUM/Retro UI Set/1_UI_Images/Theme1/01_UI_Images/02_Box&Btn_White/Button_Basic4_White.png using Guid(1bffedb06d6d3485dac5d67387582f4f) Importer(815301076,1909f56bfc062723c751e8b465ee728b) [PhysX] Initialized MultithreadedTaskDispatcher with 12 workers.
[PhysX] Initialized MultithreadedTaskDispatcher with 12 workers.
 -> (artifact id: '680f48c1cef3228cbdc81fe13d380292') in 0.008067 seconds
Number of updated asset objects reloaded before import = 0
Number of asset objects unloaded after import = 3
========================================================================
Received Import Request.
  Time since last request: 0.000012 seconds.
  path: Assets/SPUM/Retro UI Set/1_UI_Images/Theme1/01_UI_Images/01_Box&Btn/Button_Basic3_WS.png
  artifactKey: Guid(c0304ee2b1ef74f33937142eeb2d9286) Importer(815301076,1909f56bfc062723c751e8b465ee728b)
Start importing Assets/SPUM/Retro UI Set/1_UI_Images/Theme1/01_UI_Images/01_Box&Btn/Button_Basic3_WS.png using Guid(c0304ee2b1ef74f33937142eeb2d9286) Importer(815301076,1909f56bfc062723c751e8b465ee728b) [PhysX] Initialized MultithreadedTaskDispatcher with 12 workers.
[PhysX] Initialized MultithreadedTaskDispatcher with 12 workers.
 -> (artifact id: 'b315fabb57d6cdc003e9661ef3420cc5') in 0.009017 seconds
Number of updated asset objects reloaded before import = 0
Number of asset objects unloaded after import = 3
========================================================================
Received Import Request.
  Time since last request: 0.000012 seconds.
  path: Assets/SPUM/Retro UI Set/1_UI_Images/Theme1/01_UI_Images/02_Box&Btn_White/Button_Basic4_White_WS.png
  artifactKey: Guid(41926f5a9dda944c9b1393088fafdf0a) Importer(815301076,1909f56bfc062723c751e8b465ee728b)
Start importing Assets/SPUM/Retro UI Set/1_UI_Images/Theme1/01_UI_Images/02_Box&Btn_White/Button_Basic4_White_WS.png using Guid(41926f5a9dda944c9b1393088fafdf0a) Importer(815301076,1909f56bfc062723c751e8b465ee728b) [PhysX] Initialized MultithreadedTaskDispatcher with 12 workers.
[PhysX] Initialized MultithreadedTaskDispatcher with 12 workers.
 -> (artifact id: 'a0d71106a757d9d1c06774a7e6675783') in 0.005548 seconds
Number of updated asset objects reloaded before import = 0
Number of asset objects unloaded after import = 3
========================================================================
Received Import Request.
  Time since last request: 0.604478 seconds.
  path: Assets/SPUM/Retro UI Set/1_UI_Images/Theme1/01_UI_Images/01_Box&Btn/Button_Basic1_15x15.png
  artifactKey: Guid(4c7cb137b1ebe40cdb0d0f6fb779e41e) Importer(815301076,1909f56bfc062723c751e8b465ee728b)
Start importing Assets/SPUM/Retro UI Set/1_UI_Images/Theme1/01_UI_Images/01_Box&Btn/Button_Basic1_15x15.png using Guid(4c7cb137b1ebe40cdb0d0f6fb779e41e) Importer(815301076,1909f56bfc062723c751e8b465ee728b) [PhysX] Initialized MultithreadedTaskDispatcher with 12 workers.
[PhysX] Initialized MultithreadedTaskDispatcher with 12 workers.
 -> (artifact id: 'a5f2e41d4fac67c40c110c117423e89d') in 0.007912 seconds
Number of updated asset objects reloaded before import = 0
Number of asset objects unloaded after import = 3
========================================================================
Received Import Request.
  Time since last request: 0.603314 seconds.
  path: Assets/SPUM/Retro UI Set/1_UI_Images/Theme1/01_UI_Images/03_Popup_Equipment/Box_Staus2.png
  artifactKey: Guid(f441e4207478341b0b8340412b7c6147) Importer(815301076,1909f56bfc062723c751e8b465ee728b)
Start importing Assets/SPUM/Retro UI Set/1_UI_Images/Theme1/01_UI_Images/03_Popup_Equipment/Box_Staus2.png using Guid(f441e4207478341b0b8340412b7c6147) Importer(815301076,1909f56bfc062723c751e8b465ee728b) [PhysX] Initialized MultithreadedTaskDispatcher with 12 workers.
[PhysX] Initialized MultithreadedTaskDispatcher with 12 workers.
 -> (artifact id: '35c79d4cbc1d9d2e76f5315ee531c1ae') in 0.012008 seconds
Number of updated asset objects reloaded before import = 0
Number of asset objects unloaded after import = 3
========================================================================
Received Import Request.
  Time since last request: 0.000016 seconds.
  path: Assets/FantasyIconsPackFree/Icons/MeleeWeapon1H/BronzeDagger.png
  artifactKey: Guid(54f8589e2ef2f7a4e875a51ae49b1e7b) Importer(815301076,1909f56bfc062723c751e8b465ee728b)
Start importing Assets/FantasyIconsPackFree/Icons/MeleeWeapon1H/BronzeDagger.png using Guid(54f8589e2ef2f7a4e875a51ae49b1e7b) Importer(815301076,1909f56bfc062723c751e8b465ee728b) [PhysX] Initialized MultithreadedTaskDispatcher with 12 workers.
[PhysX] Initialized MultithreadedTaskDispatcher with 12 workers.
 -> (artifact id: '84df717ecabaa537f5e5157c211d70ca') in 0.012290 seconds
Number of updated asset objects reloaded before import = 0
Number of asset objects unloaded after import = 3
========================================================================
Received Import Request.
  Time since last request: 0.000022 seconds.
  path: Assets/SPUM/Retro UI Set/1_UI_Images/Theme1/01_UI_Images/03_Popup_Equipment/Box_Top_WS.png
  artifactKey: Guid(89b7693ce36054173a5bc0edb3437dd0) Importer(815301076,1909f56bfc062723c751e8b465ee728b)
Start importing Assets/SPUM/Retro UI Set/1_UI_Images/Theme1/01_UI_Images/03_Popup_Equipment/Box_Top_WS.png using Guid(89b7693ce36054173a5bc0edb3437dd0) Importer(815301076,1909f56bfc062723c751e8b465ee728b) [PhysX] Initialized MultithreadedTaskDispatcher with 12 workers.
[PhysX] Initialized MultithreadedTaskDispatcher with 12 workers.
 -> (artifact id: '0b2f932612b8581cd5cf46e3f887a102') in 0.015063 seconds
Number of updated asset objects reloaded before import = 0
Number of asset objects unloaded after import = 3
========================================================================
Received Import Request.
  Time since last request: 0.612487 seconds.
  path: Assets/SPUM/Retro UI Set/1_UI_Images/Theme1/01_UI_Images/03_Popup_Equipment/Box_Helmet_WS.png
  artifactKey: Guid(4fa0c9048a1e447f39d388761fa67f08) Importer(815301076,1909f56bfc062723c751e8b465ee728b)
Start importing Assets/SPUM/Retro UI Set/1_UI_Images/Theme1/01_UI_Images/03_Popup_Equipment/Box_Helmet_WS.png using Guid(4fa0c9048a1e447f39d388761fa67f08) Importer(815301076,1909f56bfc062723c751e8b465ee728b) [PhysX] Initialized MultithreadedTaskDispatcher with 12 workers.
[PhysX] Initialized MultithreadedTaskDispatcher with 12 workers.
 -> (artifact id: 'a38f40aca63c3d3025fa367fb4af2b23') in 0.008366 seconds
Number of updated asset objects reloaded before import = 0
Number of asset objects unloaded after import = 3
========================================================================
Received Import Request.
  Time since last request: 0.000018 seconds.
  path: Assets/SPUM/Retro UI Set/1_UI_Images/Theme1/01_UI_Images/03_Popup_Equipment/Box_Right_WS.png
  artifactKey: Guid(7431ab9d1b1804517be682782c554d8a) Importer(815301076,1909f56bfc062723c751e8b465ee728b)
Start importing Assets/SPUM/Retro UI Set/1_UI_Images/Theme1/01_UI_Images/03_Popup_Equipment/Box_Right_WS.png using Guid(7431ab9d1b1804517be682782c554d8a) Importer(815301076,1909f56bfc062723c751e8b465ee728b) [PhysX] Initialized MultithreadedTaskDispatcher with 12 workers.
[PhysX] Initialized MultithreadedTaskDispatcher with 12 workers.
 -> (artifact id: '5fa3a83605173da1d7ac2f746f7f6ea8') in 0.011550 seconds
Number of updated asset objects reloaded before import = 0
Number of asset objects unloaded after import = 3
========================================================================
Received Import Request.
  Time since last request: 1.876661 seconds.
  path: Assets/SPUM/Retro UI Set/1_UI_Images/Theme1/01_UI_Images/01_Box&Btn/Box_Basic3.png
  artifactKey: Guid(a878ab4e18e76420b8a0182f1f71b81e) Importer(815301076,1909f56bfc062723c751e8b465ee728b)
Start importing Assets/SPUM/Retro UI Set/1_UI_Images/Theme1/01_UI_Images/01_Box&Btn/Box_Basic3.png using Guid(a878ab4e18e76420b8a0182f1f71b81e) Importer(815301076,1909f56bfc062723c751e8b465ee728b) [PhysX] Initialized MultithreadedTaskDispatcher with 12 workers.
[PhysX] Initialized MultithreadedTaskDispatcher with 12 workers.
 -> (artifact id: 'ac355988c04a13ea010b28ce1c74978b') in 0.008740 seconds
Number of updated asset objects reloaded before import = 0
Number of asset objects unloaded after import = 3
========================================================================
Received Import Request.
  Time since last request: 0.000014 seconds.
  path: Assets/SPUM/Retro UI Set/1_UI_Images/Theme1/01_UI_Images/03_Popup_Equipment/Box_Eye.png
  artifactKey: Guid(df1ec946aec6e4b5683b6a3f47646970) Importer(815301076,1909f56bfc062723c751e8b465ee728b)
Start importing Assets/SPUM/Retro UI Set/1_UI_Images/Theme1/01_UI_Images/03_Popup_Equipment/Box_Eye.png using Guid(df1ec946aec6e4b5683b6a3f47646970) Importer(815301076,1909f56bfc062723c751e8b465ee728b) [PhysX] Initialized MultithreadedTaskDispatcher with 12 workers.
[PhysX] Initialized MultithreadedTaskDispatcher with 12 workers.
 -> (artifact id: '9b44d4d2d7f952de19526b4e7891803c') in 0.006194 seconds
Number of updated asset objects reloaded before import = 0
Number of asset objects unloaded after import = 3
========================================================================
Received Import Request.
  Time since last request: 0.000013 seconds.
  path: Assets/SPUM/Retro UI Set/1_UI_Images/Theme1/01_UI_Images/03_Popup_Equipment/Box_Hair_WS.png
  artifactKey: Guid(a86627be127d94950ade8d38c37ca998) Importer(815301076,1909f56bfc062723c751e8b465ee728b)
Start importing Assets/SPUM/Retro UI Set/1_UI_Images/Theme1/01_UI_Images/03_Popup_Equipment/Box_Hair_WS.png using Guid(a86627be127d94950ade8d38c37ca998) Importer(815301076,1909f56bfc062723c751e8b465ee728b) [PhysX] Initialized MultithreadedTaskDispatcher with 12 workers.
[PhysX] Initialized MultithreadedTaskDispatcher with 12 workers.
 -> (artifact id: 'b031a4c5349b389005df96c51b85f3e3') in 0.008862 seconds
Number of updated asset objects reloaded before import = 0
Number of asset objects unloaded after import = 3
========================================================================
Received Import Request.
  Time since last request: 0.000015 seconds.
  path: Assets/SPUM/Retro UI Set/1_UI_Images/Theme1/01_UI_Images/03_Popup_Equipment/Box_Eye_WS.png
  artifactKey: Guid(cba92f4af7ac5420080324163ef85438) Importer(815301076,1909f56bfc062723c751e8b465ee728b)
Start importing Assets/SPUM/Retro UI Set/1_UI_Images/Theme1/01_UI_Images/03_Popup_Equipment/Box_Eye_WS.png using Guid(cba92f4af7ac5420080324163ef85438) Importer(815301076,1909f56bfc062723c751e8b465ee728b) [PhysX] Initialized MultithreadedTaskDispatcher with 12 workers.
[PhysX] Initialized MultithreadedTaskDispatcher with 12 workers.
 -> (artifact id: 'dc7a1edadecf8506136d08e43ab81e5c') in 0.010993 seconds
Number of updated asset objects reloaded before import = 0
Number of asset objects unloaded after import = 3
========================================================================
Received Import Request.
  Time since last request: 0.420225 seconds.
  path: Assets/SPUM/Sprite_SheetExporter(Beta)/Res/Box.png
  artifactKey: Guid(6c52bbcff1f804ba1b9435a920cb9303) Importer(815301076,1909f56bfc062723c751e8b465ee728b)
Start importing Assets/SPUM/Sprite_SheetExporter(Beta)/Res/Box.png using Guid(6c52bbcff1f804ba1b9435a920cb9303) Importer(815301076,1909f56bfc062723c751e8b465ee728b) [PhysX] Initialized MultithreadedTaskDispatcher with 12 workers.
[PhysX] Initialized MultithreadedTaskDispatcher with 12 workers.
 -> (artifact id: '5226e25c66d5bc2affd7f74a801a4d0a') in 0.006726 seconds
Number of updated asset objects reloaded before import = 0
Number of asset objects unloaded after import = 3
========================================================================
Received Import Request.
  Time since last request: 0.000022 seconds.
  path: Assets/SPUM/Retro UI Set/1_UI_Images/Theme1/01_UI_Images/01_Box&Btn/Box_Basic1.png
  artifactKey: Guid(0caab7442de494acb952be290ca9664b) Importer(815301076,1909f56bfc062723c751e8b465ee728b)
Start importing Assets/SPUM/Retro UI Set/1_UI_Images/Theme1/01_UI_Images/01_Box&Btn/Box_Basic1.png using Guid(0caab7442de494acb952be290ca9664b) Importer(815301076,1909f56bfc062723c751e8b465ee728b) [PhysX] Initialized MultithreadedTaskDispatcher with 12 workers.
[PhysX] Initialized MultithreadedTaskDispatcher with 12 workers.
 -> (artifact id: '53fee9ae75ad120273f933565edd01c2') in 0.010026 seconds
Number of updated asset objects reloaded before import = 0
Number of asset objects unloaded after import = 3
========================================================================
Received Import Request.
  Time since last request: 0.000013 seconds.
  path: Assets/SPUM/Retro UI Set/1_UI_Images/Theme1/01_UI_Images/01_Box&Btn/Box_Basic2.png
  artifactKey: Guid(c101f34388d834d35973520d8d87d94c) Importer(815301076,1909f56bfc062723c751e8b465ee728b)
Start importing Assets/SPUM/Retro UI Set/1_UI_Images/Theme1/01_UI_Images/01_Box&Btn/Box_Basic2.png using Guid(c101f34388d834d35973520d8d87d94c) Importer(815301076,1909f56bfc062723c751e8b465ee728b) [PhysX] Initialized MultithreadedTaskDispatcher with 12 workers.
[PhysX] Initialized MultithreadedTaskDispatcher with 12 workers.
 -> (artifact id: '1bd13cf831fe75bedc07bcad50739fb9') in 0.008575 seconds
Number of updated asset objects reloaded before import = 0
Number of asset objects unloaded after import = 3
========================================================================
Received Import Request.
  Time since last request: 0.617434 seconds.
  path: Assets/SPUM/Basic_Resources/UI/Body_Icon.png
  artifactKey: Guid(04310307c42ff4e7fa0eb91e7b35af84) Importer(815301076,1909f56bfc062723c751e8b465ee728b)
Start importing Assets/SPUM/Basic_Resources/UI/Body_Icon.png using Guid(04310307c42ff4e7fa0eb91e7b35af84) Importer(815301076,1909f56bfc062723c751e8b465ee728b) [PhysX] Initialized MultithreadedTaskDispatcher with 12 workers.
[PhysX] Initialized MultithreadedTaskDispatcher with 12 workers.
 -> (artifact id: 'd8ba75826d4cbfddbee32329c8870183') in 0.006178 seconds
Number of updated asset objects reloaded before import = 0
Number of asset objects unloaded after import = 3
========================================================================
Received Import Request.
  Time since last request: 0.963741 seconds.
  path: Assets/FantasyIconsPackFree/Icons/MeleeWeapon2H/BerserkAxe.png
  artifactKey: Guid(4ceb0a22206fea046be70ad00381bf62) Importer(815301076,1909f56bfc062723c751e8b465ee728b)
Start importing Assets/FantasyIconsPackFree/Icons/MeleeWeapon2H/BerserkAxe.png using Guid(4ceb0a22206fea046be70ad00381bf62) Importer(815301076,1909f56bfc062723c751e8b465ee728b) [PhysX] Initialized MultithreadedTaskDispatcher with 12 workers.
[PhysX] Initialized MultithreadedTaskDispatcher with 12 workers.
 -> (artifact id: 'e1a1d077829d7c23908630d25299287f') in 0.008250 seconds
Number of updated asset objects reloaded before import = 0
Number of asset objects unloaded after import = 3
========================================================================
Received Import Request.
  Time since last request: 0.300137 seconds.
  path: Assets/SPUM/Retro UI Set/1_UI_Images/Theme1/01_UI_Images/04_Popup_Inventory/Bar_Scroll.png
  artifactKey: Guid(8f56213fb46c54e7a9c1ad0b90a14b91) Importer(815301076,1909f56bfc062723c751e8b465ee728b)
Start importing Assets/SPUM/Retro UI Set/1_UI_Images/Theme1/01_UI_Images/04_Popup_Inventory/Bar_Scroll.png using Guid(8f56213fb46c54e7a9c1ad0b90a14b91) Importer(815301076,1909f56bfc062723c751e8b465ee728b) [PhysX] Initialized MultithreadedTaskDispatcher with 12 workers.
[PhysX] Initialized MultithreadedTaskDispatcher with 12 workers.
 -> (artifact id: 'db136af9ee5fe98c9c91505e20e7b9dc') in 0.009499 seconds
Number of updated asset objects reloaded before import = 0
Number of asset objects unloaded after import = 3
========================================================================
Received Import Request.
  Time since last request: 0.000014 seconds.
  path: Assets/FantasyIconsPackFree/Icons/Bow/BattleBow.png
  artifactKey: Guid(0c7f2b30efde63b4e85506baea6e3484) Importer(815301076,1909f56bfc062723c751e8b465ee728b)
Start importing Assets/FantasyIconsPackFree/Icons/Bow/BattleBow.png using Guid(0c7f2b30efde63b4e85506baea6e3484) Importer(815301076,1909f56bfc062723c751e8b465ee728b) [PhysX] Initialized MultithreadedTaskDispatcher with 12 workers.
[PhysX] Initialized MultithreadedTaskDispatcher with 12 workers.
 -> (artifact id: 'e0625479e2932b78e050951a70f3ce5c') in 0.011464 seconds
Number of updated asset objects reloaded before import = 0
Number of asset objects unloaded after import = 3
========================================================================
Received Import Request.
  Time since last request: 0.028476 seconds.
  path: Assets/FantasyIconsPackFree/Icons/MeleeWeapon1H/BalancedSword [Paint].png
  artifactKey: Guid(789e518168d493d4396ec984b1b5bcb3) Importer(815301076,1909f56bfc062723c751e8b465ee728b)
Start importing Assets/FantasyIconsPackFree/Icons/MeleeWeapon1H/BalancedSword [Paint].png using Guid(789e518168d493d4396ec984b1b5bcb3) Importer(815301076,1909f56bfc062723c751e8b465ee728b) [PhysX] Initialized MultithreadedTaskDispatcher with 12 workers.
[PhysX] Initialized MultithreadedTaskDispatcher with 12 workers.
 -> (artifact id: '5cdde2fccb9adac58ee9e99dd9ebb830') in 0.007614 seconds
Number of updated asset objects reloaded before import = 0
Number of asset objects unloaded after import = 3
========================================================================
Received Import Request.
  Time since last request: 0.000033 seconds.
  path: Assets/FantasyIconsPackFree/Icons/Armor/BanditLightArmor [Paint].png
  artifactKey: Guid(5105fe1d825990746b9a92407ea447ca) Importer(815301076,1909f56bfc062723c751e8b465ee728b)
Start importing Assets/FantasyIconsPackFree/Icons/Armor/BanditLightArmor [Paint].png using Guid(5105fe1d825990746b9a92407ea447ca) Importer(815301076,1909f56bfc062723c751e8b465ee728b) [PhysX] Initialized MultithreadedTaskDispatcher with 12 workers.
[PhysX] Initialized MultithreadedTaskDispatcher with 12 workers.
 -> (artifact id: '077ebfacae4c7e5461ece62e0f7e8ea8') in 0.012837 seconds
Number of updated asset objects reloaded before import = 0
Number of asset objects unloaded after import = 3
========================================================================
Received Prepare
Caller must complete domain reload
Begin MonoManager ReloadAssembly
Symbol file data-000001872B933020 doesn't match image C:\Users\asdf\Desktop\unity\ReactiveTurnBase\My project A\Library\ScriptAssemblies\Unity.EditorCoroutines.Editor.dll
Symbol file LoadedFromMemory is not a mono symbol file
Symbol file data-000001872B937660 doesn't match image C:\Users\asdf\Desktop\unity\ReactiveTurnBase\My project A\Library\ScriptAssemblies\UniTask.TextMeshPro.dll
Symbol file LoadedFromMemory is not a mono symbol file
Symbol file data-0000018733A8C010 doesn't match image C:\Users\asdf\Desktop\unity\ReactiveTurnBase\My project A\Library\ScriptAssemblies\Unity.Timeline.Editor.dll
Symbol file LoadedFromMemory is not a mono symbol file
Symbol file data-00000187342A4C40 doesn't match image C:\Users\asdf\Desktop\unity\ReactiveTurnBase\My project A\Library\ScriptAssemblies\Unity.VisualScripting.Shared.Editor.dll
Symbol file LoadedFromMemory is not a mono symbol file
Symbol file data-00000187342A4C40 doesn't match image C:\Users\asdf\Desktop\unity\ReactiveTurnBase\My project A\Library\ScriptAssemblies\UniTask.DOTween.dll
Symbol file LoadedFromMemory is not a mono symbol file
Symbol file data-00000187342A4C40 doesn't match image C:\Users\asdf\Desktop\unity\ReactiveTurnBase\My project A\Library\ScriptAssemblies\UniTask.Addressables.dll
Symbol file LoadedFromMemory is not a mono symbol file
Symbol file data-0000018735344020 doesn't match image C:\Users\asdf\Desktop\unity\ReactiveTurnBase\My project A\Library\ScriptAssemblies\UnityEditor.UI.dll
Symbol file LoadedFromMemory is not a mono symbol file
Symbol file data-00000187366DA020 doesn't match image C:\Users\asdf\Desktop\unity\ReactiveTurnBase\My project A\Library\ScriptAssemblies\Unity.VisualScripting.Core.dll
Symbol file LoadedFromMemory is not a mono symbol file
Symbol file data-0000018707BC1020 doesn't match image C:\Users\asdf\Desktop\unity\ReactiveTurnBase\My project A\Library\ScriptAssemblies\UnityEngine.UI.dll
Symbol file LoadedFromMemory is not a mono symbol file
Symbol file data-000001873534CE30 doesn't match image C:\Users\asdf\Desktop\unity\ReactiveTurnBase\My project A\Library\ScriptAssemblies\UniTask.Editor.dll
Symbol file LoadedFromMemory is not a mono symbol file
Symbol file data-0000018706951010 doesn't match image C:\Users\asdf\Desktop\unity\ReactiveTurnBase\My project A\Library\ScriptAssemblies\Unity.VisualScripting.Core.Editor.dll
Symbol file LoadedFromMemory is not a mono symbol file
Symbol file data-0000018734EA5E90 doesn't match image C:\Users\asdf\Desktop\unity\ReactiveTurnBase\My project A\Library\ScriptAssemblies\UniTask.Linq.dll
Symbol file LoadedFromMemory is not a mono symbol file
Symbol file data-0000018707BC1020 doesn't match image C:\Users\asdf\Desktop\unity\ReactiveTurnBase\My project A\Library\ScriptAssemblies\Unity.VisualScripting.Flow.dll
Symbol file LoadedFromMemory is not a mono symbol file
Symbol file data-00000187076E5020 doesn't match image C:\Users\asdf\Desktop\unity\ReactiveTurnBase\My project A\Library\ScriptAssemblies\Unity.VisualScripting.Flow.Editor.dll
Symbol file LoadedFromMemory is not a mono symbol file
Symbol file data-00000187298EF060 doesn't match image C:\Users\asdf\Desktop\unity\ReactiveTurnBase\My project A\Library\ScriptAssemblies\Unity.Timeline.dll
Symbol file LoadedFromMemory is not a mono symbol file
Symbol file data-00000187342D4040 doesn't match image C:\Users\asdf\Desktop\unity\ReactiveTurnBase\My project A\Library\ScriptAssemblies\Unity.InputSystem.dll
Symbol file LoadedFromMemory is not a mono symbol file
Symbol file data-0000018734FB0B30 doesn't match image C:\Users\asdf\Desktop\unity\ReactiveTurnBase\My project A\Library\ScriptAssemblies\Unity.InputSystem.ForUI.dll
Symbol file LoadedFromMemory is not a mono symbol file
Symbol file data-0000018733E13020 doesn't match image C:\Users\asdf\Desktop\unity\ReactiveTurnBase\My project A\Library\ScriptAssemblies\Unity.TestTools.CodeCoverage.Editor.OpenCover.Mono.Reflection.dll
Symbol file LoadedFromMemory is not a mono symbol file
Symbol file data-000001873534CE30 doesn't match image C:\Users\asdf\Desktop\unity\ReactiveTurnBase\My project A\Library\ScriptAssemblies\Unity.VisualScripting.SettingsProvider.Editor.dll
Symbol file LoadedFromMemory is not a mono symbol file
Symbol file data-0000018707BC1020 doesn't match image C:\Users\asdf\Desktop\unity\ReactiveTurnBase\My project A\Library\ScriptAssemblies\Unity.Performance.Profile-Analyzer.Editor.dll
Symbol file LoadedFromMemory is not a mono symbol file
Symbol file data-0000018735695010 doesn't match image C:\Users\asdf\Desktop\unity\ReactiveTurnBase\My project A\Library\ScriptAssemblies\Unity.TestTools.CodeCoverage.Editor.dll
Symbol file LoadedFromMemory is not a mono symbol file
Symbol file data-00000187342A4C40 doesn't match image C:\Users\asdf\Desktop\unity\ReactiveTurnBase\My project A\Library\ScriptAssemblies\Unity.TestTools.CodeCoverage.Editor.OpenCover.Model.dll
Symbol file LoadedFromMemory is not a mono symbol file
Symbol file data-0000018707AD0820 doesn't match image C:\Users\asdf\Desktop\unity\ReactiveTurnBase\My project A\Library\ScriptAssemblies\Unity.VisualScripting.State.Editor.dll
Symbol file LoadedFromMemory is not a mono symbol file
Symbol file data-0000018734F0C5C0 doesn't match image C:\Users\asdf\Desktop\unity\ReactiveTurnBase\My project A\Library\ScriptAssemblies\Unity.Settings.Editor.dll
Symbol file LoadedFromMemory is not a mono symbol file
Symbol file data-0000018707ADBC30 doesn't match image C:\Users\asdf\Desktop\unity\ReactiveTurnBase\My project A\Library\ScriptAssemblies\Unity.CollabProxy.Editor.dll
Symbol file LoadedFromMemory is not a mono symbol file
Symbol file data-0000018734DD2A50 doesn't match image C:\Users\asdf\Desktop\unity\ReactiveTurnBase\My project A\Library\ScriptAssemblies\Unity.TextMeshPro.dll
Symbol file LoadedFromMemory is not a mono symbol file
Symbol file data-000001872A018060 doesn't match image C:\Users\asdf\Desktop\unity\ReactiveTurnBase\My project A\Library\ScriptAssemblies\Unity.TextMeshPro.Editor.dll
Symbol file LoadedFromMemory is not a mono symbol file
Symbol file data-0000018733E44030 doesn't match image C:\Users\asdf\Desktop\unity\ReactiveTurnBase\My project A\Library\ScriptAssemblies\UniTask.dll
Symbol file LoadedFromMemory is not a mono symbol file
Symbol file data-000001872B937660 doesn't match image C:\Users\asdf\Desktop\unity\ReactiveTurnBase\My project A\Library\ScriptAssemblies\Unity.VisualScripting.State.dll
Symbol file LoadedFromMemory is not a mono symbol file
Symbol file data-000001872B937660 doesn't match image C:\Users\asdf\Desktop\unity\ReactiveTurnBase\My project A\Library\ScriptAssemblies\Unity.VSCode.Editor.dll
Symbol file LoadedFromMemory is not a mono symbol file
- Loaded All Assemblies, in  0.479 seconds
Native extension for WindowsStandalone target not found
Native extension for Android target not found
Mono: successfully reloaded assembly
- Finished resetting the current domain, in  1.050 seconds
Domain Reload Profiling: 1527ms
	BeginReloadAssembly (144ms)
		ExecutionOrderSort (0ms)
		DisableScriptedObjects (6ms)
		BackupInstance (0ms)
		ReleaseScriptingObjects (0ms)
		CreateAndSetChildDomain (44ms)
	RebuildCommonClasses (25ms)
	RebuildNativeTypeToScriptingClass (9ms)
	initialDomainReloadingComplete (28ms)
	LoadAllAssembliesAndSetupDomain (271ms)
		LoadAssemblies (324ms)
		RebuildTransferFunctionScriptingTraits (0ms)
		AnalyzeDomain (13ms)
			TypeCache.Refresh (5ms)
				TypeCache.ScanAssembly (0ms)
			ScanForSourceGeneratedMonoScriptInfo (0ms)
			ResolveRequiredComponents (6ms)
	FinalizeReload (1050ms)
		ReleaseScriptCaches (0ms)
		RebuildScriptCaches (0ms)
		SetupLoadedEditorAssemblies (579ms)
			LogAssemblyErrors (0ms)
			InitializePlatformSupportModulesInManaged (18ms)
			SetLoadedEditorAssemblies (4ms)
			RefreshPlugins (0ms)
			BeforeProcessingInitializeOnLoad (94ms)
			ProcessInitializeOnLoadAttributes (420ms)
			ProcessInitializeOnLoadMethodAttributes (34ms)
			AfterProcessingInitializeOnLoad (8ms)
			EditorAssembliesLoaded (0ms)
		ExecutionOrderSort2 (0ms)
		AwakeInstancesAfterBackupRestoration (8ms)
Refreshing native plugins compatible for Editor in 5.06 ms, found 3 plugins.
Preloading 0 native plugins for Editor in 0.00 ms.
Unloading 3938 Unused Serialized files (Serialized files now loaded: 0)
Unloading 22 unused Assets / (32.6 KB). Loaded Objects now: 4495.
Memory consumption went from 224.9 MB to 224.8 MB.
Total: 5.868400 ms (FindLiveObjects: 0.582600 ms CreateObjectMapping: 0.534300 ms MarkObjects: 4.703600 ms  DeleteObjects: 0.046800 ms)

Prepare: number of updated asset objects reloaded= 0
AssetImportParameters requested are different than current active one (requested -> active):
  custom:container-demuxer-ogg: 62fdf1f143b41e24485cea50d1cbac27 -> 
  custom:video-decoder-ogg-theora: a1e56fd34408186e4bbccfd4996cb3dc -> 
  custom:framework-win-MediaFoundation: 216162199b28c13a410421893ffa2e32 -> 
  custom:CustomObjectIndexerAttribute: 9a22284fe3817be447336de3de66b15e -> 
  custom:container-demuxer-webm: 4f35f7cbe854078d1ac9338744f61a02 -> 
  custom:container-muxer-webm: aa71ff27fc2769a1b78a27578f13a17b -> 
  custom:video-decoder-webm-vp8: 9c59270c3fd7afecdb556c50c9e8de78 -> 
  custom:SearchIndexIgnoredProperties: e643bd26f0fe6173181afceb89e7c659 -> 
  custom:AudioImporter_EditorPlatform: d09bf68614088b80899f8185d706f6e7 -> 
  custom:video-encoder-webm-vp8: eb34c28f22e8b96e1ab97ce403110664 -> 
  custom:audio-decoder-ogg-vorbis: bf7c407c2cedff20999df2af8eb42d56 -> 
  custom:audio-encoder-webm-vorbis: bf7c407c2cedff20999df2af8eb42d56 -> 
========================================================================
Received Prepare
Caller must complete domain reload
Begin MonoManager ReloadAssembly
Symbol file data-0000018708221020 doesn't match image C:\Users\asdf\Desktop\unity\ReactiveTurnBase\My project A\Library\ScriptAssemblies\Unity.EditorCoroutines.Editor.dll
Symbol file LoadedFromMemory is not a mono symbol file
Symbol file data-00000187360E2170 doesn't match image C:\Users\asdf\Desktop\unity\ReactiveTurnBase\My project A\Library\ScriptAssemblies\UniTask.TextMeshPro.dll
Symbol file LoadedFromMemory is not a mono symbol file
Symbol file data-0000018733A8C010 doesn't match image C:\Users\asdf\Desktop\unity\ReactiveTurnBase\My project A\Library\ScriptAssemblies\Unity.Timeline.Editor.dll
Symbol file LoadedFromMemory is not a mono symbol file
Symbol file data-00000187360E2170 doesn't match image C:\Users\asdf\Desktop\unity\ReactiveTurnBase\My project A\Library\ScriptAssemblies\Unity.VisualScripting.Shared.Editor.dll
Symbol file LoadedFromMemory is not a mono symbol file
Symbol file data-00000187360E2170 doesn't match image C:\Users\asdf\Desktop\unity\ReactiveTurnBase\My project A\Library\ScriptAssemblies\UniTask.DOTween.dll
Symbol file LoadedFromMemory is not a mono symbol file
Symbol file data-00000187360E2170 doesn't match image C:\Users\asdf\Desktop\unity\ReactiveTurnBase\My project A\Library\ScriptAssemblies\UniTask.Addressables.dll
Symbol file LoadedFromMemory is not a mono symbol file
Symbol file data-0000018707650020 doesn't match image C:\Users\asdf\Desktop\unity\ReactiveTurnBase\My project A\Library\ScriptAssemblies\UnityEditor.UI.dll
Symbol file LoadedFromMemory is not a mono symbol file
Symbol file data-000001873452A040 doesn't match image C:\Users\asdf\Desktop\unity\ReactiveTurnBase\My project A\Library\ScriptAssemblies\Unity.VisualScripting.Core.dll
Symbol file LoadedFromMemory is not a mono symbol file
Symbol file data-00000187351D2040 doesn't match image C:\Users\asdf\Desktop\unity\ReactiveTurnBase\My project A\Library\ScriptAssemblies\UnityEngine.UI.dll
Symbol file LoadedFromMemory is not a mono symbol file
Symbol file data-0000018707658E30 doesn't match image C:\Users\asdf\Desktop\unity\ReactiveTurnBase\My project A\Library\ScriptAssemblies\UniTask.Editor.dll
Symbol file LoadedFromMemory is not a mono symbol file
Symbol file data-0000018706951010 doesn't match image C:\Users\asdf\Desktop\unity\ReactiveTurnBase\My project A\Library\ScriptAssemblies\Unity.VisualScripting.Core.Editor.dll
Symbol file LoadedFromMemory is not a mono symbol file
Symbol file data-0000018734EA5E90 doesn't match image C:\Users\asdf\Desktop\unity\ReactiveTurnBase\My project A\Library\ScriptAssemblies\UniTask.Linq.dll
Symbol file LoadedFromMemory is not a mono symbol file
Symbol file data-0000018707712280 doesn't match image C:\Users\asdf\Desktop\unity\ReactiveTurnBase\My project A\Library\ScriptAssemblies\Unity.VisualScripting.Flow.dll
Symbol file LoadedFromMemory is not a mono symbol file
Symbol file data-00000187076E5020 doesn't match image C:\Users\asdf\Desktop\unity\ReactiveTurnBase\My project A\Library\ScriptAssemblies\Unity.VisualScripting.Flow.Editor.dll
Symbol file LoadedFromMemory is not a mono symbol file
Symbol file data-0000018729817020 doesn't match image C:\Users\asdf\Desktop\unity\ReactiveTurnBase\My project A\Library\ScriptAssemblies\Unity.Timeline.dll
Symbol file LoadedFromMemory is not a mono symbol file
Symbol file data-000001872A0BC420 doesn't match image C:\Users\asdf\Desktop\unity\ReactiveTurnBase\My project A\Library\ScriptAssemblies\Unity.InputSystem.dll
Symbol file LoadedFromMemory is not a mono symbol file
Symbol file data-0000018707658E30 doesn't match image C:\Users\asdf\Desktop\unity\ReactiveTurnBase\My project A\Library\ScriptAssemblies\Unity.InputSystem.ForUI.dll
Symbol file LoadedFromMemory is not a mono symbol file
Symbol file data-0000018707658E30 doesn't match image C:\Users\asdf\Desktop\unity\ReactiveTurnBase\My project A\Library\ScriptAssemblies\Unity.TestTools.CodeCoverage.Editor.OpenCover.Mono.Reflection.dll
Symbol file LoadedFromMemory is not a mono symbol file
Symbol file data-0000018733E12C20 doesn't match image C:\Users\asdf\Desktop\unity\ReactiveTurnBase\My project A\Library\ScriptAssemblies\Unity.VisualScripting.SettingsProvider.Editor.dll
Symbol file LoadedFromMemory is not a mono symbol file
Symbol file data-000001872AC43010 doesn't match image C:\Users\asdf\Desktop\unity\ReactiveTurnBase\My project A\Library\ScriptAssemblies\Unity.Performance.Profile-Analyzer.Editor.dll
Symbol file LoadedFromMemory is not a mono symbol file
Symbol file data-000001873596C030 doesn't match image C:\Users\asdf\Desktop\unity\ReactiveTurnBase\My project A\Library\ScriptAssemblies\Unity.TestTools.CodeCoverage.Editor.dll
Symbol file LoadedFromMemory is not a mono symbol file
Symbol file data-000001873534C030 doesn't match image C:\Users\asdf\Desktop\unity\ReactiveTurnBase\My project A\Library\ScriptAssemblies\Unity.TestTools.CodeCoverage.Editor.OpenCover.Model.dll
Symbol file LoadedFromMemory is not a mono symbol file
Symbol file data-000001872B172020 doesn't match image C:\Users\asdf\Desktop\unity\ReactiveTurnBase\My project A\Library\ScriptAssemblies\Unity.VisualScripting.State.Editor.dll
Symbol file LoadedFromMemory is not a mono symbol file
Symbol file data-000001873489B330 doesn't match image C:\Users\asdf\Desktop\unity\ReactiveTurnBase\My project A\Library\ScriptAssemblies\Unity.Settings.Editor.dll
Symbol file LoadedFromMemory is not a mono symbol file
Symbol file data-000001872B17D430 doesn't match image C:\Users\asdf\Desktop\unity\ReactiveTurnBase\My project A\Library\ScriptAssemblies\Unity.CollabProxy.Editor.dll
Symbol file LoadedFromMemory is not a mono symbol file
Symbol file data-0000018729AC6A50 doesn't match image C:\Users\asdf\Desktop\unity\ReactiveTurnBase\My project A\Library\ScriptAssemblies\Unity.TextMeshPro.dll
Symbol file LoadedFromMemory is not a mono symbol file
Symbol file data-00000187076E5020 doesn't match image C:\Users\asdf\Desktop\unity\ReactiveTurnBase\My project A\Library\ScriptAssemblies\Unity.TextMeshPro.Editor.dll
Symbol file LoadedFromMemory is not a mono symbol file
Symbol file data-000001873656F040 doesn't match image C:\Users\asdf\Desktop\unity\ReactiveTurnBase\My project A\Library\ScriptAssemblies\UniTask.dll
Symbol file LoadedFromMemory is not a mono symbol file
Symbol file data-000001873534C030 doesn't match image C:\Users\asdf\Desktop\unity\ReactiveTurnBase\My project A\Library\ScriptAssemblies\Unity.VisualScripting.State.dll
Symbol file LoadedFromMemory is not a mono symbol file
Symbol file data-000001873534C030 doesn't match image C:\Users\asdf\Desktop\unity\ReactiveTurnBase\My project A\Library\ScriptAssemblies\Unity.VSCode.Editor.dll
Symbol file LoadedFromMemory is not a mono symbol file
- Loaded All Assemblies, in  0.423 seconds
Native extension for WindowsStandalone target not found
Native extension for Android target not found
Mono: successfully reloaded assembly
- Finished resetting the current domain, in  1.050 seconds
Domain Reload Profiling: 1471ms
	BeginReloadAssembly (133ms)
		ExecutionOrderSort (0ms)
		DisableScriptedObjects (6ms)
		BackupInstance (0ms)
		ReleaseScriptingObjects (0ms)
		CreateAndSetChildDomain (31ms)
	RebuildCommonClasses (25ms)
	RebuildNativeTypeToScriptingClass (8ms)
	initialDomainReloadingComplete (27ms)
	LoadAllAssembliesAndSetupDomain (227ms)
		LoadAssemblies (282ms)
		RebuildTransferFunctionScriptingTraits (0ms)
		AnalyzeDomain (12ms)
			TypeCache.Refresh (4ms)
				TypeCache.ScanAssembly (0ms)
			ScanForSourceGeneratedMonoScriptInfo (0ms)
			ResolveRequiredComponents (6ms)
	FinalizeReload (1050ms)
		ReleaseScriptCaches (0ms)
		RebuildScriptCaches (0ms)
		SetupLoadedEditorAssemblies (589ms)
			LogAssemblyErrors (0ms)
			InitializePlatformSupportModulesInManaged (18ms)
			SetLoadedEditorAssemblies (6ms)
			RefreshPlugins (0ms)
			BeforeProcessingInitializeOnLoad (109ms)
			ProcessInitializeOnLoadAttributes (420ms)
			ProcessInitializeOnLoadMethodAttributes (29ms)
			AfterProcessingInitializeOnLoad (6ms)
			EditorAssembliesLoaded (0ms)
		ExecutionOrderSort2 (0ms)
		AwakeInstancesAfterBackupRestoration (6ms)
Refreshing native plugins compatible for Editor in 5.30 ms, found 3 plugins.
Preloading 0 native plugins for Editor in 0.00 ms.
Unloading 3939 Unused Serialized files (Serialized files now loaded: 0)
Unloading 22 unused Assets / (32.7 KB). Loaded Objects now: 4498.
Memory consumption went from 225.1 MB to 225.1 MB.
Total: 5.021600 ms (FindLiveObjects: 0.560100 ms CreateObjectMapping: 0.375900 ms MarkObjects: 4.007500 ms  DeleteObjects: 0.077300 ms)

Prepare: number of updated asset objects reloaded= 0
AssetImportParameters requested are different than current active one (requested -> active):
  custom:container-demuxer-ogg: 62fdf1f143b41e24485cea50d1cbac27 -> 
  custom:video-decoder-ogg-theora: a1e56fd34408186e4bbccfd4996cb3dc -> 
  custom:framework-win-MediaFoundation: 216162199b28c13a410421893ffa2e32 -> 
  custom:CustomObjectIndexerAttribute: 9a22284fe3817be447336de3de66b15e -> 
  custom:container-demuxer-webm: 4f35f7cbe854078d1ac9338744f61a02 -> 
  custom:container-muxer-webm: aa71ff27fc2769a1b78a27578f13a17b -> 
  custom:video-decoder-webm-vp8: 9c59270c3fd7afecdb556c50c9e8de78 -> 
  custom:SearchIndexIgnoredProperties: e643bd26f0fe6173181afceb89e7c659 -> 
  custom:AudioImporter_EditorPlatform: d09bf68614088b80899f8185d706f6e7 -> 
  custom:video-encoder-webm-vp8: eb34c28f22e8b96e1ab97ce403110664 -> 
  custom:audio-decoder-ogg-vorbis: bf7c407c2cedff20999df2af8eb42d56 -> 
  custom:audio-encoder-webm-vorbis: bf7c407c2cedff20999df2af8eb42d56 -> 
========================================================================
Received Prepare
Caller must complete domain reload
Begin MonoManager ReloadAssembly
Symbol file data-00000187078D1020 doesn't match image C:\Users\asdf\Desktop\unity\ReactiveTurnBase\My project A\Library\ScriptAssemblies\Unity.EditorCoroutines.Editor.dll
Symbol file LoadedFromMemory is not a mono symbol file
Symbol file data-0000018735F38010 doesn't match image C:\Users\asdf\Desktop\unity\ReactiveTurnBase\My project A\Library\ScriptAssemblies\UniTask.TextMeshPro.dll
Symbol file LoadedFromMemory is not a mono symbol file
Symbol file data-0000018733A8C010 doesn't match image C:\Users\asdf\Desktop\unity\ReactiveTurnBase\My project A\Library\ScriptAssemblies\Unity.Timeline.Editor.dll
Symbol file LoadedFromMemory is not a mono symbol file
Symbol file data-0000018733E12C20 doesn't match image C:\Users\asdf\Desktop\unity\ReactiveTurnBase\My project A\Library\ScriptAssemblies\Unity.VisualScripting.Shared.Editor.dll
Symbol file LoadedFromMemory is not a mono symbol file
Symbol file data-0000018733E12C20 doesn't match image C:\Users\asdf\Desktop\unity\ReactiveTurnBase\My project A\Library\ScriptAssemblies\UniTask.DOTween.dll
Symbol file LoadedFromMemory is not a mono symbol file
Symbol file data-0000018733E12C20 doesn't match image C:\Users\asdf\Desktop\unity\ReactiveTurnBase\My project A\Library\ScriptAssemblies\UniTask.Addressables.dll
Symbol file LoadedFromMemory is not a mono symbol file
Symbol file data-0000018733A3A020 doesn't match image C:\Users\asdf\Desktop\unity\ReactiveTurnBase\My project A\Library\ScriptAssemblies\UnityEditor.UI.dll
Symbol file LoadedFromMemory is not a mono symbol file
Symbol file data-00000187351AA010 doesn't match image C:\Users\asdf\Desktop\unity\ReactiveTurnBase\My project A\Library\ScriptAssemblies\Unity.VisualScripting.Core.dll
Symbol file LoadedFromMemory is not a mono symbol file
Symbol file data-0000018735BC4020 doesn't match image C:\Users\asdf\Desktop\unity\ReactiveTurnBase\My project A\Library\ScriptAssemblies\UnityEngine.UI.dll
Symbol file LoadedFromMemory is not a mono symbol file
Symbol file data-0000018733E12C20 doesn't match image C:\Users\asdf\Desktop\unity\ReactiveTurnBase\My project A\Library\ScriptAssemblies\UniTask.Editor.dll
Symbol file LoadedFromMemory is not a mono symbol file
Symbol file data-0000018706951010 doesn't match image C:\Users\asdf\Desktop\unity\ReactiveTurnBase\My project A\Library\ScriptAssemblies\Unity.VisualScripting.Core.Editor.dll
Symbol file LoadedFromMemory is not a mono symbol file
Symbol file data-0000018707FD8010 doesn't match image C:\Users\asdf\Desktop\unity\ReactiveTurnBase\My project A\Library\ScriptAssemblies\UniTask.Linq.dll
Symbol file LoadedFromMemory is not a mono symbol file
Symbol file data-0000018734782020 doesn't match image C:\Users\asdf\Desktop\unity\ReactiveTurnBase\My project A\Library\ScriptAssemblies\Unity.VisualScripting.Flow.dll
Symbol file LoadedFromMemory is not a mono symbol file
Symbol file data-000001872A1A1020 doesn't match image C:\Users\asdf\Desktop\unity\ReactiveTurnBase\My project A\Library\ScriptAssemblies\Unity.VisualScripting.Flow.Editor.dll
Symbol file LoadedFromMemory is not a mono symbol file
Symbol file data-0000018729817020 doesn't match image C:\Users\asdf\Desktop\unity\ReactiveTurnBase\My project A\Library\ScriptAssemblies\Unity.Timeline.dll
Symbol file LoadedFromMemory is not a mono symbol file
Symbol file data-000001872A0BC420 doesn't match image C:\Users\asdf\Desktop\unity\ReactiveTurnBase\My project A\Library\ScriptAssemblies\Unity.InputSystem.dll
Symbol file LoadedFromMemory is not a mono symbol file
Symbol file data-0000018733E12C20 doesn't match image C:\Users\asdf\Desktop\unity\ReactiveTurnBase\My project A\Library\ScriptAssemblies\Unity.InputSystem.ForUI.dll
Symbol file LoadedFromMemory is not a mono symbol file
Symbol file data-0000018733E12C20 doesn't match image C:\Users\asdf\Desktop\unity\ReactiveTurnBase\My project A\Library\ScriptAssemblies\Unity.TestTools.CodeCoverage.Editor.OpenCover.Mono.Reflection.dll
Symbol file LoadedFromMemory is not a mono symbol file
Symbol file data-00000187360E0CD0 doesn't match image C:\Users\asdf\Desktop\unity\ReactiveTurnBase\My project A\Library\ScriptAssemblies\Unity.VisualScripting.SettingsProvider.Editor.dll
Symbol file LoadedFromMemory is not a mono symbol file
Symbol file data-0000018733F00020 doesn't match image C:\Users\asdf\Desktop\unity\ReactiveTurnBase\My project A\Library\ScriptAssemblies\Unity.Performance.Profile-Analyzer.Editor.dll
Symbol file LoadedFromMemory is not a mono symbol file
Symbol file data-00000187366FE030 doesn't match image C:\Users\asdf\Desktop\unity\ReactiveTurnBase\My project A\Library\ScriptAssemblies\Unity.TestTools.CodeCoverage.Editor.dll
Symbol file LoadedFromMemory is not a mono symbol file
Symbol file data-00000187360E0CD0 doesn't match image C:\Users\asdf\Desktop\unity\ReactiveTurnBase\My project A\Library\ScriptAssemblies\Unity.TestTools.CodeCoverage.Editor.OpenCover.Model.dll
Symbol file LoadedFromMemory is not a mono symbol file
Symbol file data-000001872B271010 doesn't match image C:\Users\asdf\Desktop\unity\ReactiveTurnBase\My project A\Library\ScriptAssemblies\Unity.VisualScripting.State.Editor.dll
Symbol file LoadedFromMemory is not a mono symbol file
Symbol file data-0000018733BA8020 doesn't match image C:\Users\asdf\Desktop\unity\ReactiveTurnBase\My project A\Library\ScriptAssemblies\Unity.Settings.Editor.dll
Symbol file LoadedFromMemory is not a mono symbol file
Symbol file data-000001872B27C420 doesn't match image C:\Users\asdf\Desktop\unity\ReactiveTurnBase\My project A\Library\ScriptAssemblies\Unity.CollabProxy.Editor.dll
Symbol file LoadedFromMemory is not a mono symbol file
Symbol file data-0000018729AC6A50 doesn't match image C:\Users\asdf\Desktop\unity\ReactiveTurnBase\My project A\Library\ScriptAssemblies\Unity.TextMeshPro.dll
Symbol file LoadedFromMemory is not a mono symbol file
Symbol file data-000001872965A050 doesn't match image C:\Users\asdf\Desktop\unity\ReactiveTurnBase\My project A\Library\ScriptAssemblies\Unity.TextMeshPro.Editor.dll
Symbol file LoadedFromMemory is not a mono symbol file
Symbol file data-000001873656F040 doesn't match image C:\Users\asdf\Desktop\unity\ReactiveTurnBase\My project A\Library\ScriptAssemblies\UniTask.dll
Symbol file LoadedFromMemory is not a mono symbol file
Symbol file data-0000018733BB0430 doesn't match image C:\Users\asdf\Desktop\unity\ReactiveTurnBase\My project A\Library\ScriptAssemblies\Unity.VisualScripting.State.dll
Symbol file LoadedFromMemory is not a mono symbol file
Symbol file data-0000018733BB0430 doesn't match image C:\Users\asdf\Desktop\unity\ReactiveTurnBase\My project A\Library\ScriptAssemblies\Unity.VSCode.Editor.dll
Symbol file LoadedFromMemory is not a mono symbol file
- Loaded All Assemblies, in  0.474 seconds
Native extension for WindowsStandalone target not found
Native extension for Android target not found
Mono: successfully reloaded assembly
- Finished resetting the current domain, in  1.769 seconds
Domain Reload Profiling: 2239ms
	BeginReloadAssembly (133ms)
		ExecutionOrderSort (0ms)
		DisableScriptedObjects (6ms)
		BackupInstance (0ms)
		ReleaseScriptingObjects (0ms)
		CreateAndSetChildDomain (31ms)
	RebuildCommonClasses (25ms)
	RebuildNativeTypeToScriptingClass (8ms)
	initialDomainReloadingComplete (26ms)
	LoadAllAssembliesAndSetupDomain (276ms)
		LoadAssemblies (332ms)
		RebuildTransferFunctionScriptingTraits (0ms)
		AnalyzeDomain (13ms)
			TypeCache.Refresh (4ms)
				TypeCache.ScanAssembly (0ms)
			ScanForSourceGeneratedMonoScriptInfo (0ms)
			ResolveRequiredComponents (7ms)
	FinalizeReload (1770ms)
		ReleaseScriptCaches (0ms)
		RebuildScriptCaches (0ms)
		SetupLoadedEditorAssemblies (605ms)
			LogAssemblyErrors (0ms)
			InitializePlatformSupportModulesInManaged (22ms)
			SetLoadedEditorAssemblies (5ms)
			RefreshPlugins (0ms)
			BeforeProcessingInitializeOnLoad (108ms)
			ProcessInitializeOnLoadAttributes (422ms)
			ProcessInitializeOnLoadMethodAttributes (39ms)
			AfterProcessingInitializeOnLoad (9ms)
			EditorAssembliesLoaded (0ms)
		ExecutionOrderSort2 (0ms)
		AwakeInstancesAfterBackupRestoration (7ms)
Refreshing native plugins compatible for Editor in 5.16 ms, found 3 plugins.
Preloading 0 native plugins for Editor in 0.00 ms.
Unloading 3939 Unused Serialized files (Serialized files now loaded: 0)
Unloading 22 unused Assets / (32.6 KB). Loaded Objects now: 4501.
Memory consumption went from 225.1 MB to 225.1 MB.
Total: 5.342700 ms (FindLiveObjects: 0.505900 ms CreateObjectMapping: 0.270200 ms MarkObjects: 4.517000 ms  DeleteObjects: 0.048800 ms)

Prepare: number of updated asset objects reloaded= 0
AssetImportParameters requested are different than current active one (requested -> active):
  custom:container-demuxer-ogg: 62fdf1f143b41e24485cea50d1cbac27 -> 
  custom:video-decoder-ogg-theora: a1e56fd34408186e4bbccfd4996cb3dc -> 
  custom:framework-win-MediaFoundation: 216162199b28c13a410421893ffa2e32 -> 
  custom:CustomObjectIndexerAttribute: 9a22284fe3817be447336de3de66b15e -> 
  custom:container-demuxer-webm: 4f35f7cbe854078d1ac9338744f61a02 -> 
  custom:container-muxer-webm: aa71ff27fc2769a1b78a27578f13a17b -> 
  custom:video-decoder-webm-vp8: 9c59270c3fd7afecdb556c50c9e8de78 -> 
  custom:SearchIndexIgnoredProperties: e643bd26f0fe6173181afceb89e7c659 -> 
  custom:AudioImporter_EditorPlatform: d09bf68614088b80899f8185d706f6e7 -> 
  custom:video-encoder-webm-vp8: eb34c28f22e8b96e1ab97ce403110664 -> 
  custom:audio-decoder-ogg-vorbis: bf7c407c2cedff20999df2af8eb42d56 -> 
  custom:audio-encoder-webm-vorbis: bf7c407c2cedff20999df2af8eb42d56 -> 
========================================================================
Received Prepare
Caller must complete domain reload
Begin MonoManager ReloadAssembly
Symbol file data-000001872A380170 doesn't match image C:\Users\asdf\Desktop\unity\ReactiveTurnBase\My project A\Library\ScriptAssemblies\Unity.EditorCoroutines.Editor.dll
Symbol file LoadedFromMemory is not a mono symbol file
Symbol file data-0000018734A44030 doesn't match image C:\Users\asdf\Desktop\unity\ReactiveTurnBase\My project A\Library\ScriptAssemblies\UniTask.TextMeshPro.dll
Symbol file LoadedFromMemory is not a mono symbol file
Symbol file data-0000018733A8C010 doesn't match image C:\Users\asdf\Desktop\unity\ReactiveTurnBase\My project A\Library\ScriptAssemblies\Unity.Timeline.Editor.dll
Symbol file LoadedFromMemory is not a mono symbol file
Symbol file data-0000018733E12C20 doesn't match image C:\Users\asdf\Desktop\unity\ReactiveTurnBase\My project A\Library\ScriptAssemblies\Unity.VisualScripting.Shared.Editor.dll
Symbol file LoadedFromMemory is not a mono symbol file
Symbol file data-000001872A380170 doesn't match image C:\Users\asdf\Desktop\unity\ReactiveTurnBase\My project A\Library\ScriptAssemblies\UniTask.DOTween.dll
Symbol file LoadedFromMemory is not a mono symbol file
Symbol file data-000001872A380170 doesn't match image C:\Users\asdf\Desktop\unity\ReactiveTurnBase\My project A\Library\ScriptAssemblies\UniTask.Addressables.dll
Symbol file LoadedFromMemory is not a mono symbol file
Symbol file data-0000018734A44030 doesn't match image C:\Users\asdf\Desktop\unity\ReactiveTurnBase\My project A\Library\ScriptAssemblies\UnityEditor.UI.dll
Symbol file LoadedFromMemory is not a mono symbol file
Symbol file data-000001873452A040 doesn't match image C:\Users\asdf\Desktop\unity\ReactiveTurnBase\My project A\Library\ScriptAssemblies\Unity.VisualScripting.Core.dll
Symbol file LoadedFromMemory is not a mono symbol file
Symbol file data-0000018735BC4020 doesn't match image C:\Users\asdf\Desktop\unity\ReactiveTurnBase\My project A\Library\ScriptAssemblies\UnityEngine.UI.dll
Symbol file LoadedFromMemory is not a mono symbol file
Symbol file data-0000018734A4CE40 doesn't match image C:\Users\asdf\Desktop\unity\ReactiveTurnBase\My project A\Library\ScriptAssemblies\UniTask.Editor.dll
Symbol file LoadedFromMemory is not a mono symbol file
Symbol file data-00000187068B0010 doesn't match image C:\Users\asdf\Desktop\unity\ReactiveTurnBase\My project A\Library\ScriptAssemblies\Unity.VisualScripting.Core.Editor.dll
Symbol file LoadedFromMemory is not a mono symbol file
Symbol file data-0000018707FD8010 doesn't match image C:\Users\asdf\Desktop\unity\ReactiveTurnBase\My project A\Library\ScriptAssemblies\UniTask.Linq.dll
Symbol file LoadedFromMemory is not a mono symbol file
Symbol file data-00000187353A6010 doesn't match image C:\Users\asdf\Desktop\unity\ReactiveTurnBase\My project A\Library\ScriptAssemblies\Unity.VisualScripting.Flow.dll
Symbol file LoadedFromMemory is not a mono symbol file
Symbol file data-00000187344D5010 doesn't match image C:\Users\asdf\Desktop\unity\ReactiveTurnBase\My project A\Library\ScriptAssemblies\Unity.VisualScripting.Flow.Editor.dll
Symbol file LoadedFromMemory is not a mono symbol file
Symbol file data-000001872A24F010 doesn't match image C:\Users\asdf\Desktop\unity\ReactiveTurnBase\My project A\Library\ScriptAssemblies\Unity.Timeline.dll
Symbol file LoadedFromMemory is not a mono symbol file
Symbol file data-000001872A0BC420 doesn't match image C:\Users\asdf\Desktop\unity\ReactiveTurnBase\My project A\Library\ScriptAssemblies\Unity.InputSystem.dll
Symbol file LoadedFromMemory is not a mono symbol file
Symbol file data-0000018734A4CE40 doesn't match image C:\Users\asdf\Desktop\unity\ReactiveTurnBase\My project A\Library\ScriptAssemblies\Unity.InputSystem.ForUI.dll
Symbol file LoadedFromMemory is not a mono symbol file
Symbol file data-0000018734A4CE40 doesn't match image C:\Users\asdf\Desktop\unity\ReactiveTurnBase\My project A\Library\ScriptAssemblies\Unity.TestTools.CodeCoverage.Editor.OpenCover.Mono.Reflection.dll
Symbol file LoadedFromMemory is not a mono symbol file
Symbol file data-0000018733E12C20 doesn't match image C:\Users\asdf\Desktop\unity\ReactiveTurnBase\My project A\Library\ScriptAssemblies\Unity.VisualScripting.SettingsProvider.Editor.dll
Symbol file LoadedFromMemory is not a mono symbol file
Symbol file data-0000018733F00020 doesn't match image C:\Users\asdf\Desktop\unity\ReactiveTurnBase\My project A\Library\ScriptAssemblies\Unity.Performance.Profile-Analyzer.Editor.dll
Symbol file LoadedFromMemory is not a mono symbol file
Symbol file data-000001873596C030 doesn't match image C:\Users\asdf\Desktop\unity\ReactiveTurnBase\My project A\Library\ScriptAssemblies\Unity.TestTools.CodeCoverage.Editor.dll
Symbol file LoadedFromMemory is not a mono symbol file
Symbol file data-000001872B221040 doesn't match image C:\Users\asdf\Desktop\unity\ReactiveTurnBase\My project A\Library\ScriptAssemblies\Unity.TestTools.CodeCoverage.Editor.OpenCover.Model.dll
Symbol file LoadedFromMemory is not a mono symbol file
Symbol file data-000001872A2B1010 doesn't match image C:\Users\asdf\Desktop\unity\ReactiveTurnBase\My project A\Library\ScriptAssemblies\Unity.VisualScripting.State.Editor.dll
Symbol file LoadedFromMemory is not a mono symbol file
Symbol file data-00000187299B6020 doesn't match image C:\Users\asdf\Desktop\unity\ReactiveTurnBase\My project A\Library\ScriptAssemblies\Unity.Settings.Editor.dll
Symbol file LoadedFromMemory is not a mono symbol file
Symbol file data-000001872A2BC420 doesn't match image C:\Users\asdf\Desktop\unity\ReactiveTurnBase\My project A\Library\ScriptAssemblies\Unity.CollabProxy.Editor.dll
Symbol file LoadedFromMemory is not a mono symbol file
Symbol file data-000001873486A010 doesn't match image C:\Users\asdf\Desktop\unity\ReactiveTurnBase\My project A\Library\ScriptAssemblies\Unity.TextMeshPro.dll
Symbol file LoadedFromMemory is not a mono symbol file
Symbol file data-000001872AC53020 doesn't match image C:\Users\asdf\Desktop\unity\ReactiveTurnBase\My project A\Library\ScriptAssemblies\Unity.TextMeshPro.Editor.dll
Symbol file LoadedFromMemory is not a mono symbol file
Symbol file data-000001873656F040 doesn't match image C:\Users\asdf\Desktop\unity\ReactiveTurnBase\My project A\Library\ScriptAssemblies\UniTask.dll
Symbol file LoadedFromMemory is not a mono symbol file
Symbol file data-00000187360E1430 doesn't match image C:\Users\asdf\Desktop\unity\ReactiveTurnBase\My project A\Library\ScriptAssemblies\Unity.VisualScripting.State.dll
Symbol file LoadedFromMemory is not a mono symbol file
Symbol file data-00000187360E1430 doesn't match image C:\Users\asdf\Desktop\unity\ReactiveTurnBase\My project A\Library\ScriptAssemblies\Unity.VSCode.Editor.dll
Symbol file LoadedFromMemory is not a mono symbol file
- Loaded All Assemblies, in  0.420 seconds
Native extension for WindowsStandalone target not found
Native extension for Android target not found
Mono: successfully reloaded assembly
- Finished resetting the current domain, in  1.080 seconds
Domain Reload Profiling: 1497ms
	BeginReloadAssembly (133ms)
		ExecutionOrderSort (0ms)
		DisableScriptedObjects (6ms)
		BackupInstance (0ms)
		ReleaseScriptingObjects (0ms)
		CreateAndSetChildDomain (30ms)
	RebuildCommonClasses (26ms)
	RebuildNativeTypeToScriptingClass (8ms)
	initialDomainReloadingComplete (26ms)
	LoadAllAssembliesAndSetupDomain (224ms)
		LoadAssemblies (277ms)
		RebuildTransferFunctionScriptingTraits (0ms)
		AnalyzeDomain (15ms)
			TypeCache.Refresh (5ms)
				TypeCache.ScanAssembly (0ms)
			ScanForSourceGeneratedMonoScriptInfo (0ms)
			ResolveRequiredComponents (9ms)
	FinalizeReload (1080ms)
		ReleaseScriptCaches (0ms)
		RebuildScriptCaches (0ms)
		SetupLoadedEditorAssemblies (614ms)
			LogAssemblyErrors (0ms)
			InitializePlatformSupportModulesInManaged (18ms)
			SetLoadedEditorAssemblies (6ms)
			RefreshPlugins (0ms)
			BeforeProcessingInitializeOnLoad (99ms)
			ProcessInitializeOnLoadAttributes (443ms)
			ProcessInitializeOnLoadMethodAttributes (40ms)
			AfterProcessingInitializeOnLoad (8ms)
			EditorAssembliesLoaded (0ms)
		ExecutionOrderSort2 (0ms)
		AwakeInstancesAfterBackupRestoration (6ms)
Refreshing native plugins compatible for Editor in 5.23 ms, found 3 plugins.
Preloading 0 native plugins for Editor in 0.00 ms.
Unloading 3939 Unused Serialized files (Serialized files now loaded: 0)
Unloading 22 unused Assets / (32.7 KB). Loaded Objects now: 4504.
Memory consumption went from 225.1 MB to 225.1 MB.
Total: 5.356600 ms (FindLiveObjects: 0.256400 ms CreateObjectMapping: 0.200400 ms MarkObjects: 4.812000 ms  DeleteObjects: 0.086700 ms)

Prepare: number of updated asset objects reloaded= 0
AssetImportParameters requested are different than current active one (requested -> active):
  custom:container-demuxer-ogg: 62fdf1f143b41e24485cea50d1cbac27 -> 
  custom:video-decoder-ogg-theora: a1e56fd34408186e4bbccfd4996cb3dc -> 
  custom:framework-win-MediaFoundation: 216162199b28c13a410421893ffa2e32 -> 
  custom:CustomObjectIndexerAttribute: 9a22284fe3817be447336de3de66b15e -> 
  custom:container-demuxer-webm: 4f35f7cbe854078d1ac9338744f61a02 -> 
  custom:container-muxer-webm: aa71ff27fc2769a1b78a27578f13a17b -> 
  custom:video-decoder-webm-vp8: 9c59270c3fd7afecdb556c50c9e8de78 -> 
  custom:SearchIndexIgnoredProperties: e643bd26f0fe6173181afceb89e7c659 -> 
  custom:AudioImporter_EditorPlatform: d09bf68614088b80899f8185d706f6e7 -> 
  custom:video-encoder-webm-vp8: eb34c28f22e8b96e1ab97ce403110664 -> 
  custom:audio-decoder-ogg-vorbis: bf7c407c2cedff20999df2af8eb42d56 -> 
  custom:audio-encoder-webm-vorbis: bf7c407c2cedff20999df2af8eb42d56 -> 
========================================================================
Received Prepare
Caller must complete domain reload
Begin MonoManager ReloadAssembly
Symbol file data-0000018708221020 doesn't match image C:\Users\asdf\Desktop\unity\ReactiveTurnBase\My project A\Library\ScriptAssemblies\Unity.EditorCoroutines.Editor.dll
Symbol file LoadedFromMemory is not a mono symbol file
Symbol file data-000001872A3F85B0 doesn't match image C:\Users\asdf\Desktop\unity\ReactiveTurnBase\My project A\Library\ScriptAssemblies\UniTask.TextMeshPro.dll
Symbol file LoadedFromMemory is not a mono symbol file
Symbol file data-0000018733A8C010 doesn't match image C:\Users\asdf\Desktop\unity\ReactiveTurnBase\My project A\Library\ScriptAssemblies\Unity.Timeline.Editor.dll
Symbol file LoadedFromMemory is not a mono symbol file
Symbol file data-000001872A3F85B0 doesn't match image C:\Users\asdf\Desktop\unity\ReactiveTurnBase\My project A\Library\ScriptAssemblies\Unity.VisualScripting.Shared.Editor.dll
Symbol file LoadedFromMemory is not a mono symbol file
Symbol file data-000001872A3F85B0 doesn't match image C:\Users\asdf\Desktop\unity\ReactiveTurnBase\My project A\Library\ScriptAssemblies\UniTask.DOTween.dll
Symbol file LoadedFromMemory is not a mono symbol file
Symbol file data-000001872A3F85B0 doesn't match image C:\Users\asdf\Desktop\unity\ReactiveTurnBase\My project A\Library\ScriptAssemblies\UniTask.Addressables.dll
Symbol file LoadedFromMemory is not a mono symbol file
Symbol file data-0000018706340660 doesn't match image C:\Users\asdf\Desktop\unity\ReactiveTurnBase\My project A\Library\ScriptAssemblies\UnityEditor.UI.dll
Symbol file LoadedFromMemory is not a mono symbol file
Symbol file data-00000187351AA010 doesn't match image C:\Users\asdf\Desktop\unity\ReactiveTurnBase\My project A\Library\ScriptAssemblies\Unity.VisualScripting.Core.dll
Symbol file LoadedFromMemory is not a mono symbol file
Symbol file data-0000018735BC4020 doesn't match image C:\Users\asdf\Desktop\unity\ReactiveTurnBase\My project A\Library\ScriptAssemblies\UnityEngine.UI.dll
Symbol file LoadedFromMemory is not a mono symbol file
Symbol file data-000001872A3F85B0 doesn't match image C:\Users\asdf\Desktop\unity\ReactiveTurnBase\My project A\Library\ScriptAssemblies\UniTask.Editor.dll
Symbol file LoadedFromMemory is not a mono symbol file
Symbol file data-0000018706951010 doesn't match image C:\Users\asdf\Desktop\unity\ReactiveTurnBase\My project A\Library\ScriptAssemblies\Unity.VisualScripting.Core.Editor.dll
Symbol file LoadedFromMemory is not a mono symbol file
Symbol file data-0000018707FD8010 doesn't match image C:\Users\asdf\Desktop\unity\ReactiveTurnBase\My project A\Library\ScriptAssemblies\UniTask.Linq.dll
Symbol file LoadedFromMemory is not a mono symbol file
Symbol file data-0000018707712280 doesn't match image C:\Users\asdf\Desktop\unity\ReactiveTurnBase\My project A\Library\ScriptAssemblies\Unity.VisualScripting.Flow.dll
Symbol file LoadedFromMemory is not a mono symbol file
Symbol file data-00000187076E5020 doesn't match image C:\Users\asdf\Desktop\unity\ReactiveTurnBase\My project A\Library\ScriptAssemblies\Unity.VisualScripting.Flow.Editor.dll
Symbol file LoadedFromMemory is not a mono symbol file
Symbol file data-000001872B219030 doesn't match image C:\Users\asdf\Desktop\unity\ReactiveTurnBase\My project A\Library\ScriptAssemblies\Unity.Timeline.dll
Symbol file LoadedFromMemory is not a mono symbol file
Symbol file data-000001872A0BC420 doesn't match image C:\Users\asdf\Desktop\unity\ReactiveTurnBase\My project A\Library\ScriptAssemblies\Unity.InputSystem.dll
Symbol file LoadedFromMemory is not a mono symbol file
Symbol file data-000001872A3F85B0 doesn't match image C:\Users\asdf\Desktop\unity\ReactiveTurnBase\My project A\Library\ScriptAssemblies\Unity.InputSystem.ForUI.dll
Symbol file LoadedFromMemory is not a mono symbol file
Symbol file data-000001872ACC3010 doesn't match image C:\Users\asdf\Desktop\unity\ReactiveTurnBase\My project A\Library\ScriptAssemblies\Unity.TestTools.CodeCoverage.Editor.OpenCover.Mono.Reflection.dll
Symbol file LoadedFromMemory is not a mono symbol file
Symbol file data-000001872ACC3010 doesn't match image C:\Users\asdf\Desktop\unity\ReactiveTurnBase\My project A\Library\ScriptAssemblies\Unity.VisualScripting.SettingsProvider.Editor.dll
Symbol file LoadedFromMemory is not a mono symbol file
Symbol file data-0000018734EA5E90 doesn't match image C:\Users\asdf\Desktop\unity\ReactiveTurnBase\My project A\Library\ScriptAssemblies\Unity.Performance.Profile-Analyzer.Editor.dll
Symbol file LoadedFromMemory is not a mono symbol file
Symbol file data-000001873596C030 doesn't match image C:\Users\asdf\Desktop\unity\ReactiveTurnBase\My project A\Library\ScriptAssemblies\Unity.TestTools.CodeCoverage.Editor.dll
Symbol file LoadedFromMemory is not a mono symbol file
Symbol file data-0000018733BA8020 doesn't match image C:\Users\asdf\Desktop\unity\ReactiveTurnBase\My project A\Library\ScriptAssemblies\Unity.TestTools.CodeCoverage.Editor.OpenCover.Model.dll
Symbol file LoadedFromMemory is not a mono symbol file
Symbol file data-0000018733BA8020 doesn't match image C:\Users\asdf\Desktop\unity\ReactiveTurnBase\My project A\Library\ScriptAssemblies\Unity.VisualScripting.State.Editor.dll
Symbol file LoadedFromMemory is not a mono symbol file
Symbol file data-0000018733A3A020 doesn't match image C:\Users\asdf\Desktop\unity\ReactiveTurnBase\My project A\Library\ScriptAssemblies\Unity.Settings.Editor.dll
Symbol file LoadedFromMemory is not a mono symbol file
Symbol file data-0000018733BB3430 doesn't match image C:\Users\asdf\Desktop\unity\ReactiveTurnBase\My project A\Library\ScriptAssemblies\Unity.CollabProxy.Editor.dll
Symbol file LoadedFromMemory is not a mono symbol file
Symbol file data-00000187079F9190 doesn't match image C:\Users\asdf\Desktop\unity\ReactiveTurnBase\My project A\Library\ScriptAssemblies\Unity.TextMeshPro.dll
Symbol file LoadedFromMemory is not a mono symbol file
Symbol file data-000001872A028070 doesn't match image C:\Users\asdf\Desktop\unity\ReactiveTurnBase\My project A\Library\ScriptAssemblies\Unity.TextMeshPro.Editor.dll
Symbol file LoadedFromMemory is not a mono symbol file
Symbol file data-0000018733BCC050 doesn't match image C:\Users\asdf\Desktop\unity\ReactiveTurnBase\My project A\Library\ScriptAssemblies\UniTask.dll
Symbol file LoadedFromMemory is not a mono symbol file
Symbol file data-0000018733A42430 doesn't match image C:\Users\asdf\Desktop\unity\ReactiveTurnBase\My project A\Library\ScriptAssemblies\Unity.VisualScripting.State.dll
Symbol file LoadedFromMemory is not a mono symbol file
Symbol file data-0000018733A42430 doesn't match image C:\Users\asdf\Desktop\unity\ReactiveTurnBase\My project A\Library\ScriptAssemblies\Unity.VSCode.Editor.dll
Symbol file LoadedFromMemory is not a mono symbol file
- Loaded All Assemblies, in  0.427 seconds
Native extension for WindowsStandalone target not found
Native extension for Android target not found
Mono: successfully reloaded assembly
- Finished resetting the current domain, in  1.052 seconds
Domain Reload Profiling: 1477ms
	BeginReloadAssembly (133ms)
		ExecutionOrderSort (0ms)
		DisableScriptedObjects (6ms)
		BackupInstance (0ms)
		ReleaseScriptingObjects (0ms)
		CreateAndSetChildDomain (30ms)
	RebuildCommonClasses (24ms)
	RebuildNativeTypeToScriptingClass (8ms)
	initialDomainReloadingComplete (31ms)
	LoadAllAssembliesAndSetupDomain (228ms)
		LoadAssemblies (281ms)
		RebuildTransferFunctionScriptingTraits (0ms)
		AnalyzeDomain (16ms)
			TypeCache.Refresh (6ms)
				TypeCache.ScanAssembly (0ms)
			ScanForSourceGeneratedMonoScriptInfo (0ms)
			ResolveRequiredComponents (8ms)
	FinalizeReload (1053ms)
		ReleaseScriptCaches (0ms)
		RebuildScriptCaches (0ms)
		SetupLoadedEditorAssemblies (596ms)
			LogAssemblyErrors (0ms)
			InitializePlatformSupportModulesInManaged (17ms)
			SetLoadedEditorAssemblies (4ms)
			RefreshPlugins (0ms)
			BeforeProcessingInitializeOnLoad (96ms)
			ProcessInitializeOnLoadAttributes (432ms)
			ProcessInitializeOnLoadMethodAttributes (39ms)
			AfterProcessingInitializeOnLoad (8ms)
			EditorAssembliesLoaded (0ms)
		ExecutionOrderSort2 (0ms)
		AwakeInstancesAfterBackupRestoration (7ms)
Refreshing native plugins compatible for Editor in 4.11 ms, found 3 plugins.
Preloading 0 native plugins for Editor in 0.00 ms.
Unloading 3939 Unused Serialized files (Serialized files now loaded: 0)
Unloading 22 unused Assets / (32.7 KB). Loaded Objects now: 4507.
Memory consumption went from 225.1 MB to 225.1 MB.
Total: 3.450600 ms (FindLiveObjects: 0.317600 ms CreateObjectMapping: 0.270200 ms MarkObjects: 2.813900 ms  DeleteObjects: 0.047600 ms)

Prepare: number of updated asset objects reloaded= 0
AssetImportParameters requested are different than current active one (requested -> active):
  custom:container-demuxer-ogg: 62fdf1f143b41e24485cea50d1cbac27 -> 
  custom:video-decoder-ogg-theora: a1e56fd34408186e4bbccfd4996cb3dc -> 
  custom:framework-win-MediaFoundation: 216162199b28c13a410421893ffa2e32 -> 
  custom:CustomObjectIndexerAttribute: 9a22284fe3817be447336de3de66b15e -> 
  custom:container-demuxer-webm: 4f35f7cbe854078d1ac9338744f61a02 -> 
  custom:container-muxer-webm: aa71ff27fc2769a1b78a27578f13a17b -> 
  custom:video-decoder-webm-vp8: 9c59270c3fd7afecdb556c50c9e8de78 -> 
  custom:SearchIndexIgnoredProperties: e643bd26f0fe6173181afceb89e7c659 -> 
  custom:AudioImporter_EditorPlatform: d09bf68614088b80899f8185d706f6e7 -> 
  custom:video-encoder-webm-vp8: eb34c28f22e8b96e1ab97ce403110664 -> 
  custom:audio-decoder-ogg-vorbis: bf7c407c2cedff20999df2af8eb42d56 -> 
  custom:audio-encoder-webm-vorbis: bf7c407c2cedff20999df2af8eb42d56 -> 
========================================================================
Received Prepare
Caller must complete domain reload
Begin MonoManager ReloadAssembly
Symbol file data-000001872B4218C0 doesn't match image C:\Users\asdf\Desktop\unity\ReactiveTurnBase\My project A\Library\ScriptAssemblies\Unity.EditorCoroutines.Editor.dll
Symbol file LoadedFromMemory is not a mono symbol file
Symbol file data-00000187353D8030 doesn't match image C:\Users\asdf\Desktop\unity\ReactiveTurnBase\My project A\Library\ScriptAssemblies\UniTask.TextMeshPro.dll
Symbol file LoadedFromMemory is not a mono symbol file
Symbol file data-0000018733A8C010 doesn't match image C:\Users\asdf\Desktop\unity\ReactiveTurnBase\My project A\Library\ScriptAssemblies\Unity.Timeline.Editor.dll
Symbol file LoadedFromMemory is not a mono symbol file
Symbol file data-00000187353D8030 doesn't match image C:\Users\asdf\Desktop\unity\ReactiveTurnBase\My project A\Library\ScriptAssemblies\Unity.VisualScripting.Shared.Editor.dll
Symbol file LoadedFromMemory is not a mono symbol file
Symbol file data-00000187353D8030 doesn't match image C:\Users\asdf\Desktop\unity\ReactiveTurnBase\My project A\Library\ScriptAssemblies\UniTask.DOTween.dll
Symbol file LoadedFromMemory is not a mono symbol file
Symbol file data-00000187353D8030 doesn't match image C:\Users\asdf\Desktop\unity\ReactiveTurnBase\My project A\Library\ScriptAssemblies\UniTask.Addressables.dll
Symbol file LoadedFromMemory is not a mono symbol file
Symbol file data-00000187351F0AA0 doesn't match image C:\Users\asdf\Desktop\unity\ReactiveTurnBase\My project A\Library\ScriptAssemblies\UnityEditor.UI.dll
Symbol file LoadedFromMemory is not a mono symbol file
Symbol file data-000001873452A040 doesn't match image C:\Users\asdf\Desktop\unity\ReactiveTurnBase\My project A\Library\ScriptAssemblies\Unity.VisualScripting.Core.dll
Symbol file LoadedFromMemory is not a mono symbol file
Symbol file data-0000018734496040 doesn't match image C:\Users\asdf\Desktop\unity\ReactiveTurnBase\My project A\Library\ScriptAssemblies\UnityEngine.UI.dll
Symbol file LoadedFromMemory is not a mono symbol file
Symbol file data-00000187078D1820 doesn't match image C:\Users\asdf\Desktop\unity\ReactiveTurnBase\My project A\Library\ScriptAssemblies\UniTask.Editor.dll
Symbol file LoadedFromMemory is not a mono symbol file
Symbol file data-0000018706951010 doesn't match image C:\Users\asdf\Desktop\unity\ReactiveTurnBase\My project A\Library\ScriptAssemblies\Unity.VisualScripting.Core.Editor.dll
Symbol file LoadedFromMemory is not a mono symbol file
Symbol file data-00000187347D6020 doesn't match image C:\Users\asdf\Desktop\unity\ReactiveTurnBase\My project A\Library\ScriptAssemblies\UniTask.Linq.dll
Symbol file LoadedFromMemory is not a mono symbol file
Symbol file data-0000018707D02D10 doesn't match image C:\Users\asdf\Desktop\unity\ReactiveTurnBase\My project A\Library\ScriptAssemblies\Unity.VisualScripting.Flow.dll
Symbol file LoadedFromMemory is not a mono symbol file
Symbol file data-000001872A3D9010 doesn't match image C:\Users\asdf\Desktop\unity\ReactiveTurnBase\My project A\Library\ScriptAssemblies\Unity.VisualScripting.Flow.Editor.dll
Symbol file LoadedFromMemory is not a mono symbol file
Symbol file data-000001872A24F010 doesn't match image C:\Users\asdf\Desktop\unity\ReactiveTurnBase\My project A\Library\ScriptAssemblies\Unity.Timeline.dll
Symbol file LoadedFromMemory is not a mono symbol file
Symbol file data-000001872A0BC420 doesn't match image C:\Users\asdf\Desktop\unity\ReactiveTurnBase\My project A\Library\ScriptAssemblies\Unity.InputSystem.dll
Symbol file LoadedFromMemory is not a mono symbol file
Symbol file data-0000018707D43C10 doesn't match image C:\Users\asdf\Desktop\unity\ReactiveTurnBase\My project A\Library\ScriptAssemblies\Unity.InputSystem.ForUI.dll
Symbol file LoadedFromMemory is not a mono symbol file
Symbol file data-00000187078D1820 doesn't match image C:\Users\asdf\Desktop\unity\ReactiveTurnBase\My project A\Library\ScriptAssemblies\Unity.TestTools.CodeCoverage.Editor.OpenCover.Mono.Reflection.dll
Symbol file LoadedFromMemory is not a mono symbol file
Symbol file data-00000187078D1820 doesn't match image C:\Users\asdf\Desktop\unity\ReactiveTurnBase\My project A\Library\ScriptAssemblies\Unity.VisualScripting.SettingsProvider.Editor.dll
Symbol file LoadedFromMemory is not a mono symbol file
Symbol file data-0000018733F00020 doesn't match image C:\Users\asdf\Desktop\unity\ReactiveTurnBase\My project A\Library\ScriptAssemblies\Unity.Performance.Profile-Analyzer.Editor.dll
Symbol file LoadedFromMemory is not a mono symbol file
Symbol file data-000001873596C030 doesn't match image C:\Users\asdf\Desktop\unity\ReactiveTurnBase\My project A\Library\ScriptAssemblies\Unity.TestTools.CodeCoverage.Editor.dll
Symbol file LoadedFromMemory is not a mono symbol file
Symbol file data-0000018707A7E010 doesn't match image C:\Users\asdf\Desktop\unity\ReactiveTurnBase\My project A\Library\ScriptAssemblies\Unity.TestTools.CodeCoverage.Editor.OpenCover.Model.dll
Symbol file LoadedFromMemory is not a mono symbol file
Symbol file data-0000018707A7E010 doesn't match image C:\Users\asdf\Desktop\unity\ReactiveTurnBase\My project A\Library\ScriptAssemblies\Unity.VisualScripting.State.Editor.dll
Symbol file LoadedFromMemory is not a mono symbol file
Symbol file data-0000018734A44030 doesn't match image C:\Users\asdf\Desktop\unity\ReactiveTurnBase\My project A\Library\ScriptAssemblies\Unity.Settings.Editor.dll
Symbol file LoadedFromMemory is not a mono symbol file
Symbol file data-0000018707A89420 doesn't match image C:\Users\asdf\Desktop\unity\ReactiveTurnBase\My project A\Library\ScriptAssemblies\Unity.CollabProxy.Editor.dll
Symbol file LoadedFromMemory is not a mono symbol file
Symbol file data-0000018734BE4060 doesn't match image C:\Users\asdf\Desktop\unity\ReactiveTurnBase\My project A\Library\ScriptAssemblies\Unity.TextMeshPro.dll
Symbol file LoadedFromMemory is not a mono symbol file
Symbol file data-00000187347A7040 doesn't match image C:\Users\asdf\Desktop\unity\ReactiveTurnBase\My project A\Library\ScriptAssemblies\Unity.TextMeshPro.Editor.dll
Symbol file LoadedFromMemory is not a mono symbol file
Symbol file data-0000018707FD8010 doesn't match image C:\Users\asdf\Desktop\unity\ReactiveTurnBase\My project A\Library\ScriptAssemblies\UniTask.dll
Symbol file LoadedFromMemory is not a mono symbol file
Symbol file data-0000018734A4C440 doesn't match image C:\Users\asdf\Desktop\unity\ReactiveTurnBase\My project A\Library\ScriptAssemblies\Unity.VisualScripting.State.dll
Symbol file LoadedFromMemory is not a mono symbol file
Symbol file data-0000018734A4C440 doesn't match image C:\Users\asdf\Desktop\unity\ReactiveTurnBase\My project A\Library\ScriptAssemblies\Unity.VSCode.Editor.dll
Symbol file LoadedFromMemory is not a mono symbol file
- Loaded All Assemblies, in  0.429 seconds
Native extension for WindowsStandalone target not found
Native extension for Android target not found
Mono: successfully reloaded assembly
- Finished resetting the current domain, in  1.194 seconds
Domain Reload Profiling: 1621ms
	BeginReloadAssembly (134ms)
		ExecutionOrderSort (0ms)
		DisableScriptedObjects (6ms)
		BackupInstance (0ms)
		ReleaseScriptingObjects (0ms)
		CreateAndSetChildDomain (31ms)
	RebuildCommonClasses (28ms)
	RebuildNativeTypeToScriptingClass (8ms)
	initialDomainReloadingComplete (30ms)
	LoadAllAssembliesAndSetupDomain (226ms)
		LoadAssemblies (281ms)
		RebuildTransferFunctionScriptingTraits (0ms)
		AnalyzeDomain (13ms)
			TypeCache.Refresh (5ms)
				TypeCache.ScanAssembly (0ms)
			ScanForSourceGeneratedMonoScriptInfo (0ms)
			ResolveRequiredComponents (7ms)
	FinalizeReload (1195ms)
		ReleaseScriptCaches (0ms)
		RebuildScriptCaches (0ms)
		SetupLoadedEditorAssemblies (727ms)
			LogAssemblyErrors (0ms)
			InitializePlatformSupportModulesInManaged (20ms)
			SetLoadedEditorAssemblies (4ms)
			RefreshPlugins (0ms)
			BeforeProcessingInitializeOnLoad (112ms)
			ProcessInitializeOnLoadAttributes (532ms)
			ProcessInitializeOnLoadMethodAttributes (49ms)
			AfterProcessingInitializeOnLoad (9ms)
			EditorAssembliesLoaded (1ms)
		ExecutionOrderSort2 (0ms)
		AwakeInstancesAfterBackupRestoration (11ms)
Refreshing native plugins compatible for Editor in 5.28 ms, found 3 plugins.
Preloading 0 native plugins for Editor in 0.00 ms.
Unloading 3939 Unused Serialized files (Serialized files now loaded: 0)
Unloading 22 unused Assets / (32.7 KB). Loaded Objects now: 4510.
Memory consumption went from 225.1 MB to 225.1 MB.
Total: 5.519600 ms (FindLiveObjects: 0.288300 ms CreateObjectMapping: 0.272800 ms MarkObjects: 4.785100 ms  DeleteObjects: 0.171500 ms)

Prepare: number of updated asset objects reloaded= 0
AssetImportParameters requested are different than current active one (requested -> active):
  custom:container-demuxer-ogg: 62fdf1f143b41e24485cea50d1cbac27 -> 
  custom:video-decoder-ogg-theora: a1e56fd34408186e4bbccfd4996cb3dc -> 
  custom:framework-win-MediaFoundation: 216162199b28c13a410421893ffa2e32 -> 
  custom:CustomObjectIndexerAttribute: 9a22284fe3817be447336de3de66b15e -> 
  custom:container-demuxer-webm: 4f35f7cbe854078d1ac9338744f61a02 -> 
  custom:container-muxer-webm: aa71ff27fc2769a1b78a27578f13a17b -> 
  custom:video-decoder-webm-vp8: 9c59270c3fd7afecdb556c50c9e8de78 -> 
  custom:SearchIndexIgnoredProperties: e643bd26f0fe6173181afceb89e7c659 -> 
  custom:AudioImporter_EditorPlatform: d09bf68614088b80899f8185d706f6e7 -> 
  custom:video-encoder-webm-vp8: eb34c28f22e8b96e1ab97ce403110664 -> 
  custom:audio-decoder-ogg-vorbis: bf7c407c2cedff20999df2af8eb42d56 -> 
  custom:audio-encoder-webm-vorbis: bf7c407c2cedff20999df2af8eb42d56 -> 
========================================================================
Received Import Request.
  Time since last request: 1475.706691 seconds.
  path: Assets/2.Model/Prefabs/HPbar.prefab
  artifactKey: Guid(c536210fe7e9dbd4f9efa92643b9ae13) Importer(815301076,1909f56bfc062723c751e8b465ee728b)
Start importing Assets/2.Model/Prefabs/HPbar.prefab using Guid(c536210fe7e9dbd4f9efa92643b9ae13) Importer(815301076,1909f56bfc062723c751e8b465ee728b) [PhysX] Initialized MultithreadedTaskDispatcher with 12 workers.
 -> (artifact id: 'ffb6d487073e6773d90a053d4d2cd955') in 0.024959 seconds
Number of updated asset objects reloaded before import = 0
Number of asset objects unloaded after import = 14
========================================================================
Received Prepare
Caller must complete domain reload
Begin MonoManager ReloadAssembly
Symbol file data-000001872B7E0020 doesn't match image C:\Users\asdf\Desktop\unity\ReactiveTurnBase\My project A\Library\ScriptAssemblies\Unity.EditorCoroutines.Editor.dll
Symbol file LoadedFromMemory is not a mono symbol file
Symbol file data-000001872B7E4660 doesn't match image C:\Users\asdf\Desktop\unity\ReactiveTurnBase\My project A\Library\ScriptAssemblies\UniTask.TextMeshPro.dll
Symbol file LoadedFromMemory is not a mono symbol file
Symbol file data-0000018733A8C010 doesn't match image C:\Users\asdf\Desktop\unity\ReactiveTurnBase\My project A\Library\ScriptAssemblies\Unity.Timeline.Editor.dll
Symbol file LoadedFromMemory is not a mono symbol file
Symbol file data-0000018733E12C20 doesn't match image C:\Users\asdf\Desktop\unity\ReactiveTurnBase\My project A\Library\ScriptAssemblies\Unity.VisualScripting.Shared.Editor.dll
Symbol file LoadedFromMemory is not a mono symbol file
Symbol file data-0000018733E12C20 doesn't match image C:\Users\asdf\Desktop\unity\ReactiveTurnBase\My project A\Library\ScriptAssemblies\UniTask.DOTween.dll
Symbol file LoadedFromMemory is not a mono symbol file
Symbol file data-0000018733E12C20 doesn't match image C:\Users\asdf\Desktop\unity\ReactiveTurnBase\My project A\Library\ScriptAssemblies\UniTask.Addressables.dll
Symbol file LoadedFromMemory is not a mono symbol file
Symbol file data-0000018734A44030 doesn't match image C:\Users\asdf\Desktop\unity\ReactiveTurnBase\My project A\Library\ScriptAssemblies\UnityEditor.UI.dll
Symbol file LoadedFromMemory is not a mono symbol file
Symbol file data-00000187351AA010 doesn't match image C:\Users\asdf\Desktop\unity\ReactiveTurnBase\My project A\Library\ScriptAssemblies\Unity.VisualScripting.Core.dll
Symbol file LoadedFromMemory is not a mono symbol file
Symbol file data-0000018734496040 doesn't match image C:\Users\asdf\Desktop\unity\ReactiveTurnBase\My project A\Library\ScriptAssemblies\UnityEngine.UI.dll
Symbol file LoadedFromMemory is not a mono symbol file
Symbol file data-00000187078CD010 doesn't match image C:\Users\asdf\Desktop\unity\ReactiveTurnBase\My project A\Library\ScriptAssemblies\UniTask.Editor.dll
Symbol file LoadedFromMemory is not a mono symbol file
Symbol file data-0000018706951010 doesn't match image C:\Users\asdf\Desktop\unity\ReactiveTurnBase\My project A\Library\ScriptAssemblies\Unity.VisualScripting.Core.Editor.dll
Symbol file LoadedFromMemory is not a mono symbol file
Symbol file data-0000018707FD8010 doesn't match image C:\Users\asdf\Desktop\unity\ReactiveTurnBase\My project A\Library\ScriptAssemblies\UniTask.Linq.dll
Symbol file LoadedFromMemory is not a mono symbol file
Symbol file data-0000018707BC1020 doesn't match image C:\Users\asdf\Desktop\unity\ReactiveTurnBase\My project A\Library\ScriptAssemblies\Unity.VisualScripting.Flow.dll
Symbol file LoadedFromMemory is not a mono symbol file
Symbol file data-000001872A1A1020 doesn't match image C:\Users\asdf\Desktop\unity\ReactiveTurnBase\My project A\Library\ScriptAssemblies\Unity.VisualScripting.Flow.Editor.dll
Symbol file LoadedFromMemory is not a mono symbol file
Symbol file data-0000018733F94030 doesn't match image C:\Users\asdf\Desktop\unity\ReactiveTurnBase\My project A\Library\ScriptAssemblies\Unity.Timeline.dll
Symbol file LoadedFromMemory is not a mono symbol file
Symbol file data-000001872A0BC420 doesn't match image C:\Users\asdf\Desktop\unity\ReactiveTurnBase\My project A\Library\ScriptAssemblies\Unity.InputSystem.dll
Symbol file LoadedFromMemory is not a mono symbol file
Symbol file data-0000018735F38010 doesn't match image C:\Users\asdf\Desktop\unity\ReactiveTurnBase\My project A\Library\ScriptAssemblies\Unity.InputSystem.ForUI.dll
Symbol file LoadedFromMemory is not a mono symbol file
Symbol file data-0000018735F38010 doesn't match image C:\Users\asdf\Desktop\unity\ReactiveTurnBase\My project A\Library\ScriptAssemblies\Unity.TestTools.CodeCoverage.Editor.OpenCover.Mono.Reflection.dll
Symbol file LoadedFromMemory is not a mono symbol file
Symbol file data-0000018735F3CA20 doesn't match image C:\Users\asdf\Desktop\unity\ReactiveTurnBase\My project A\Library\ScriptAssemblies\Unity.VisualScripting.SettingsProvider.Editor.dll
Symbol file LoadedFromMemory is not a mono symbol file
Symbol file data-00000187356E9010 doesn't match image C:\Users\asdf\Desktop\unity\ReactiveTurnBase\My project A\Library\ScriptAssemblies\Unity.Performance.Profile-Analyzer.Editor.dll
Symbol file LoadedFromMemory is not a mono symbol file
Symbol file data-000001873596C030 doesn't match image C:\Users\asdf\Desktop\unity\ReactiveTurnBase\My project A\Library\ScriptAssemblies\Unity.TestTools.CodeCoverage.Editor.dll
Symbol file LoadedFromMemory is not a mono symbol file
Symbol file data-0000018734A44030 doesn't match image C:\Users\asdf\Desktop\unity\ReactiveTurnBase\My project A\Library\ScriptAssemblies\Unity.TestTools.CodeCoverage.Editor.OpenCover.Model.dll
Symbol file LoadedFromMemory is not a mono symbol file
Symbol file data-0000018734A44030 doesn't match image C:\Users\asdf\Desktop\unity\ReactiveTurnBase\My project A\Library\ScriptAssemblies\Unity.VisualScripting.State.Editor.dll
Symbol file LoadedFromMemory is not a mono symbol file
Symbol file data-000001872B219030 doesn't match image C:\Users\asdf\Desktop\unity\ReactiveTurnBase\My project A\Library\ScriptAssemblies\Unity.Settings.Editor.dll
Symbol file LoadedFromMemory is not a mono symbol file
Symbol file data-0000018734A4F440 doesn't match image C:\Users\asdf\Desktop\unity\ReactiveTurnBase\My project A\Library\ScriptAssemblies\Unity.CollabProxy.Editor.dll
Symbol file LoadedFromMemory is not a mono symbol file
Symbol file data-00000187353A6010 doesn't match image C:\Users\asdf\Desktop\unity\ReactiveTurnBase\My project A\Library\ScriptAssemblies\Unity.TextMeshPro.dll
Symbol file LoadedFromMemory is not a mono symbol file
Symbol file data-0000018707676020 doesn't match image C:\Users\asdf\Desktop\unity\ReactiveTurnBase\My project A\Library\ScriptAssemblies\Unity.TextMeshPro.Editor.dll
Symbol file LoadedFromMemory is not a mono symbol file
Symbol file data-0000018733BCC050 doesn't match image C:\Users\asdf\Desktop\unity\ReactiveTurnBase\My project A\Library\ScriptAssemblies\UniTask.dll
Symbol file LoadedFromMemory is not a mono symbol file
Symbol file data-000001872B221440 doesn't match image C:\Users\asdf\Desktop\unity\ReactiveTurnBase\My project A\Library\ScriptAssemblies\Unity.VisualScripting.State.dll
Symbol file LoadedFromMemory is not a mono symbol file
Symbol file data-000001872B221440 doesn't match image C:\Users\asdf\Desktop\unity\ReactiveTurnBase\My project A\Library\ScriptAssemblies\Unity.VSCode.Editor.dll
Symbol file LoadedFromMemory is not a mono symbol file
- Loaded All Assemblies, in  0.434 seconds
Native extension for WindowsStandalone target not found
Native extension for Android target not found
Mono: successfully reloaded assembly
- Finished resetting the current domain, in  1.053 seconds
Domain Reload Profiling: 1485ms
	BeginReloadAssembly (138ms)
		ExecutionOrderSort (0ms)
		DisableScriptedObjects (6ms)
		BackupInstance (0ms)
		ReleaseScriptingObjects (0ms)
		CreateAndSetChildDomain (32ms)
	RebuildCommonClasses (26ms)
	RebuildNativeTypeToScriptingClass (8ms)
	initialDomainReloadingComplete (27ms)
	LoadAllAssembliesAndSetupDomain (233ms)
		LoadAssemblies (291ms)
		RebuildTransferFunctionScriptingTraits (0ms)
		AnalyzeDomain (13ms)
			TypeCache.Refresh (5ms)
				TypeCache.ScanAssembly (0ms)
			ScanForSourceGeneratedMonoScriptInfo (0ms)
			ResolveRequiredComponents (7ms)
	FinalizeReload (1054ms)
		ReleaseScriptCaches (0ms)
		RebuildScriptCaches (0ms)
		SetupLoadedEditorAssemblies (594ms)
			LogAssemblyErrors (0ms)
			InitializePlatformSupportModulesInManaged (16ms)
			SetLoadedEditorAssemblies (4ms)
			RefreshPlugins (0ms)
			BeforeProcessingInitializeOnLoad (92ms)
			ProcessInitializeOnLoadAttributes (435ms)
			ProcessInitializeOnLoadMethodAttributes (39ms)
			AfterProcessingInitializeOnLoad (8ms)
			EditorAssembliesLoaded (0ms)
		ExecutionOrderSort2 (0ms)
		AwakeInstancesAfterBackupRestoration (8ms)
Refreshing native plugins compatible for Editor in 4.41 ms, found 3 plugins.
Preloading 0 native plugins for Editor in 0.00 ms.
Unloading 3938 Unused Serialized files (Serialized files now loaded: 0)
Unloading 22 unused Assets / (32.7 KB). Loaded Objects now: 4513.
Memory consumption went from 224.9 MB to 224.9 MB.
Total: 4.829900 ms (FindLiveObjects: 0.750900 ms CreateObjectMapping: 0.444400 ms MarkObjects: 3.584200 ms  DeleteObjects: 0.048400 ms)

Prepare: number of updated asset objects reloaded= 0
AssetImportParameters requested are different than current active one (requested -> active):
  custom:container-demuxer-ogg: 62fdf1f143b41e24485cea50d1cbac27 -> 
  custom:video-decoder-ogg-theora: a1e56fd34408186e4bbccfd4996cb3dc -> 
  custom:framework-win-MediaFoundation: 216162199b28c13a410421893ffa2e32 -> 
  custom:CustomObjectIndexerAttribute: 9a22284fe3817be447336de3de66b15e -> 
  custom:container-demuxer-webm: 4f35f7cbe854078d1ac9338744f61a02 -> 
  custom:container-muxer-webm: aa71ff27fc2769a1b78a27578f13a17b -> 
  custom:video-decoder-webm-vp8: 9c59270c3fd7afecdb556c50c9e8de78 -> 
  custom:SearchIndexIgnoredProperties: e643bd26f0fe6173181afceb89e7c659 -> 
  custom:AudioImporter_EditorPlatform: d09bf68614088b80899f8185d706f6e7 -> 
  custom:video-encoder-webm-vp8: eb34c28f22e8b96e1ab97ce403110664 -> 
  custom:audio-decoder-ogg-vorbis: bf7c407c2cedff20999df2af8eb42d56 -> 
  custom:audio-encoder-webm-vorbis: bf7c407c2cedff20999df2af8eb42d56 -> 
