Using pre-set license
Built from '2022.3/staging' branch; Version is '2022.3.62f1 (4af31df58517) revision 4911901'; Using compiler version '192829333'; Build Type 'Release'
OS: 'Windows 10  (10.0.19045) 64bit Professional' Language: 'ko' Physical Memory: 15761 MB
BatchMode: 1, IsHumanControllingUs: 0, StartBugReporterOnCrash: 0, Is64bit: 1, IsPro: 1

COMMAND LINE ARGUMENTS:
C:\Program Files\Unity\Hub\Editor\2022.3.62f1\Editor\Unity.exe
-adb2
-batchMode
-noUpm
-name
AssetImportWorker0
-projectPath
C:/Users/asdf/Desktop/unity/ReactiveTurnBase/My project A
-logFile
Logs/AssetImportWorker0.log
-srvPort
64300
Successfully changed project path to: C:/Users/asdf/Desktop/unity/ReactiveTurnBase/My project A
C:/Users/asdf/Desktop/unity/ReactiveTurnBase/My project A
[UnityMemory] Configuration Parameters - Can be set up in boot.config
    "memorysetup-bucket-allocator-granularity=16"
    "memorysetup-bucket-allocator-bucket-count=8"
    "memorysetup-bucket-allocator-block-size=33554432"
    "memorysetup-bucket-allocator-block-count=8"
    "memorysetup-main-allocator-block-size=16777216"
    "memorysetup-thread-allocator-block-size=16777216"
    "memorysetup-gfx-main-allocator-block-size=16777216"
    "memorysetup-gfx-thread-allocator-block-size=16777216"
    "memorysetup-cache-allocator-block-size=4194304"
    "memorysetup-typetree-allocator-block-size=2097152"
    "memorysetup-profiler-bucket-allocator-granularity=16"
    "memorysetup-profiler-bucket-allocator-bucket-count=8"
    "memorysetup-profiler-bucket-allocator-block-size=33554432"
    "memorysetup-profiler-bucket-allocator-block-count=8"
    "memorysetup-profiler-allocator-block-size=16777216"
    "memorysetup-profiler-editor-allocator-block-size=1048576"
    "memorysetup-temp-allocator-size-main=16777216"
    "memorysetup-job-temp-allocator-block-size=2097152"
    "memorysetup-job-temp-allocator-block-size-background=1048576"
    "memorysetup-job-temp-allocator-reduction-small-platforms=262144"
    "memorysetup-allocator-temp-initial-block-size-main=262144"
    "memorysetup-allocator-temp-initial-block-size-worker=262144"
    "memorysetup-temp-allocator-size-background-worker=32768"
    "memorysetup-temp-allocator-size-job-worker=262144"
    "memorysetup-temp-allocator-size-preload-manager=33554432"
    "memorysetup-temp-allocator-size-nav-mesh-worker=65536"
    "memorysetup-temp-allocator-size-audio-worker=65536"
    "memorysetup-temp-allocator-size-cloud-worker=32768"
    "memorysetup-temp-allocator-size-gi-baking-worker=262144"
    "memorysetup-temp-allocator-size-gfx=262144"
Player connection [18304]  Target information:

Player connection [18304]  * "[IP] 172.30.1.88 [Port] 0 [Flags] 2 [Guid] 3311871786 [EditorId] 3311871786 [Version] 1048832 [Id] WindowsEditor(7,DESKTOP-FAF2NFQ) [Debug] 1 [PackageName] WindowsEditor [ProjectName] Editor" 

Player connection [18304] Host joined multi-casting on [225.0.0.222:54997]...
Player connection [18304] Host joined alternative multi-casting on [225.0.0.222:34997]...
Input System module state changed to: Initialized.
[PhysX] Initialized MultithreadedTaskDispatcher with 12 workers.
Refreshing native plugins compatible for Editor in 13.53 ms, found 3 plugins.
Preloading 0 native plugins for Editor in 0.00 ms.
Initialize engine version: 2022.3.62f1 (4af31df58517)
[Subsystems] Discovering subsystems at path C:/Program Files/Unity/Hub/Editor/2022.3.62f1/Editor/Data/Resources/UnitySubsystems
[Subsystems] Discovering subsystems at path C:/Users/asdf/Desktop/unity/ReactiveTurnBase/My project A/Assets
GfxDevice: creating device client; threaded=0; jobified=0
Direct3D:
    Version:  Direct3D 11.0 [level 11.1]
    Renderer: AMD Radeon(TM) Graphics (ID=0x1638)
    Vendor:   ATI
    VRAM:     7880 MB
    Driver:   31.0.21921.1000
Initialize mono
Mono path[0] = 'C:/Program Files/Unity/Hub/Editor/2022.3.62f1/Editor/Data/Managed'
Mono path[1] = 'C:/Program Files/Unity/Hub/Editor/2022.3.62f1/Editor/Data/MonoBleedingEdge/lib/mono/unityjit-win32'
Mono config path = 'C:/Program Files/Unity/Hub/Editor/2022.3.62f1/Editor/Data/MonoBleedingEdge/etc'
Using monoOptions --debugger-agent=transport=dt_socket,embedding=1,server=y,suspend=n,address=127.0.0.1:56596
Begin MonoManager ReloadAssembly
Registering precompiled unity dll's ...
Register platform support module: C:/Program Files/Unity/Hub/Editor/2022.3.62f1/Editor/Data/PlaybackEngines/AndroidPlayer/UnityEditor.Android.Extensions.dll
Register platform support module: C:/Program Files/Unity/Hub/Editor/2022.3.62f1/Editor/Data/PlaybackEngines/WindowsStandaloneSupport/UnityEditor.WindowsStandalone.Extensions.dll
Registered in 0.015729 seconds.
- Loaded All Assemblies, in  0.627 seconds
Native extension for WindowsStandalone target not found
Native extension for Android target not found
Android Extension - Scanning For ADB Devices 282 ms
Mono: successfully reloaded assembly
- Finished resetting the current domain, in  0.765 seconds
Domain Reload Profiling: 1390ms
	BeginReloadAssembly (239ms)
		ExecutionOrderSort (0ms)
		DisableScriptedObjects (0ms)
		BackupInstance (0ms)
		ReleaseScriptingObjects (0ms)
		CreateAndSetChildDomain (4ms)
	RebuildCommonClasses (58ms)
	RebuildNativeTypeToScriptingClass (15ms)
	initialDomainReloadingComplete (81ms)
	LoadAllAssembliesAndSetupDomain (231ms)
		LoadAssemblies (232ms)
		RebuildTransferFunctionScriptingTraits (0ms)
		AnalyzeDomain (228ms)
			TypeCache.Refresh (225ms)
				TypeCache.ScanAssembly (204ms)
			ScanForSourceGeneratedMonoScriptInfo (1ms)
			ResolveRequiredComponents (1ms)
	FinalizeReload (765ms)
		ReleaseScriptCaches (0ms)
		RebuildScriptCaches (0ms)
		SetupLoadedEditorAssemblies (710ms)
			LogAssemblyErrors (0ms)
			InitializePlatformSupportModulesInManaged (360ms)
			SetLoadedEditorAssemblies (14ms)
			RefreshPlugins (0ms)
			BeforeProcessingInitializeOnLoad (7ms)
			ProcessInitializeOnLoadAttributes (283ms)
			ProcessInitializeOnLoadMethodAttributes (46ms)
			AfterProcessingInitializeOnLoad (0ms)
			EditorAssembliesLoaded (0ms)
		ExecutionOrderSort2 (0ms)
		AwakeInstancesAfterBackupRestoration (0ms)
========================================================================
Worker process is ready to serve import requests
Caller must complete domain reload
Begin MonoManager ReloadAssembly
Symbol file data-00000161A1268010 doesn't match image C:\Users\asdf\Desktop\unity\ReactiveTurnBase\My project A\Library\ScriptAssemblies\Unity.EditorCoroutines.Editor.dll
Symbol file LoadedFromMemory is not a mono symbol file
Symbol file data-000001617F6EDAB0 doesn't match image C:\Users\asdf\Desktop\unity\ReactiveTurnBase\My project A\Library\ScriptAssemblies\UniTask.TextMeshPro.dll
Symbol file LoadedFromMemory is not a mono symbol file
Symbol file data-00000161A127F020 doesn't match image C:\Users\asdf\Desktop\unity\ReactiveTurnBase\My project A\Library\ScriptAssemblies\Unity.Timeline.Editor.dll
Symbol file LoadedFromMemory is not a mono symbol file
Symbol file data-000001617F6EDAB0 doesn't match image C:\Users\asdf\Desktop\unity\ReactiveTurnBase\My project A\Library\ScriptAssemblies\Unity.VisualScripting.Shared.Editor.dll
Symbol file LoadedFromMemory is not a mono symbol file
Symbol file data-00000161A1268010 doesn't match image C:\Users\asdf\Desktop\unity\ReactiveTurnBase\My project A\Library\ScriptAssemblies\UniTask.DOTween.dll
Symbol file LoadedFromMemory is not a mono symbol file
Symbol file data-00000161A1268010 doesn't match image C:\Users\asdf\Desktop\unity\ReactiveTurnBase\My project A\Library\ScriptAssemblies\UniTask.Addressables.dll
Symbol file LoadedFromMemory is not a mono symbol file
Symbol file data-00000161A134E020 doesn't match image C:\Users\asdf\Desktop\unity\ReactiveTurnBase\My project A\Library\ScriptAssemblies\UnityEditor.UI.dll
Symbol file LoadedFromMemory is not a mono symbol file
Symbol file data-00000161A16B1020 doesn't match image C:\Users\asdf\Desktop\unity\ReactiveTurnBase\My project A\Library\ScriptAssemblies\Unity.VisualScripting.Core.dll
Symbol file LoadedFromMemory is not a mono symbol file
Symbol file data-000001617F867240 doesn't match image C:\Users\asdf\Desktop\unity\ReactiveTurnBase\My project A\Library\ScriptAssemblies\UnityEngine.UI.dll
Symbol file LoadedFromMemory is not a mono symbol file
Symbol file data-000001617F6EDAB0 doesn't match image C:\Users\asdf\Desktop\unity\ReactiveTurnBase\My project A\Library\ScriptAssemblies\UniTask.Editor.dll
Symbol file LoadedFromMemory is not a mono symbol file
Symbol file data-00000161A127F020 doesn't match image C:\Users\asdf\Desktop\unity\ReactiveTurnBase\My project A\Library\ScriptAssemblies\Unity.VisualScripting.Core.Editor.dll
Symbol file LoadedFromMemory is not a mono symbol file
Symbol file data-000001617F867240 doesn't match image C:\Users\asdf\Desktop\unity\ReactiveTurnBase\My project A\Library\ScriptAssemblies\UniTask.Linq.dll
Symbol file LoadedFromMemory is not a mono symbol file
Symbol file data-00000161A16B1020 doesn't match image C:\Users\asdf\Desktop\unity\ReactiveTurnBase\My project A\Library\ScriptAssemblies\Unity.VisualScripting.Flow.dll
Symbol file LoadedFromMemory is not a mono symbol file
Symbol file data-00000161A16B1020 doesn't match image C:\Users\asdf\Desktop\unity\ReactiveTurnBase\My project A\Library\ScriptAssemblies\Unity.VisualScripting.Flow.Editor.dll
Symbol file LoadedFromMemory is not a mono symbol file
Symbol file data-00000161A1F2E020 doesn't match image C:\Users\asdf\Desktop\unity\ReactiveTurnBase\My project A\Library\ScriptAssemblies\Unity.Timeline.dll
Symbol file LoadedFromMemory is not a mono symbol file
Symbol file data-00000161A34AFEE0 doesn't match image C:\Users\asdf\Desktop\unity\ReactiveTurnBase\My project A\Library\ScriptAssemblies\Unity.InputSystem.dll
Symbol file LoadedFromMemory is not a mono symbol file
Symbol file data-000001617F6EDAB0 doesn't match image C:\Users\asdf\Desktop\unity\ReactiveTurnBase\My project A\Library\ScriptAssemblies\Unity.InputSystem.ForUI.dll
Symbol file LoadedFromMemory is not a mono symbol file
Symbol file data-000001617F6EDAB0 doesn't match image C:\Users\asdf\Desktop\unity\ReactiveTurnBase\My project A\Library\ScriptAssemblies\Unity.TestTools.CodeCoverage.Editor.OpenCover.Mono.Reflection.dll
Symbol file LoadedFromMemory is not a mono symbol file
Symbol file data-00000161A1C04FE0 doesn't match image C:\Users\asdf\Desktop\unity\ReactiveTurnBase\My project A\Library\ScriptAssemblies\Unity.VisualScripting.SettingsProvider.Editor.dll
Symbol file LoadedFromMemory is not a mono symbol file
Symbol file data-00000161A1F75230 doesn't match image C:\Users\asdf\Desktop\unity\ReactiveTurnBase\My project A\Library\ScriptAssemblies\Unity.Performance.Profile-Analyzer.Editor.dll
Symbol file LoadedFromMemory is not a mono symbol file
Symbol file data-00000161A1869020 doesn't match image C:\Users\asdf\Desktop\unity\ReactiveTurnBase\My project A\Library\ScriptAssemblies\Unity.TestTools.CodeCoverage.Editor.dll
Symbol file LoadedFromMemory is not a mono symbol file
Symbol file data-00000161A12E8230 doesn't match image C:\Users\asdf\Desktop\unity\ReactiveTurnBase\My project A\Library\ScriptAssemblies\Unity.TestTools.CodeCoverage.Editor.OpenCover.Model.dll
Symbol file LoadedFromMemory is not a mono symbol file
Symbol file data-00000161A1F98240 doesn't match image C:\Users\asdf\Desktop\unity\ReactiveTurnBase\My project A\Library\ScriptAssemblies\Unity.VisualScripting.State.Editor.dll
Symbol file LoadedFromMemory is not a mono symbol file
Symbol file data-000001617FAE7730 doesn't match image C:\Users\asdf\Desktop\unity\ReactiveTurnBase\My project A\Library\ScriptAssemblies\Unity.Settings.Editor.dll
Symbol file LoadedFromMemory is not a mono symbol file
Symbol file data-00000161A1FA3650 doesn't match image C:\Users\asdf\Desktop\unity\ReactiveTurnBase\My project A\Library\ScriptAssemblies\Unity.CollabProxy.Editor.dll
Symbol file LoadedFromMemory is not a mono symbol file
Symbol file data-00000161A1985C10 doesn't match image C:\Users\asdf\Desktop\unity\ReactiveTurnBase\My project A\Library\ScriptAssemblies\Unity.TextMeshPro.dll
Symbol file LoadedFromMemory is not a mono symbol file
Symbol file data-00000161A1E48830 doesn't match image C:\Users\asdf\Desktop\unity\ReactiveTurnBase\My project A\Library\ScriptAssemblies\Unity.TextMeshPro.Editor.dll
Symbol file LoadedFromMemory is not a mono symbol file
Symbol file data-00000161A1507020 doesn't match image C:\Users\asdf\Desktop\unity\ReactiveTurnBase\My project A\Library\ScriptAssemblies\UniTask.dll
Symbol file LoadedFromMemory is not a mono symbol file
Symbol file data-000001617F8AE760 doesn't match image C:\Users\asdf\Desktop\unity\ReactiveTurnBase\My project A\Library\ScriptAssemblies\Unity.VisualScripting.State.dll
Symbol file LoadedFromMemory is not a mono symbol file
Symbol file data-000001617F8AE760 doesn't match image C:\Users\asdf\Desktop\unity\ReactiveTurnBase\My project A\Library\ScriptAssemblies\Unity.VSCode.Editor.dll
Symbol file LoadedFromMemory is not a mono symbol file
- Loaded All Assemblies, in  2.254 seconds
Native extension for WindowsStandalone target not found
Native extension for Android target not found
Mono: successfully reloaded assembly
- Finished resetting the current domain, in  1.813 seconds
Domain Reload Profiling: 4061ms
	BeginReloadAssembly (303ms)
		ExecutionOrderSort (0ms)
		DisableScriptedObjects (8ms)
		BackupInstance (0ms)
		ReleaseScriptingObjects (0ms)
		CreateAndSetChildDomain (115ms)
	RebuildCommonClasses (658ms)
	RebuildNativeTypeToScriptingClass (47ms)
	initialDomainReloadingComplete (212ms)
	LoadAllAssembliesAndSetupDomain (1028ms)
		LoadAssemblies (778ms)
		RebuildTransferFunctionScriptingTraits (0ms)
		AnalyzeDomain (365ms)
			TypeCache.Refresh (324ms)
				TypeCache.ScanAssembly (302ms)
			ScanForSourceGeneratedMonoScriptInfo (29ms)
			ResolveRequiredComponents (10ms)
	FinalizeReload (1814ms)
		ReleaseScriptCaches (0ms)
		RebuildScriptCaches (0ms)
		SetupLoadedEditorAssemblies (1383ms)
			LogAssemblyErrors (0ms)
			InitializePlatformSupportModulesInManaged (41ms)
			SetLoadedEditorAssemblies (12ms)
			RefreshPlugins (0ms)
			BeforeProcessingInitializeOnLoad (233ms)
			ProcessInitializeOnLoadAttributes (1028ms)
			ProcessInitializeOnLoadMethodAttributes (55ms)
			AfterProcessingInitializeOnLoad (14ms)
			EditorAssembliesLoaded (0ms)
		ExecutionOrderSort2 (0ms)
		AwakeInstancesAfterBackupRestoration (10ms)
Launched and connected shader compiler UnityShaderCompiler.exe after 0.13 seconds
Refreshing native plugins compatible for Editor in 12.08 ms, found 3 plugins.
Preloading 0 native plugins for Editor in 0.00 ms.
Unloading 3959 Unused Serialized files (Serialized files now loaded: 0)
Unloading 33 unused Assets / (58.9 KB). Loaded Objects now: 4446.
Memory consumption went from 224.4 MB to 224.3 MB.
Total: 5.602300 ms (FindLiveObjects: 1.082700 ms CreateObjectMapping: 0.368500 ms MarkObjects: 4.016100 ms  DeleteObjects: 0.133500 ms)

AssetImportParameters requested are different than current active one (requested -> active):
  custom:container-demuxer-ogg: 62fdf1f143b41e24485cea50d1cbac27 -> 
  custom:video-decoder-ogg-theora: a1e56fd34408186e4bbccfd4996cb3dc -> 
  custom:framework-win-MediaFoundation: 216162199b28c13a410421893ffa2e32 -> 
  custom:CustomObjectIndexerAttribute: 9a22284fe3817be447336de3de66b15e -> 
  custom:container-demuxer-webm: 4f35f7cbe854078d1ac9338744f61a02 -> 
  custom:container-muxer-webm: aa71ff27fc2769a1b78a27578f13a17b -> 
  custom:video-decoder-webm-vp8: 9c59270c3fd7afecdb556c50c9e8de78 -> 
  custom:SearchIndexIgnoredProperties: e643bd26f0fe6173181afceb89e7c659 -> 
  custom:AudioImporter_EditorPlatform: d09bf68614088b80899f8185d706f6e7 -> 
  custom:video-encoder-webm-vp8: eb34c28f22e8b96e1ab97ce403110664 -> 
  custom:audio-decoder-ogg-vorbis: bf7c407c2cedff20999df2af8eb42d56 -> 
  custom:audio-encoder-webm-vorbis: bf7c407c2cedff20999df2af8eb42d56 -> 
========================================================================
Received Import Request.
  Time since last request: 1243828.578020 seconds.
  path: Assets/3.Script/Units/Unit.cs
  artifactKey: Guid(a5c4310177efced46b1969b13da2ffcf) Importer(815301076,1909f56bfc062723c751e8b465ee728b)
Start importing Assets/3.Script/Units/Unit.cs using Guid(a5c4310177efced46b1969b13da2ffcf) Importer(815301076,1909f56bfc062723c751e8b465ee728b) [PhysX] Initialized MultithreadedTaskDispatcher with 12 workers.
 -> (artifact id: 'afd1c0635f215dbca4157720faa956b9') in 0.002203 seconds
Number of updated asset objects reloaded before import = 0
Number of asset objects unloaded after import = 0
========================================================================
Received Prepare
Caller must complete domain reload
Begin MonoManager ReloadAssembly
Symbol file data-00000161A2BDC270 doesn't match image C:\Users\asdf\Desktop\unity\ReactiveTurnBase\My project A\Library\ScriptAssemblies\Unity.EditorCoroutines.Editor.dll
Symbol file LoadedFromMemory is not a mono symbol file
Symbol file data-00000161A31CB040 doesn't match image C:\Users\asdf\Desktop\unity\ReactiveTurnBase\My project A\Library\ScriptAssemblies\UniTask.TextMeshPro.dll
Symbol file LoadedFromMemory is not a mono symbol file
Symbol file data-00000161AB9F8040 doesn't match image C:\Users\asdf\Desktop\unity\ReactiveTurnBase\My project A\Library\ScriptAssemblies\Unity.Timeline.Editor.dll
Symbol file LoadedFromMemory is not a mono symbol file
Symbol file data-00000161A31CB040 doesn't match image C:\Users\asdf\Desktop\unity\ReactiveTurnBase\My project A\Library\ScriptAssemblies\Unity.VisualScripting.Shared.Editor.dll
Symbol file LoadedFromMemory is not a mono symbol file
Symbol file data-00000161A31CB040 doesn't match image C:\Users\asdf\Desktop\unity\ReactiveTurnBase\My project A\Library\ScriptAssemblies\UniTask.DOTween.dll
Symbol file LoadedFromMemory is not a mono symbol file
Symbol file data-00000161A31CB040 doesn't match image C:\Users\asdf\Desktop\unity\ReactiveTurnBase\My project A\Library\ScriptAssemblies\UniTask.Addressables.dll
Symbol file LoadedFromMemory is not a mono symbol file
Symbol file data-00000161ACC2C020 doesn't match image C:\Users\asdf\Desktop\unity\ReactiveTurnBase\My project A\Library\ScriptAssemblies\UnityEditor.UI.dll
Symbol file LoadedFromMemory is not a mono symbol file
Symbol file data-00000161ACA40030 doesn't match image C:\Users\asdf\Desktop\unity\ReactiveTurnBase\My project A\Library\ScriptAssemblies\Unity.VisualScripting.Core.dll
Symbol file LoadedFromMemory is not a mono symbol file
Symbol file data-00000161ADE0DE20 doesn't match image C:\Users\asdf\Desktop\unity\ReactiveTurnBase\My project A\Library\ScriptAssemblies\UnityEngine.UI.dll
Symbol file LoadedFromMemory is not a mono symbol file
Symbol file data-000001617FD0D450 doesn't match image C:\Users\asdf\Desktop\unity\ReactiveTurnBase\My project A\Library\ScriptAssemblies\UniTask.Editor.dll
Symbol file LoadedFromMemory is not a mono symbol file
Symbol file data-00000161A1CBA010 doesn't match image C:\Users\asdf\Desktop\unity\ReactiveTurnBase\My project A\Library\ScriptAssemblies\Unity.VisualScripting.Core.Editor.dll
Symbol file LoadedFromMemory is not a mono symbol file
Symbol file data-00000161A1335010 doesn't match image C:\Users\asdf\Desktop\unity\ReactiveTurnBase\My project A\Library\ScriptAssemblies\UniTask.Linq.dll
Symbol file LoadedFromMemory is not a mono symbol file
Symbol file data-00000161ADE0DE20 doesn't match image C:\Users\asdf\Desktop\unity\ReactiveTurnBase\My project A\Library\ScriptAssemblies\Unity.VisualScripting.Flow.dll
Symbol file LoadedFromMemory is not a mono symbol file
Symbol file data-00000161A2E0EE00 doesn't match image C:\Users\asdf\Desktop\unity\ReactiveTurnBase\My project A\Library\ScriptAssemblies\Unity.VisualScripting.Flow.Editor.dll
Symbol file LoadedFromMemory is not a mono symbol file
Symbol file data-00000161A2C7B5B0 doesn't match image C:\Users\asdf\Desktop\unity\ReactiveTurnBase\My project A\Library\ScriptAssemblies\Unity.Timeline.dll
Symbol file LoadedFromMemory is not a mono symbol file
Symbol file data-00000161AC03E030 doesn't match image C:\Users\asdf\Desktop\unity\ReactiveTurnBase\My project A\Library\ScriptAssemblies\Unity.InputSystem.dll
Symbol file LoadedFromMemory is not a mono symbol file
Symbol file data-00000161AB6A2C20 doesn't match image C:\Users\asdf\Desktop\unity\ReactiveTurnBase\My project A\Library\ScriptAssemblies\Unity.InputSystem.ForUI.dll
Symbol file LoadedFromMemory is not a mono symbol file
Symbol file data-00000161A1859A30 doesn't match image C:\Users\asdf\Desktop\unity\ReactiveTurnBase\My project A\Library\ScriptAssemblies\Unity.TestTools.CodeCoverage.Editor.OpenCover.Mono.Reflection.dll
Symbol file LoadedFromMemory is not a mono symbol file
Symbol file data-00000161A1859A30 doesn't match image C:\Users\asdf\Desktop\unity\ReactiveTurnBase\My project A\Library\ScriptAssemblies\Unity.VisualScripting.SettingsProvider.Editor.dll
Symbol file LoadedFromMemory is not a mono symbol file
Symbol file data-00000161A1949010 doesn't match image C:\Users\asdf\Desktop\unity\ReactiveTurnBase\My project A\Library\ScriptAssemblies\Unity.Performance.Profile-Analyzer.Editor.dll
Symbol file LoadedFromMemory is not a mono symbol file
Symbol file data-00000161ACA9C030 doesn't match image C:\Users\asdf\Desktop\unity\ReactiveTurnBase\My project A\Library\ScriptAssemblies\Unity.TestTools.CodeCoverage.Editor.dll
Symbol file LoadedFromMemory is not a mono symbol file
Symbol file data-00000161A196C020 doesn't match image C:\Users\asdf\Desktop\unity\ReactiveTurnBase\My project A\Library\ScriptAssemblies\Unity.TestTools.CodeCoverage.Editor.OpenCover.Model.dll
Symbol file LoadedFromMemory is not a mono symbol file
Symbol file data-000001617FD2BCF0 doesn't match image C:\Users\asdf\Desktop\unity\ReactiveTurnBase\My project A\Library\ScriptAssemblies\Unity.VisualScripting.State.Editor.dll
Symbol file LoadedFromMemory is not a mono symbol file
Symbol file data-000001617FAE7730 doesn't match image C:\Users\asdf\Desktop\unity\ReactiveTurnBase\My project A\Library\ScriptAssemblies\Unity.Settings.Editor.dll
Symbol file LoadedFromMemory is not a mono symbol file
Symbol file data-00000161A2C94FC0 doesn't match image C:\Users\asdf\Desktop\unity\ReactiveTurnBase\My project A\Library\ScriptAssemblies\Unity.CollabProxy.Editor.dll
Symbol file LoadedFromMemory is not a mono symbol file
Symbol file data-00000161A33F0020 doesn't match image C:\Users\asdf\Desktop\unity\ReactiveTurnBase\My project A\Library\ScriptAssemblies\Unity.TextMeshPro.dll
Symbol file LoadedFromMemory is not a mono symbol file
Symbol file data-00000161A2DA7010 doesn't match image C:\Users\asdf\Desktop\unity\ReactiveTurnBase\My project A\Library\ScriptAssemblies\Unity.TextMeshPro.Editor.dll
Symbol file LoadedFromMemory is not a mono symbol file
Symbol file data-000001617F705010 doesn't match image C:\Users\asdf\Desktop\unity\ReactiveTurnBase\My project A\Library\ScriptAssemblies\UniTask.dll
Symbol file LoadedFromMemory is not a mono symbol file
Symbol file data-00000161A196C020 doesn't match image C:\Users\asdf\Desktop\unity\ReactiveTurnBase\My project A\Library\ScriptAssemblies\Unity.VisualScripting.State.dll
Symbol file LoadedFromMemory is not a mono symbol file
Symbol file data-00000161A196C020 doesn't match image C:\Users\asdf\Desktop\unity\ReactiveTurnBase\My project A\Library\ScriptAssemblies\Unity.VSCode.Editor.dll
Symbol file LoadedFromMemory is not a mono symbol file
- Loaded All Assemblies, in  0.545 seconds
Native extension for WindowsStandalone target not found
Native extension for Android target not found
Mono: successfully reloaded assembly
- Finished resetting the current domain, in  1.640 seconds
Domain Reload Profiling: 2182ms
	BeginReloadAssembly (151ms)
		ExecutionOrderSort (0ms)
		DisableScriptedObjects (6ms)
		BackupInstance (0ms)
		ReleaseScriptingObjects (0ms)
		CreateAndSetChildDomain (36ms)
	RebuildCommonClasses (35ms)
	RebuildNativeTypeToScriptingClass (10ms)
	initialDomainReloadingComplete (31ms)
	LoadAllAssembliesAndSetupDomain (316ms)
		LoadAssemblies (366ms)
		RebuildTransferFunctionScriptingTraits (0ms)
		AnalyzeDomain (30ms)
			TypeCache.Refresh (10ms)
				TypeCache.ScanAssembly (2ms)
			ScanForSourceGeneratedMonoScriptInfo (11ms)
			ResolveRequiredComponents (7ms)
	FinalizeReload (1640ms)
		ReleaseScriptCaches (0ms)
		RebuildScriptCaches (0ms)
		SetupLoadedEditorAssemblies (480ms)
			LogAssemblyErrors (0ms)
			InitializePlatformSupportModulesInManaged (17ms)
			SetLoadedEditorAssemblies (4ms)
			RefreshPlugins (0ms)
			BeforeProcessingInitializeOnLoad (86ms)
			ProcessInitializeOnLoadAttributes (338ms)
			ProcessInitializeOnLoadMethodAttributes (28ms)
			AfterProcessingInitializeOnLoad (6ms)
			EditorAssembliesLoaded (0ms)
		ExecutionOrderSort2 (0ms)
		AwakeInstancesAfterBackupRestoration (6ms)
Refreshing native plugins compatible for Editor in 4.88 ms, found 3 plugins.
Preloading 0 native plugins for Editor in 0.00 ms.
Unloading 3938 Unused Serialized files (Serialized files now loaded: 0)
Unloading 22 unused Assets / (32.7 KB). Loaded Objects now: 4449.
Memory consumption went from 219.9 MB to 219.9 MB.
Total: 3.080500 ms (FindLiveObjects: 0.247000 ms CreateObjectMapping: 0.192000 ms MarkObjects: 2.589300 ms  DeleteObjects: 0.051300 ms)

Prepare: number of updated asset objects reloaded= 0
AssetImportParameters requested are different than current active one (requested -> active):
  custom:container-demuxer-ogg: 62fdf1f143b41e24485cea50d1cbac27 -> 
  custom:video-decoder-ogg-theora: a1e56fd34408186e4bbccfd4996cb3dc -> 
  custom:framework-win-MediaFoundation: 216162199b28c13a410421893ffa2e32 -> 
  custom:CustomObjectIndexerAttribute: 9a22284fe3817be447336de3de66b15e -> 
  custom:container-demuxer-webm: 4f35f7cbe854078d1ac9338744f61a02 -> 
  custom:container-muxer-webm: aa71ff27fc2769a1b78a27578f13a17b -> 
  custom:video-decoder-webm-vp8: 9c59270c3fd7afecdb556c50c9e8de78 -> 
  custom:SearchIndexIgnoredProperties: e643bd26f0fe6173181afceb89e7c659 -> 
  custom:AudioImporter_EditorPlatform: d09bf68614088b80899f8185d706f6e7 -> 
  custom:video-encoder-webm-vp8: eb34c28f22e8b96e1ab97ce403110664 -> 
  custom:audio-decoder-ogg-vorbis: bf7c407c2cedff20999df2af8eb42d56 -> 
  custom:audio-encoder-webm-vorbis: bf7c407c2cedff20999df2af8eb42d56 -> 
  custom:scripting/precompiled-assembly-types:Assembly-CSharp: 44cc48aa689c455f880183ab722f6cf6 -> 1476765af81e86739e20042d8f5f0532
========================================================================
Received Import Request.
  Time since last request: 132.301274 seconds.
  path: Assets/3.Script/DataDTO/SkillData.cs
  artifactKey: Guid(453bc610fb00c5a42a614c3d2c188058) Importer(815301076,1909f56bfc062723c751e8b465ee728b)
Start importing Assets/3.Script/DataDTO/SkillData.cs using Guid(453bc610fb00c5a42a614c3d2c188058) Importer(815301076,1909f56bfc062723c751e8b465ee728b) [PhysX] Initialized MultithreadedTaskDispatcher with 12 workers.
 -> (artifact id: '3247bafb778eac1b8ff0c1af63d140c3') in 0.001873 seconds
Number of updated asset objects reloaded before import = 0
Number of asset objects unloaded after import = 0
========================================================================
Received Import Request.
  Time since last request: 14.035099 seconds.
  path: Assets/3.Script/DataDTO/UnitStat.cs
  artifactKey: Guid(915a100421abadb4f9244ccd3b91bde7) Importer(815301076,1909f56bfc062723c751e8b465ee728b)
Start importing Assets/3.Script/DataDTO/UnitStat.cs using Guid(915a100421abadb4f9244ccd3b91bde7) Importer(815301076,1909f56bfc062723c751e8b465ee728b) [PhysX] Initialized MultithreadedTaskDispatcher with 12 workers.
 -> (artifact id: '2635fd5bf785f264bf1f3e2cad846384') in 0.000410 seconds
Number of updated asset objects reloaded before import = 0
Number of asset objects unloaded after import = 0
========================================================================
Received Prepare
Caller must complete domain reload
Begin MonoManager ReloadAssembly
Symbol file data-00000161AB992030 doesn't match image C:\Users\asdf\Desktop\unity\ReactiveTurnBase\My project A\Library\ScriptAssemblies\Unity.EditorCoroutines.Editor.dll
Symbol file LoadedFromMemory is not a mono symbol file
Symbol file data-00000161A2BDC270 doesn't match image C:\Users\asdf\Desktop\unity\ReactiveTurnBase\My project A\Library\ScriptAssemblies\UniTask.TextMeshPro.dll
Symbol file LoadedFromMemory is not a mono symbol file
Symbol file data-00000161AB9F8040 doesn't match image C:\Users\asdf\Desktop\unity\ReactiveTurnBase\My project A\Library\ScriptAssemblies\Unity.Timeline.Editor.dll
Symbol file LoadedFromMemory is not a mono symbol file
Symbol file data-00000161ACE6BB50 doesn't match image C:\Users\asdf\Desktop\unity\ReactiveTurnBase\My project A\Library\ScriptAssemblies\Unity.VisualScripting.Shared.Editor.dll
Symbol file LoadedFromMemory is not a mono symbol file
Symbol file data-00000161A2BDFA80 doesn't match image C:\Users\asdf\Desktop\unity\ReactiveTurnBase\My project A\Library\ScriptAssemblies\UniTask.DOTween.dll
Symbol file LoadedFromMemory is not a mono symbol file
Symbol file data-00000161A2BDFA80 doesn't match image C:\Users\asdf\Desktop\unity\ReactiveTurnBase\My project A\Library\ScriptAssemblies\UniTask.Addressables.dll
Symbol file LoadedFromMemory is not a mono symbol file
Symbol file data-00000161ADD581C0 doesn't match image C:\Users\asdf\Desktop\unity\ReactiveTurnBase\My project A\Library\ScriptAssemblies\UnityEditor.UI.dll
Symbol file LoadedFromMemory is not a mono symbol file
Symbol file data-00000161A2781020 doesn't match image C:\Users\asdf\Desktop\unity\ReactiveTurnBase\My project A\Library\ScriptAssemblies\Unity.VisualScripting.Core.dll
Symbol file LoadedFromMemory is not a mono symbol file
Symbol file data-00000161AB424020 doesn't match image C:\Users\asdf\Desktop\unity\ReactiveTurnBase\My project A\Library\ScriptAssemblies\UnityEngine.UI.dll
Symbol file LoadedFromMemory is not a mono symbol file
Symbol file data-00000161AD984010 doesn't match image C:\Users\asdf\Desktop\unity\ReactiveTurnBase\My project A\Library\ScriptAssemblies\UniTask.Editor.dll
Symbol file LoadedFromMemory is not a mono symbol file
Symbol file data-00000161A1CBA010 doesn't match image C:\Users\asdf\Desktop\unity\ReactiveTurnBase\My project A\Library\ScriptAssemblies\Unity.VisualScripting.Core.Editor.dll
Symbol file LoadedFromMemory is not a mono symbol file
Symbol file data-00000161A1BC1020 doesn't match image C:\Users\asdf\Desktop\unity\ReactiveTurnBase\My project A\Library\ScriptAssemblies\UniTask.Linq.dll
Symbol file LoadedFromMemory is not a mono symbol file
Symbol file data-000001617F42B290 doesn't match image C:\Users\asdf\Desktop\unity\ReactiveTurnBase\My project A\Library\ScriptAssemblies\Unity.VisualScripting.Flow.dll
Symbol file LoadedFromMemory is not a mono symbol file
Symbol file data-000001617F7FA010 doesn't match image C:\Users\asdf\Desktop\unity\ReactiveTurnBase\My project A\Library\ScriptAssemblies\Unity.VisualScripting.Flow.Editor.dll
Symbol file LoadedFromMemory is not a mono symbol file
Symbol file data-00000161AC470020 doesn't match image C:\Users\asdf\Desktop\unity\ReactiveTurnBase\My project A\Library\ScriptAssemblies\Unity.Timeline.dll
Symbol file LoadedFromMemory is not a mono symbol file
Symbol file data-00000161AC03E030 doesn't match image C:\Users\asdf\Desktop\unity\ReactiveTurnBase\My project A\Library\ScriptAssemblies\Unity.InputSystem.dll
Symbol file LoadedFromMemory is not a mono symbol file
Symbol file data-00000161A1859A30 doesn't match image C:\Users\asdf\Desktop\unity\ReactiveTurnBase\My project A\Library\ScriptAssemblies\Unity.InputSystem.ForUI.dll
Symbol file LoadedFromMemory is not a mono symbol file
Symbol file data-00000161A1859A30 doesn't match image C:\Users\asdf\Desktop\unity\ReactiveTurnBase\My project A\Library\ScriptAssemblies\Unity.TestTools.CodeCoverage.Editor.OpenCover.Mono.Reflection.dll
Symbol file LoadedFromMemory is not a mono symbol file
Symbol file data-00000161AC58A010 doesn't match image C:\Users\asdf\Desktop\unity\ReactiveTurnBase\My project A\Library\ScriptAssemblies\Unity.VisualScripting.SettingsProvider.Editor.dll
Symbol file LoadedFromMemory is not a mono symbol file
Symbol file data-00000161A2E0EE00 doesn't match image C:\Users\asdf\Desktop\unity\ReactiveTurnBase\My project A\Library\ScriptAssemblies\Unity.Performance.Profile-Analyzer.Editor.dll
Symbol file LoadedFromMemory is not a mono symbol file
Symbol file data-00000161ABFDA030 doesn't match image C:\Users\asdf\Desktop\unity\ReactiveTurnBase\My project A\Library\ScriptAssemblies\Unity.TestTools.CodeCoverage.Editor.dll
Symbol file LoadedFromMemory is not a mono symbol file
Symbol file data-00000161AC58A010 doesn't match image C:\Users\asdf\Desktop\unity\ReactiveTurnBase\My project A\Library\ScriptAssemblies\Unity.TestTools.CodeCoverage.Editor.OpenCover.Model.dll
Symbol file LoadedFromMemory is not a mono symbol file
Symbol file data-00000161AC58A010 doesn't match image C:\Users\asdf\Desktop\unity\ReactiveTurnBase\My project A\Library\ScriptAssemblies\Unity.VisualScripting.State.Editor.dll
Symbol file LoadedFromMemory is not a mono symbol file
Symbol file data-00000161A196C620 doesn't match image C:\Users\asdf\Desktop\unity\ReactiveTurnBase\My project A\Library\ScriptAssemblies\Unity.Settings.Editor.dll
Symbol file LoadedFromMemory is not a mono symbol file
Symbol file data-00000161AC595420 doesn't match image C:\Users\asdf\Desktop\unity\ReactiveTurnBase\My project A\Library\ScriptAssemblies\Unity.CollabProxy.Editor.dll
Symbol file LoadedFromMemory is not a mono symbol file
Symbol file data-00000161A33F0020 doesn't match image C:\Users\asdf\Desktop\unity\ReactiveTurnBase\My project A\Library\ScriptAssemblies\Unity.TextMeshPro.dll
Symbol file LoadedFromMemory is not a mono symbol file
Symbol file data-000001617FB17E60 doesn't match image C:\Users\asdf\Desktop\unity\ReactiveTurnBase\My project A\Library\ScriptAssemblies\Unity.TextMeshPro.Editor.dll
Symbol file LoadedFromMemory is not a mono symbol file
Symbol file data-00000161A1335010 doesn't match image C:\Users\asdf\Desktop\unity\ReactiveTurnBase\My project A\Library\ScriptAssemblies\UniTask.dll
Symbol file LoadedFromMemory is not a mono symbol file
Symbol file data-000001617FAE7730 doesn't match image C:\Users\asdf\Desktop\unity\ReactiveTurnBase\My project A\Library\ScriptAssemblies\Unity.VisualScripting.State.dll
Symbol file LoadedFromMemory is not a mono symbol file
Symbol file data-000001617FAE7730 doesn't match image C:\Users\asdf\Desktop\unity\ReactiveTurnBase\My project A\Library\ScriptAssemblies\Unity.VSCode.Editor.dll
Symbol file LoadedFromMemory is not a mono symbol file
- Loaded All Assemblies, in  0.521 seconds
Native extension for WindowsStandalone target not found
Native extension for Android target not found
Mono: successfully reloaded assembly
- Finished resetting the current domain, in  1.012 seconds
Domain Reload Profiling: 1530ms
	BeginReloadAssembly (151ms)
		ExecutionOrderSort (0ms)
		DisableScriptedObjects (6ms)
		BackupInstance (0ms)
		ReleaseScriptingObjects (0ms)
		CreateAndSetChildDomain (30ms)
	RebuildCommonClasses (43ms)
	RebuildNativeTypeToScriptingClass (15ms)
	initialDomainReloadingComplete (31ms)
	LoadAllAssembliesAndSetupDomain (277ms)
		LoadAssemblies (336ms)
		RebuildTransferFunctionScriptingTraits (0ms)
		AnalyzeDomain (28ms)
			TypeCache.Refresh (10ms)
				TypeCache.ScanAssembly (3ms)
			ScanForSourceGeneratedMonoScriptInfo (11ms)
			ResolveRequiredComponents (6ms)
	FinalizeReload (1012ms)
		ReleaseScriptCaches (0ms)
		RebuildScriptCaches (0ms)
		SetupLoadedEditorAssemblies (545ms)
			LogAssemblyErrors (0ms)
			InitializePlatformSupportModulesInManaged (16ms)
			SetLoadedEditorAssemblies (4ms)
			RefreshPlugins (0ms)
			BeforeProcessingInitializeOnLoad (87ms)
			ProcessInitializeOnLoadAttributes (402ms)
			ProcessInitializeOnLoadMethodAttributes (30ms)
			AfterProcessingInitializeOnLoad (6ms)
			EditorAssembliesLoaded (0ms)
		ExecutionOrderSort2 (0ms)
		AwakeInstancesAfterBackupRestoration (5ms)
Refreshing native plugins compatible for Editor in 3.71 ms, found 3 plugins.
Preloading 0 native plugins for Editor in 0.00 ms.
Unloading 3938 Unused Serialized files (Serialized files now loaded: 0)
Unloading 22 unused Assets / (32.6 KB). Loaded Objects now: 4452.
Memory consumption went from 219.9 MB to 219.9 MB.
Total: 3.104400 ms (FindLiveObjects: 0.239100 ms CreateObjectMapping: 0.189900 ms MarkObjects: 2.628900 ms  DeleteObjects: 0.045600 ms)

Prepare: number of updated asset objects reloaded= 0
AssetImportParameters requested are different than current active one (requested -> active):
  custom:container-demuxer-ogg: 62fdf1f143b41e24485cea50d1cbac27 -> 
  custom:video-decoder-ogg-theora: a1e56fd34408186e4bbccfd4996cb3dc -> 
  custom:framework-win-MediaFoundation: 216162199b28c13a410421893ffa2e32 -> 
  custom:CustomObjectIndexerAttribute: 9a22284fe3817be447336de3de66b15e -> 
  custom:container-demuxer-webm: 4f35f7cbe854078d1ac9338744f61a02 -> 
  custom:container-muxer-webm: aa71ff27fc2769a1b78a27578f13a17b -> 
  custom:video-decoder-webm-vp8: 9c59270c3fd7afecdb556c50c9e8de78 -> 
  custom:SearchIndexIgnoredProperties: e643bd26f0fe6173181afceb89e7c659 -> 
  custom:AudioImporter_EditorPlatform: d09bf68614088b80899f8185d706f6e7 -> 
  custom:video-encoder-webm-vp8: eb34c28f22e8b96e1ab97ce403110664 -> 
  custom:audio-decoder-ogg-vorbis: bf7c407c2cedff20999df2af8eb42d56 -> 
  custom:audio-encoder-webm-vorbis: bf7c407c2cedff20999df2af8eb42d56 -> 
  custom:scripting/precompiled-assembly-types:Assembly-CSharp: 44cc48aa689c455f880183ab722f6cf6 -> 1476765af81e86739e20042d8f5f0532
========================================================================
Received Import Request.
  Time since last request: 17.480373 seconds.
  path: Assets/3.Script/Units/Unit.cs
  artifactKey: Guid(a5c4310177efced46b1969b13da2ffcf) Importer(815301076,1909f56bfc062723c751e8b465ee728b)
Start importing Assets/3.Script/Units/Unit.cs using Guid(a5c4310177efced46b1969b13da2ffcf) Importer(815301076,1909f56bfc062723c751e8b465ee728b) [PhysX] Initialized MultithreadedTaskDispatcher with 12 workers.
 -> (artifact id: 'f2cb9aa10c45f072c80c26a021708419') in 0.001564 seconds
Number of updated asset objects reloaded before import = 0
Number of asset objects unloaded after import = 0
========================================================================
Received Prepare
Caller must complete domain reload
Begin MonoManager ReloadAssembly
Symbol file data-00000161AC3A3360 doesn't match image C:\Users\asdf\Desktop\unity\ReactiveTurnBase\My project A\Library\ScriptAssemblies\Unity.EditorCoroutines.Editor.dll
Symbol file LoadedFromMemory is not a mono symbol file
Symbol file data-00000161A31CE850 doesn't match image C:\Users\asdf\Desktop\unity\ReactiveTurnBase\My project A\Library\ScriptAssemblies\UniTask.TextMeshPro.dll
Symbol file LoadedFromMemory is not a mono symbol file
Symbol file data-00000161A127F020 doesn't match image C:\Users\asdf\Desktop\unity\ReactiveTurnBase\My project A\Library\ScriptAssemblies\Unity.Timeline.Editor.dll
Symbol file LoadedFromMemory is not a mono symbol file
Symbol file data-00000161AC58A010 doesn't match image C:\Users\asdf\Desktop\unity\ReactiveTurnBase\My project A\Library\ScriptAssemblies\Unity.VisualScripting.Shared.Editor.dll
Symbol file LoadedFromMemory is not a mono symbol file
Symbol file data-00000161AC58A010 doesn't match image C:\Users\asdf\Desktop\unity\ReactiveTurnBase\My project A\Library\ScriptAssemblies\UniTask.DOTween.dll
Symbol file LoadedFromMemory is not a mono symbol file
Symbol file data-00000161AC58A010 doesn't match image C:\Users\asdf\Desktop\unity\ReactiveTurnBase\My project A\Library\ScriptAssemblies\UniTask.Addressables.dll
Symbol file LoadedFromMemory is not a mono symbol file
Symbol file data-000001613D85F8A0 doesn't match image C:\Users\asdf\Desktop\unity\ReactiveTurnBase\My project A\Library\ScriptAssemblies\UnityEditor.UI.dll
Symbol file LoadedFromMemory is not a mono symbol file
Symbol file data-00000161A2781020 doesn't match image C:\Users\asdf\Desktop\unity\ReactiveTurnBase\My project A\Library\ScriptAssemblies\Unity.VisualScripting.Core.dll
Symbol file LoadedFromMemory is not a mono symbol file
Symbol file data-00000161AB424020 doesn't match image C:\Users\asdf\Desktop\unity\ReactiveTurnBase\My project A\Library\ScriptAssemblies\UnityEngine.UI.dll
Symbol file LoadedFromMemory is not a mono symbol file
Symbol file data-000001617FD30500 doesn't match image C:\Users\asdf\Desktop\unity\ReactiveTurnBase\My project A\Library\ScriptAssemblies\UniTask.Editor.dll
Symbol file LoadedFromMemory is not a mono symbol file
Symbol file data-00000161A1CBA010 doesn't match image C:\Users\asdf\Desktop\unity\ReactiveTurnBase\My project A\Library\ScriptAssemblies\Unity.VisualScripting.Core.Editor.dll
Symbol file LoadedFromMemory is not a mono symbol file
Symbol file data-00000161A1BC1020 doesn't match image C:\Users\asdf\Desktop\unity\ReactiveTurnBase\My project A\Library\ScriptAssemblies\UniTask.Linq.dll
Symbol file LoadedFromMemory is not a mono symbol file
Symbol file data-000001617F42B290 doesn't match image C:\Users\asdf\Desktop\unity\ReactiveTurnBase\My project A\Library\ScriptAssemblies\Unity.VisualScripting.Flow.dll
Symbol file LoadedFromMemory is not a mono symbol file
Symbol file data-00000161ACB8A060 doesn't match image C:\Users\asdf\Desktop\unity\ReactiveTurnBase\My project A\Library\ScriptAssemblies\Unity.VisualScripting.Flow.Editor.dll
Symbol file LoadedFromMemory is not a mono symbol file
Symbol file data-00000161ABF06030 doesn't match image C:\Users\asdf\Desktop\unity\ReactiveTurnBase\My project A\Library\ScriptAssemblies\Unity.Timeline.dll
Symbol file LoadedFromMemory is not a mono symbol file
Symbol file data-00000161AC03E030 doesn't match image C:\Users\asdf\Desktop\unity\ReactiveTurnBase\My project A\Library\ScriptAssemblies\Unity.InputSystem.dll
Symbol file LoadedFromMemory is not a mono symbol file
Symbol file data-00000161AD8D1CD0 doesn't match image C:\Users\asdf\Desktop\unity\ReactiveTurnBase\My project A\Library\ScriptAssemblies\Unity.InputSystem.ForUI.dll
Symbol file LoadedFromMemory is not a mono symbol file
Symbol file data-00000161A1859A30 doesn't match image C:\Users\asdf\Desktop\unity\ReactiveTurnBase\My project A\Library\ScriptAssemblies\Unity.TestTools.CodeCoverage.Editor.OpenCover.Mono.Reflection.dll
Symbol file LoadedFromMemory is not a mono symbol file
Symbol file data-00000161A1859A30 doesn't match image C:\Users\asdf\Desktop\unity\ReactiveTurnBase\My project A\Library\ScriptAssemblies\Unity.VisualScripting.SettingsProvider.Editor.dll
Symbol file LoadedFromMemory is not a mono symbol file
Symbol file data-000001617FD5B030 doesn't match image C:\Users\asdf\Desktop\unity\ReactiveTurnBase\My project A\Library\ScriptAssemblies\Unity.Performance.Profile-Analyzer.Editor.dll
Symbol file LoadedFromMemory is not a mono symbol file
Symbol file data-00000161ACC08050 doesn't match image C:\Users\asdf\Desktop\unity\ReactiveTurnBase\My project A\Library\ScriptAssemblies\Unity.TestTools.CodeCoverage.Editor.dll
Symbol file LoadedFromMemory is not a mono symbol file
Symbol file data-00000161ACA72020 doesn't match image C:\Users\asdf\Desktop\unity\ReactiveTurnBase\My project A\Library\ScriptAssemblies\Unity.TestTools.CodeCoverage.Editor.OpenCover.Model.dll
Symbol file LoadedFromMemory is not a mono symbol file
Symbol file data-00000161ACA72020 doesn't match image C:\Users\asdf\Desktop\unity\ReactiveTurnBase\My project A\Library\ScriptAssemblies\Unity.VisualScripting.State.Editor.dll
Symbol file LoadedFromMemory is not a mono symbol file
Symbol file data-000001617FAE7730 doesn't match image C:\Users\asdf\Desktop\unity\ReactiveTurnBase\My project A\Library\ScriptAssemblies\Unity.Settings.Editor.dll
Symbol file LoadedFromMemory is not a mono symbol file
Symbol file data-00000161ACA7D430 doesn't match image C:\Users\asdf\Desktop\unity\ReactiveTurnBase\My project A\Library\ScriptAssemblies\Unity.CollabProxy.Editor.dll
Symbol file LoadedFromMemory is not a mono symbol file
Symbol file data-00000161AB956010 doesn't match image C:\Users\asdf\Desktop\unity\ReactiveTurnBase\My project A\Library\ScriptAssemblies\Unity.TextMeshPro.dll
Symbol file LoadedFromMemory is not a mono symbol file
Symbol file data-00000161A302B020 doesn't match image C:\Users\asdf\Desktop\unity\ReactiveTurnBase\My project A\Library\ScriptAssemblies\Unity.TextMeshPro.Editor.dll
Symbol file LoadedFromMemory is not a mono symbol file
Symbol file data-00000161AD0FD020 doesn't match image C:\Users\asdf\Desktop\unity\ReactiveTurnBase\My project A\Library\ScriptAssemblies\UniTask.dll
Symbol file LoadedFromMemory is not a mono symbol file
Symbol file data-00000161ACADE060 doesn't match image C:\Users\asdf\Desktop\unity\ReactiveTurnBase\My project A\Library\ScriptAssemblies\Unity.VisualScripting.State.dll
Symbol file LoadedFromMemory is not a mono symbol file
Symbol file data-00000161AC12C030 doesn't match image C:\Users\asdf\Desktop\unity\ReactiveTurnBase\My project A\Library\ScriptAssemblies\Unity.VSCode.Editor.dll
Symbol file LoadedFromMemory is not a mono symbol file
- Loaded All Assemblies, in  0.491 seconds
Native extension for WindowsStandalone target not found
Native extension for Android target not found
Mono: successfully reloaded assembly
- Finished resetting the current domain, in  0.923 seconds
Domain Reload Profiling: 1410ms
	BeginReloadAssembly (145ms)
		ExecutionOrderSort (0ms)
		DisableScriptedObjects (6ms)
		BackupInstance (0ms)
		ReleaseScriptingObjects (0ms)
		CreateAndSetChildDomain (31ms)
	RebuildCommonClasses (42ms)
	RebuildNativeTypeToScriptingClass (8ms)
	initialDomainReloadingComplete (31ms)
	LoadAllAssembliesAndSetupDomain (262ms)
		LoadAssemblies (307ms)
		RebuildTransferFunctionScriptingTraits (0ms)
		AnalyzeDomain (34ms)
			TypeCache.Refresh (14ms)
				TypeCache.ScanAssembly (2ms)
			ScanForSourceGeneratedMonoScriptInfo (13ms)
			ResolveRequiredComponents (6ms)
	FinalizeReload (923ms)
		ReleaseScriptCaches (0ms)
		RebuildScriptCaches (0ms)
		SetupLoadedEditorAssemblies (477ms)
			LogAssemblyErrors (0ms)
			InitializePlatformSupportModulesInManaged (16ms)
			SetLoadedEditorAssemblies (4ms)
			RefreshPlugins (0ms)
			BeforeProcessingInitializeOnLoad (85ms)
			ProcessInitializeOnLoadAttributes (337ms)
			ProcessInitializeOnLoadMethodAttributes (29ms)
			AfterProcessingInitializeOnLoad (6ms)
			EditorAssembliesLoaded (0ms)
		ExecutionOrderSort2 (0ms)
		AwakeInstancesAfterBackupRestoration (6ms)
Refreshing native plugins compatible for Editor in 4.02 ms, found 3 plugins.
Preloading 0 native plugins for Editor in 0.00 ms.
Unloading 3938 Unused Serialized files (Serialized files now loaded: 0)
Unloading 22 unused Assets / (32.6 KB). Loaded Objects now: 4455.
Memory consumption went from 219.9 MB to 219.9 MB.
Total: 3.049300 ms (FindLiveObjects: 0.264800 ms CreateObjectMapping: 0.191000 ms MarkObjects: 2.541300 ms  DeleteObjects: 0.051500 ms)

Prepare: number of updated asset objects reloaded= 0
AssetImportParameters requested are different than current active one (requested -> active):
  custom:container-demuxer-ogg: 62fdf1f143b41e24485cea50d1cbac27 -> 
  custom:video-decoder-ogg-theora: a1e56fd34408186e4bbccfd4996cb3dc -> 
  custom:framework-win-MediaFoundation: 216162199b28c13a410421893ffa2e32 -> 
  custom:CustomObjectIndexerAttribute: 9a22284fe3817be447336de3de66b15e -> 
  custom:container-demuxer-webm: 4f35f7cbe854078d1ac9338744f61a02 -> 
  custom:container-muxer-webm: aa71ff27fc2769a1b78a27578f13a17b -> 
  custom:video-decoder-webm-vp8: 9c59270c3fd7afecdb556c50c9e8de78 -> 
  custom:SearchIndexIgnoredProperties: e643bd26f0fe6173181afceb89e7c659 -> 
  custom:AudioImporter_EditorPlatform: d09bf68614088b80899f8185d706f6e7 -> 
  custom:video-encoder-webm-vp8: eb34c28f22e8b96e1ab97ce403110664 -> 
  custom:audio-decoder-ogg-vorbis: bf7c407c2cedff20999df2af8eb42d56 -> 
  custom:audio-encoder-webm-vorbis: bf7c407c2cedff20999df2af8eb42d56 -> 
  custom:scripting/precompiled-assembly-types:Assembly-CSharp: 44cc48aa689c455f880183ab722f6cf6 -> 1476765af81e86739e20042d8f5f0532
========================================================================
Received Import Request.
  Time since last request: 143.035413 seconds.
  path: Assets/3.Script/DataDTO/DataManager.cs
  artifactKey: Guid(4e00ba05f1313ee458e6d905ce944180) Importer(815301076,1909f56bfc062723c751e8b465ee728b)
Start importing Assets/3.Script/DataDTO/DataManager.cs using Guid(4e00ba05f1313ee458e6d905ce944180) Importer(815301076,1909f56bfc062723c751e8b465ee728b) [PhysX] Initialized MultithreadedTaskDispatcher with 12 workers.
 -> (artifact id: '666c4859f95815787be390a2ced80e9e') in 0.001554 seconds
Number of updated asset objects reloaded before import = 0
Number of asset objects unloaded after import = 0
========================================================================
Received Import Request.
  Time since last request: 9.011147 seconds.
  path: Assets/3.Script/DataDTO/DataManager.cs
  artifactKey: Guid(4e00ba05f1313ee458e6d905ce944180) Importer(815301076,1909f56bfc062723c751e8b465ee728b)
Start importing Assets/3.Script/DataDTO/DataManager.cs using Guid(4e00ba05f1313ee458e6d905ce944180) Importer(815301076,1909f56bfc062723c751e8b465ee728b) [PhysX] Initialized MultithreadedTaskDispatcher with 12 workers.
 -> (artifact id: '27b73f7595afc7daae8814c833ce1478') in 0.000476 seconds
Number of updated asset objects reloaded before import = 0
Number of asset objects unloaded after import = 0
========================================================================
Received Prepare
Caller must complete domain reload
Begin MonoManager ReloadAssembly
Symbol file data-00000161AD6A6040 doesn't match image C:\Users\asdf\Desktop\unity\ReactiveTurnBase\My project A\Library\ScriptAssemblies\Unity.EditorCoroutines.Editor.dll
Symbol file LoadedFromMemory is not a mono symbol file
Symbol file data-00000161AC89A020 doesn't match image C:\Users\asdf\Desktop\unity\ReactiveTurnBase\My project A\Library\ScriptAssemblies\UniTask.TextMeshPro.dll
Symbol file LoadedFromMemory is not a mono symbol file
Symbol file data-00000161A127F020 doesn't match image C:\Users\asdf\Desktop\unity\ReactiveTurnBase\My project A\Library\ScriptAssemblies\Unity.Timeline.Editor.dll
Symbol file LoadedFromMemory is not a mono symbol file
Symbol file data-00000161AC89A020 doesn't match image C:\Users\asdf\Desktop\unity\ReactiveTurnBase\My project A\Library\ScriptAssemblies\Unity.VisualScripting.Shared.Editor.dll
Symbol file LoadedFromMemory is not a mono symbol file
Symbol file data-00000161AC89A020 doesn't match image C:\Users\asdf\Desktop\unity\ReactiveTurnBase\My project A\Library\ScriptAssemblies\UniTask.DOTween.dll
Symbol file LoadedFromMemory is not a mono symbol file
Symbol file data-00000161AC89A020 doesn't match image C:\Users\asdf\Desktop\unity\ReactiveTurnBase\My project A\Library\ScriptAssemblies\UniTask.Addressables.dll
Symbol file LoadedFromMemory is not a mono symbol file
Symbol file data-00000161AC8CC010 doesn't match image C:\Users\asdf\Desktop\unity\ReactiveTurnBase\My project A\Library\ScriptAssemblies\UnityEditor.UI.dll
Symbol file LoadedFromMemory is not a mono symbol file
Symbol file data-00000161A2781020 doesn't match image C:\Users\asdf\Desktop\unity\ReactiveTurnBase\My project A\Library\ScriptAssemblies\Unity.VisualScripting.Core.dll
Symbol file LoadedFromMemory is not a mono symbol file
Symbol file data-00000161AB424020 doesn't match image C:\Users\asdf\Desktop\unity\ReactiveTurnBase\My project A\Library\ScriptAssemblies\UnityEngine.UI.dll
Symbol file LoadedFromMemory is not a mono symbol file
Symbol file data-00000161A2BDC270 doesn't match image C:\Users\asdf\Desktop\unity\ReactiveTurnBase\My project A\Library\ScriptAssemblies\UniTask.Editor.dll
Symbol file LoadedFromMemory is not a mono symbol file
Symbol file data-00000161A1CBA010 doesn't match image C:\Users\asdf\Desktop\unity\ReactiveTurnBase\My project A\Library\ScriptAssemblies\Unity.VisualScripting.Core.Editor.dll
Symbol file LoadedFromMemory is not a mono symbol file
Symbol file data-00000161A1BC1020 doesn't match image C:\Users\asdf\Desktop\unity\ReactiveTurnBase\My project A\Library\ScriptAssemblies\UniTask.Linq.dll
Symbol file LoadedFromMemory is not a mono symbol file
Symbol file data-00000161AB956010 doesn't match image C:\Users\asdf\Desktop\unity\ReactiveTurnBase\My project A\Library\ScriptAssemblies\Unity.VisualScripting.Flow.dll
Symbol file LoadedFromMemory is not a mono symbol file
Symbol file data-00000161ACB8A060 doesn't match image C:\Users\asdf\Desktop\unity\ReactiveTurnBase\My project A\Library\ScriptAssemblies\Unity.VisualScripting.Flow.Editor.dll
Symbol file LoadedFromMemory is not a mono symbol file
Symbol file data-00000161AB65E010 doesn't match image C:\Users\asdf\Desktop\unity\ReactiveTurnBase\My project A\Library\ScriptAssemblies\Unity.Timeline.dll
Symbol file LoadedFromMemory is not a mono symbol file
Symbol file data-00000161AC03E030 doesn't match image C:\Users\asdf\Desktop\unity\ReactiveTurnBase\My project A\Library\ScriptAssemblies\Unity.InputSystem.dll
Symbol file LoadedFromMemory is not a mono symbol file
Symbol file data-00000161A1859A30 doesn't match image C:\Users\asdf\Desktop\unity\ReactiveTurnBase\My project A\Library\ScriptAssemblies\Unity.InputSystem.ForUI.dll
Symbol file LoadedFromMemory is not a mono symbol file
Symbol file data-00000161A1859A30 doesn't match image C:\Users\asdf\Desktop\unity\ReactiveTurnBase\My project A\Library\ScriptAssemblies\Unity.TestTools.CodeCoverage.Editor.OpenCover.Mono.Reflection.dll
Symbol file LoadedFromMemory is not a mono symbol file
Symbol file data-00000161A2004020 doesn't match image C:\Users\asdf\Desktop\unity\ReactiveTurnBase\My project A\Library\ScriptAssemblies\Unity.VisualScripting.SettingsProvider.Editor.dll
Symbol file LoadedFromMemory is not a mono symbol file
Symbol file data-000001617FD5B030 doesn't match image C:\Users\asdf\Desktop\unity\ReactiveTurnBase\My project A\Library\ScriptAssemblies\Unity.Performance.Profile-Analyzer.Editor.dll
Symbol file LoadedFromMemory is not a mono symbol file
Symbol file data-00000161ACC08050 doesn't match image C:\Users\asdf\Desktop\unity\ReactiveTurnBase\My project A\Library\ScriptAssemblies\Unity.TestTools.CodeCoverage.Editor.dll
Symbol file LoadedFromMemory is not a mono symbol file
Symbol file data-00000161A1D23220 doesn't match image C:\Users\asdf\Desktop\unity\ReactiveTurnBase\My project A\Library\ScriptAssemblies\Unity.TestTools.CodeCoverage.Editor.OpenCover.Model.dll
Symbol file LoadedFromMemory is not a mono symbol file
Symbol file data-00000161AC8CC010 doesn't match image C:\Users\asdf\Desktop\unity\ReactiveTurnBase\My project A\Library\ScriptAssemblies\Unity.VisualScripting.State.Editor.dll
Symbol file LoadedFromMemory is not a mono symbol file
Symbol file data-000001617FAE7730 doesn't match image C:\Users\asdf\Desktop\unity\ReactiveTurnBase\My project A\Library\ScriptAssemblies\Unity.Settings.Editor.dll
Symbol file LoadedFromMemory is not a mono symbol file
Symbol file data-000001617F3E4630 doesn't match image C:\Users\asdf\Desktop\unity\ReactiveTurnBase\My project A\Library\ScriptAssemblies\Unity.CollabProxy.Editor.dll
Symbol file LoadedFromMemory is not a mono symbol file
Symbol file data-00000161AB956010 doesn't match image C:\Users\asdf\Desktop\unity\ReactiveTurnBase\My project A\Library\ScriptAssemblies\Unity.TextMeshPro.dll
Symbol file LoadedFromMemory is not a mono symbol file
Symbol file data-00000161A302B020 doesn't match image C:\Users\asdf\Desktop\unity\ReactiveTurnBase\My project A\Library\ScriptAssemblies\Unity.TextMeshPro.Editor.dll
Symbol file LoadedFromMemory is not a mono symbol file
Symbol file data-000001617F867240 doesn't match image C:\Users\asdf\Desktop\unity\ReactiveTurnBase\My project A\Library\ScriptAssemblies\UniTask.dll
Symbol file LoadedFromMemory is not a mono symbol file
Symbol file data-00000161A1D23220 doesn't match image C:\Users\asdf\Desktop\unity\ReactiveTurnBase\My project A\Library\ScriptAssemblies\Unity.VisualScripting.State.dll
Symbol file LoadedFromMemory is not a mono symbol file
Symbol file data-00000161A1D23220 doesn't match image C:\Users\asdf\Desktop\unity\ReactiveTurnBase\My project A\Library\ScriptAssemblies\Unity.VSCode.Editor.dll
Symbol file LoadedFromMemory is not a mono symbol file
- Loaded All Assemblies, in  0.465 seconds
Native extension for WindowsStandalone target not found
Native extension for Android target not found
Mono: successfully reloaded assembly
- Finished resetting the current domain, in  0.929 seconds
Domain Reload Profiling: 1392ms
	BeginReloadAssembly (142ms)
		ExecutionOrderSort (0ms)
		DisableScriptedObjects (6ms)
		BackupInstance (0ms)
		ReleaseScriptingObjects (0ms)
		CreateAndSetChildDomain (33ms)
	RebuildCommonClasses (26ms)
	RebuildNativeTypeToScriptingClass (9ms)
	initialDomainReloadingComplete (28ms)
	LoadAllAssembliesAndSetupDomain (257ms)
		LoadAssemblies (302ms)
		RebuildTransferFunctionScriptingTraits (0ms)
		AnalyzeDomain (28ms)
			TypeCache.Refresh (10ms)
				TypeCache.ScanAssembly (2ms)
			ScanForSourceGeneratedMonoScriptInfo (11ms)
			ResolveRequiredComponents (7ms)
	FinalizeReload (930ms)
		ReleaseScriptCaches (0ms)
		RebuildScriptCaches (0ms)
		SetupLoadedEditorAssemblies (468ms)
			LogAssemblyErrors (0ms)
			InitializePlatformSupportModulesInManaged (18ms)
			SetLoadedEditorAssemblies (4ms)
			RefreshPlugins (0ms)
			BeforeProcessingInitializeOnLoad (85ms)
			ProcessInitializeOnLoadAttributes (328ms)
			ProcessInitializeOnLoadMethodAttributes (27ms)
			AfterProcessingInitializeOnLoad (6ms)
			EditorAssembliesLoaded (0ms)
		ExecutionOrderSort2 (0ms)
		AwakeInstancesAfterBackupRestoration (6ms)
Refreshing native plugins compatible for Editor in 3.60 ms, found 3 plugins.
Preloading 0 native plugins for Editor in 0.00 ms.
Unloading 3938 Unused Serialized files (Serialized files now loaded: 0)
Unloading 22 unused Assets / (32.6 KB). Loaded Objects now: 4458.
Memory consumption went from 219.9 MB to 219.9 MB.
Total: 3.139800 ms (FindLiveObjects: 0.264500 ms CreateObjectMapping: 0.224300 ms MarkObjects: 2.603300 ms  DeleteObjects: 0.046600 ms)

Prepare: number of updated asset objects reloaded= 0
AssetImportParameters requested are different than current active one (requested -> active):
  custom:container-demuxer-ogg: 62fdf1f143b41e24485cea50d1cbac27 -> 
  custom:video-decoder-ogg-theora: a1e56fd34408186e4bbccfd4996cb3dc -> 
  custom:framework-win-MediaFoundation: 216162199b28c13a410421893ffa2e32 -> 
  custom:CustomObjectIndexerAttribute: 9a22284fe3817be447336de3de66b15e -> 
  custom:container-demuxer-webm: 4f35f7cbe854078d1ac9338744f61a02 -> 
  custom:container-muxer-webm: aa71ff27fc2769a1b78a27578f13a17b -> 
  custom:video-decoder-webm-vp8: 9c59270c3fd7afecdb556c50c9e8de78 -> 
  custom:SearchIndexIgnoredProperties: e643bd26f0fe6173181afceb89e7c659 -> 
  custom:AudioImporter_EditorPlatform: d09bf68614088b80899f8185d706f6e7 -> 
  custom:video-encoder-webm-vp8: eb34c28f22e8b96e1ab97ce403110664 -> 
  custom:audio-decoder-ogg-vorbis: bf7c407c2cedff20999df2af8eb42d56 -> 
  custom:audio-encoder-webm-vorbis: bf7c407c2cedff20999df2af8eb42d56 -> 
  custom:scripting/precompiled-assembly-types:Assembly-CSharp: 44cc48aa689c455f880183ab722f6cf6 -> 1476765af81e86739e20042d8f5f0532
========================================================================
Received Import Request.
  Time since last request: 238.796654 seconds.
  path: Assets/3.Script/Units/EnemyUnit.cs
  artifactKey: Guid(0123bade5fd7e2c4386160271cf28b3d) Importer(815301076,1909f56bfc062723c751e8b465ee728b)
Start importing Assets/3.Script/Units/EnemyUnit.cs using Guid(0123bade5fd7e2c4386160271cf28b3d) Importer(815301076,1909f56bfc062723c751e8b465ee728b) [PhysX] Initialized MultithreadedTaskDispatcher with 12 workers.
 -> (artifact id: 'd68741aea6939748c8948b6d1ed5b49e') in 0.001684 seconds
Number of updated asset objects reloaded before import = 0
Number of asset objects unloaded after import = 0
========================================================================
Received Import Request.
  Time since last request: 14.811207 seconds.
  path: Assets/3.Script/Turn/SimpleCombatExecutor.cs
  artifactKey: Guid(4fe1772faba19ea4091a450715f532a0) Importer(815301076,1909f56bfc062723c751e8b465ee728b)
Start importing Assets/3.Script/Turn/SimpleCombatExecutor.cs using Guid(4fe1772faba19ea4091a450715f532a0) Importer(815301076,1909f56bfc062723c751e8b465ee728b) [PhysX] Initialized MultithreadedTaskDispatcher with 12 workers.
 -> (artifact id: '5bb9c37ac4162a5c4886a9abc661d074') in 0.000729 seconds
Number of updated asset objects reloaded before import = 0
Number of asset objects unloaded after import = 0
========================================================================
Received Import Request.
  Time since last request: 16.935144 seconds.
  path: Assets/3.Script/Turn/SimpleCombatExecutor.cs
  artifactKey: Guid(4fe1772faba19ea4091a450715f532a0) Importer(815301076,1909f56bfc062723c751e8b465ee728b)
Start importing Assets/3.Script/Turn/SimpleCombatExecutor.cs using Guid(4fe1772faba19ea4091a450715f532a0) Importer(815301076,1909f56bfc062723c751e8b465ee728b) [PhysX] Initialized MultithreadedTaskDispatcher with 12 workers.
 -> (artifact id: '97438a566ac05286b0851bbc7a594fa8') in 0.000408 seconds
Number of updated asset objects reloaded before import = 0
Number of asset objects unloaded after import = 0
========================================================================
Received Import Request.
  Time since last request: 99.552728 seconds.
  path: Assets/3.Script/Turn/SimpleCombatExecutor.cs
  artifactKey: Guid(4fe1772faba19ea4091a450715f532a0) Importer(815301076,1909f56bfc062723c751e8b465ee728b)
Start importing Assets/3.Script/Turn/SimpleCombatExecutor.cs using Guid(4fe1772faba19ea4091a450715f532a0) Importer(815301076,1909f56bfc062723c751e8b465ee728b) [PhysX] Initialized MultithreadedTaskDispatcher with 12 workers.
 -> (artifact id: 'fee9efa6985e16df365d007e8494b853') in 0.000952 seconds
Number of updated asset objects reloaded before import = 0
Number of asset objects unloaded after import = 0
========================================================================
Received Import Request.
  Time since last request: 194.880359 seconds.
  path: Assets/3.Script/Turn/SimpleCombatExecutor.cs
  artifactKey: Guid(4fe1772faba19ea4091a450715f532a0) Importer(815301076,1909f56bfc062723c751e8b465ee728b)
Start importing Assets/3.Script/Turn/SimpleCombatExecutor.cs using Guid(4fe1772faba19ea4091a450715f532a0) Importer(815301076,1909f56bfc062723c751e8b465ee728b) [PhysX] Initialized MultithreadedTaskDispatcher with 12 workers.
 -> (artifact id: 'e56c1add1dda5a12bcb1838edbbf6b5b') in 0.000422 seconds
Number of updated asset objects reloaded before import = 0
Number of asset objects unloaded after import = 0
========================================================================
Received Import Request.
  Time since last request: 17.368052 seconds.
  path: Assets/3.Script/Turn/SimpleCombatExecutor.cs
  artifactKey: Guid(4fe1772faba19ea4091a450715f532a0) Importer(815301076,1909f56bfc062723c751e8b465ee728b)
Start importing Assets/3.Script/Turn/SimpleCombatExecutor.cs using Guid(4fe1772faba19ea4091a450715f532a0) Importer(815301076,1909f56bfc062723c751e8b465ee728b) [PhysX] Initialized MultithreadedTaskDispatcher with 12 workers.
 -> (artifact id: '20630a1c1baf48bee1e9c6a861a004af') in 0.000486 seconds
Number of updated asset objects reloaded before import = 0
Number of asset objects unloaded after import = 0
========================================================================
Received Import Request.
  Time since last request: 65.540190 seconds.
  path: Assets/3.Script/Turn/SimpleCombatExecutor.cs
  artifactKey: Guid(4fe1772faba19ea4091a450715f532a0) Importer(815301076,1909f56bfc062723c751e8b465ee728b)
Start importing Assets/3.Script/Turn/SimpleCombatExecutor.cs using Guid(4fe1772faba19ea4091a450715f532a0) Importer(815301076,1909f56bfc062723c751e8b465ee728b) [PhysX] Initialized MultithreadedTaskDispatcher with 12 workers.
 -> (artifact id: 'f47c24ba6c3758aa55187ffd1519ca3f') in 0.000416 seconds
Number of updated asset objects reloaded before import = 0
Number of asset objects unloaded after import = 0
========================================================================
Received Import Request.
  Time since last request: 48.652904 seconds.
  path: Assets/3.Script/Turn/SimpleCombatExecutor.cs
  artifactKey: Guid(4fe1772faba19ea4091a450715f532a0) Importer(815301076,1909f56bfc062723c751e8b465ee728b)
Start importing Assets/3.Script/Turn/SimpleCombatExecutor.cs using Guid(4fe1772faba19ea4091a450715f532a0) Importer(815301076,1909f56bfc062723c751e8b465ee728b) [PhysX] Initialized MultithreadedTaskDispatcher with 12 workers.
 -> (artifact id: '82829517e85d0a443af1a77223e39c99') in 0.000897 seconds
Number of updated asset objects reloaded before import = 0
Number of asset objects unloaded after import = 0
========================================================================
Received Import Request.
  Time since last request: 500.011418 seconds.
  path: Assets/3.Script/DataDTO/SkillData.cs
  artifactKey: Guid(453bc610fb00c5a42a614c3d2c188058) Importer(815301076,1909f56bfc062723c751e8b465ee728b)
Start importing Assets/3.Script/DataDTO/SkillData.cs using Guid(453bc610fb00c5a42a614c3d2c188058) Importer(815301076,1909f56bfc062723c751e8b465ee728b) [PhysX] Initialized MultithreadedTaskDispatcher with 12 workers.
 -> (artifact id: '46841a1e215759ba15fa4e5c74844752') in 0.000467 seconds
Number of updated asset objects reloaded before import = 0
Number of asset objects unloaded after import = 0
========================================================================
Received Prepare
Caller must complete domain reload
Begin MonoManager ReloadAssembly
Symbol file data-00000161A18FF010 doesn't match image C:\Users\asdf\Desktop\unity\ReactiveTurnBase\My project A\Library\ScriptAssemblies\Unity.EditorCoroutines.Editor.dll
Symbol file LoadedFromMemory is not a mono symbol file
Symbol file data-00000161AC89A020 doesn't match image C:\Users\asdf\Desktop\unity\ReactiveTurnBase\My project A\Library\ScriptAssemblies\UniTask.TextMeshPro.dll
Symbol file LoadedFromMemory is not a mono symbol file
Symbol file data-00000161A127F020 doesn't match image C:\Users\asdf\Desktop\unity\ReactiveTurnBase\My project A\Library\ScriptAssemblies\Unity.Timeline.Editor.dll
Symbol file LoadedFromMemory is not a mono symbol file
Symbol file data-00000161AC89A020 doesn't match image C:\Users\asdf\Desktop\unity\ReactiveTurnBase\My project A\Library\ScriptAssemblies\Unity.VisualScripting.Shared.Editor.dll
Symbol file LoadedFromMemory is not a mono symbol file
Symbol file data-00000161AC89A020 doesn't match image C:\Users\asdf\Desktop\unity\ReactiveTurnBase\My project A\Library\ScriptAssemblies\UniTask.DOTween.dll
Symbol file LoadedFromMemory is not a mono symbol file
Symbol file data-00000161AC89A020 doesn't match image C:\Users\asdf\Desktop\unity\ReactiveTurnBase\My project A\Library\ScriptAssemblies\UniTask.Addressables.dll
Symbol file LoadedFromMemory is not a mono symbol file
Symbol file data-00000161AC8CC010 doesn't match image C:\Users\asdf\Desktop\unity\ReactiveTurnBase\My project A\Library\ScriptAssemblies\UnityEditor.UI.dll
Symbol file LoadedFromMemory is not a mono symbol file
Symbol file data-00000161A2781020 doesn't match image C:\Users\asdf\Desktop\unity\ReactiveTurnBase\My project A\Library\ScriptAssemblies\Unity.VisualScripting.Core.dll
Symbol file LoadedFromMemory is not a mono symbol file
Symbol file data-00000161ACACE030 doesn't match image C:\Users\asdf\Desktop\unity\ReactiveTurnBase\My project A\Library\ScriptAssemblies\UnityEngine.UI.dll
Symbol file LoadedFromMemory is not a mono symbol file
Symbol file data-00000161ABFE2040 doesn't match image C:\Users\asdf\Desktop\unity\ReactiveTurnBase\My project A\Library\ScriptAssemblies\UniTask.Editor.dll
Symbol file LoadedFromMemory is not a mono symbol file
Symbol file data-00000161A1869020 doesn't match image C:\Users\asdf\Desktop\unity\ReactiveTurnBase\My project A\Library\ScriptAssemblies\Unity.VisualScripting.Core.Editor.dll
Symbol file LoadedFromMemory is not a mono symbol file
Symbol file data-00000161A1BC1020 doesn't match image C:\Users\asdf\Desktop\unity\ReactiveTurnBase\My project A\Library\ScriptAssemblies\UniTask.Linq.dll
Symbol file LoadedFromMemory is not a mono symbol file
Symbol file data-00000161A25F0080 doesn't match image C:\Users\asdf\Desktop\unity\ReactiveTurnBase\My project A\Library\ScriptAssemblies\Unity.VisualScripting.Flow.dll
Symbol file LoadedFromMemory is not a mono symbol file
Symbol file data-00000161ABA3A010 doesn't match image C:\Users\asdf\Desktop\unity\ReactiveTurnBase\My project A\Library\ScriptAssemblies\Unity.VisualScripting.Flow.Editor.dll
Symbol file LoadedFromMemory is not a mono symbol file
Symbol file data-00000161AB6F2020 doesn't match image C:\Users\asdf\Desktop\unity\ReactiveTurnBase\My project A\Library\ScriptAssemblies\Unity.Timeline.dll
Symbol file LoadedFromMemory is not a mono symbol file
Symbol file data-00000161AC03E030 doesn't match image C:\Users\asdf\Desktop\unity\ReactiveTurnBase\My project A\Library\ScriptAssemblies\Unity.InputSystem.dll
Symbol file LoadedFromMemory is not a mono symbol file
Symbol file data-000001617F3FEB50 doesn't match image C:\Users\asdf\Desktop\unity\ReactiveTurnBase\My project A\Library\ScriptAssemblies\Unity.InputSystem.ForUI.dll
Symbol file LoadedFromMemory is not a mono symbol file
Symbol file data-00000161ACAA4040 doesn't match image C:\Users\asdf\Desktop\unity\ReactiveTurnBase\My project A\Library\ScriptAssemblies\Unity.TestTools.CodeCoverage.Editor.OpenCover.Mono.Reflection.dll
Symbol file LoadedFromMemory is not a mono symbol file
Symbol file data-00000161ACAA4040 doesn't match image C:\Users\asdf\Desktop\unity\ReactiveTurnBase\My project A\Library\ScriptAssemblies\Unity.VisualScripting.SettingsProvider.Editor.dll
Symbol file LoadedFromMemory is not a mono symbol file
Symbol file data-000001613D844260 doesn't match image C:\Users\asdf\Desktop\unity\ReactiveTurnBase\My project A\Library\ScriptAssemblies\Unity.Performance.Profile-Analyzer.Editor.dll
Symbol file LoadedFromMemory is not a mono symbol file
Symbol file data-00000161ACC08050 doesn't match image C:\Users\asdf\Desktop\unity\ReactiveTurnBase\My project A\Library\ScriptAssemblies\Unity.TestTools.CodeCoverage.Editor.dll
Symbol file LoadedFromMemory is not a mono symbol file
Symbol file data-000001617F2D4000 doesn't match image C:\Users\asdf\Desktop\unity\ReactiveTurnBase\My project A\Library\ScriptAssemblies\Unity.TestTools.CodeCoverage.Editor.OpenCover.Model.dll
Symbol file LoadedFromMemory is not a mono symbol file
Symbol file data-00000161A14948A0 doesn't match image C:\Users\asdf\Desktop\unity\ReactiveTurnBase\My project A\Library\ScriptAssemblies\Unity.VisualScripting.State.Editor.dll
Symbol file LoadedFromMemory is not a mono symbol file
Symbol file data-000001617FAE7730 doesn't match image C:\Users\asdf\Desktop\unity\ReactiveTurnBase\My project A\Library\ScriptAssemblies\Unity.Settings.Editor.dll
Symbol file LoadedFromMemory is not a mono symbol file
Symbol file data-000001613D867870 doesn't match image C:\Users\asdf\Desktop\unity\ReactiveTurnBase\My project A\Library\ScriptAssemblies\Unity.CollabProxy.Editor.dll
Symbol file LoadedFromMemory is not a mono symbol file
Symbol file data-00000161A25F0080 doesn't match image C:\Users\asdf\Desktop\unity\ReactiveTurnBase\My project A\Library\ScriptAssemblies\Unity.TextMeshPro.dll
Symbol file LoadedFromMemory is not a mono symbol file
Symbol file data-000001617F407020 doesn't match image C:\Users\asdf\Desktop\unity\ReactiveTurnBase\My project A\Library\ScriptAssemblies\Unity.TextMeshPro.Editor.dll
Symbol file LoadedFromMemory is not a mono symbol file
Symbol file data-000001617F867240 doesn't match image C:\Users\asdf\Desktop\unity\ReactiveTurnBase\My project A\Library\ScriptAssemblies\UniTask.dll
Symbol file LoadedFromMemory is not a mono symbol file
Symbol file data-00000161A14948A0 doesn't match image C:\Users\asdf\Desktop\unity\ReactiveTurnBase\My project A\Library\ScriptAssemblies\Unity.VisualScripting.State.dll
Symbol file LoadedFromMemory is not a mono symbol file
Symbol file data-00000161ACC2C020 doesn't match image C:\Users\asdf\Desktop\unity\ReactiveTurnBase\My project A\Library\ScriptAssemblies\Unity.VSCode.Editor.dll
Symbol file LoadedFromMemory is not a mono symbol file
- Loaded All Assemblies, in  0.471 seconds
Native extension for WindowsStandalone target not found
Native extension for Android target not found
Mono: successfully reloaded assembly
- Finished resetting the current domain, in  0.990 seconds
Domain Reload Profiling: 1458ms
	BeginReloadAssembly (140ms)
		ExecutionOrderSort (0ms)
		DisableScriptedObjects (6ms)
		BackupInstance (0ms)
		ReleaseScriptingObjects (0ms)
		CreateAndSetChildDomain (31ms)
	RebuildCommonClasses (31ms)
	RebuildNativeTypeToScriptingClass (8ms)
	initialDomainReloadingComplete (33ms)
	LoadAllAssembliesAndSetupDomain (254ms)
		LoadAssemblies (300ms)
		RebuildTransferFunctionScriptingTraits (0ms)
		AnalyzeDomain (30ms)
			TypeCache.Refresh (9ms)
				TypeCache.ScanAssembly (2ms)
			ScanForSourceGeneratedMonoScriptInfo (12ms)
			ResolveRequiredComponents (7ms)
	FinalizeReload (991ms)
		ReleaseScriptCaches (0ms)
		RebuildScriptCaches (0ms)
		SetupLoadedEditorAssemblies (487ms)
			LogAssemblyErrors (0ms)
			InitializePlatformSupportModulesInManaged (20ms)
			SetLoadedEditorAssemblies (4ms)
			RefreshPlugins (0ms)
			BeforeProcessingInitializeOnLoad (87ms)
			ProcessInitializeOnLoadAttributes (339ms)
			ProcessInitializeOnLoadMethodAttributes (30ms)
			AfterProcessingInitializeOnLoad (6ms)
			EditorAssembliesLoaded (0ms)
		ExecutionOrderSort2 (0ms)
		AwakeInstancesAfterBackupRestoration (6ms)
Refreshing native plugins compatible for Editor in 6.41 ms, found 3 plugins.
Preloading 0 native plugins for Editor in 0.00 ms.
Unloading 3938 Unused Serialized files (Serialized files now loaded: 0)
Unloading 22 unused Assets / (32.6 KB). Loaded Objects now: 4461.
Memory consumption went from 219.9 MB to 219.9 MB.
Total: 5.961800 ms (FindLiveObjects: 0.462600 ms CreateObjectMapping: 0.293400 ms MarkObjects: 5.115800 ms  DeleteObjects: 0.089100 ms)

Prepare: number of updated asset objects reloaded= 0
AssetImportParameters requested are different than current active one (requested -> active):
  custom:container-demuxer-ogg: 62fdf1f143b41e24485cea50d1cbac27 -> 
  custom:video-decoder-ogg-theora: a1e56fd34408186e4bbccfd4996cb3dc -> 
  custom:framework-win-MediaFoundation: 216162199b28c13a410421893ffa2e32 -> 
  custom:CustomObjectIndexerAttribute: 9a22284fe3817be447336de3de66b15e -> 
  custom:container-demuxer-webm: 4f35f7cbe854078d1ac9338744f61a02 -> 
  custom:container-muxer-webm: aa71ff27fc2769a1b78a27578f13a17b -> 
  custom:video-decoder-webm-vp8: 9c59270c3fd7afecdb556c50c9e8de78 -> 
  custom:SearchIndexIgnoredProperties: e643bd26f0fe6173181afceb89e7c659 -> 
  custom:AudioImporter_EditorPlatform: d09bf68614088b80899f8185d706f6e7 -> 
  custom:video-encoder-webm-vp8: eb34c28f22e8b96e1ab97ce403110664 -> 
  custom:audio-decoder-ogg-vorbis: bf7c407c2cedff20999df2af8eb42d56 -> 
  custom:audio-encoder-webm-vorbis: bf7c407c2cedff20999df2af8eb42d56 -> 
  custom:scripting/precompiled-assembly-types:Assembly-CSharp: e289a4432e24a4af7eb9ba41997bca83 -> 1476765af81e86739e20042d8f5f0532
========================================================================
Received Import Request.
  Time since last request: 122.589204 seconds.
  path: Assets/3.Script/Bullet/AutoDestroy.cs
  artifactKey: Guid(417fd3c20cf76434bb50824784d5628e) Importer(815301076,1909f56bfc062723c751e8b465ee728b)
Start importing Assets/3.Script/Bullet/AutoDestroy.cs using Guid(417fd3c20cf76434bb50824784d5628e) Importer(815301076,1909f56bfc062723c751e8b465ee728b) [PhysX] Initialized MultithreadedTaskDispatcher with 12 workers.
 -> (artifact id: '732b2af353685081d3e0b7bf1e6181e5') in 0.001791 seconds
Number of updated asset objects reloaded before import = 0
Number of asset objects unloaded after import = 0
========================================================================
Received Import Request.
  Time since last request: 1.876948 seconds.
  path: Assets/3.Script/Bullet/Arrow.cs
  artifactKey: Guid(5f15876cf1238b5448c94f6cf05fd566) Importer(815301076,1909f56bfc062723c751e8b465ee728b)
Start importing Assets/3.Script/Bullet/Arrow.cs using Guid(5f15876cf1238b5448c94f6cf05fd566) Importer(815301076,1909f56bfc062723c751e8b465ee728b) [PhysX] Initialized MultithreadedTaskDispatcher with 12 workers.
 -> (artifact id: '0817fa06675e1609194ac22e6e7f28b5') in 0.000735 seconds
Number of updated asset objects reloaded before import = 0
Number of asset objects unloaded after import = 0
========================================================================
Received Import Request.
  Time since last request: 101.485627 seconds.
  path: Assets/3.Script/UI/GroggyBar.cs
  artifactKey: Guid(49f96174fc620254eab2b99685564b85) Importer(815301076,1909f56bfc062723c751e8b465ee728b)
Start importing Assets/3.Script/UI/GroggyBar.cs using Guid(49f96174fc620254eab2b99685564b85) Importer(815301076,1909f56bfc062723c751e8b465ee728b) [PhysX] Initialized MultithreadedTaskDispatcher with 12 workers.
 -> (artifact id: '9a1df54e667ecd7dea6fdd913947a00e') in 0.000829 seconds
Number of updated asset objects reloaded before import = 0
Number of asset objects unloaded after import = 0
========================================================================
Received Import Request.
  Time since last request: 1.049889 seconds.
  path: Assets/3.Script/UI/UIManager.cs
  artifactKey: Guid(e39a8f5d87e62a24c95bd11af47df255) Importer(815301076,1909f56bfc062723c751e8b465ee728b)
Start importing Assets/3.Script/UI/UIManager.cs using Guid(e39a8f5d87e62a24c95bd11af47df255) Importer(815301076,1909f56bfc062723c751e8b465ee728b) [PhysX] Initialized MultithreadedTaskDispatcher with 12 workers.
 -> (artifact id: 'c4bfbf9a25eb56b4e92c457fc4acc305') in 0.000540 seconds
Number of updated asset objects reloaded before import = 0
Number of asset objects unloaded after import = 0
========================================================================
Received Prepare
Caller must complete domain reload
Begin MonoManager ReloadAssembly
Symbol file data-00000161AC89C430 doesn't match image C:\Users\asdf\Desktop\unity\ReactiveTurnBase\My project A\Library\ScriptAssemblies\Unity.EditorCoroutines.Editor.dll
Symbol file LoadedFromMemory is not a mono symbol file
Symbol file data-00000161A2BDC270 doesn't match image C:\Users\asdf\Desktop\unity\ReactiveTurnBase\My project A\Library\ScriptAssemblies\UniTask.TextMeshPro.dll
Symbol file LoadedFromMemory is not a mono symbol file
Symbol file data-00000161A127F020 doesn't match image C:\Users\asdf\Desktop\unity\ReactiveTurnBase\My project A\Library\ScriptAssemblies\Unity.Timeline.Editor.dll
Symbol file LoadedFromMemory is not a mono symbol file
Symbol file data-00000161A2BDC270 doesn't match image C:\Users\asdf\Desktop\unity\ReactiveTurnBase\My project A\Library\ScriptAssemblies\Unity.VisualScripting.Shared.Editor.dll
Symbol file LoadedFromMemory is not a mono symbol file
Symbol file data-00000161A2BDC270 doesn't match image C:\Users\asdf\Desktop\unity\ReactiveTurnBase\My project A\Library\ScriptAssemblies\UniTask.DOTween.dll
Symbol file LoadedFromMemory is not a mono symbol file
Symbol file data-00000161A2BDC270 doesn't match image C:\Users\asdf\Desktop\unity\ReactiveTurnBase\My project A\Library\ScriptAssemblies\UniTask.Addressables.dll
Symbol file LoadedFromMemory is not a mono symbol file
Symbol file data-00000161ADD581C0 doesn't match image C:\Users\asdf\Desktop\unity\ReactiveTurnBase\My project A\Library\ScriptAssemblies\UnityEditor.UI.dll
Symbol file LoadedFromMemory is not a mono symbol file
Symbol file data-00000161A2781020 doesn't match image C:\Users\asdf\Desktop\unity\ReactiveTurnBase\My project A\Library\ScriptAssemblies\Unity.VisualScripting.Core.dll
Symbol file LoadedFromMemory is not a mono symbol file
Symbol file data-00000161A1F70010 doesn't match image C:\Users\asdf\Desktop\unity\ReactiveTurnBase\My project A\Library\ScriptAssemblies\UnityEngine.UI.dll
Symbol file LoadedFromMemory is not a mono symbol file
Symbol file data-00000161AD984010 doesn't match image C:\Users\asdf\Desktop\unity\ReactiveTurnBase\My project A\Library\ScriptAssemblies\UniTask.Editor.dll
Symbol file LoadedFromMemory is not a mono symbol file
Symbol file data-00000161A1CBA010 doesn't match image C:\Users\asdf\Desktop\unity\ReactiveTurnBase\My project A\Library\ScriptAssemblies\Unity.VisualScripting.Core.Editor.dll
Symbol file LoadedFromMemory is not a mono symbol file
Symbol file data-00000161A1BC1020 doesn't match image C:\Users\asdf\Desktop\unity\ReactiveTurnBase\My project A\Library\ScriptAssemblies\UniTask.Linq.dll
Symbol file LoadedFromMemory is not a mono symbol file
Symbol file data-00000161A181F020 doesn't match image C:\Users\asdf\Desktop\unity\ReactiveTurnBase\My project A\Library\ScriptAssemblies\Unity.VisualScripting.Flow.dll
Symbol file LoadedFromMemory is not a mono symbol file
Symbol file data-00000161AC5E6810 doesn't match image C:\Users\asdf\Desktop\unity\ReactiveTurnBase\My project A\Library\ScriptAssemblies\Unity.VisualScripting.Flow.Editor.dll
Symbol file LoadedFromMemory is not a mono symbol file
Symbol file data-00000161AB688010 doesn't match image C:\Users\asdf\Desktop\unity\ReactiveTurnBase\My project A\Library\ScriptAssemblies\Unity.Timeline.dll
Symbol file LoadedFromMemory is not a mono symbol file
Symbol file data-00000161AC03E030 doesn't match image C:\Users\asdf\Desktop\unity\ReactiveTurnBase\My project A\Library\ScriptAssemblies\Unity.InputSystem.dll
Symbol file LoadedFromMemory is not a mono symbol file
Symbol file data-000001617F3FEB50 doesn't match image C:\Users\asdf\Desktop\unity\ReactiveTurnBase\My project A\Library\ScriptAssemblies\Unity.InputSystem.ForUI.dll
Symbol file LoadedFromMemory is not a mono symbol file
Symbol file data-00000161A262AA90 doesn't match image C:\Users\asdf\Desktop\unity\ReactiveTurnBase\My project A\Library\ScriptAssemblies\Unity.TestTools.CodeCoverage.Editor.OpenCover.Mono.Reflection.dll
Symbol file LoadedFromMemory is not a mono symbol file
Symbol file data-00000161A14948A0 doesn't match image C:\Users\asdf\Desktop\unity\ReactiveTurnBase\My project A\Library\ScriptAssemblies\Unity.VisualScripting.SettingsProvider.Editor.dll
Symbol file LoadedFromMemory is not a mono symbol file
Symbol file data-000001617FD5B030 doesn't match image C:\Users\asdf\Desktop\unity\ReactiveTurnBase\My project A\Library\ScriptAssemblies\Unity.Performance.Profile-Analyzer.Editor.dll
Symbol file LoadedFromMemory is not a mono symbol file
Symbol file data-00000161AB3D0040 doesn't match image C:\Users\asdf\Desktop\unity\ReactiveTurnBase\My project A\Library\ScriptAssemblies\Unity.TestTools.CodeCoverage.Editor.dll
Symbol file LoadedFromMemory is not a mono symbol file
Symbol file data-00000161A149B6B0 doesn't match image C:\Users\asdf\Desktop\unity\ReactiveTurnBase\My project A\Library\ScriptAssemblies\Unity.TestTools.CodeCoverage.Editor.OpenCover.Model.dll
Symbol file LoadedFromMemory is not a mono symbol file
Symbol file data-00000161AD3F8010 doesn't match image C:\Users\asdf\Desktop\unity\ReactiveTurnBase\My project A\Library\ScriptAssemblies\Unity.VisualScripting.State.Editor.dll
Symbol file LoadedFromMemory is not a mono symbol file
Symbol file data-000001617FAE7730 doesn't match image C:\Users\asdf\Desktop\unity\ReactiveTurnBase\My project A\Library\ScriptAssemblies\Unity.Settings.Editor.dll
Symbol file LoadedFromMemory is not a mono symbol file
Symbol file data-00000161AD403420 doesn't match image C:\Users\asdf\Desktop\unity\ReactiveTurnBase\My project A\Library\ScriptAssemblies\Unity.CollabProxy.Editor.dll
Symbol file LoadedFromMemory is not a mono symbol file
Symbol file data-00000161A181F020 doesn't match image C:\Users\asdf\Desktop\unity\ReactiveTurnBase\My project A\Library\ScriptAssemblies\Unity.TextMeshPro.dll
Symbol file LoadedFromMemory is not a mono symbol file
Symbol file data-000001617F407020 doesn't match image C:\Users\asdf\Desktop\unity\ReactiveTurnBase\My project A\Library\ScriptAssemblies\Unity.TextMeshPro.Editor.dll
Symbol file LoadedFromMemory is not a mono symbol file
Symbol file data-000001617F867240 doesn't match image C:\Users\asdf\Desktop\unity\ReactiveTurnBase\My project A\Library\ScriptAssemblies\UniTask.dll
Symbol file LoadedFromMemory is not a mono symbol file
Symbol file data-00000161A149B6B0 doesn't match image C:\Users\asdf\Desktop\unity\ReactiveTurnBase\My project A\Library\ScriptAssemblies\Unity.VisualScripting.State.dll
Symbol file LoadedFromMemory is not a mono symbol file
Symbol file data-00000161A149B6B0 doesn't match image C:\Users\asdf\Desktop\unity\ReactiveTurnBase\My project A\Library\ScriptAssemblies\Unity.VSCode.Editor.dll
Symbol file LoadedFromMemory is not a mono symbol file
- Loaded All Assemblies, in  0.473 seconds
Native extension for WindowsStandalone target not found
Native extension for Android target not found
Mono: successfully reloaded assembly
- Finished resetting the current domain, in  0.958 seconds
Domain Reload Profiling: 1429ms
	BeginReloadAssembly (137ms)
		ExecutionOrderSort (0ms)
		DisableScriptedObjects (6ms)
		BackupInstance (0ms)
		ReleaseScriptingObjects (0ms)
		CreateAndSetChildDomain (32ms)
	RebuildCommonClasses (33ms)
	RebuildNativeTypeToScriptingClass (8ms)
	initialDomainReloadingComplete (27ms)
	LoadAllAssembliesAndSetupDomain (265ms)
		LoadAssemblies (299ms)
		RebuildTransferFunctionScriptingTraits (0ms)
		AnalyzeDomain (33ms)
			TypeCache.Refresh (13ms)
				TypeCache.ScanAssembly (4ms)
			ScanForSourceGeneratedMonoScriptInfo (13ms)
			ResolveRequiredComponents (7ms)
	FinalizeReload (959ms)
		ReleaseScriptCaches (0ms)
		RebuildScriptCaches (0ms)
		SetupLoadedEditorAssemblies (506ms)
			LogAssemblyErrors (0ms)
			InitializePlatformSupportModulesInManaged (20ms)
			SetLoadedEditorAssemblies (5ms)
			RefreshPlugins (0ms)
			BeforeProcessingInitializeOnLoad (96ms)
			ProcessInitializeOnLoadAttributes (347ms)
			ProcessInitializeOnLoadMethodAttributes (31ms)
			AfterProcessingInitializeOnLoad (7ms)
			EditorAssembliesLoaded (0ms)
		ExecutionOrderSort2 (0ms)
		AwakeInstancesAfterBackupRestoration (6ms)
Refreshing native plugins compatible for Editor in 3.85 ms, found 3 plugins.
Preloading 0 native plugins for Editor in 0.00 ms.
Unloading 3939 Unused Serialized files (Serialized files now loaded: 0)
Unloading 22 unused Assets / (32.6 KB). Loaded Objects now: 4465.
Memory consumption went from 219.9 MB to 219.9 MB.
Total: 3.532500 ms (FindLiveObjects: 0.324900 ms CreateObjectMapping: 0.302600 ms MarkObjects: 2.857400 ms  DeleteObjects: 0.046700 ms)

Prepare: number of updated asset objects reloaded= 0
AssetImportParameters requested are different than current active one (requested -> active):
  custom:container-demuxer-ogg: 62fdf1f143b41e24485cea50d1cbac27 -> 
  custom:scripting/monoscript/fileName/GroggyBar.cs: 100a61dadfc5e32941fd0f737636facf -> 
  custom:video-decoder-ogg-theora: a1e56fd34408186e4bbccfd4996cb3dc -> 
  custom:framework-win-MediaFoundation: 216162199b28c13a410421893ffa2e32 -> 
  custom:CustomObjectIndexerAttribute: 9a22284fe3817be447336de3de66b15e -> 
  custom:container-demuxer-webm: 4f35f7cbe854078d1ac9338744f61a02 -> 
  custom:container-muxer-webm: aa71ff27fc2769a1b78a27578f13a17b -> 
  custom:video-decoder-webm-vp8: 9c59270c3fd7afecdb556c50c9e8de78 -> 
  custom:SearchIndexIgnoredProperties: e643bd26f0fe6173181afceb89e7c659 -> 
  custom:AudioImporter_EditorPlatform: d09bf68614088b80899f8185d706f6e7 -> 
  custom:video-encoder-webm-vp8: eb34c28f22e8b96e1ab97ce403110664 -> 
  custom:audio-decoder-ogg-vorbis: bf7c407c2cedff20999df2af8eb42d56 -> 
  custom:audio-encoder-webm-vorbis: bf7c407c2cedff20999df2af8eb42d56 -> 
  custom:scripting/precompiled-assembly-types:Assembly-CSharp: dd43c3917b312415ac5585a94694b547 -> 1476765af81e86739e20042d8f5f0532
========================================================================
Received Import Request.
  Time since last request: 138.807710 seconds.
  path: Assets/3.Script/UI/GroggyBar.cs
  artifactKey: Guid(49f96174fc620254eab2b99685564b85) Importer(815301076,1909f56bfc062723c751e8b465ee728b)
Start importing Assets/3.Script/UI/GroggyBar.cs using Guid(49f96174fc620254eab2b99685564b85) Importer(815301076,1909f56bfc062723c751e8b465ee728b) [PhysX] Initialized MultithreadedTaskDispatcher with 12 workers.
 -> (artifact id: 'c67680eceba60fba65e5aa001d7f013b') in 0.001648 seconds
Number of updated asset objects reloaded before import = 0
Number of asset objects unloaded after import = 0
========================================================================
Received Prepare
Caller must complete domain reload
Begin MonoManager ReloadAssembly
Symbol file data-00000161AD6BB2D0 doesn't match image C:\Users\asdf\Desktop\unity\ReactiveTurnBase\My project A\Library\ScriptAssemblies\Unity.EditorCoroutines.Editor.dll
Symbol file LoadedFromMemory is not a mono symbol file
Symbol file data-00000161AD3AE020 doesn't match image C:\Users\asdf\Desktop\unity\ReactiveTurnBase\My project A\Library\ScriptAssemblies\UniTask.TextMeshPro.dll
Symbol file LoadedFromMemory is not a mono symbol file
Symbol file data-00000161A127F020 doesn't match image C:\Users\asdf\Desktop\unity\ReactiveTurnBase\My project A\Library\ScriptAssemblies\Unity.Timeline.Editor.dll
Symbol file LoadedFromMemory is not a mono symbol file
Symbol file data-00000161ABFB2010 doesn't match image C:\Users\asdf\Desktop\unity\ReactiveTurnBase\My project A\Library\ScriptAssemblies\Unity.VisualScripting.Shared.Editor.dll
Symbol file LoadedFromMemory is not a mono symbol file
Symbol file data-00000161AD3B1830 doesn't match image C:\Users\asdf\Desktop\unity\ReactiveTurnBase\My project A\Library\ScriptAssemblies\UniTask.DOTween.dll
Symbol file LoadedFromMemory is not a mono symbol file
Symbol file data-00000161AD3B1830 doesn't match image C:\Users\asdf\Desktop\unity\ReactiveTurnBase\My project A\Library\ScriptAssemblies\UniTask.Addressables.dll
Symbol file LoadedFromMemory is not a mono symbol file
Symbol file data-00000161ADD581C0 doesn't match image C:\Users\asdf\Desktop\unity\ReactiveTurnBase\My project A\Library\ScriptAssemblies\UnityEditor.UI.dll
Symbol file LoadedFromMemory is not a mono symbol file
Symbol file data-00000161A2781020 doesn't match image C:\Users\asdf\Desktop\unity\ReactiveTurnBase\My project A\Library\ScriptAssemblies\Unity.VisualScripting.Core.dll
Symbol file LoadedFromMemory is not a mono symbol file
Symbol file data-00000161ACFC0010 doesn't match image C:\Users\asdf\Desktop\unity\ReactiveTurnBase\My project A\Library\ScriptAssemblies\UnityEngine.UI.dll
Symbol file LoadedFromMemory is not a mono symbol file
Symbol file data-000001617F5849D0 doesn't match image C:\Users\asdf\Desktop\unity\ReactiveTurnBase\My project A\Library\ScriptAssemblies\UniTask.Editor.dll
Symbol file LoadedFromMemory is not a mono symbol file
Symbol file data-00000161A1CBA010 doesn't match image C:\Users\asdf\Desktop\unity\ReactiveTurnBase\My project A\Library\ScriptAssemblies\Unity.VisualScripting.Core.Editor.dll
Symbol file LoadedFromMemory is not a mono symbol file
Symbol file data-00000161A1BC1020 doesn't match image C:\Users\asdf\Desktop\unity\ReactiveTurnBase\My project A\Library\ScriptAssemblies\UniTask.Linq.dll
Symbol file LoadedFromMemory is not a mono symbol file
Symbol file data-00000161A181F020 doesn't match image C:\Users\asdf\Desktop\unity\ReactiveTurnBase\My project A\Library\ScriptAssemblies\Unity.VisualScripting.Flow.dll
Symbol file LoadedFromMemory is not a mono symbol file
Symbol file data-00000161ACBF3220 doesn't match image C:\Users\asdf\Desktop\unity\ReactiveTurnBase\My project A\Library\ScriptAssemblies\Unity.VisualScripting.Flow.Editor.dll
Symbol file LoadedFromMemory is not a mono symbol file
Symbol file data-00000161AC2680B0 doesn't match image C:\Users\asdf\Desktop\unity\ReactiveTurnBase\My project A\Library\ScriptAssemblies\Unity.Timeline.dll
Symbol file LoadedFromMemory is not a mono symbol file
Symbol file data-00000161AC03E030 doesn't match image C:\Users\asdf\Desktop\unity\ReactiveTurnBase\My project A\Library\ScriptAssemblies\Unity.InputSystem.dll
Symbol file LoadedFromMemory is not a mono symbol file
Symbol file data-00000161AD3B1830 doesn't match image C:\Users\asdf\Desktop\unity\ReactiveTurnBase\My project A\Library\ScriptAssemblies\Unity.InputSystem.ForUI.dll
Symbol file LoadedFromMemory is not a mono symbol file
Symbol file data-00000161A262AA90 doesn't match image C:\Users\asdf\Desktop\unity\ReactiveTurnBase\My project A\Library\ScriptAssemblies\Unity.TestTools.CodeCoverage.Editor.OpenCover.Mono.Reflection.dll
Symbol file LoadedFromMemory is not a mono symbol file
Symbol file data-00000161AC89A020 doesn't match image C:\Users\asdf\Desktop\unity\ReactiveTurnBase\My project A\Library\ScriptAssemblies\Unity.VisualScripting.SettingsProvider.Editor.dll
Symbol file LoadedFromMemory is not a mono symbol file
Symbol file data-000001617FD5B030 doesn't match image C:\Users\asdf\Desktop\unity\ReactiveTurnBase\My project A\Library\ScriptAssemblies\Unity.Performance.Profile-Analyzer.Editor.dll
Symbol file LoadedFromMemory is not a mono symbol file
Symbol file data-00000161ACA9C030 doesn't match image C:\Users\asdf\Desktop\unity\ReactiveTurnBase\My project A\Library\ScriptAssemblies\Unity.TestTools.CodeCoverage.Editor.dll
Symbol file LoadedFromMemory is not a mono symbol file
Symbol file data-00000161AC909B60 doesn't match image C:\Users\asdf\Desktop\unity\ReactiveTurnBase\My project A\Library\ScriptAssemblies\Unity.TestTools.CodeCoverage.Editor.OpenCover.Model.dll
Symbol file LoadedFromMemory is not a mono symbol file
Symbol file data-00000161AC8CC010 doesn't match image C:\Users\asdf\Desktop\unity\ReactiveTurnBase\My project A\Library\ScriptAssemblies\Unity.VisualScripting.State.Editor.dll
Symbol file LoadedFromMemory is not a mono symbol file
Symbol file data-000001617F3FA340 doesn't match image C:\Users\asdf\Desktop\unity\ReactiveTurnBase\My project A\Library\ScriptAssemblies\Unity.Settings.Editor.dll
Symbol file LoadedFromMemory is not a mono symbol file
Symbol file data-00000161AC909B60 doesn't match image C:\Users\asdf\Desktop\unity\ReactiveTurnBase\My project A\Library\ScriptAssemblies\Unity.CollabProxy.Editor.dll
Symbol file LoadedFromMemory is not a mono symbol file
Symbol file data-00000161A181F020 doesn't match image C:\Users\asdf\Desktop\unity\ReactiveTurnBase\My project A\Library\ScriptAssemblies\Unity.TextMeshPro.dll
Symbol file LoadedFromMemory is not a mono symbol file
Symbol file data-00000161ACB8A060 doesn't match image C:\Users\asdf\Desktop\unity\ReactiveTurnBase\My project A\Library\ScriptAssemblies\Unity.TextMeshPro.Editor.dll
Symbol file LoadedFromMemory is not a mono symbol file
Symbol file data-000001617F867240 doesn't match image C:\Users\asdf\Desktop\unity\ReactiveTurnBase\My project A\Library\ScriptAssemblies\UniTask.dll
Symbol file LoadedFromMemory is not a mono symbol file
Symbol file data-00000161A2BDC270 doesn't match image C:\Users\asdf\Desktop\unity\ReactiveTurnBase\My project A\Library\ScriptAssemblies\Unity.VisualScripting.State.dll
Symbol file LoadedFromMemory is not a mono symbol file
Symbol file data-00000161A2BDC270 doesn't match image C:\Users\asdf\Desktop\unity\ReactiveTurnBase\My project A\Library\ScriptAssemblies\Unity.VSCode.Editor.dll
Symbol file LoadedFromMemory is not a mono symbol file
- Loaded All Assemblies, in  0.466 seconds
Native extension for WindowsStandalone target not found
Native extension for Android target not found
Mono: successfully reloaded assembly
- Finished resetting the current domain, in  1.015 seconds
Domain Reload Profiling: 1479ms
	BeginReloadAssembly (145ms)
		ExecutionOrderSort (0ms)
		DisableScriptedObjects (6ms)
		BackupInstance (0ms)
		ReleaseScriptingObjects (0ms)
		CreateAndSetChildDomain (30ms)
	RebuildCommonClasses (26ms)
	RebuildNativeTypeToScriptingClass (9ms)
	initialDomainReloadingComplete (26ms)
	LoadAllAssembliesAndSetupDomain (257ms)
		LoadAssemblies (308ms)
		RebuildTransferFunctionScriptingTraits (0ms)
		AnalyzeDomain (31ms)
			TypeCache.Refresh (11ms)
				TypeCache.ScanAssembly (3ms)
			ScanForSourceGeneratedMonoScriptInfo (12ms)
			ResolveRequiredComponents (7ms)
	FinalizeReload (1016ms)
		ReleaseScriptCaches (0ms)
		RebuildScriptCaches (0ms)
		SetupLoadedEditorAssemblies (550ms)
			LogAssemblyErrors (0ms)
			InitializePlatformSupportModulesInManaged (17ms)
			SetLoadedEditorAssemblies (4ms)
			RefreshPlugins (0ms)
			BeforeProcessingInitializeOnLoad (86ms)
			ProcessInitializeOnLoadAttributes (395ms)
			ProcessInitializeOnLoadMethodAttributes (42ms)
			AfterProcessingInitializeOnLoad (6ms)
			EditorAssembliesLoaded (0ms)
		ExecutionOrderSort2 (0ms)
		AwakeInstancesAfterBackupRestoration (6ms)
Refreshing native plugins compatible for Editor in 4.08 ms, found 3 plugins.
Preloading 0 native plugins for Editor in 0.00 ms.
Unloading 3939 Unused Serialized files (Serialized files now loaded: 0)
Unloading 22 unused Assets / (32.7 KB). Loaded Objects now: 4468.
Memory consumption went from 219.9 MB to 219.9 MB.
Total: 2.995200 ms (FindLiveObjects: 0.263600 ms CreateObjectMapping: 0.112000 ms MarkObjects: 2.572600 ms  DeleteObjects: 0.046100 ms)

Prepare: number of updated asset objects reloaded= 0
AssetImportParameters requested are different than current active one (requested -> active):
  custom:container-demuxer-ogg: 62fdf1f143b41e24485cea50d1cbac27 -> 
  custom:scripting/monoscript/fileName/GroggyBar.cs: 100a61dadfc5e32941fd0f737636facf -> 
  custom:video-decoder-ogg-theora: a1e56fd34408186e4bbccfd4996cb3dc -> 
  custom:framework-win-MediaFoundation: 216162199b28c13a410421893ffa2e32 -> 
  custom:CustomObjectIndexerAttribute: 9a22284fe3817be447336de3de66b15e -> 
  custom:container-demuxer-webm: 4f35f7cbe854078d1ac9338744f61a02 -> 
  custom:container-muxer-webm: aa71ff27fc2769a1b78a27578f13a17b -> 
  custom:video-decoder-webm-vp8: 9c59270c3fd7afecdb556c50c9e8de78 -> 
  custom:SearchIndexIgnoredProperties: e643bd26f0fe6173181afceb89e7c659 -> 
  custom:AudioImporter_EditorPlatform: d09bf68614088b80899f8185d706f6e7 -> 
  custom:video-encoder-webm-vp8: eb34c28f22e8b96e1ab97ce403110664 -> 
  custom:audio-decoder-ogg-vorbis: bf7c407c2cedff20999df2af8eb42d56 -> 
  custom:audio-encoder-webm-vorbis: bf7c407c2cedff20999df2af8eb42d56 -> 
  custom:scripting/precompiled-assembly-types:Assembly-CSharp: dd43c3917b312415ac5585a94694b547 -> 1476765af81e86739e20042d8f5f0532
========================================================================
Received Import Request.
  Time since last request: 20.526378 seconds.
  path: Assets/3.Script/UI/GroggyBarFollower.cs
  artifactKey: Guid(49c13c7e8d67d2340bbb4c3fddfa4fe9) Importer(815301076,1909f56bfc062723c751e8b465ee728b)
Start importing Assets/3.Script/UI/GroggyBarFollower.cs using Guid(49c13c7e8d67d2340bbb4c3fddfa4fe9) Importer(815301076,1909f56bfc062723c751e8b465ee728b) [PhysX] Initialized MultithreadedTaskDispatcher with 12 workers.
 -> (artifact id: '4040f5b4cc7c84488624304be7f20881') in 0.001584 seconds
Number of updated asset objects reloaded before import = 0
Number of asset objects unloaded after import = 0
========================================================================
Received Prepare
Caller must complete domain reload
Begin MonoManager ReloadAssembly
Symbol file data-000001617F2B4010 doesn't match image C:\Users\asdf\Desktop\unity\ReactiveTurnBase\My project A\Library\ScriptAssemblies\Unity.EditorCoroutines.Editor.dll
Symbol file LoadedFromMemory is not a mono symbol file
Symbol file data-00000161ABFB2010 doesn't match image C:\Users\asdf\Desktop\unity\ReactiveTurnBase\My project A\Library\ScriptAssemblies\UniTask.TextMeshPro.dll
Symbol file LoadedFromMemory is not a mono symbol file
Symbol file data-00000161A127F020 doesn't match image C:\Users\asdf\Desktop\unity\ReactiveTurnBase\My project A\Library\ScriptAssemblies\Unity.Timeline.Editor.dll
Symbol file LoadedFromMemory is not a mono symbol file
Symbol file data-00000161AD837040 doesn't match image C:\Users\asdf\Desktop\unity\ReactiveTurnBase\My project A\Library\ScriptAssemblies\Unity.VisualScripting.Shared.Editor.dll
Symbol file LoadedFromMemory is not a mono symbol file
Symbol file data-00000161ABFB5820 doesn't match image C:\Users\asdf\Desktop\unity\ReactiveTurnBase\My project A\Library\ScriptAssemblies\UniTask.DOTween.dll
Symbol file LoadedFromMemory is not a mono symbol file
Symbol file data-00000161ABFB5820 doesn't match image C:\Users\asdf\Desktop\unity\ReactiveTurnBase\My project A\Library\ScriptAssemblies\UniTask.Addressables.dll
Symbol file LoadedFromMemory is not a mono symbol file
Symbol file data-00000161ADD581C0 doesn't match image C:\Users\asdf\Desktop\unity\ReactiveTurnBase\My project A\Library\ScriptAssemblies\UnityEditor.UI.dll
Symbol file LoadedFromMemory is not a mono symbol file
Symbol file data-00000161A2781020 doesn't match image C:\Users\asdf\Desktop\unity\ReactiveTurnBase\My project A\Library\ScriptAssemblies\Unity.VisualScripting.Core.dll
Symbol file LoadedFromMemory is not a mono symbol file
Symbol file data-00000161ACFC0010 doesn't match image C:\Users\asdf\Desktop\unity\ReactiveTurnBase\My project A\Library\ScriptAssemblies\UnityEngine.UI.dll
Symbol file LoadedFromMemory is not a mono symbol file
Symbol file data-00000161AC89A020 doesn't match image C:\Users\asdf\Desktop\unity\ReactiveTurnBase\My project A\Library\ScriptAssemblies\UniTask.Editor.dll
Symbol file LoadedFromMemory is not a mono symbol file
Symbol file data-00000161A1CBA010 doesn't match image C:\Users\asdf\Desktop\unity\ReactiveTurnBase\My project A\Library\ScriptAssemblies\Unity.VisualScripting.Core.Editor.dll
Symbol file LoadedFromMemory is not a mono symbol file
Symbol file data-00000161A1BC1020 doesn't match image C:\Users\asdf\Desktop\unity\ReactiveTurnBase\My project A\Library\ScriptAssemblies\UniTask.Linq.dll
Symbol file LoadedFromMemory is not a mono symbol file
Symbol file data-00000161A181F020 doesn't match image C:\Users\asdf\Desktop\unity\ReactiveTurnBase\My project A\Library\ScriptAssemblies\Unity.VisualScripting.Flow.dll
Symbol file LoadedFromMemory is not a mono symbol file
Symbol file data-00000161AC5E6810 doesn't match image C:\Users\asdf\Desktop\unity\ReactiveTurnBase\My project A\Library\ScriptAssemblies\Unity.VisualScripting.Flow.Editor.dll
Symbol file LoadedFromMemory is not a mono symbol file
Symbol file data-00000161AD4CE010 doesn't match image C:\Users\asdf\Desktop\unity\ReactiveTurnBase\My project A\Library\ScriptAssemblies\Unity.Timeline.dll
Symbol file LoadedFromMemory is not a mono symbol file
Symbol file data-000001617F90D020 doesn't match image C:\Users\asdf\Desktop\unity\ReactiveTurnBase\My project A\Library\ScriptAssemblies\Unity.InputSystem.dll
Symbol file LoadedFromMemory is not a mono symbol file
Symbol file data-00000161ABFB5820 doesn't match image C:\Users\asdf\Desktop\unity\ReactiveTurnBase\My project A\Library\ScriptAssemblies\Unity.InputSystem.ForUI.dll
Symbol file LoadedFromMemory is not a mono symbol file
Symbol file data-00000161A262AA90 doesn't match image C:\Users\asdf\Desktop\unity\ReactiveTurnBase\My project A\Library\ScriptAssemblies\Unity.TestTools.CodeCoverage.Editor.OpenCover.Mono.Reflection.dll
Symbol file LoadedFromMemory is not a mono symbol file
Symbol file data-00000161A2BDC270 doesn't match image C:\Users\asdf\Desktop\unity\ReactiveTurnBase\My project A\Library\ScriptAssemblies\Unity.VisualScripting.SettingsProvider.Editor.dll
Symbol file LoadedFromMemory is not a mono symbol file
Symbol file data-00000161A1D90010 doesn't match image C:\Users\asdf\Desktop\unity\ReactiveTurnBase\My project A\Library\ScriptAssemblies\Unity.Performance.Profile-Analyzer.Editor.dll
Symbol file LoadedFromMemory is not a mono symbol file
Symbol file data-00000161AB190080 doesn't match image C:\Users\asdf\Desktop\unity\ReactiveTurnBase\My project A\Library\ScriptAssemblies\Unity.TestTools.CodeCoverage.Editor.dll
Symbol file LoadedFromMemory is not a mono symbol file
Symbol file data-000001617F3FA340 doesn't match image C:\Users\asdf\Desktop\unity\ReactiveTurnBase\My project A\Library\ScriptAssemblies\Unity.TestTools.CodeCoverage.Editor.OpenCover.Model.dll
Symbol file LoadedFromMemory is not a mono symbol file
Symbol file data-00000161AC8CC010 doesn't match image C:\Users\asdf\Desktop\unity\ReactiveTurnBase\My project A\Library\ScriptAssemblies\Unity.VisualScripting.State.Editor.dll
Symbol file LoadedFromMemory is not a mono symbol file
Symbol file data-000001617F3FA340 doesn't match image C:\Users\asdf\Desktop\unity\ReactiveTurnBase\My project A\Library\ScriptAssemblies\Unity.Settings.Editor.dll
Symbol file LoadedFromMemory is not a mono symbol file
Symbol file data-000001617F3FA340 doesn't match image C:\Users\asdf\Desktop\unity\ReactiveTurnBase\My project A\Library\ScriptAssemblies\Unity.CollabProxy.Editor.dll
Symbol file LoadedFromMemory is not a mono symbol file
Symbol file data-00000161A181F020 doesn't match image C:\Users\asdf\Desktop\unity\ReactiveTurnBase\My project A\Library\ScriptAssemblies\Unity.TextMeshPro.dll
Symbol file LoadedFromMemory is not a mono symbol file
Symbol file data-00000161ADA21030 doesn't match image C:\Users\asdf\Desktop\unity\ReactiveTurnBase\My project A\Library\ScriptAssemblies\Unity.TextMeshPro.Editor.dll
Symbol file LoadedFromMemory is not a mono symbol file
Symbol file data-00000161AD0FD020 doesn't match image C:\Users\asdf\Desktop\unity\ReactiveTurnBase\My project A\Library\ScriptAssemblies\UniTask.dll
Symbol file LoadedFromMemory is not a mono symbol file
Symbol file data-000001617FAE7730 doesn't match image C:\Users\asdf\Desktop\unity\ReactiveTurnBase\My project A\Library\ScriptAssemblies\Unity.VisualScripting.State.dll
Symbol file LoadedFromMemory is not a mono symbol file
Symbol file data-000001617FAE7730 doesn't match image C:\Users\asdf\Desktop\unity\ReactiveTurnBase\My project A\Library\ScriptAssemblies\Unity.VSCode.Editor.dll
Symbol file LoadedFromMemory is not a mono symbol file
- Loaded All Assemblies, in  0.441 seconds
Native extension for WindowsStandalone target not found
Native extension for Android target not found
Mono: successfully reloaded assembly
- Finished resetting the current domain, in  1.404 seconds
Domain Reload Profiling: 1843ms
	BeginReloadAssembly (134ms)
		ExecutionOrderSort (0ms)
		DisableScriptedObjects (6ms)
		BackupInstance (0ms)
		ReleaseScriptingObjects (0ms)
		CreateAndSetChildDomain (30ms)
	RebuildCommonClasses (26ms)
	RebuildNativeTypeToScriptingClass (8ms)
	initialDomainReloadingComplete (26ms)
	LoadAllAssembliesAndSetupDomain (245ms)
		LoadAssemblies (284ms)
		RebuildTransferFunctionScriptingTraits (0ms)
		AnalyzeDomain (30ms)
			TypeCache.Refresh (10ms)
				TypeCache.ScanAssembly (3ms)
			ScanForSourceGeneratedMonoScriptInfo (12ms)
			ResolveRequiredComponents (7ms)
	FinalizeReload (1405ms)
		ReleaseScriptCaches (0ms)
		RebuildScriptCaches (0ms)
		SetupLoadedEditorAssemblies (877ms)
			LogAssemblyErrors (0ms)
			InitializePlatformSupportModulesInManaged (23ms)
			SetLoadedEditorAssemblies (5ms)
			RefreshPlugins (0ms)
			BeforeProcessingInitializeOnLoad (119ms)
			ProcessInitializeOnLoadAttributes (621ms)
			ProcessInitializeOnLoadMethodAttributes (97ms)
			AfterProcessingInitializeOnLoad (12ms)
			EditorAssembliesLoaded (0ms)
		ExecutionOrderSort2 (0ms)
		AwakeInstancesAfterBackupRestoration (12ms)
Refreshing native plugins compatible for Editor in 6.45 ms, found 3 plugins.
Preloading 0 native plugins for Editor in 0.00 ms.
Unloading 3940 Unused Serialized files (Serialized files now loaded: 0)
Unloading 22 unused Assets / (32.7 KB). Loaded Objects now: 4472.
Memory consumption went from 220.0 MB to 219.9 MB.
Total: 6.592200 ms (FindLiveObjects: 0.590300 ms CreateObjectMapping: 0.443700 ms MarkObjects: 5.430800 ms  DeleteObjects: 0.125900 ms)

Prepare: number of updated asset objects reloaded= 0
AssetImportParameters requested are different than current active one (requested -> active):
  custom:container-demuxer-ogg: 62fdf1f143b41e24485cea50d1cbac27 -> 
  custom:scripting/monoscript/fileName/GroggyBar.cs: 100a61dadfc5e32941fd0f737636facf -> 
  custom:video-decoder-ogg-theora: a1e56fd34408186e4bbccfd4996cb3dc -> 
  custom:framework-win-MediaFoundation: 216162199b28c13a410421893ffa2e32 -> 
  custom:CustomObjectIndexerAttribute: 9a22284fe3817be447336de3de66b15e -> 
  custom:container-demuxer-webm: 4f35f7cbe854078d1ac9338744f61a02 -> 
  custom:container-muxer-webm: aa71ff27fc2769a1b78a27578f13a17b -> 
  custom:video-decoder-webm-vp8: 9c59270c3fd7afecdb556c50c9e8de78 -> 
  custom:SearchIndexIgnoredProperties: e643bd26f0fe6173181afceb89e7c659 -> 
  custom:AudioImporter_EditorPlatform: d09bf68614088b80899f8185d706f6e7 -> 
  custom:video-encoder-webm-vp8: eb34c28f22e8b96e1ab97ce403110664 -> 
  custom:scripting/monoscript/fileName/GroggyBarFollower.cs: 819d994350b9b9cabf3c84cf4da82ff6 -> 
  custom:audio-decoder-ogg-vorbis: bf7c407c2cedff20999df2af8eb42d56 -> 
  custom:audio-encoder-webm-vorbis: bf7c407c2cedff20999df2af8eb42d56 -> 
  custom:scripting/precompiled-assembly-types:Assembly-CSharp: 2a93528415082e56e879f168f57a5807 -> 1476765af81e86739e20042d8f5f0532
========================================================================
Received Import Request.
  Time since last request: 13.309607 seconds.
  path: Assets/3.Script/UI/GroggyBarFollower.cs
  artifactKey: Guid(49c13c7e8d67d2340bbb4c3fddfa4fe9) Importer(815301076,1909f56bfc062723c751e8b465ee728b)
Start importing Assets/3.Script/UI/GroggyBarFollower.cs using Guid(49c13c7e8d67d2340bbb4c3fddfa4fe9) Importer(815301076,1909f56bfc062723c751e8b465ee728b) [PhysX] Initialized MultithreadedTaskDispatcher with 12 workers.
 -> (artifact id: 'f75379ea82b3477f5b18cc6d50d7d469') in 0.001607 seconds
Number of updated asset objects reloaded before import = 0
Number of asset objects unloaded after import = 0
========================================================================
Received Prepare
Caller must complete domain reload
Begin MonoManager ReloadAssembly
Symbol file data-00000161AC4AC6D0 doesn't match image C:\Users\asdf\Desktop\unity\ReactiveTurnBase\My project A\Library\ScriptAssemblies\Unity.EditorCoroutines.Editor.dll
Symbol file LoadedFromMemory is not a mono symbol file
Symbol file data-00000161A2CF8040 doesn't match image C:\Users\asdf\Desktop\unity\ReactiveTurnBase\My project A\Library\ScriptAssemblies\UniTask.TextMeshPro.dll
Symbol file LoadedFromMemory is not a mono symbol file
Symbol file data-00000161A127F020 doesn't match image C:\Users\asdf\Desktop\unity\ReactiveTurnBase\My project A\Library\ScriptAssemblies\Unity.Timeline.Editor.dll
Symbol file LoadedFromMemory is not a mono symbol file
Symbol file data-00000161A2CF8040 doesn't match image C:\Users\asdf\Desktop\unity\ReactiveTurnBase\My project A\Library\ScriptAssemblies\Unity.VisualScripting.Shared.Editor.dll
Symbol file LoadedFromMemory is not a mono symbol file
Symbol file data-00000161A2CF8040 doesn't match image C:\Users\asdf\Desktop\unity\ReactiveTurnBase\My project A\Library\ScriptAssemblies\UniTask.DOTween.dll
Symbol file LoadedFromMemory is not a mono symbol file
Symbol file data-00000161A2CF8040 doesn't match image C:\Users\asdf\Desktop\unity\ReactiveTurnBase\My project A\Library\ScriptAssemblies\UniTask.Addressables.dll
Symbol file LoadedFromMemory is not a mono symbol file
Symbol file data-00000161AC8CC010 doesn't match image C:\Users\asdf\Desktop\unity\ReactiveTurnBase\My project A\Library\ScriptAssemblies\UnityEditor.UI.dll
Symbol file LoadedFromMemory is not a mono symbol file
Symbol file data-00000161A2781020 doesn't match image C:\Users\asdf\Desktop\unity\ReactiveTurnBase\My project A\Library\ScriptAssemblies\Unity.VisualScripting.Core.dll
Symbol file LoadedFromMemory is not a mono symbol file
Symbol file data-00000161AB1E6030 doesn't match image C:\Users\asdf\Desktop\unity\ReactiveTurnBase\My project A\Library\ScriptAssemblies\UnityEngine.UI.dll
Symbol file LoadedFromMemory is not a mono symbol file
Symbol file data-00000161AD80F010 doesn't match image C:\Users\asdf\Desktop\unity\ReactiveTurnBase\My project A\Library\ScriptAssemblies\UniTask.Editor.dll
Symbol file LoadedFromMemory is not a mono symbol file
Symbol file data-00000161A1CBA010 doesn't match image C:\Users\asdf\Desktop\unity\ReactiveTurnBase\My project A\Library\ScriptAssemblies\Unity.VisualScripting.Core.Editor.dll
Symbol file LoadedFromMemory is not a mono symbol file
Symbol file data-00000161A1BC1020 doesn't match image C:\Users\asdf\Desktop\unity\ReactiveTurnBase\My project A\Library\ScriptAssemblies\UniTask.Linq.dll
Symbol file LoadedFromMemory is not a mono symbol file
Symbol file data-00000161A181F020 doesn't match image C:\Users\asdf\Desktop\unity\ReactiveTurnBase\My project A\Library\ScriptAssemblies\Unity.VisualScripting.Flow.dll
Symbol file LoadedFromMemory is not a mono symbol file
Symbol file data-00000161AC5E6810 doesn't match image C:\Users\asdf\Desktop\unity\ReactiveTurnBase\My project A\Library\ScriptAssemblies\Unity.VisualScripting.Flow.Editor.dll
Symbol file LoadedFromMemory is not a mono symbol file
Symbol file data-00000161AB688010 doesn't match image C:\Users\asdf\Desktop\unity\ReactiveTurnBase\My project A\Library\ScriptAssemblies\Unity.Timeline.dll
Symbol file LoadedFromMemory is not a mono symbol file
Symbol file data-000001617F90D020 doesn't match image C:\Users\asdf\Desktop\unity\ReactiveTurnBase\My project A\Library\ScriptAssemblies\Unity.InputSystem.dll
Symbol file LoadedFromMemory is not a mono symbol file
Symbol file data-00000161A262AA90 doesn't match image C:\Users\asdf\Desktop\unity\ReactiveTurnBase\My project A\Library\ScriptAssemblies\Unity.InputSystem.ForUI.dll
Symbol file LoadedFromMemory is not a mono symbol file
Symbol file data-00000161A262AA90 doesn't match image C:\Users\asdf\Desktop\unity\ReactiveTurnBase\My project A\Library\ScriptAssemblies\Unity.TestTools.CodeCoverage.Editor.OpenCover.Mono.Reflection.dll
Symbol file LoadedFromMemory is not a mono symbol file
Symbol file data-00000161A2BDC270 doesn't match image C:\Users\asdf\Desktop\unity\ReactiveTurnBase\My project A\Library\ScriptAssemblies\Unity.VisualScripting.SettingsProvider.Editor.dll
Symbol file LoadedFromMemory is not a mono symbol file
Symbol file data-00000161A1D90010 doesn't match image C:\Users\asdf\Desktop\unity\ReactiveTurnBase\My project A\Library\ScriptAssemblies\Unity.Performance.Profile-Analyzer.Editor.dll
Symbol file LoadedFromMemory is not a mono symbol file
Symbol file data-00000161AB190080 doesn't match image C:\Users\asdf\Desktop\unity\ReactiveTurnBase\My project A\Library\ScriptAssemblies\Unity.TestTools.CodeCoverage.Editor.dll
Symbol file LoadedFromMemory is not a mono symbol file
Symbol file data-000001617F3FA340 doesn't match image C:\Users\asdf\Desktop\unity\ReactiveTurnBase\My project A\Library\ScriptAssemblies\Unity.TestTools.CodeCoverage.Editor.OpenCover.Model.dll
Symbol file LoadedFromMemory is not a mono symbol file
Symbol file data-00000161A14948A0 doesn't match image C:\Users\asdf\Desktop\unity\ReactiveTurnBase\My project A\Library\ScriptAssemblies\Unity.VisualScripting.State.Editor.dll
Symbol file LoadedFromMemory is not a mono symbol file
Symbol file data-000001617F3FA340 doesn't match image C:\Users\asdf\Desktop\unity\ReactiveTurnBase\My project A\Library\ScriptAssemblies\Unity.Settings.Editor.dll
Symbol file LoadedFromMemory is not a mono symbol file
Symbol file data-000001617F3FA340 doesn't match image C:\Users\asdf\Desktop\unity\ReactiveTurnBase\My project A\Library\ScriptAssemblies\Unity.CollabProxy.Editor.dll
Symbol file LoadedFromMemory is not a mono symbol file
Symbol file data-00000161A181F020 doesn't match image C:\Users\asdf\Desktop\unity\ReactiveTurnBase\My project A\Library\ScriptAssemblies\Unity.TextMeshPro.dll
Symbol file LoadedFromMemory is not a mono symbol file
Symbol file data-00000161ADDE9D50 doesn't match image C:\Users\asdf\Desktop\unity\ReactiveTurnBase\My project A\Library\ScriptAssemblies\Unity.TextMeshPro.Editor.dll
Symbol file LoadedFromMemory is not a mono symbol file
Symbol file data-00000161AD0FD020 doesn't match image C:\Users\asdf\Desktop\unity\ReactiveTurnBase\My project A\Library\ScriptAssemblies\UniTask.dll
Symbol file LoadedFromMemory is not a mono symbol file
Symbol file data-000001617FAE7730 doesn't match image C:\Users\asdf\Desktop\unity\ReactiveTurnBase\My project A\Library\ScriptAssemblies\Unity.VisualScripting.State.dll
Symbol file LoadedFromMemory is not a mono symbol file
Symbol file data-000001617FAE7730 doesn't match image C:\Users\asdf\Desktop\unity\ReactiveTurnBase\My project A\Library\ScriptAssemblies\Unity.VSCode.Editor.dll
Symbol file LoadedFromMemory is not a mono symbol file
- Loaded All Assemblies, in  0.451 seconds
Native extension for WindowsStandalone target not found
Native extension for Android target not found
Mono: successfully reloaded assembly
- Finished resetting the current domain, in  0.931 seconds
Domain Reload Profiling: 1379ms
	BeginReloadAssembly (133ms)
		ExecutionOrderSort (0ms)
		DisableScriptedObjects (6ms)
		BackupInstance (0ms)
		ReleaseScriptingObjects (0ms)
		CreateAndSetChildDomain (29ms)
	RebuildCommonClasses (26ms)
	RebuildNativeTypeToScriptingClass (8ms)
	initialDomainReloadingComplete (30ms)
	LoadAllAssembliesAndSetupDomain (251ms)
		LoadAssemblies (283ms)
		RebuildTransferFunctionScriptingTraits (0ms)
		AnalyzeDomain (37ms)
			TypeCache.Refresh (11ms)
				TypeCache.ScanAssembly (3ms)
			ScanForSourceGeneratedMonoScriptInfo (18ms)
			ResolveRequiredComponents (7ms)
	FinalizeReload (932ms)
		ReleaseScriptCaches (0ms)
		RebuildScriptCaches (0ms)
		SetupLoadedEditorAssemblies (473ms)
			LogAssemblyErrors (0ms)
			InitializePlatformSupportModulesInManaged (17ms)
			SetLoadedEditorAssemblies (5ms)
			RefreshPlugins (0ms)
			BeforeProcessingInitializeOnLoad (86ms)
			ProcessInitializeOnLoadAttributes (332ms)
			ProcessInitializeOnLoadMethodAttributes (27ms)
			AfterProcessingInitializeOnLoad (6ms)
			EditorAssembliesLoaded (0ms)
		ExecutionOrderSort2 (0ms)
		AwakeInstancesAfterBackupRestoration (5ms)
Refreshing native plugins compatible for Editor in 4.43 ms, found 3 plugins.
Preloading 0 native plugins for Editor in 0.00 ms.
Unloading 3940 Unused Serialized files (Serialized files now loaded: 0)
Unloading 22 unused Assets / (32.7 KB). Loaded Objects now: 4475.
Memory consumption went from 220.0 MB to 219.9 MB.
Total: 3.063500 ms (FindLiveObjects: 0.247300 ms CreateObjectMapping: 0.189500 ms MarkObjects: 2.581200 ms  DeleteObjects: 0.044900 ms)

Prepare: number of updated asset objects reloaded= 0
AssetImportParameters requested are different than current active one (requested -> active):
  custom:container-demuxer-ogg: 62fdf1f143b41e24485cea50d1cbac27 -> 
  custom:scripting/monoscript/fileName/GroggyBar.cs: 100a61dadfc5e32941fd0f737636facf -> 
  custom:video-decoder-ogg-theora: a1e56fd34408186e4bbccfd4996cb3dc -> 
  custom:framework-win-MediaFoundation: 216162199b28c13a410421893ffa2e32 -> 
  custom:CustomObjectIndexerAttribute: 9a22284fe3817be447336de3de66b15e -> 
  custom:container-demuxer-webm: 4f35f7cbe854078d1ac9338744f61a02 -> 
  custom:container-muxer-webm: aa71ff27fc2769a1b78a27578f13a17b -> 
  custom:video-decoder-webm-vp8: 9c59270c3fd7afecdb556c50c9e8de78 -> 
  custom:SearchIndexIgnoredProperties: e643bd26f0fe6173181afceb89e7c659 -> 
  custom:AudioImporter_EditorPlatform: d09bf68614088b80899f8185d706f6e7 -> 
  custom:video-encoder-webm-vp8: eb34c28f22e8b96e1ab97ce403110664 -> 
  custom:scripting/monoscript/fileName/GroggyBarFollower.cs: 819d994350b9b9cabf3c84cf4da82ff6 -> 
  custom:audio-decoder-ogg-vorbis: bf7c407c2cedff20999df2af8eb42d56 -> 
  custom:audio-encoder-webm-vorbis: bf7c407c2cedff20999df2af8eb42d56 -> 
  custom:scripting/precompiled-assembly-types:Assembly-CSharp: 2a93528415082e56e879f168f57a5807 -> 1476765af81e86739e20042d8f5f0532
========================================================================
Received Import Request.
  Time since last request: 29.188403 seconds.
  path: Assets/2.Model/Prefabs/player1.prefab
  artifactKey: Guid(3e95b49165f9ae640bc4d9619235bf8a) Importer(815301076,1909f56bfc062723c751e8b465ee728b)
Start importing Assets/2.Model/Prefabs/player1.prefab using Guid(3e95b49165f9ae640bc4d9619235bf8a) Importer(815301076,1909f56bfc062723c751e8b465ee728b) [PhysX] Initialized MultithreadedTaskDispatcher with 12 workers.
[PhysX] Initialized MultithreadedTaskDispatcher with 12 workers.
 -> (artifact id: '7445ed4ec08c65b492000393278b448c') in 0.187250 seconds
Number of updated asset objects reloaded before import = 0
Number of asset objects unloaded after import = 287
========================================================================
Received Import Request.
  Time since last request: 7.783039 seconds.
  path: Assets/2.Model/Prefabs/player2.prefab
  artifactKey: Guid(a7ae97fccec4a2e4fbdc1566521b760b) Importer(815301076,1909f56bfc062723c751e8b465ee728b)
Start importing Assets/2.Model/Prefabs/player2.prefab using Guid(a7ae97fccec4a2e4fbdc1566521b760b) Importer(815301076,1909f56bfc062723c751e8b465ee728b) [PhysX] Initialized MultithreadedTaskDispatcher with 12 workers.
[PhysX] Initialized MultithreadedTaskDispatcher with 12 workers.
 -> (artifact id: '540e44e03a54256fbd46b2616cde60fb') in 0.054803 seconds
Number of updated asset objects reloaded before import = 0
Number of asset objects unloaded after import = 286
========================================================================
Received Import Request.
  Time since last request: 8.983429 seconds.
  path: Assets/2.Model/Prefabs/Goblinenemy1.prefab
  artifactKey: Guid(537749e1c47b2da41b7c1d1ae7c92ba5) Importer(815301076,1909f56bfc062723c751e8b465ee728b)
Start importing Assets/2.Model/Prefabs/Goblinenemy1.prefab using Guid(537749e1c47b2da41b7c1d1ae7c92ba5) Importer(815301076,1909f56bfc062723c751e8b465ee728b) [PhysX] Initialized MultithreadedTaskDispatcher with 12 workers.
[PhysX] Initialized MultithreadedTaskDispatcher with 12 workers.
 -> (artifact id: 'f5f21ff3b65263722162ff151272f6fe') in 0.047048 seconds
Number of updated asset objects reloaded before import = 0
Number of asset objects unloaded after import = 268
========================================================================
Received Import Request.
  Time since last request: 41.981774 seconds.
  path: Assets/2.Model/Prefabs/Goblinenemy2.prefab
  artifactKey: Guid(8f10eb2fb462f234581eb15a6dc9238d) Importer(815301076,1909f56bfc062723c751e8b465ee728b)
Start importing Assets/2.Model/Prefabs/Goblinenemy2.prefab using Guid(8f10eb2fb462f234581eb15a6dc9238d) Importer(815301076,1909f56bfc062723c751e8b465ee728b) [PhysX] Initialized MultithreadedTaskDispatcher with 12 workers.
[PhysX] Initialized MultithreadedTaskDispatcher with 12 workers.
 -> (artifact id: '88703adc9fff7ce5787c20d865db8481') in 0.050356 seconds
Number of updated asset objects reloaded before import = 0
Number of asset objects unloaded after import = 272
========================================================================
Received Import Request.
  Time since last request: 0.727904 seconds.
  path: Assets/2.Model/Prefabs/enemy1.prefab
  artifactKey: Guid(eecb71454fb0a5647a24e077e00ef09e) Importer(815301076,1909f56bfc062723c751e8b465ee728b)
Start importing Assets/2.Model/Prefabs/enemy1.prefab using Guid(eecb71454fb0a5647a24e077e00ef09e) Importer(815301076,1909f56bfc062723c751e8b465ee728b) [PhysX] Initialized MultithreadedTaskDispatcher with 12 workers.
[PhysX] Initialized MultithreadedTaskDispatcher with 12 workers.
 -> (artifact id: '8cf64b35bf14e37461217c106ec01029') in 0.048428 seconds
Number of updated asset objects reloaded before import = 0
Number of asset objects unloaded after import = 279
========================================================================
Received Import Request.
  Time since last request: 100.829235 seconds.
  path: Assets/2.Model/Prefabs/FireWall.prefab
  artifactKey: Guid(9e20e8633470b2742b8d944169fdba31) Importer(815301076,1909f56bfc062723c751e8b465ee728b)
Start importing Assets/2.Model/Prefabs/FireWall.prefab using Guid(9e20e8633470b2742b8d944169fdba31) Importer(815301076,1909f56bfc062723c751e8b465ee728b) [PhysX] Initialized MultithreadedTaskDispatcher with 12 workers.
[PhysX] Initialized MultithreadedTaskDispatcher with 12 workers.
 -> (artifact id: '09907ee8cdea1de71b409b035050c5b2') in 0.009808 seconds
Number of updated asset objects reloaded before import = 0
Number of asset objects unloaded after import = 18
========================================================================
Received Import Request.
  Time since last request: 7.915649 seconds.
  path: Assets/2.Model/Prefabs/Grogbar.prefab
  artifactKey: Guid(7f5e70fe0f1889b4d8fa43e022ebad62) Importer(815301076,1909f56bfc062723c751e8b465ee728b)
Start importing Assets/2.Model/Prefabs/Grogbar.prefab using Guid(7f5e70fe0f1889b4d8fa43e022ebad62) Importer(815301076,1909f56bfc062723c751e8b465ee728b) [PhysX] Initialized MultithreadedTaskDispatcher with 12 workers.
 -> (artifact id: 'd21632a1c1805eb9e171d269cf3dd6b9') in 0.004927 seconds
Number of updated asset objects reloaded before import = 0
Number of asset objects unloaded after import = 12
========================================================================
Received Import Request.
  Time since last request: 66.075639 seconds.
  path: Assets/2.Model/Prefabs/Grogbar.prefab
  artifactKey: Guid(7f5e70fe0f1889b4d8fa43e022ebad62) Importer(815301076,1909f56bfc062723c751e8b465ee728b)
Start importing Assets/2.Model/Prefabs/Grogbar.prefab using Guid(7f5e70fe0f1889b4d8fa43e022ebad62) Importer(815301076,1909f56bfc062723c751e8b465ee728b) [PhysX] Initialized MultithreadedTaskDispatcher with 12 workers.
 -> (artifact id: 'dccdd70a55eab4c5f8c2438ee8879ba7') in 0.002362 seconds
Number of updated asset objects reloaded before import = 0
Number of asset objects unloaded after import = 14
========================================================================
Received Import Request.
  Time since last request: 34.847581 seconds.
  path: Assets/3.Script/Units/Unit.cs
  artifactKey: Guid(a5c4310177efced46b1969b13da2ffcf) Importer(815301076,1909f56bfc062723c751e8b465ee728b)
Start importing Assets/3.Script/Units/Unit.cs using Guid(a5c4310177efced46b1969b13da2ffcf) Importer(815301076,1909f56bfc062723c751e8b465ee728b) [PhysX] Initialized MultithreadedTaskDispatcher with 12 workers.
 -> (artifact id: '814b542ad601d108e2b0b03127edfd51') in 0.000425 seconds
Number of updated asset objects reloaded before import = 0
Number of asset objects unloaded after import = 0
========================================================================
Received Prepare
Caller must complete domain reload
Begin MonoManager ReloadAssembly
Symbol file data-00000161AC4AC6D0 doesn't match image C:\Users\asdf\Desktop\unity\ReactiveTurnBase\My project A\Library\ScriptAssemblies\Unity.EditorCoroutines.Editor.dll
Symbol file LoadedFromMemory is not a mono symbol file
Symbol file data-00000161AD837040 doesn't match image C:\Users\asdf\Desktop\unity\ReactiveTurnBase\My project A\Library\ScriptAssemblies\UniTask.TextMeshPro.dll
Symbol file LoadedFromMemory is not a mono symbol file
Symbol file data-00000161A127F020 doesn't match image C:\Users\asdf\Desktop\unity\ReactiveTurnBase\My project A\Library\ScriptAssemblies\Unity.Timeline.Editor.dll
Symbol file LoadedFromMemory is not a mono symbol file
Symbol file data-00000161AD3AE020 doesn't match image C:\Users\asdf\Desktop\unity\ReactiveTurnBase\My project A\Library\ScriptAssemblies\Unity.VisualScripting.Shared.Editor.dll
Symbol file LoadedFromMemory is not a mono symbol file
Symbol file data-00000161AD83A850 doesn't match image C:\Users\asdf\Desktop\unity\ReactiveTurnBase\My project A\Library\ScriptAssemblies\UniTask.DOTween.dll
Symbol file LoadedFromMemory is not a mono symbol file
Symbol file data-00000161AD83A850 doesn't match image C:\Users\asdf\Desktop\unity\ReactiveTurnBase\My project A\Library\ScriptAssemblies\UniTask.Addressables.dll
Symbol file LoadedFromMemory is not a mono symbol file
Symbol file data-00000161AC8CC010 doesn't match image C:\Users\asdf\Desktop\unity\ReactiveTurnBase\My project A\Library\ScriptAssemblies\UnityEditor.UI.dll
Symbol file LoadedFromMemory is not a mono symbol file
Symbol file data-00000161AC9CA020 doesn't match image C:\Users\asdf\Desktop\unity\ReactiveTurnBase\My project A\Library\ScriptAssemblies\Unity.VisualScripting.Core.dll
Symbol file LoadedFromMemory is not a mono symbol file
Symbol file data-00000161AB1E6030 doesn't match image C:\Users\asdf\Desktop\unity\ReactiveTurnBase\My project A\Library\ScriptAssemblies\UnityEngine.UI.dll
Symbol file LoadedFromMemory is not a mono symbol file
Symbol file data-00000161AD6BB2D0 doesn't match image C:\Users\asdf\Desktop\unity\ReactiveTurnBase\My project A\Library\ScriptAssemblies\UniTask.Editor.dll
Symbol file LoadedFromMemory is not a mono symbol file
Symbol file data-00000161A1CBA010 doesn't match image C:\Users\asdf\Desktop\unity\ReactiveTurnBase\My project A\Library\ScriptAssemblies\Unity.VisualScripting.Core.Editor.dll
Symbol file LoadedFromMemory is not a mono symbol file
Symbol file data-00000161A1BC1020 doesn't match image C:\Users\asdf\Desktop\unity\ReactiveTurnBase\My project A\Library\ScriptAssemblies\UniTask.Linq.dll
Symbol file LoadedFromMemory is not a mono symbol file
Symbol file data-00000161A181F020 doesn't match image C:\Users\asdf\Desktop\unity\ReactiveTurnBase\My project A\Library\ScriptAssemblies\Unity.VisualScripting.Flow.dll
Symbol file LoadedFromMemory is not a mono symbol file
Symbol file data-00000161AC5E6810 doesn't match image C:\Users\asdf\Desktop\unity\ReactiveTurnBase\My project A\Library\ScriptAssemblies\Unity.VisualScripting.Flow.Editor.dll
Symbol file LoadedFromMemory is not a mono symbol file
Symbol file data-00000161AB43C040 doesn't match image C:\Users\asdf\Desktop\unity\ReactiveTurnBase\My project A\Library\ScriptAssemblies\Unity.Timeline.dll
Symbol file LoadedFromMemory is not a mono symbol file
Symbol file data-000001617F90D020 doesn't match image C:\Users\asdf\Desktop\unity\ReactiveTurnBase\My project A\Library\ScriptAssemblies\Unity.InputSystem.dll
Symbol file LoadedFromMemory is not a mono symbol file
Symbol file data-00000161AD83A850 doesn't match image C:\Users\asdf\Desktop\unity\ReactiveTurnBase\My project A\Library\ScriptAssemblies\Unity.InputSystem.ForUI.dll
Symbol file LoadedFromMemory is not a mono symbol file
Symbol file data-00000161A262AA90 doesn't match image C:\Users\asdf\Desktop\unity\ReactiveTurnBase\My project A\Library\ScriptAssemblies\Unity.TestTools.CodeCoverage.Editor.OpenCover.Mono.Reflection.dll
Symbol file LoadedFromMemory is not a mono symbol file
Symbol file data-00000161A33B4EE0 doesn't match image C:\Users\asdf\Desktop\unity\ReactiveTurnBase\My project A\Library\ScriptAssemblies\Unity.VisualScripting.SettingsProvider.Editor.dll
Symbol file LoadedFromMemory is not a mono symbol file
Symbol file data-000001617FD5B030 doesn't match image C:\Users\asdf\Desktop\unity\ReactiveTurnBase\My project A\Library\ScriptAssemblies\Unity.Performance.Profile-Analyzer.Editor.dll
Symbol file LoadedFromMemory is not a mono symbol file
Symbol file data-00000161ACA9C030 doesn't match image C:\Users\asdf\Desktop\unity\ReactiveTurnBase\My project A\Library\ScriptAssemblies\Unity.TestTools.CodeCoverage.Editor.dll
Symbol file LoadedFromMemory is not a mono symbol file
Symbol file data-000001617F5849D0 doesn't match image C:\Users\asdf\Desktop\unity\ReactiveTurnBase\My project A\Library\ScriptAssemblies\Unity.TestTools.CodeCoverage.Editor.OpenCover.Model.dll
Symbol file LoadedFromMemory is not a mono symbol file
Symbol file data-00000161AC8CC010 doesn't match image C:\Users\asdf\Desktop\unity\ReactiveTurnBase\My project A\Library\ScriptAssemblies\Unity.VisualScripting.State.Editor.dll
Symbol file LoadedFromMemory is not a mono symbol file
Symbol file data-000001617F3FA340 doesn't match image C:\Users\asdf\Desktop\unity\ReactiveTurnBase\My project A\Library\ScriptAssemblies\Unity.Settings.Editor.dll
Symbol file LoadedFromMemory is not a mono symbol file
Symbol file data-000001617F5849D0 doesn't match image C:\Users\asdf\Desktop\unity\ReactiveTurnBase\My project A\Library\ScriptAssemblies\Unity.CollabProxy.Editor.dll
Symbol file LoadedFromMemory is not a mono symbol file
Symbol file data-00000161A181F020 doesn't match image C:\Users\asdf\Desktop\unity\ReactiveTurnBase\My project A\Library\ScriptAssemblies\Unity.TextMeshPro.dll
Symbol file LoadedFromMemory is not a mono symbol file
Symbol file data-00000161ADDE9D50 doesn't match image C:\Users\asdf\Desktop\unity\ReactiveTurnBase\My project A\Library\ScriptAssemblies\Unity.TextMeshPro.Editor.dll
Symbol file LoadedFromMemory is not a mono symbol file
Symbol file data-00000161A19EF030 doesn't match image C:\Users\asdf\Desktop\unity\ReactiveTurnBase\My project A\Library\ScriptAssemblies\UniTask.dll
Symbol file LoadedFromMemory is not a mono symbol file
Symbol file data-000001617F5849D0 doesn't match image C:\Users\asdf\Desktop\unity\ReactiveTurnBase\My project A\Library\ScriptAssemblies\Unity.VisualScripting.State.dll
Symbol file LoadedFromMemory is not a mono symbol file
Symbol file data-000001617F5849D0 doesn't match image C:\Users\asdf\Desktop\unity\ReactiveTurnBase\My project A\Library\ScriptAssemblies\Unity.VSCode.Editor.dll
Symbol file LoadedFromMemory is not a mono symbol file
- Loaded All Assemblies, in  0.453 seconds
Native extension for WindowsStandalone target not found
Native extension for Android target not found
Mono: successfully reloaded assembly
- Finished resetting the current domain, in  1.006 seconds
Domain Reload Profiling: 1457ms
	BeginReloadAssembly (140ms)
		ExecutionOrderSort (0ms)
		DisableScriptedObjects (8ms)
		BackupInstance (0ms)
		ReleaseScriptingObjects (0ms)
		CreateAndSetChildDomain (37ms)
	RebuildCommonClasses (25ms)
	RebuildNativeTypeToScriptingClass (8ms)
	initialDomainReloadingComplete (26ms)
	LoadAllAssembliesAndSetupDomain (251ms)
		LoadAssemblies (287ms)
		RebuildTransferFunctionScriptingTraits (0ms)
		AnalyzeDomain (30ms)
			TypeCache.Refresh (10ms)
				TypeCache.ScanAssembly (3ms)
			ScanForSourceGeneratedMonoScriptInfo (11ms)
			ResolveRequiredComponents (7ms)
	FinalizeReload (1006ms)
		ReleaseScriptCaches (0ms)
		RebuildScriptCaches (0ms)
		SetupLoadedEditorAssemblies (543ms)
			LogAssemblyErrors (0ms)
			InitializePlatformSupportModulesInManaged (20ms)
			SetLoadedEditorAssemblies (6ms)
			RefreshPlugins (0ms)
			BeforeProcessingInitializeOnLoad (95ms)
			ProcessInitializeOnLoadAttributes (381ms)
			ProcessInitializeOnLoadMethodAttributes (30ms)
			AfterProcessingInitializeOnLoad (10ms)
			EditorAssembliesLoaded (0ms)
		ExecutionOrderSort2 (0ms)
		AwakeInstancesAfterBackupRestoration (5ms)
Refreshing native plugins compatible for Editor in 3.80 ms, found 3 plugins.
Preloading 0 native plugins for Editor in 0.00 ms.
Unloading 3940 Unused Serialized files (Serialized files now loaded: 0)
Unloading 24 unused Assets / (61.6 KB). Loaded Objects now: 4486.
Memory consumption went from 225.3 MB to 225.2 MB.
Total: 3.153000 ms (FindLiveObjects: 0.271400 ms CreateObjectMapping: 0.232700 ms MarkObjects: 2.543700 ms  DeleteObjects: 0.104300 ms)

Prepare: number of updated asset objects reloaded= 0
AssetImportParameters requested are different than current active one (requested -> active):
  custom:container-demuxer-ogg: 62fdf1f143b41e24485cea50d1cbac27 -> 
  custom:scripting/monoscript/fileName/GroggyBar.cs: 100a61dadfc5e32941fd0f737636facf -> 
  custom:video-decoder-ogg-theora: a1e56fd34408186e4bbccfd4996cb3dc -> 
  custom:framework-win-MediaFoundation: 216162199b28c13a410421893ffa2e32 -> 
  custom:CustomObjectIndexerAttribute: 9a22284fe3817be447336de3de66b15e -> 
  custom:container-demuxer-webm: 4f35f7cbe854078d1ac9338744f61a02 -> 
  custom:container-muxer-webm: aa71ff27fc2769a1b78a27578f13a17b -> 
  custom:video-decoder-webm-vp8: 9c59270c3fd7afecdb556c50c9e8de78 -> 
  custom:SearchIndexIgnoredProperties: e643bd26f0fe6173181afceb89e7c659 -> 
  custom:AudioImporter_EditorPlatform: d09bf68614088b80899f8185d706f6e7 -> 
  custom:video-encoder-webm-vp8: eb34c28f22e8b96e1ab97ce403110664 -> 
  custom:scripting/monoscript/fileName/GroggyBarFollower.cs: 819d994350b9b9cabf3c84cf4da82ff6 -> 
  custom:audio-decoder-ogg-vorbis: bf7c407c2cedff20999df2af8eb42d56 -> 
  custom:audio-encoder-webm-vorbis: bf7c407c2cedff20999df2af8eb42d56 -> 
  custom:scripting/precompiled-assembly-types:Assembly-CSharp: 2a93528415082e56e879f168f57a5807 -> 1476765af81e86739e20042d8f5f0532
========================================================================
Received Prepare
Caller must complete domain reload
Begin MonoManager ReloadAssembly
Symbol file data-00000161A2C935D0 doesn't match image C:\Users\asdf\Desktop\unity\ReactiveTurnBase\My project A\Library\ScriptAssemblies\Unity.EditorCoroutines.Editor.dll
Symbol file LoadedFromMemory is not a mono symbol file
Symbol file data-00000161AD5D4010 doesn't match image C:\Users\asdf\Desktop\unity\ReactiveTurnBase\My project A\Library\ScriptAssemblies\UniTask.TextMeshPro.dll
Symbol file LoadedFromMemory is not a mono symbol file
Symbol file data-00000161A127F020 doesn't match image C:\Users\asdf\Desktop\unity\ReactiveTurnBase\My project A\Library\ScriptAssemblies\Unity.Timeline.Editor.dll
Symbol file LoadedFromMemory is not a mono symbol file
Symbol file data-00000161AD57E010 doesn't match image C:\Users\asdf\Desktop\unity\ReactiveTurnBase\My project A\Library\ScriptAssemblies\Unity.VisualScripting.Shared.Editor.dll
Symbol file LoadedFromMemory is not a mono symbol file
Symbol file data-00000161AD5D7820 doesn't match image C:\Users\asdf\Desktop\unity\ReactiveTurnBase\My project A\Library\ScriptAssemblies\UniTask.DOTween.dll
Symbol file LoadedFromMemory is not a mono symbol file
Symbol file data-00000161AD5D7820 doesn't match image C:\Users\asdf\Desktop\unity\ReactiveTurnBase\My project A\Library\ScriptAssemblies\UniTask.Addressables.dll
Symbol file LoadedFromMemory is not a mono symbol file
Symbol file data-000001617F4FAAE0 doesn't match image C:\Users\asdf\Desktop\unity\ReactiveTurnBase\My project A\Library\ScriptAssemblies\UnityEditor.UI.dll
Symbol file LoadedFromMemory is not a mono symbol file
Symbol file data-00000161A2781020 doesn't match image C:\Users\asdf\Desktop\unity\ReactiveTurnBase\My project A\Library\ScriptAssemblies\Unity.VisualScripting.Core.dll
Symbol file LoadedFromMemory is not a mono symbol file
Symbol file data-00000161ACFC0010 doesn't match image C:\Users\asdf\Desktop\unity\ReactiveTurnBase\My project A\Library\ScriptAssemblies\UnityEngine.UI.dll
Symbol file LoadedFromMemory is not a mono symbol file
Symbol file data-00000161AC909B60 doesn't match image C:\Users\asdf\Desktop\unity\ReactiveTurnBase\My project A\Library\ScriptAssemblies\UniTask.Editor.dll
Symbol file LoadedFromMemory is not a mono symbol file
Symbol file data-00000161A1CBA010 doesn't match image C:\Users\asdf\Desktop\unity\ReactiveTurnBase\My project A\Library\ScriptAssemblies\Unity.VisualScripting.Core.Editor.dll
Symbol file LoadedFromMemory is not a mono symbol file
Symbol file data-00000161A1BC1020 doesn't match image C:\Users\asdf\Desktop\unity\ReactiveTurnBase\My project A\Library\ScriptAssemblies\UniTask.Linq.dll
Symbol file LoadedFromMemory is not a mono symbol file
Symbol file data-00000161A181F020 doesn't match image C:\Users\asdf\Desktop\unity\ReactiveTurnBase\My project A\Library\ScriptAssemblies\Unity.VisualScripting.Flow.dll
Symbol file LoadedFromMemory is not a mono symbol file
Symbol file data-00000161AC5E6810 doesn't match image C:\Users\asdf\Desktop\unity\ReactiveTurnBase\My project A\Library\ScriptAssemblies\Unity.VisualScripting.Flow.Editor.dll
Symbol file LoadedFromMemory is not a mono symbol file
Symbol file data-00000161AC5CC020 doesn't match image C:\Users\asdf\Desktop\unity\ReactiveTurnBase\My project A\Library\ScriptAssemblies\Unity.Timeline.dll
Symbol file LoadedFromMemory is not a mono symbol file
Symbol file data-000001617F90D020 doesn't match image C:\Users\asdf\Desktop\unity\ReactiveTurnBase\My project A\Library\ScriptAssemblies\Unity.InputSystem.dll
Symbol file LoadedFromMemory is not a mono symbol file
Symbol file data-00000161AD5D7820 doesn't match image C:\Users\asdf\Desktop\unity\ReactiveTurnBase\My project A\Library\ScriptAssemblies\Unity.InputSystem.ForUI.dll
Symbol file LoadedFromMemory is not a mono symbol file
Symbol file data-00000161A262AA90 doesn't match image C:\Users\asdf\Desktop\unity\ReactiveTurnBase\My project A\Library\ScriptAssemblies\Unity.TestTools.CodeCoverage.Editor.OpenCover.Mono.Reflection.dll
Symbol file LoadedFromMemory is not a mono symbol file
Symbol file data-000001617F3FA340 doesn't match image C:\Users\asdf\Desktop\unity\ReactiveTurnBase\My project A\Library\ScriptAssemblies\Unity.VisualScripting.SettingsProvider.Editor.dll
Symbol file LoadedFromMemory is not a mono symbol file
Symbol file data-00000161AC250080 doesn't match image C:\Users\asdf\Desktop\unity\ReactiveTurnBase\My project A\Library\ScriptAssemblies\Unity.Performance.Profile-Analyzer.Editor.dll
Symbol file LoadedFromMemory is not a mono symbol file
Symbol file data-00000161AB190080 doesn't match image C:\Users\asdf\Desktop\unity\ReactiveTurnBase\My project A\Library\ScriptAssemblies\Unity.TestTools.CodeCoverage.Editor.dll
Symbol file LoadedFromMemory is not a mono symbol file
Symbol file data-00000161AD3F8010 doesn't match image C:\Users\asdf\Desktop\unity\ReactiveTurnBase\My project A\Library\ScriptAssemblies\Unity.TestTools.CodeCoverage.Editor.OpenCover.Model.dll
Symbol file LoadedFromMemory is not a mono symbol file
Symbol file data-00000161ADD581C0 doesn't match image C:\Users\asdf\Desktop\unity\ReactiveTurnBase\My project A\Library\ScriptAssemblies\Unity.VisualScripting.State.Editor.dll
Symbol file LoadedFromMemory is not a mono symbol file
Symbol file data-00000161AD984010 doesn't match image C:\Users\asdf\Desktop\unity\ReactiveTurnBase\My project A\Library\ScriptAssemblies\Unity.Settings.Editor.dll
Symbol file LoadedFromMemory is not a mono symbol file
Symbol file data-000001617FAE7730 doesn't match image C:\Users\asdf\Desktop\unity\ReactiveTurnBase\My project A\Library\ScriptAssemblies\Unity.CollabProxy.Editor.dll
Symbol file LoadedFromMemory is not a mono symbol file
Symbol file data-00000161A181F020 doesn't match image C:\Users\asdf\Desktop\unity\ReactiveTurnBase\My project A\Library\ScriptAssemblies\Unity.TextMeshPro.dll
Symbol file LoadedFromMemory is not a mono symbol file
Symbol file data-00000161ADDE9D50 doesn't match image C:\Users\asdf\Desktop\unity\ReactiveTurnBase\My project A\Library\ScriptAssemblies\Unity.TextMeshPro.Editor.dll
Symbol file LoadedFromMemory is not a mono symbol file
Symbol file data-00000161A19EF030 doesn't match image C:\Users\asdf\Desktop\unity\ReactiveTurnBase\My project A\Library\ScriptAssemblies\UniTask.dll
Symbol file LoadedFromMemory is not a mono symbol file
Symbol file data-000001617FD0D450 doesn't match image C:\Users\asdf\Desktop\unity\ReactiveTurnBase\My project A\Library\ScriptAssemblies\Unity.VisualScripting.State.dll
Symbol file LoadedFromMemory is not a mono symbol file
Symbol file data-000001617FD0D450 doesn't match image C:\Users\asdf\Desktop\unity\ReactiveTurnBase\My project A\Library\ScriptAssemblies\Unity.VSCode.Editor.dll
Symbol file LoadedFromMemory is not a mono symbol file
- Loaded All Assemblies, in  0.433 seconds
Native extension for WindowsStandalone target not found
Native extension for Android target not found
Mono: successfully reloaded assembly
- Finished resetting the current domain, in  1.055 seconds
Domain Reload Profiling: 1485ms
	BeginReloadAssembly (134ms)
		ExecutionOrderSort (0ms)
		DisableScriptedObjects (5ms)
		BackupInstance (0ms)
		ReleaseScriptingObjects (0ms)
		CreateAndSetChildDomain (30ms)
	RebuildCommonClasses (26ms)
	RebuildNativeTypeToScriptingClass (8ms)
	initialDomainReloadingComplete (26ms)
	LoadAllAssembliesAndSetupDomain (236ms)
		LoadAssemblies (293ms)
		RebuildTransferFunctionScriptingTraits (0ms)
		AnalyzeDomain (13ms)
			TypeCache.Refresh (5ms)
				TypeCache.ScanAssembly (0ms)
			ScanForSourceGeneratedMonoScriptInfo (0ms)
			ResolveRequiredComponents (7ms)
	FinalizeReload (1055ms)
		ReleaseScriptCaches (0ms)
		RebuildScriptCaches (0ms)
		SetupLoadedEditorAssemblies (603ms)
			LogAssemblyErrors (0ms)
			InitializePlatformSupportModulesInManaged (21ms)
			SetLoadedEditorAssemblies (5ms)
			RefreshPlugins (0ms)
			BeforeProcessingInitializeOnLoad (109ms)
			ProcessInitializeOnLoadAttributes (419ms)
			ProcessInitializeOnLoadMethodAttributes (43ms)
			AfterProcessingInitializeOnLoad (7ms)
			EditorAssembliesLoaded (0ms)
		ExecutionOrderSort2 (0ms)
		AwakeInstancesAfterBackupRestoration (7ms)
Refreshing native plugins compatible for Editor in 4.95 ms, found 3 plugins.
Preloading 0 native plugins for Editor in 0.00 ms.
Unloading 3941 Unused Serialized files (Serialized files now loaded: 0)
Unloading 22 unused Assets / (32.8 KB). Loaded Objects now: 4489.
Memory consumption went from 225.5 MB to 225.4 MB.
Total: 5.212900 ms (FindLiveObjects: 0.286900 ms CreateObjectMapping: 0.246500 ms MarkObjects: 4.470500 ms  DeleteObjects: 0.207300 ms)

Prepare: number of updated asset objects reloaded= 0
AssetImportParameters requested are different than current active one (requested -> active):
  custom:container-demuxer-ogg: 62fdf1f143b41e24485cea50d1cbac27 -> 
  custom:scripting/monoscript/fileName/GroggyBar.cs: 100a61dadfc5e32941fd0f737636facf -> 
  custom:video-decoder-ogg-theora: a1e56fd34408186e4bbccfd4996cb3dc -> 
  custom:framework-win-MediaFoundation: 216162199b28c13a410421893ffa2e32 -> 
  custom:CustomObjectIndexerAttribute: 9a22284fe3817be447336de3de66b15e -> 
  custom:container-demuxer-webm: 4f35f7cbe854078d1ac9338744f61a02 -> 
  custom:container-muxer-webm: aa71ff27fc2769a1b78a27578f13a17b -> 
  custom:video-decoder-webm-vp8: 9c59270c3fd7afecdb556c50c9e8de78 -> 
  custom:SearchIndexIgnoredProperties: e643bd26f0fe6173181afceb89e7c659 -> 
  custom:AudioImporter_EditorPlatform: d09bf68614088b80899f8185d706f6e7 -> 
  custom:video-encoder-webm-vp8: eb34c28f22e8b96e1ab97ce403110664 -> 
  custom:scripting/monoscript/fileName/GroggyBarFollower.cs: 819d994350b9b9cabf3c84cf4da82ff6 -> 
  custom:audio-decoder-ogg-vorbis: bf7c407c2cedff20999df2af8eb42d56 -> 
  custom:audio-encoder-webm-vorbis: bf7c407c2cedff20999df2af8eb42d56 -> 
  custom:scripting/precompiled-assembly-types:Assembly-CSharp: 2a93528415082e56e879f168f57a5807 -> 1476765af81e86739e20042d8f5f0532
========================================================================
Received Import Request.
  Time since last request: 404.422270 seconds.
  path: Assets/3.Script/DataDTO/DataManager.cs
  artifactKey: Guid(4e00ba05f1313ee458e6d905ce944180) Importer(815301076,1909f56bfc062723c751e8b465ee728b)
Start importing Assets/3.Script/DataDTO/DataManager.cs using Guid(4e00ba05f1313ee458e6d905ce944180) Importer(815301076,1909f56bfc062723c751e8b465ee728b) [PhysX] Initialized MultithreadedTaskDispatcher with 12 workers.
 -> (artifact id: 'e2081a67a17b4501ecc5117e7cb50ce7') in 0.001730 seconds
Number of updated asset objects reloaded before import = 0
Number of asset objects unloaded after import = 0
========================================================================
Received Import Request.
  Time since last request: 39.345791 seconds.
  path: Assets/3.Script/DataDTO/DataManager.cs
  artifactKey: Guid(4e00ba05f1313ee458e6d905ce944180) Importer(815301076,1909f56bfc062723c751e8b465ee728b)
Start importing Assets/3.Script/DataDTO/DataManager.cs using Guid(4e00ba05f1313ee458e6d905ce944180) Importer(815301076,1909f56bfc062723c751e8b465ee728b) [PhysX] Initialized MultithreadedTaskDispatcher with 12 workers.
 -> (artifact id: '67b74fb721bd355711925ab2e79c267d') in 0.000422 seconds
Number of updated asset objects reloaded before import = 0
Number of asset objects unloaded after import = 0
========================================================================
Received Prepare
Caller must complete domain reload
Begin MonoManager ReloadAssembly
Symbol file data-00000161A33B4EE0 doesn't match image C:\Users\asdf\Desktop\unity\ReactiveTurnBase\My project A\Library\ScriptAssemblies\Unity.EditorCoroutines.Editor.dll
Symbol file LoadedFromMemory is not a mono symbol file
Symbol file data-00000161A18FF010 doesn't match image C:\Users\asdf\Desktop\unity\ReactiveTurnBase\My project A\Library\ScriptAssemblies\UniTask.TextMeshPro.dll
Symbol file LoadedFromMemory is not a mono symbol file
Symbol file data-00000161A127F020 doesn't match image C:\Users\asdf\Desktop\unity\ReactiveTurnBase\My project A\Library\ScriptAssemblies\Unity.Timeline.Editor.dll
Symbol file LoadedFromMemory is not a mono symbol file
Symbol file data-00000161A18FF010 doesn't match image C:\Users\asdf\Desktop\unity\ReactiveTurnBase\My project A\Library\ScriptAssemblies\Unity.VisualScripting.Shared.Editor.dll
Symbol file LoadedFromMemory is not a mono symbol file
Symbol file data-00000161A18FF010 doesn't match image C:\Users\asdf\Desktop\unity\ReactiveTurnBase\My project A\Library\ScriptAssemblies\UniTask.DOTween.dll
Symbol file LoadedFromMemory is not a mono symbol file
Symbol file data-00000161A18FF010 doesn't match image C:\Users\asdf\Desktop\unity\ReactiveTurnBase\My project A\Library\ScriptAssemblies\UniTask.Addressables.dll
Symbol file LoadedFromMemory is not a mono symbol file
Symbol file data-000001617F4FAAE0 doesn't match image C:\Users\asdf\Desktop\unity\ReactiveTurnBase\My project A\Library\ScriptAssemblies\UnityEditor.UI.dll
Symbol file LoadedFromMemory is not a mono symbol file
Symbol file data-00000161AC9CA020 doesn't match image C:\Users\asdf\Desktop\unity\ReactiveTurnBase\My project A\Library\ScriptAssemblies\Unity.VisualScripting.Core.dll
Symbol file LoadedFromMemory is not a mono symbol file
Symbol file data-00000161AB1E6030 doesn't match image C:\Users\asdf\Desktop\unity\ReactiveTurnBase\My project A\Library\ScriptAssemblies\UnityEngine.UI.dll
Symbol file LoadedFromMemory is not a mono symbol file
Symbol file data-00000161AB198090 doesn't match image C:\Users\asdf\Desktop\unity\ReactiveTurnBase\My project A\Library\ScriptAssemblies\UniTask.Editor.dll
Symbol file LoadedFromMemory is not a mono symbol file
Symbol file data-00000161A1CBA010 doesn't match image C:\Users\asdf\Desktop\unity\ReactiveTurnBase\My project A\Library\ScriptAssemblies\Unity.VisualScripting.Core.Editor.dll
Symbol file LoadedFromMemory is not a mono symbol file
Symbol file data-00000161A1BC1020 doesn't match image C:\Users\asdf\Desktop\unity\ReactiveTurnBase\My project A\Library\ScriptAssemblies\UniTask.Linq.dll
Symbol file LoadedFromMemory is not a mono symbol file
Symbol file data-00000161A181F020 doesn't match image C:\Users\asdf\Desktop\unity\ReactiveTurnBase\My project A\Library\ScriptAssemblies\Unity.VisualScripting.Flow.dll
Symbol file LoadedFromMemory is not a mono symbol file
Symbol file data-00000161AC5E6810 doesn't match image C:\Users\asdf\Desktop\unity\ReactiveTurnBase\My project A\Library\ScriptAssemblies\Unity.VisualScripting.Flow.Editor.dll
Symbol file LoadedFromMemory is not a mono symbol file
Symbol file data-00000161AB43C040 doesn't match image C:\Users\asdf\Desktop\unity\ReactiveTurnBase\My project A\Library\ScriptAssemblies\Unity.Timeline.dll
Symbol file LoadedFromMemory is not a mono symbol file
Symbol file data-000001617F90D020 doesn't match image C:\Users\asdf\Desktop\unity\ReactiveTurnBase\My project A\Library\ScriptAssemblies\Unity.InputSystem.dll
Symbol file LoadedFromMemory is not a mono symbol file
Symbol file data-000001617F3FEB50 doesn't match image C:\Users\asdf\Desktop\unity\ReactiveTurnBase\My project A\Library\ScriptAssemblies\Unity.InputSystem.ForUI.dll
Symbol file LoadedFromMemory is not a mono symbol file
Symbol file data-000001617FDE2030 doesn't match image C:\Users\asdf\Desktop\unity\ReactiveTurnBase\My project A\Library\ScriptAssemblies\Unity.TestTools.CodeCoverage.Editor.OpenCover.Mono.Reflection.dll
Symbol file LoadedFromMemory is not a mono symbol file
Symbol file data-000001617FDE2030 doesn't match image C:\Users\asdf\Desktop\unity\ReactiveTurnBase\My project A\Library\ScriptAssemblies\Unity.VisualScripting.SettingsProvider.Editor.dll
Symbol file LoadedFromMemory is not a mono symbol file
Symbol file data-000001617F3C1020 doesn't match image C:\Users\asdf\Desktop\unity\ReactiveTurnBase\My project A\Library\ScriptAssemblies\Unity.Performance.Profile-Analyzer.Editor.dll
Symbol file LoadedFromMemory is not a mono symbol file
Symbol file data-00000161ACA9C030 doesn't match image C:\Users\asdf\Desktop\unity\ReactiveTurnBase\My project A\Library\ScriptAssemblies\Unity.TestTools.CodeCoverage.Editor.dll
Symbol file LoadedFromMemory is not a mono symbol file
Symbol file data-00000161AD3F8010 doesn't match image C:\Users\asdf\Desktop\unity\ReactiveTurnBase\My project A\Library\ScriptAssemblies\Unity.TestTools.CodeCoverage.Editor.OpenCover.Model.dll
Symbol file LoadedFromMemory is not a mono symbol file
Symbol file data-00000161AC8CC010 doesn't match image C:\Users\asdf\Desktop\unity\ReactiveTurnBase\My project A\Library\ScriptAssemblies\Unity.VisualScripting.State.Editor.dll
Symbol file LoadedFromMemory is not a mono symbol file
Symbol file data-000001617FAE7730 doesn't match image C:\Users\asdf\Desktop\unity\ReactiveTurnBase\My project A\Library\ScriptAssemblies\Unity.Settings.Editor.dll
Symbol file LoadedFromMemory is not a mono symbol file
Symbol file data-000001617FAE7730 doesn't match image C:\Users\asdf\Desktop\unity\ReactiveTurnBase\My project A\Library\ScriptAssemblies\Unity.CollabProxy.Editor.dll
Symbol file LoadedFromMemory is not a mono symbol file
Symbol file data-00000161A181F020 doesn't match image C:\Users\asdf\Desktop\unity\ReactiveTurnBase\My project A\Library\ScriptAssemblies\Unity.TextMeshPro.dll
Symbol file LoadedFromMemory is not a mono symbol file
Symbol file data-00000161ADDE9D50 doesn't match image C:\Users\asdf\Desktop\unity\ReactiveTurnBase\My project A\Library\ScriptAssemblies\Unity.TextMeshPro.Editor.dll
Symbol file LoadedFromMemory is not a mono symbol file
Symbol file data-00000161A19EF030 doesn't match image C:\Users\asdf\Desktop\unity\ReactiveTurnBase\My project A\Library\ScriptAssemblies\UniTask.dll
Symbol file LoadedFromMemory is not a mono symbol file
Symbol file data-00000161AD984010 doesn't match image C:\Users\asdf\Desktop\unity\ReactiveTurnBase\My project A\Library\ScriptAssemblies\Unity.VisualScripting.State.dll
Symbol file LoadedFromMemory is not a mono symbol file
Symbol file data-00000161AD984010 doesn't match image C:\Users\asdf\Desktop\unity\ReactiveTurnBase\My project A\Library\ScriptAssemblies\Unity.VSCode.Editor.dll
Symbol file LoadedFromMemory is not a mono symbol file
- Loaded All Assemblies, in  0.515 seconds
Native extension for WindowsStandalone target not found
Native extension for Android target not found
Mono: successfully reloaded assembly
- Finished resetting the current domain, in  0.944 seconds
Domain Reload Profiling: 1456ms
	BeginReloadAssembly (140ms)
		ExecutionOrderSort (0ms)
		DisableScriptedObjects (6ms)
		BackupInstance (0ms)
		ReleaseScriptingObjects (0ms)
		CreateAndSetChildDomain (30ms)
	RebuildCommonClasses (31ms)
	RebuildNativeTypeToScriptingClass (8ms)
	initialDomainReloadingComplete (29ms)
	LoadAllAssembliesAndSetupDomain (303ms)
		LoadAssemblies (347ms)
		RebuildTransferFunctionScriptingTraits (0ms)
		AnalyzeDomain (32ms)
			TypeCache.Refresh (10ms)
				TypeCache.ScanAssembly (3ms)
			ScanForSourceGeneratedMonoScriptInfo (12ms)
			ResolveRequiredComponents (9ms)
	FinalizeReload (945ms)
		ReleaseScriptCaches (0ms)
		RebuildScriptCaches (0ms)
		SetupLoadedEditorAssemblies (483ms)
			LogAssemblyErrors (0ms)
			InitializePlatformSupportModulesInManaged (16ms)
			SetLoadedEditorAssemblies (4ms)
			RefreshPlugins (0ms)
			BeforeProcessingInitializeOnLoad (89ms)
			ProcessInitializeOnLoadAttributes (338ms)
			ProcessInitializeOnLoadMethodAttributes (30ms)
			AfterProcessingInitializeOnLoad (6ms)
			EditorAssembliesLoaded (0ms)
		ExecutionOrderSort2 (0ms)
		AwakeInstancesAfterBackupRestoration (5ms)
Refreshing native plugins compatible for Editor in 3.93 ms, found 3 plugins.
Preloading 0 native plugins for Editor in 0.00 ms.
Unloading 3940 Unused Serialized files (Serialized files now loaded: 0)
Unloading 22 unused Assets / (32.7 KB). Loaded Objects now: 4492.
Memory consumption went from 225.2 MB to 225.2 MB.
Total: 2.685800 ms (FindLiveObjects: 0.253600 ms CreateObjectMapping: 0.104200 ms MarkObjects: 2.280000 ms  DeleteObjects: 0.047400 ms)

Prepare: number of updated asset objects reloaded= 0
AssetImportParameters requested are different than current active one (requested -> active):
  custom:container-demuxer-ogg: 62fdf1f143b41e24485cea50d1cbac27 -> 
  custom:scripting/monoscript/fileName/GroggyBar.cs: 100a61dadfc5e32941fd0f737636facf -> 
  custom:video-decoder-ogg-theora: a1e56fd34408186e4bbccfd4996cb3dc -> 
  custom:framework-win-MediaFoundation: 216162199b28c13a410421893ffa2e32 -> 
  custom:CustomObjectIndexerAttribute: 9a22284fe3817be447336de3de66b15e -> 
  custom:container-demuxer-webm: 4f35f7cbe854078d1ac9338744f61a02 -> 
  custom:container-muxer-webm: aa71ff27fc2769a1b78a27578f13a17b -> 
  custom:video-decoder-webm-vp8: 9c59270c3fd7afecdb556c50c9e8de78 -> 
  custom:SearchIndexIgnoredProperties: e643bd26f0fe6173181afceb89e7c659 -> 
  custom:AudioImporter_EditorPlatform: d09bf68614088b80899f8185d706f6e7 -> 
  custom:video-encoder-webm-vp8: eb34c28f22e8b96e1ab97ce403110664 -> 
  custom:scripting/monoscript/fileName/GroggyBarFollower.cs: 819d994350b9b9cabf3c84cf4da82ff6 -> 
  custom:audio-decoder-ogg-vorbis: bf7c407c2cedff20999df2af8eb42d56 -> 
  custom:audio-encoder-webm-vorbis: bf7c407c2cedff20999df2af8eb42d56 -> 
  custom:scripting/precompiled-assembly-types:Assembly-CSharp: 2a93528415082e56e879f168f57a5807 -> 1476765af81e86739e20042d8f5f0532
========================================================================
Received Prepare
Caller must complete domain reload
Begin MonoManager ReloadAssembly
Symbol file data-00000161AB804020 doesn't match image C:\Users\asdf\Desktop\unity\ReactiveTurnBase\My project A\Library\ScriptAssemblies\Unity.EditorCoroutines.Editor.dll
Symbol file LoadedFromMemory is not a mono symbol file
Symbol file data-00000161AD5D4010 doesn't match image C:\Users\asdf\Desktop\unity\ReactiveTurnBase\My project A\Library\ScriptAssemblies\UniTask.TextMeshPro.dll
Symbol file LoadedFromMemory is not a mono symbol file
Symbol file data-00000161A127F020 doesn't match image C:\Users\asdf\Desktop\unity\ReactiveTurnBase\My project A\Library\ScriptAssemblies\Unity.Timeline.Editor.dll
Symbol file LoadedFromMemory is not a mono symbol file
Symbol file data-00000161AD5D4010 doesn't match image C:\Users\asdf\Desktop\unity\ReactiveTurnBase\My project A\Library\ScriptAssemblies\Unity.VisualScripting.Shared.Editor.dll
Symbol file LoadedFromMemory is not a mono symbol file
Symbol file data-00000161AD5D4010 doesn't match image C:\Users\asdf\Desktop\unity\ReactiveTurnBase\My project A\Library\ScriptAssemblies\UniTask.DOTween.dll
Symbol file LoadedFromMemory is not a mono symbol file
Symbol file data-00000161AD5D4010 doesn't match image C:\Users\asdf\Desktop\unity\ReactiveTurnBase\My project A\Library\ScriptAssemblies\UniTask.Addressables.dll
Symbol file LoadedFromMemory is not a mono symbol file
Symbol file data-000001617F4FAAE0 doesn't match image C:\Users\asdf\Desktop\unity\ReactiveTurnBase\My project A\Library\ScriptAssemblies\UnityEditor.UI.dll
Symbol file LoadedFromMemory is not a mono symbol file
Symbol file data-00000161A2781020 doesn't match image C:\Users\asdf\Desktop\unity\ReactiveTurnBase\My project A\Library\ScriptAssemblies\Unity.VisualScripting.Core.dll
Symbol file LoadedFromMemory is not a mono symbol file
Symbol file data-00000161AB1E6030 doesn't match image C:\Users\asdf\Desktop\unity\ReactiveTurnBase\My project A\Library\ScriptAssemblies\UnityEngine.UI.dll
Symbol file LoadedFromMemory is not a mono symbol file
Symbol file data-000001617F2B4010 doesn't match image C:\Users\asdf\Desktop\unity\ReactiveTurnBase\My project A\Library\ScriptAssemblies\UniTask.Editor.dll
Symbol file LoadedFromMemory is not a mono symbol file
Symbol file data-00000161A1CBA010 doesn't match image C:\Users\asdf\Desktop\unity\ReactiveTurnBase\My project A\Library\ScriptAssemblies\Unity.VisualScripting.Core.Editor.dll
Symbol file LoadedFromMemory is not a mono symbol file
Symbol file data-00000161A1BC1020 doesn't match image C:\Users\asdf\Desktop\unity\ReactiveTurnBase\My project A\Library\ScriptAssemblies\UniTask.Linq.dll
Symbol file LoadedFromMemory is not a mono symbol file
Symbol file data-00000161A1B7B030 doesn't match image C:\Users\asdf\Desktop\unity\ReactiveTurnBase\My project A\Library\ScriptAssemblies\Unity.VisualScripting.Flow.dll
Symbol file LoadedFromMemory is not a mono symbol file
Symbol file data-00000161AC5E6810 doesn't match image C:\Users\asdf\Desktop\unity\ReactiveTurnBase\My project A\Library\ScriptAssemblies\Unity.VisualScripting.Flow.Editor.dll
Symbol file LoadedFromMemory is not a mono symbol file
Symbol file data-00000161A1985C10 doesn't match image C:\Users\asdf\Desktop\unity\ReactiveTurnBase\My project A\Library\ScriptAssemblies\Unity.Timeline.dll
Symbol file LoadedFromMemory is not a mono symbol file
Symbol file data-000001617F90D020 doesn't match image C:\Users\asdf\Desktop\unity\ReactiveTurnBase\My project A\Library\ScriptAssemblies\Unity.InputSystem.dll
Symbol file LoadedFromMemory is not a mono symbol file
Symbol file data-00000161A2BDC270 doesn't match image C:\Users\asdf\Desktop\unity\ReactiveTurnBase\My project A\Library\ScriptAssemblies\Unity.InputSystem.ForUI.dll
Symbol file LoadedFromMemory is not a mono symbol file
Symbol file data-00000161A2BDC270 doesn't match image C:\Users\asdf\Desktop\unity\ReactiveTurnBase\My project A\Library\ScriptAssemblies\Unity.TestTools.CodeCoverage.Editor.OpenCover.Mono.Reflection.dll
Symbol file LoadedFromMemory is not a mono symbol file
Symbol file data-000001617F3FA340 doesn't match image C:\Users\asdf\Desktop\unity\ReactiveTurnBase\My project A\Library\ScriptAssemblies\Unity.VisualScripting.SettingsProvider.Editor.dll
Symbol file LoadedFromMemory is not a mono symbol file
Symbol file data-000001617FD5B030 doesn't match image C:\Users\asdf\Desktop\unity\ReactiveTurnBase\My project A\Library\ScriptAssemblies\Unity.Performance.Profile-Analyzer.Editor.dll
Symbol file LoadedFromMemory is not a mono symbol file
Symbol file data-00000161AB190080 doesn't match image C:\Users\asdf\Desktop\unity\ReactiveTurnBase\My project A\Library\ScriptAssemblies\Unity.TestTools.CodeCoverage.Editor.dll
Symbol file LoadedFromMemory is not a mono symbol file
Symbol file data-00000161A31CB040 doesn't match image C:\Users\asdf\Desktop\unity\ReactiveTurnBase\My project A\Library\ScriptAssemblies\Unity.TestTools.CodeCoverage.Editor.OpenCover.Model.dll
Symbol file LoadedFromMemory is not a mono symbol file
Symbol file data-00000161AC8CC010 doesn't match image C:\Users\asdf\Desktop\unity\ReactiveTurnBase\My project A\Library\ScriptAssemblies\Unity.VisualScripting.State.Editor.dll
Symbol file LoadedFromMemory is not a mono symbol file
Symbol file data-000001617FAE7730 doesn't match image C:\Users\asdf\Desktop\unity\ReactiveTurnBase\My project A\Library\ScriptAssemblies\Unity.Settings.Editor.dll
Symbol file LoadedFromMemory is not a mono symbol file
Symbol file data-000001617FAE7730 doesn't match image C:\Users\asdf\Desktop\unity\ReactiveTurnBase\My project A\Library\ScriptAssemblies\Unity.CollabProxy.Editor.dll
Symbol file LoadedFromMemory is not a mono symbol file
Symbol file data-00000161A1B7B030 doesn't match image C:\Users\asdf\Desktop\unity\ReactiveTurnBase\My project A\Library\ScriptAssemblies\Unity.TextMeshPro.dll
Symbol file LoadedFromMemory is not a mono symbol file
Symbol file data-00000161ADDE9D50 doesn't match image C:\Users\asdf\Desktop\unity\ReactiveTurnBase\My project A\Library\ScriptAssemblies\Unity.TextMeshPro.Editor.dll
Symbol file LoadedFromMemory is not a mono symbol file
Symbol file data-00000161A19EF030 doesn't match image C:\Users\asdf\Desktop\unity\ReactiveTurnBase\My project A\Library\ScriptAssemblies\UniTask.dll
Symbol file LoadedFromMemory is not a mono symbol file
Symbol file data-00000161A31CB040 doesn't match image C:\Users\asdf\Desktop\unity\ReactiveTurnBase\My project A\Library\ScriptAssemblies\Unity.VisualScripting.State.dll
Symbol file LoadedFromMemory is not a mono symbol file
Symbol file data-00000161A31CB040 doesn't match image C:\Users\asdf\Desktop\unity\ReactiveTurnBase\My project A\Library\ScriptAssemblies\Unity.VSCode.Editor.dll
Symbol file LoadedFromMemory is not a mono symbol file
- Loaded All Assemblies, in  0.427 seconds
Native extension for WindowsStandalone target not found
Native extension for Android target not found
Mono: successfully reloaded assembly
- Finished resetting the current domain, in  1.077 seconds
Domain Reload Profiling: 1501ms
	BeginReloadAssembly (133ms)
		ExecutionOrderSort (0ms)
		DisableScriptedObjects (6ms)
		BackupInstance (0ms)
		ReleaseScriptingObjects (0ms)
		CreateAndSetChildDomain (31ms)
	RebuildCommonClasses (26ms)
	RebuildNativeTypeToScriptingClass (8ms)
	initialDomainReloadingComplete (27ms)
	LoadAllAssembliesAndSetupDomain (229ms)
		LoadAssemblies (284ms)
		RebuildTransferFunctionScriptingTraits (0ms)
		AnalyzeDomain (14ms)
			TypeCache.Refresh (5ms)
				TypeCache.ScanAssembly (0ms)
			ScanForSourceGeneratedMonoScriptInfo (0ms)
			ResolveRequiredComponents (7ms)
	FinalizeReload (1077ms)
		ReleaseScriptCaches (0ms)
		RebuildScriptCaches (0ms)
		SetupLoadedEditorAssemblies (605ms)
			LogAssemblyErrors (0ms)
			InitializePlatformSupportModulesInManaged (23ms)
			SetLoadedEditorAssemblies (5ms)
			RefreshPlugins (0ms)
			BeforeProcessingInitializeOnLoad (107ms)
			ProcessInitializeOnLoadAttributes (425ms)
			ProcessInitializeOnLoadMethodAttributes (36ms)
			AfterProcessingInitializeOnLoad (8ms)
			EditorAssembliesLoaded (0ms)
		ExecutionOrderSort2 (0ms)
		AwakeInstancesAfterBackupRestoration (9ms)
Refreshing native plugins compatible for Editor in 5.25 ms, found 3 plugins.
Preloading 0 native plugins for Editor in 0.00 ms.
Unloading 3941 Unused Serialized files (Serialized files now loaded: 0)
Unloading 22 unused Assets / (32.7 KB). Loaded Objects now: 4495.
Memory consumption went from 225.5 MB to 225.5 MB.
Total: 4.006700 ms (FindLiveObjects: 0.299600 ms CreateObjectMapping: 0.219200 ms MarkObjects: 3.372100 ms  DeleteObjects: 0.114200 ms)

Prepare: number of updated asset objects reloaded= 0
AssetImportParameters requested are different than current active one (requested -> active):
  custom:container-demuxer-ogg: 62fdf1f143b41e24485cea50d1cbac27 -> 
  custom:scripting/monoscript/fileName/GroggyBar.cs: 100a61dadfc5e32941fd0f737636facf -> 
  custom:video-decoder-ogg-theora: a1e56fd34408186e4bbccfd4996cb3dc -> 
  custom:framework-win-MediaFoundation: 216162199b28c13a410421893ffa2e32 -> 
  custom:CustomObjectIndexerAttribute: 9a22284fe3817be447336de3de66b15e -> 
  custom:container-demuxer-webm: 4f35f7cbe854078d1ac9338744f61a02 -> 
  custom:container-muxer-webm: aa71ff27fc2769a1b78a27578f13a17b -> 
  custom:video-decoder-webm-vp8: 9c59270c3fd7afecdb556c50c9e8de78 -> 
  custom:SearchIndexIgnoredProperties: e643bd26f0fe6173181afceb89e7c659 -> 
  custom:AudioImporter_EditorPlatform: d09bf68614088b80899f8185d706f6e7 -> 
  custom:video-encoder-webm-vp8: eb34c28f22e8b96e1ab97ce403110664 -> 
  custom:scripting/monoscript/fileName/GroggyBarFollower.cs: 819d994350b9b9cabf3c84cf4da82ff6 -> 
  custom:audio-decoder-ogg-vorbis: bf7c407c2cedff20999df2af8eb42d56 -> 
  custom:audio-encoder-webm-vorbis: bf7c407c2cedff20999df2af8eb42d56 -> 
  custom:scripting/precompiled-assembly-types:Assembly-CSharp: 2a93528415082e56e879f168f57a5807 -> 1476765af81e86739e20042d8f5f0532
========================================================================
Received Prepare
Caller must complete domain reload
Begin MonoManager ReloadAssembly
Symbol file data-00000161A33B4EE0 doesn't match image C:\Users\asdf\Desktop\unity\ReactiveTurnBase\My project A\Library\ScriptAssemblies\Unity.EditorCoroutines.Editor.dll
Symbol file LoadedFromMemory is not a mono symbol file
Symbol file data-000001617F3FA340 doesn't match image C:\Users\asdf\Desktop\unity\ReactiveTurnBase\My project A\Library\ScriptAssemblies\UniTask.TextMeshPro.dll
Symbol file LoadedFromMemory is not a mono symbol file
Symbol file data-00000161A127F020 doesn't match image C:\Users\asdf\Desktop\unity\ReactiveTurnBase\My project A\Library\ScriptAssemblies\Unity.Timeline.Editor.dll
Symbol file LoadedFromMemory is not a mono symbol file
Symbol file data-000001617FD7B040 doesn't match image C:\Users\asdf\Desktop\unity\ReactiveTurnBase\My project A\Library\ScriptAssemblies\Unity.VisualScripting.Shared.Editor.dll
Symbol file LoadedFromMemory is not a mono symbol file
Symbol file data-000001617F3FDB50 doesn't match image C:\Users\asdf\Desktop\unity\ReactiveTurnBase\My project A\Library\ScriptAssemblies\UniTask.DOTween.dll
Symbol file LoadedFromMemory is not a mono symbol file
Symbol file data-000001617F3FDB50 doesn't match image C:\Users\asdf\Desktop\unity\ReactiveTurnBase\My project A\Library\ScriptAssemblies\UniTask.Addressables.dll
Symbol file LoadedFromMemory is not a mono symbol file
Symbol file data-000001617F4FAAE0 doesn't match image C:\Users\asdf\Desktop\unity\ReactiveTurnBase\My project A\Library\ScriptAssemblies\UnityEditor.UI.dll
Symbol file LoadedFromMemory is not a mono symbol file
Symbol file data-00000161A2781020 doesn't match image C:\Users\asdf\Desktop\unity\ReactiveTurnBase\My project A\Library\ScriptAssemblies\Unity.VisualScripting.Core.dll
Symbol file LoadedFromMemory is not a mono symbol file
Symbol file data-00000161AB1E6030 doesn't match image C:\Users\asdf\Desktop\unity\ReactiveTurnBase\My project A\Library\ScriptAssemblies\UnityEngine.UI.dll
Symbol file LoadedFromMemory is not a mono symbol file
Symbol file data-00000161A31CB040 doesn't match image C:\Users\asdf\Desktop\unity\ReactiveTurnBase\My project A\Library\ScriptAssemblies\UniTask.Editor.dll
Symbol file LoadedFromMemory is not a mono symbol file
Symbol file data-00000161A1CBA010 doesn't match image C:\Users\asdf\Desktop\unity\ReactiveTurnBase\My project A\Library\ScriptAssemblies\Unity.VisualScripting.Core.Editor.dll
Symbol file LoadedFromMemory is not a mono symbol file
Symbol file data-00000161A1BC1020 doesn't match image C:\Users\asdf\Desktop\unity\ReactiveTurnBase\My project A\Library\ScriptAssemblies\UniTask.Linq.dll
Symbol file LoadedFromMemory is not a mono symbol file
Symbol file data-00000161A181F020 doesn't match image C:\Users\asdf\Desktop\unity\ReactiveTurnBase\My project A\Library\ScriptAssemblies\Unity.VisualScripting.Flow.dll
Symbol file LoadedFromMemory is not a mono symbol file
Symbol file data-00000161AC5E6810 doesn't match image C:\Users\asdf\Desktop\unity\ReactiveTurnBase\My project A\Library\ScriptAssemblies\Unity.VisualScripting.Flow.Editor.dll
Symbol file LoadedFromMemory is not a mono symbol file
Symbol file data-00000161AC5CC020 doesn't match image C:\Users\asdf\Desktop\unity\ReactiveTurnBase\My project A\Library\ScriptAssemblies\Unity.Timeline.dll
Symbol file LoadedFromMemory is not a mono symbol file
Symbol file data-000001617F90D020 doesn't match image C:\Users\asdf\Desktop\unity\ReactiveTurnBase\My project A\Library\ScriptAssemblies\Unity.InputSystem.dll
Symbol file LoadedFromMemory is not a mono symbol file
Symbol file data-00000161A262AA90 doesn't match image C:\Users\asdf\Desktop\unity\ReactiveTurnBase\My project A\Library\ScriptAssemblies\Unity.InputSystem.ForUI.dll
Symbol file LoadedFromMemory is not a mono symbol file
Symbol file data-00000161A262AA90 doesn't match image C:\Users\asdf\Desktop\unity\ReactiveTurnBase\My project A\Library\ScriptAssemblies\Unity.TestTools.CodeCoverage.Editor.OpenCover.Mono.Reflection.dll
Symbol file LoadedFromMemory is not a mono symbol file
Symbol file data-00000161AD984010 doesn't match image C:\Users\asdf\Desktop\unity\ReactiveTurnBase\My project A\Library\ScriptAssemblies\Unity.VisualScripting.SettingsProvider.Editor.dll
Symbol file LoadedFromMemory is not a mono symbol file
Symbol file data-00000161A2E0EE00 doesn't match image C:\Users\asdf\Desktop\unity\ReactiveTurnBase\My project A\Library\ScriptAssemblies\Unity.Performance.Profile-Analyzer.Editor.dll
Symbol file LoadedFromMemory is not a mono symbol file
Symbol file data-00000161AB190080 doesn't match image C:\Users\asdf\Desktop\unity\ReactiveTurnBase\My project A\Library\ScriptAssemblies\Unity.TestTools.CodeCoverage.Editor.dll
Symbol file LoadedFromMemory is not a mono symbol file
Symbol file data-00000161A2DA7010 doesn't match image C:\Users\asdf\Desktop\unity\ReactiveTurnBase\My project A\Library\ScriptAssemblies\Unity.TestTools.CodeCoverage.Editor.OpenCover.Model.dll
Symbol file LoadedFromMemory is not a mono symbol file
Symbol file data-00000161AC8CC010 doesn't match image C:\Users\asdf\Desktop\unity\ReactiveTurnBase\My project A\Library\ScriptAssemblies\Unity.VisualScripting.State.Editor.dll
Symbol file LoadedFromMemory is not a mono symbol file
Symbol file data-000001617FAE7730 doesn't match image C:\Users\asdf\Desktop\unity\ReactiveTurnBase\My project A\Library\ScriptAssemblies\Unity.Settings.Editor.dll
Symbol file LoadedFromMemory is not a mono symbol file
Symbol file data-000001617FAE7730 doesn't match image C:\Users\asdf\Desktop\unity\ReactiveTurnBase\My project A\Library\ScriptAssemblies\Unity.CollabProxy.Editor.dll
Symbol file LoadedFromMemory is not a mono symbol file
Symbol file data-00000161A181F020 doesn't match image C:\Users\asdf\Desktop\unity\ReactiveTurnBase\My project A\Library\ScriptAssemblies\Unity.TextMeshPro.dll
Symbol file LoadedFromMemory is not a mono symbol file
Symbol file data-00000161ADDE9D50 doesn't match image C:\Users\asdf\Desktop\unity\ReactiveTurnBase\My project A\Library\ScriptAssemblies\Unity.TextMeshPro.Editor.dll
Symbol file LoadedFromMemory is not a mono symbol file
Symbol file data-00000161A19EF030 doesn't match image C:\Users\asdf\Desktop\unity\ReactiveTurnBase\My project A\Library\ScriptAssemblies\UniTask.dll
Symbol file LoadedFromMemory is not a mono symbol file
Symbol file data-000001617F2D4000 doesn't match image C:\Users\asdf\Desktop\unity\ReactiveTurnBase\My project A\Library\ScriptAssemblies\Unity.VisualScripting.State.dll
Symbol file LoadedFromMemory is not a mono symbol file
Symbol file data-000001617F2D4000 doesn't match image C:\Users\asdf\Desktop\unity\ReactiveTurnBase\My project A\Library\ScriptAssemblies\Unity.VSCode.Editor.dll
Symbol file LoadedFromMemory is not a mono symbol file
- Loaded All Assemblies, in  0.480 seconds
Native extension for WindowsStandalone target not found
Native extension for Android target not found
Mono: successfully reloaded assembly
- Finished resetting the current domain, in  0.977 seconds
Domain Reload Profiling: 1455ms
	BeginReloadAssembly (144ms)
		ExecutionOrderSort (0ms)
		DisableScriptedObjects (6ms)
		BackupInstance (0ms)
		ReleaseScriptingObjects (0ms)
		CreateAndSetChildDomain (30ms)
	RebuildCommonClasses (33ms)
	RebuildNativeTypeToScriptingClass (12ms)
	initialDomainReloadingComplete (27ms)
	LoadAllAssembliesAndSetupDomain (261ms)
		LoadAssemblies (307ms)
		RebuildTransferFunctionScriptingTraits (0ms)
		AnalyzeDomain (33ms)
			TypeCache.Refresh (13ms)
				TypeCache.ScanAssembly (3ms)
			ScanForSourceGeneratedMonoScriptInfo (12ms)
			ResolveRequiredComponents (6ms)
	FinalizeReload (978ms)
		ReleaseScriptCaches (0ms)
		RebuildScriptCaches (0ms)
		SetupLoadedEditorAssemblies (526ms)
			LogAssemblyErrors (0ms)
			InitializePlatformSupportModulesInManaged (16ms)
			SetLoadedEditorAssemblies (4ms)
			RefreshPlugins (0ms)
			BeforeProcessingInitializeOnLoad (86ms)
			ProcessInitializeOnLoadAttributes (375ms)
			ProcessInitializeOnLoadMethodAttributes (38ms)
			AfterProcessingInitializeOnLoad (7ms)
			EditorAssembliesLoaded (0ms)
		ExecutionOrderSort2 (0ms)
		AwakeInstancesAfterBackupRestoration (6ms)
Refreshing native plugins compatible for Editor in 3.73 ms, found 3 plugins.
Preloading 0 native plugins for Editor in 0.00 ms.
Unloading 3941 Unused Serialized files (Serialized files now loaded: 0)
Unloading 22 unused Assets / (32.7 KB). Loaded Objects now: 4498.
Memory consumption went from 225.5 MB to 225.5 MB.
Total: 3.247600 ms (FindLiveObjects: 0.242900 ms CreateObjectMapping: 0.201600 ms MarkObjects: 2.749400 ms  DeleteObjects: 0.052800 ms)

Prepare: number of updated asset objects reloaded= 0
AssetImportParameters requested are different than current active one (requested -> active):
  custom:container-demuxer-ogg: 62fdf1f143b41e24485cea50d1cbac27 -> 
  custom:scripting/monoscript/fileName/GroggyBar.cs: 100a61dadfc5e32941fd0f737636facf -> 
  custom:video-decoder-ogg-theora: a1e56fd34408186e4bbccfd4996cb3dc -> 
  custom:framework-win-MediaFoundation: 216162199b28c13a410421893ffa2e32 -> 
  custom:CustomObjectIndexerAttribute: 9a22284fe3817be447336de3de66b15e -> 
  custom:container-demuxer-webm: 4f35f7cbe854078d1ac9338744f61a02 -> 
  custom:container-muxer-webm: aa71ff27fc2769a1b78a27578f13a17b -> 
  custom:video-decoder-webm-vp8: 9c59270c3fd7afecdb556c50c9e8de78 -> 
  custom:SearchIndexIgnoredProperties: e643bd26f0fe6173181afceb89e7c659 -> 
  custom:AudioImporter_EditorPlatform: d09bf68614088b80899f8185d706f6e7 -> 
  custom:video-encoder-webm-vp8: eb34c28f22e8b96e1ab97ce403110664 -> 
  custom:scripting/monoscript/fileName/GroggyBarFollower.cs: 819d994350b9b9cabf3c84cf4da82ff6 -> 
  custom:audio-decoder-ogg-vorbis: bf7c407c2cedff20999df2af8eb42d56 -> 
  custom:audio-encoder-webm-vorbis: bf7c407c2cedff20999df2af8eb42d56 -> 
  custom:scripting/precompiled-assembly-types:Assembly-CSharp: 2a93528415082e56e879f168f57a5807 -> 1476765af81e86739e20042d8f5f0532
========================================================================
Received Import Request.
  Time since last request: 302.038024 seconds.
  path: Assets/Resources/Skills.csv
  artifactKey: Guid(78d6ef0331fbce947ab7755d7a73e76e) Importer(815301076,1909f56bfc062723c751e8b465ee728b)
Start importing Assets/Resources/Skills.csv using Guid(78d6ef0331fbce947ab7755d7a73e76e) Importer(815301076,1909f56bfc062723c751e8b465ee728b) [PhysX] Initialized MultithreadedTaskDispatcher with 12 workers.
 -> (artifact id: '525c5571ba5fb107e23cc0cd71a20158') in 0.013051 seconds
Number of updated asset objects reloaded before import = 0
Number of asset objects unloaded after import = 1
========================================================================
Received Import Request.
  Time since last request: 355.452990 seconds.
  path: Assets/Resources/Skills.csv
  artifactKey: Guid(78d6ef0331fbce947ab7755d7a73e76e) Importer(815301076,1909f56bfc062723c751e8b465ee728b)
Start importing Assets/Resources/Skills.csv using Guid(78d6ef0331fbce947ab7755d7a73e76e) Importer(815301076,1909f56bfc062723c751e8b465ee728b) [PhysX] Initialized MultithreadedTaskDispatcher with 12 workers.
 -> (artifact id: 'd3946bd6157f710aa3b8bf6032492276') in 0.000810 seconds
Number of updated asset objects reloaded before import = 0
Number of asset objects unloaded after import = 1
========================================================================
Received Import Request.
  Time since last request: 68.696621 seconds.
  path: Assets/Resources/Skills.csv
  artifactKey: Guid(78d6ef0331fbce947ab7755d7a73e76e) Importer(815301076,1909f56bfc062723c751e8b465ee728b)
Start importing Assets/Resources/Skills.csv using Guid(78d6ef0331fbce947ab7755d7a73e76e) Importer(815301076,1909f56bfc062723c751e8b465ee728b) [PhysX] Initialized MultithreadedTaskDispatcher with 12 workers.
 -> (artifact id: 'dc276f9e5d7e006a7cf0e72992a5a796') in 0.000796 seconds
Number of updated asset objects reloaded before import = 0
Number of asset objects unloaded after import = 1
========================================================================
Received Prepare
Caller must complete domain reload
Begin MonoManager ReloadAssembly
Symbol file data-00000161A3339670 doesn't match image C:\Users\asdf\Desktop\unity\ReactiveTurnBase\My project A\Library\ScriptAssemblies\Unity.EditorCoroutines.Editor.dll
Symbol file LoadedFromMemory is not a mono symbol file
Symbol file data-00000161AC4AC6D0 doesn't match image C:\Users\asdf\Desktop\unity\ReactiveTurnBase\My project A\Library\ScriptAssemblies\UniTask.TextMeshPro.dll
Symbol file LoadedFromMemory is not a mono symbol file
Symbol file data-00000161A127F020 doesn't match image C:\Users\asdf\Desktop\unity\ReactiveTurnBase\My project A\Library\ScriptAssemblies\Unity.Timeline.Editor.dll
Symbol file LoadedFromMemory is not a mono symbol file
Symbol file data-00000161A303B030 doesn't match image C:\Users\asdf\Desktop\unity\ReactiveTurnBase\My project A\Library\ScriptAssemblies\Unity.VisualScripting.Shared.Editor.dll
Symbol file LoadedFromMemory is not a mono symbol file
Symbol file data-00000161A303B030 doesn't match image C:\Users\asdf\Desktop\unity\ReactiveTurnBase\My project A\Library\ScriptAssemblies\UniTask.DOTween.dll
Symbol file LoadedFromMemory is not a mono symbol file
Symbol file data-00000161A303B030 doesn't match image C:\Users\asdf\Desktop\unity\ReactiveTurnBase\My project A\Library\ScriptAssemblies\UniTask.Addressables.dll
Symbol file LoadedFromMemory is not a mono symbol file
Symbol file data-00000161A1A61010 doesn't match image C:\Users\asdf\Desktop\unity\ReactiveTurnBase\My project A\Library\ScriptAssemblies\UnityEditor.UI.dll
Symbol file LoadedFromMemory is not a mono symbol file
Symbol file data-00000161AC9CA020 doesn't match image C:\Users\asdf\Desktop\unity\ReactiveTurnBase\My project A\Library\ScriptAssemblies\Unity.VisualScripting.Core.dll
Symbol file LoadedFromMemory is not a mono symbol file
Symbol file data-00000161AB1E6030 doesn't match image C:\Users\asdf\Desktop\unity\ReactiveTurnBase\My project A\Library\ScriptAssemblies\UnityEngine.UI.dll
Symbol file LoadedFromMemory is not a mono symbol file
Symbol file data-000001617F45D020 doesn't match image C:\Users\asdf\Desktop\unity\ReactiveTurnBase\My project A\Library\ScriptAssemblies\UniTask.Editor.dll
Symbol file LoadedFromMemory is not a mono symbol file
Symbol file data-00000161A1CBA010 doesn't match image C:\Users\asdf\Desktop\unity\ReactiveTurnBase\My project A\Library\ScriptAssemblies\Unity.VisualScripting.Core.Editor.dll
Symbol file LoadedFromMemory is not a mono symbol file
Symbol file data-00000161A1BC1020 doesn't match image C:\Users\asdf\Desktop\unity\ReactiveTurnBase\My project A\Library\ScriptAssemblies\UniTask.Linq.dll
Symbol file LoadedFromMemory is not a mono symbol file
Symbol file data-00000161AD0FD020 doesn't match image C:\Users\asdf\Desktop\unity\ReactiveTurnBase\My project A\Library\ScriptAssemblies\Unity.VisualScripting.Flow.dll
Symbol file LoadedFromMemory is not a mono symbol file
Symbol file data-00000161ABA3A010 doesn't match image C:\Users\asdf\Desktop\unity\ReactiveTurnBase\My project A\Library\ScriptAssemblies\Unity.VisualScripting.Flow.Editor.dll
Symbol file LoadedFromMemory is not a mono symbol file
Symbol file data-00000161AC5CC020 doesn't match image C:\Users\asdf\Desktop\unity\ReactiveTurnBase\My project A\Library\ScriptAssemblies\Unity.Timeline.dll
Symbol file LoadedFromMemory is not a mono symbol file
Symbol file data-000001617F90D020 doesn't match image C:\Users\asdf\Desktop\unity\ReactiveTurnBase\My project A\Library\ScriptAssemblies\Unity.InputSystem.dll
Symbol file LoadedFromMemory is not a mono symbol file
Symbol file data-00000161A262AA90 doesn't match image C:\Users\asdf\Desktop\unity\ReactiveTurnBase\My project A\Library\ScriptAssemblies\Unity.InputSystem.ForUI.dll
Symbol file LoadedFromMemory is not a mono symbol file
Symbol file data-000001617F45D020 doesn't match image C:\Users\asdf\Desktop\unity\ReactiveTurnBase\My project A\Library\ScriptAssemblies\Unity.TestTools.CodeCoverage.Editor.OpenCover.Mono.Reflection.dll
Symbol file LoadedFromMemory is not a mono symbol file
Symbol file data-000001617F45D020 doesn't match image C:\Users\asdf\Desktop\unity\ReactiveTurnBase\My project A\Library\ScriptAssemblies\Unity.VisualScripting.SettingsProvider.Editor.dll
Symbol file LoadedFromMemory is not a mono symbol file
Symbol file data-000001617F3C1020 doesn't match image C:\Users\asdf\Desktop\unity\ReactiveTurnBase\My project A\Library\ScriptAssemblies\Unity.Performance.Profile-Analyzer.Editor.dll
Symbol file LoadedFromMemory is not a mono symbol file
Symbol file data-00000161AB190080 doesn't match image C:\Users\asdf\Desktop\unity\ReactiveTurnBase\My project A\Library\ScriptAssemblies\Unity.TestTools.CodeCoverage.Editor.dll
Symbol file LoadedFromMemory is not a mono symbol file
Symbol file data-00000161AD5D4010 doesn't match image C:\Users\asdf\Desktop\unity\ReactiveTurnBase\My project A\Library\ScriptAssemblies\Unity.TestTools.CodeCoverage.Editor.OpenCover.Model.dll
Symbol file LoadedFromMemory is not a mono symbol file
Symbol file data-000001617F4FAAE0 doesn't match image C:\Users\asdf\Desktop\unity\ReactiveTurnBase\My project A\Library\ScriptAssemblies\Unity.VisualScripting.State.Editor.dll
Symbol file LoadedFromMemory is not a mono symbol file
Symbol file data-000001617F3FA340 doesn't match image C:\Users\asdf\Desktop\unity\ReactiveTurnBase\My project A\Library\ScriptAssemblies\Unity.Settings.Editor.dll
Symbol file LoadedFromMemory is not a mono symbol file
Symbol file data-00000161AD5D4010 doesn't match image C:\Users\asdf\Desktop\unity\ReactiveTurnBase\My project A\Library\ScriptAssemblies\Unity.CollabProxy.Editor.dll
Symbol file LoadedFromMemory is not a mono symbol file
Symbol file data-00000161AD0FD020 doesn't match image C:\Users\asdf\Desktop\unity\ReactiveTurnBase\My project A\Library\ScriptAssemblies\Unity.TextMeshPro.dll
Symbol file LoadedFromMemory is not a mono symbol file
Symbol file data-00000161ADDE9D50 doesn't match image C:\Users\asdf\Desktop\unity\ReactiveTurnBase\My project A\Library\ScriptAssemblies\Unity.TextMeshPro.Editor.dll
Symbol file LoadedFromMemory is not a mono symbol file
Symbol file data-00000161A19EF030 doesn't match image C:\Users\asdf\Desktop\unity\ReactiveTurnBase\My project A\Library\ScriptAssemblies\UniTask.dll
Symbol file LoadedFromMemory is not a mono symbol file
Symbol file data-00000161AD5D4010 doesn't match image C:\Users\asdf\Desktop\unity\ReactiveTurnBase\My project A\Library\ScriptAssemblies\Unity.VisualScripting.State.dll
Symbol file LoadedFromMemory is not a mono symbol file
Symbol file data-00000161AD5D4010 doesn't match image C:\Users\asdf\Desktop\unity\ReactiveTurnBase\My project A\Library\ScriptAssemblies\Unity.VSCode.Editor.dll
Symbol file LoadedFromMemory is not a mono symbol file
- Loaded All Assemblies, in  0.435 seconds
Native extension for WindowsStandalone target not found
Native extension for Android target not found
Mono: successfully reloaded assembly
- Finished resetting the current domain, in  1.156 seconds
Domain Reload Profiling: 1589ms
	BeginReloadAssembly (139ms)
		ExecutionOrderSort (0ms)
		DisableScriptedObjects (6ms)
		BackupInstance (0ms)
		ReleaseScriptingObjects (0ms)
		CreateAndSetChildDomain (34ms)
	RebuildCommonClasses (26ms)
	RebuildNativeTypeToScriptingClass (8ms)
	initialDomainReloadingComplete (26ms)
	LoadAllAssembliesAndSetupDomain (233ms)
		LoadAssemblies (286ms)
		RebuildTransferFunctionScriptingTraits (0ms)
		AnalyzeDomain (14ms)
			TypeCache.Refresh (5ms)
				TypeCache.ScanAssembly (0ms)
			ScanForSourceGeneratedMonoScriptInfo (0ms)
			ResolveRequiredComponents (7ms)
	FinalizeReload (1157ms)
		ReleaseScriptCaches (0ms)
		RebuildScriptCaches (0ms)
		SetupLoadedEditorAssemblies (619ms)
			LogAssemblyErrors (0ms)
			InitializePlatformSupportModulesInManaged (24ms)
			SetLoadedEditorAssemblies (5ms)
			RefreshPlugins (0ms)
			BeforeProcessingInitializeOnLoad (109ms)
			ProcessInitializeOnLoadAttributes (437ms)
			ProcessInitializeOnLoadMethodAttributes (37ms)
			AfterProcessingInitializeOnLoad (7ms)
			EditorAssembliesLoaded (0ms)
		ExecutionOrderSort2 (0ms)
		AwakeInstancesAfterBackupRestoration (7ms)
Refreshing native plugins compatible for Editor in 4.37 ms, found 3 plugins.
Preloading 0 native plugins for Editor in 0.00 ms.
Unloading 3940 Unused Serialized files (Serialized files now loaded: 0)
Unloading 22 unused Assets / (32.8 KB). Loaded Objects now: 4501.
Memory consumption went from 225.2 MB to 225.2 MB.
Total: 4.149800 ms (FindLiveObjects: 0.297400 ms CreateObjectMapping: 0.271300 ms MarkObjects: 3.459900 ms  DeleteObjects: 0.120300 ms)

Prepare: number of updated asset objects reloaded= 0
AssetImportParameters requested are different than current active one (requested -> active):
  custom:container-demuxer-ogg: 62fdf1f143b41e24485cea50d1cbac27 -> 
  custom:scripting/monoscript/fileName/GroggyBar.cs: 100a61dadfc5e32941fd0f737636facf -> 
  custom:video-decoder-ogg-theora: a1e56fd34408186e4bbccfd4996cb3dc -> 
  custom:framework-win-MediaFoundation: 216162199b28c13a410421893ffa2e32 -> 
  custom:CustomObjectIndexerAttribute: 9a22284fe3817be447336de3de66b15e -> 
  custom:container-demuxer-webm: 4f35f7cbe854078d1ac9338744f61a02 -> 
  custom:container-muxer-webm: aa71ff27fc2769a1b78a27578f13a17b -> 
  custom:video-decoder-webm-vp8: 9c59270c3fd7afecdb556c50c9e8de78 -> 
  custom:SearchIndexIgnoredProperties: e643bd26f0fe6173181afceb89e7c659 -> 
  custom:AudioImporter_EditorPlatform: d09bf68614088b80899f8185d706f6e7 -> 
  custom:video-encoder-webm-vp8: eb34c28f22e8b96e1ab97ce403110664 -> 
  custom:scripting/monoscript/fileName/GroggyBarFollower.cs: 819d994350b9b9cabf3c84cf4da82ff6 -> 
  custom:audio-decoder-ogg-vorbis: bf7c407c2cedff20999df2af8eb42d56 -> 
  custom:audio-encoder-webm-vorbis: bf7c407c2cedff20999df2af8eb42d56 -> 
  custom:scripting/precompiled-assembly-types:Assembly-CSharp: 2a93528415082e56e879f168f57a5807 -> 1476765af81e86739e20042d8f5f0532
========================================================================
Received Import Request.
  Time since last request: 13.447088 seconds.
  path: Assets/3.Script/DataDTO/DataManager.cs
  artifactKey: Guid(4e00ba05f1313ee458e6d905ce944180) Importer(815301076,1909f56bfc062723c751e8b465ee728b)
Start importing Assets/3.Script/DataDTO/DataManager.cs using Guid(4e00ba05f1313ee458e6d905ce944180) Importer(815301076,1909f56bfc062723c751e8b465ee728b) [PhysX] Initialized MultithreadedTaskDispatcher with 12 workers.
 -> (artifact id: '42a0ab63c3c7b494ee6d2cfd11a51a40') in 0.001435 seconds
Number of updated asset objects reloaded before import = 0
Number of asset objects unloaded after import = 0
========================================================================
Received Import Request.
  Time since last request: 1.123550 seconds.
  path: Assets/3.Script/Turn/DefaultTurnManager.cs
  artifactKey: Guid(33a6ba90d9a5d8c4ebe6e2dda3a0dbc1) Importer(815301076,1909f56bfc062723c751e8b465ee728b)
Start importing Assets/3.Script/Turn/DefaultTurnManager.cs using Guid(33a6ba90d9a5d8c4ebe6e2dda3a0dbc1) Importer(815301076,1909f56bfc062723c751e8b465ee728b) [PhysX] Initialized MultithreadedTaskDispatcher with 12 workers.
 -> (artifact id: '1569ba5ef79c6947ae058ca05d97d4d2') in 0.000736 seconds
Number of updated asset objects reloaded before import = 0
Number of asset objects unloaded after import = 0
========================================================================
Received Import Request.
  Time since last request: 3.926935 seconds.
  path: Assets/2.Model/Prefabs/enemy3.prefab
  artifactKey: Guid(03c6ac3201533be4ba1b021909bd9bb4) Importer(815301076,1909f56bfc062723c751e8b465ee728b)
Start importing Assets/2.Model/Prefabs/enemy3.prefab using Guid(03c6ac3201533be4ba1b021909bd9bb4) Importer(815301076,1909f56bfc062723c751e8b465ee728b) [PhysX] Initialized MultithreadedTaskDispatcher with 12 workers.
[PhysX] Initialized MultithreadedTaskDispatcher with 12 workers.
 -> (artifact id: 'c5dc67dd3e31c8c03a222a36128e9d70') in 0.112172 seconds
Number of updated asset objects reloaded before import = 0
Number of asset objects unloaded after import = 274
========================================================================
Received Import Request.
  Time since last request: 0.712035 seconds.
  path: Assets/2.Model/Prefabs/Goblinenemy1.prefab
  artifactKey: Guid(537749e1c47b2da41b7c1d1ae7c92ba5) Importer(815301076,1909f56bfc062723c751e8b465ee728b)
Start importing Assets/2.Model/Prefabs/Goblinenemy1.prefab using Guid(537749e1c47b2da41b7c1d1ae7c92ba5) Importer(815301076,1909f56bfc062723c751e8b465ee728b) [PhysX] Initialized MultithreadedTaskDispatcher with 12 workers.
[PhysX] Initialized MultithreadedTaskDispatcher with 12 workers.
 -> (artifact id: '755b9e205e69c7fa05626d8801cc0239') in 0.047688 seconds
Number of updated asset objects reloaded before import = 0
Number of asset objects unloaded after import = 268
========================================================================
Received Prepare
Caller must complete domain reload
Begin MonoManager ReloadAssembly
Symbol file data-00000161AD6A6040 doesn't match image C:\Users\asdf\Desktop\unity\ReactiveTurnBase\My project A\Library\ScriptAssemblies\Unity.EditorCoroutines.Editor.dll
Symbol file LoadedFromMemory is not a mono symbol file
Symbol file data-000001617F407020 doesn't match image C:\Users\asdf\Desktop\unity\ReactiveTurnBase\My project A\Library\ScriptAssemblies\UniTask.TextMeshPro.dll
Symbol file LoadedFromMemory is not a mono symbol file
Symbol file data-00000161A127F020 doesn't match image C:\Users\asdf\Desktop\unity\ReactiveTurnBase\My project A\Library\ScriptAssemblies\Unity.Timeline.Editor.dll
Symbol file LoadedFromMemory is not a mono symbol file
Symbol file data-00000161AC4AC6D0 doesn't match image C:\Users\asdf\Desktop\unity\ReactiveTurnBase\My project A\Library\ScriptAssemblies\Unity.VisualScripting.Shared.Editor.dll
Symbol file LoadedFromMemory is not a mono symbol file
Symbol file data-00000161AC4AC6D0 doesn't match image C:\Users\asdf\Desktop\unity\ReactiveTurnBase\My project A\Library\ScriptAssemblies\UniTask.DOTween.dll
Symbol file LoadedFromMemory is not a mono symbol file
Symbol file data-00000161AC4AC6D0 doesn't match image C:\Users\asdf\Desktop\unity\ReactiveTurnBase\My project A\Library\ScriptAssemblies\UniTask.Addressables.dll
Symbol file LoadedFromMemory is not a mono symbol file
Symbol file data-000001617F4FAAE0 doesn't match image C:\Users\asdf\Desktop\unity\ReactiveTurnBase\My project A\Library\ScriptAssemblies\UnityEditor.UI.dll
Symbol file LoadedFromMemory is not a mono symbol file
Symbol file data-00000161A2781020 doesn't match image C:\Users\asdf\Desktop\unity\ReactiveTurnBase\My project A\Library\ScriptAssemblies\Unity.VisualScripting.Core.dll
Symbol file LoadedFromMemory is not a mono symbol file
Symbol file data-00000161AB1E6030 doesn't match image C:\Users\asdf\Desktop\unity\ReactiveTurnBase\My project A\Library\ScriptAssemblies\UnityEngine.UI.dll
Symbol file LoadedFromMemory is not a mono symbol file
Symbol file data-00000161A303B030 doesn't match image C:\Users\asdf\Desktop\unity\ReactiveTurnBase\My project A\Library\ScriptAssemblies\UniTask.Editor.dll
Symbol file LoadedFromMemory is not a mono symbol file
Symbol file data-00000161A1CBA010 doesn't match image C:\Users\asdf\Desktop\unity\ReactiveTurnBase\My project A\Library\ScriptAssemblies\Unity.VisualScripting.Core.Editor.dll
Symbol file LoadedFromMemory is not a mono symbol file
Symbol file data-00000161A1BC1020 doesn't match image C:\Users\asdf\Desktop\unity\ReactiveTurnBase\My project A\Library\ScriptAssemblies\UniTask.Linq.dll
Symbol file LoadedFromMemory is not a mono symbol file
Symbol file data-00000161A181F020 doesn't match image C:\Users\asdf\Desktop\unity\ReactiveTurnBase\My project A\Library\ScriptAssemblies\Unity.VisualScripting.Flow.dll
Symbol file LoadedFromMemory is not a mono symbol file
Symbol file data-00000161ABA3A010 doesn't match image C:\Users\asdf\Desktop\unity\ReactiveTurnBase\My project A\Library\ScriptAssemblies\Unity.VisualScripting.Flow.Editor.dll
Symbol file LoadedFromMemory is not a mono symbol file
Symbol file data-00000161AB43C040 doesn't match image C:\Users\asdf\Desktop\unity\ReactiveTurnBase\My project A\Library\ScriptAssemblies\Unity.Timeline.dll
Symbol file LoadedFromMemory is not a mono symbol file
Symbol file data-00000161A3474020 doesn't match image C:\Users\asdf\Desktop\unity\ReactiveTurnBase\My project A\Library\ScriptAssemblies\Unity.InputSystem.dll
Symbol file LoadedFromMemory is not a mono symbol file
Symbol file data-00000161A303B030 doesn't match image C:\Users\asdf\Desktop\unity\ReactiveTurnBase\My project A\Library\ScriptAssemblies\Unity.InputSystem.ForUI.dll
Symbol file LoadedFromMemory is not a mono symbol file
Symbol file data-00000161A303B030 doesn't match image C:\Users\asdf\Desktop\unity\ReactiveTurnBase\My project A\Library\ScriptAssemblies\Unity.TestTools.CodeCoverage.Editor.OpenCover.Mono.Reflection.dll
Symbol file LoadedFromMemory is not a mono symbol file
Symbol file data-00000161A262AA90 doesn't match image C:\Users\asdf\Desktop\unity\ReactiveTurnBase\My project A\Library\ScriptAssemblies\Unity.VisualScripting.SettingsProvider.Editor.dll
Symbol file LoadedFromMemory is not a mono symbol file
Symbol file data-000001617FD5B030 doesn't match image C:\Users\asdf\Desktop\unity\ReactiveTurnBase\My project A\Library\ScriptAssemblies\Unity.Performance.Profile-Analyzer.Editor.dll
Symbol file LoadedFromMemory is not a mono symbol file
Symbol file data-00000161AB190080 doesn't match image C:\Users\asdf\Desktop\unity\ReactiveTurnBase\My project A\Library\ScriptAssemblies\Unity.TestTools.CodeCoverage.Editor.dll
Symbol file LoadedFromMemory is not a mono symbol file
Symbol file data-00000161A262AA90 doesn't match image C:\Users\asdf\Desktop\unity\ReactiveTurnBase\My project A\Library\ScriptAssemblies\Unity.TestTools.CodeCoverage.Editor.OpenCover.Model.dll
Symbol file LoadedFromMemory is not a mono symbol file
Symbol file data-000001617F4FAAE0 doesn't match image C:\Users\asdf\Desktop\unity\ReactiveTurnBase\My project A\Library\ScriptAssemblies\Unity.VisualScripting.State.Editor.dll
Symbol file LoadedFromMemory is not a mono symbol file
Symbol file data-000001617F3FA340 doesn't match image C:\Users\asdf\Desktop\unity\ReactiveTurnBase\My project A\Library\ScriptAssemblies\Unity.Settings.Editor.dll
Symbol file LoadedFromMemory is not a mono symbol file
Symbol file data-00000161A262AA90 doesn't match image C:\Users\asdf\Desktop\unity\ReactiveTurnBase\My project A\Library\ScriptAssemblies\Unity.CollabProxy.Editor.dll
Symbol file LoadedFromMemory is not a mono symbol file
Symbol file data-00000161A181F020 doesn't match image C:\Users\asdf\Desktop\unity\ReactiveTurnBase\My project A\Library\ScriptAssemblies\Unity.TextMeshPro.dll
Symbol file LoadedFromMemory is not a mono symbol file
Symbol file data-00000161ADDE9D50 doesn't match image C:\Users\asdf\Desktop\unity\ReactiveTurnBase\My project A\Library\ScriptAssemblies\Unity.TextMeshPro.Editor.dll
Symbol file LoadedFromMemory is not a mono symbol file
Symbol file data-00000161A19EF030 doesn't match image C:\Users\asdf\Desktop\unity\ReactiveTurnBase\My project A\Library\ScriptAssemblies\UniTask.dll
Symbol file LoadedFromMemory is not a mono symbol file
Symbol file data-00000161A2BDC270 doesn't match image C:\Users\asdf\Desktop\unity\ReactiveTurnBase\My project A\Library\ScriptAssemblies\Unity.VisualScripting.State.dll
Symbol file LoadedFromMemory is not a mono symbol file
Symbol file data-00000161A2BDC270 doesn't match image C:\Users\asdf\Desktop\unity\ReactiveTurnBase\My project A\Library\ScriptAssemblies\Unity.VSCode.Editor.dll
Symbol file LoadedFromMemory is not a mono symbol file
- Loaded All Assemblies, in  0.421 seconds
Native extension for WindowsStandalone target not found
Native extension for Android target not found
Mono: successfully reloaded assembly
- Finished resetting the current domain, in  1.067 seconds
Domain Reload Profiling: 1485ms
	BeginReloadAssembly (133ms)
		ExecutionOrderSort (0ms)
		DisableScriptedObjects (6ms)
		BackupInstance (0ms)
		ReleaseScriptingObjects (0ms)
		CreateAndSetChildDomain (31ms)
	RebuildCommonClasses (26ms)
	RebuildNativeTypeToScriptingClass (8ms)
	initialDomainReloadingComplete (26ms)
	LoadAllAssembliesAndSetupDomain (225ms)
		LoadAssemblies (279ms)
		RebuildTransferFunctionScriptingTraits (0ms)
		AnalyzeDomain (14ms)
			TypeCache.Refresh (5ms)
				TypeCache.ScanAssembly (0ms)
			ScanForSourceGeneratedMonoScriptInfo (0ms)
			ResolveRequiredComponents (7ms)
	FinalizeReload (1067ms)
		ReleaseScriptCaches (0ms)
		RebuildScriptCaches (0ms)
		SetupLoadedEditorAssemblies (583ms)
			LogAssemblyErrors (0ms)
			InitializePlatformSupportModulesInManaged (21ms)
			SetLoadedEditorAssemblies (5ms)
			RefreshPlugins (0ms)
			BeforeProcessingInitializeOnLoad (112ms)
			ProcessInitializeOnLoadAttributes (405ms)
			ProcessInitializeOnLoadMethodAttributes (33ms)
			AfterProcessingInitializeOnLoad (6ms)
			EditorAssembliesLoaded (0ms)
		ExecutionOrderSort2 (0ms)
		AwakeInstancesAfterBackupRestoration (5ms)
Refreshing native plugins compatible for Editor in 4.49 ms, found 3 plugins.
Preloading 0 native plugins for Editor in 0.00 ms.
Unloading 3940 Unused Serialized files (Serialized files now loaded: 0)
Unloading 24 unused Assets / (61.6 KB). Loaded Objects now: 4504.
Memory consumption went from 225.3 MB to 225.2 MB.
Total: 3.811000 ms (FindLiveObjects: 0.527400 ms CreateObjectMapping: 0.341200 ms MarkObjects: 2.798000 ms  DeleteObjects: 0.143000 ms)

Prepare: number of updated asset objects reloaded= 0
AssetImportParameters requested are different than current active one (requested -> active):
  custom:container-demuxer-ogg: 62fdf1f143b41e24485cea50d1cbac27 -> 
  custom:scripting/monoscript/fileName/GroggyBar.cs: 100a61dadfc5e32941fd0f737636facf -> 
  custom:video-decoder-ogg-theora: a1e56fd34408186e4bbccfd4996cb3dc -> 
  custom:framework-win-MediaFoundation: 216162199b28c13a410421893ffa2e32 -> 
  custom:CustomObjectIndexerAttribute: 9a22284fe3817be447336de3de66b15e -> 
  custom:container-demuxer-webm: 4f35f7cbe854078d1ac9338744f61a02 -> 
  custom:container-muxer-webm: aa71ff27fc2769a1b78a27578f13a17b -> 
  custom:video-decoder-webm-vp8: 9c59270c3fd7afecdb556c50c9e8de78 -> 
  custom:SearchIndexIgnoredProperties: e643bd26f0fe6173181afceb89e7c659 -> 
  custom:AudioImporter_EditorPlatform: d09bf68614088b80899f8185d706f6e7 -> 
  custom:video-encoder-webm-vp8: eb34c28f22e8b96e1ab97ce403110664 -> 
  custom:scripting/monoscript/fileName/GroggyBarFollower.cs: 819d994350b9b9cabf3c84cf4da82ff6 -> 
  custom:audio-decoder-ogg-vorbis: bf7c407c2cedff20999df2af8eb42d56 -> 
  custom:audio-encoder-webm-vorbis: bf7c407c2cedff20999df2af8eb42d56 -> 
  custom:scripting/precompiled-assembly-types:Assembly-CSharp: 2a93528415082e56e879f168f57a5807 -> 1476765af81e86739e20042d8f5f0532
========================================================================
Received Prepare
Caller must complete domain reload
Begin MonoManager ReloadAssembly
Symbol file data-00000161ACD50430 doesn't match image C:\Users\asdf\Desktop\unity\ReactiveTurnBase\My project A\Library\ScriptAssemblies\Unity.EditorCoroutines.Editor.dll
Symbol file LoadedFromMemory is not a mono symbol file
Symbol file data-00000161A33B4EE0 doesn't match image C:\Users\asdf\Desktop\unity\ReactiveTurnBase\My project A\Library\ScriptAssemblies\UniTask.TextMeshPro.dll
Symbol file LoadedFromMemory is not a mono symbol file
Symbol file data-00000161A127F020 doesn't match image C:\Users\asdf\Desktop\unity\ReactiveTurnBase\My project A\Library\ScriptAssemblies\Unity.Timeline.Editor.dll
Symbol file LoadedFromMemory is not a mono symbol file
Symbol file data-00000161A33B4EE0 doesn't match image C:\Users\asdf\Desktop\unity\ReactiveTurnBase\My project A\Library\ScriptAssemblies\Unity.VisualScripting.Shared.Editor.dll
Symbol file LoadedFromMemory is not a mono symbol file
Symbol file data-00000161A33B4EE0 doesn't match image C:\Users\asdf\Desktop\unity\ReactiveTurnBase\My project A\Library\ScriptAssemblies\UniTask.DOTween.dll
Symbol file LoadedFromMemory is not a mono symbol file
Symbol file data-00000161A33B4EE0 doesn't match image C:\Users\asdf\Desktop\unity\ReactiveTurnBase\My project A\Library\ScriptAssemblies\UniTask.Addressables.dll
Symbol file LoadedFromMemory is not a mono symbol file
Symbol file data-000001617F4FAAE0 doesn't match image C:\Users\asdf\Desktop\unity\ReactiveTurnBase\My project A\Library\ScriptAssemblies\UnityEditor.UI.dll
Symbol file LoadedFromMemory is not a mono symbol file
Symbol file data-00000161A2781020 doesn't match image C:\Users\asdf\Desktop\unity\ReactiveTurnBase\My project A\Library\ScriptAssemblies\Unity.VisualScripting.Core.dll
Symbol file LoadedFromMemory is not a mono symbol file
Symbol file data-00000161AB1E6030 doesn't match image C:\Users\asdf\Desktop\unity\ReactiveTurnBase\My project A\Library\ScriptAssemblies\UnityEngine.UI.dll
Symbol file LoadedFromMemory is not a mono symbol file
Symbol file data-000001617F5849D0 doesn't match image C:\Users\asdf\Desktop\unity\ReactiveTurnBase\My project A\Library\ScriptAssemblies\UniTask.Editor.dll
Symbol file LoadedFromMemory is not a mono symbol file
Symbol file data-00000161A1CBA010 doesn't match image C:\Users\asdf\Desktop\unity\ReactiveTurnBase\My project A\Library\ScriptAssemblies\Unity.VisualScripting.Core.Editor.dll
Symbol file LoadedFromMemory is not a mono symbol file
Symbol file data-00000161A1BC1020 doesn't match image C:\Users\asdf\Desktop\unity\ReactiveTurnBase\My project A\Library\ScriptAssemblies\UniTask.Linq.dll
Symbol file LoadedFromMemory is not a mono symbol file
Symbol file data-00000161A181F020 doesn't match image C:\Users\asdf\Desktop\unity\ReactiveTurnBase\My project A\Library\ScriptAssemblies\Unity.VisualScripting.Flow.dll
Symbol file LoadedFromMemory is not a mono symbol file
Symbol file data-00000161ABB80020 doesn't match image C:\Users\asdf\Desktop\unity\ReactiveTurnBase\My project A\Library\ScriptAssemblies\Unity.VisualScripting.Flow.Editor.dll
Symbol file LoadedFromMemory is not a mono symbol file
Symbol file data-00000161AB43C040 doesn't match image C:\Users\asdf\Desktop\unity\ReactiveTurnBase\My project A\Library\ScriptAssemblies\Unity.Timeline.dll
Symbol file LoadedFromMemory is not a mono symbol file
Symbol file data-00000161A3474020 doesn't match image C:\Users\asdf\Desktop\unity\ReactiveTurnBase\My project A\Library\ScriptAssemblies\Unity.InputSystem.dll
Symbol file LoadedFromMemory is not a mono symbol file
Symbol file data-00000161A262AA90 doesn't match image C:\Users\asdf\Desktop\unity\ReactiveTurnBase\My project A\Library\ScriptAssemblies\Unity.InputSystem.ForUI.dll
Symbol file LoadedFromMemory is not a mono symbol file
Symbol file data-00000161A262AA90 doesn't match image C:\Users\asdf\Desktop\unity\ReactiveTurnBase\My project A\Library\ScriptAssemblies\Unity.TestTools.CodeCoverage.Editor.OpenCover.Mono.Reflection.dll
Symbol file LoadedFromMemory is not a mono symbol file
Symbol file data-000001617F5849D0 doesn't match image C:\Users\asdf\Desktop\unity\ReactiveTurnBase\My project A\Library\ScriptAssemblies\Unity.VisualScripting.SettingsProvider.Editor.dll
Symbol file LoadedFromMemory is not a mono symbol file
Symbol file data-000001617F3C1020 doesn't match image C:\Users\asdf\Desktop\unity\ReactiveTurnBase\My project A\Library\ScriptAssemblies\Unity.Performance.Profile-Analyzer.Editor.dll
Symbol file LoadedFromMemory is not a mono symbol file
Symbol file data-00000161AB190080 doesn't match image C:\Users\asdf\Desktop\unity\ReactiveTurnBase\My project A\Library\ScriptAssemblies\Unity.TestTools.CodeCoverage.Editor.dll
Symbol file LoadedFromMemory is not a mono symbol file
Symbol file data-00000161AC909B60 doesn't match image C:\Users\asdf\Desktop\unity\ReactiveTurnBase\My project A\Library\ScriptAssemblies\Unity.TestTools.CodeCoverage.Editor.OpenCover.Model.dll
Symbol file LoadedFromMemory is not a mono symbol file
Symbol file data-000001617F4FAAE0 doesn't match image C:\Users\asdf\Desktop\unity\ReactiveTurnBase\My project A\Library\ScriptAssemblies\Unity.VisualScripting.State.Editor.dll
Symbol file LoadedFromMemory is not a mono symbol file
Symbol file data-000001617F3FA340 doesn't match image C:\Users\asdf\Desktop\unity\ReactiveTurnBase\My project A\Library\ScriptAssemblies\Unity.Settings.Editor.dll
Symbol file LoadedFromMemory is not a mono symbol file
Symbol file data-00000161AC909B60 doesn't match image C:\Users\asdf\Desktop\unity\ReactiveTurnBase\My project A\Library\ScriptAssemblies\Unity.CollabProxy.Editor.dll
Symbol file LoadedFromMemory is not a mono symbol file
Symbol file data-00000161A181F020 doesn't match image C:\Users\asdf\Desktop\unity\ReactiveTurnBase\My project A\Library\ScriptAssemblies\Unity.TextMeshPro.dll
Symbol file LoadedFromMemory is not a mono symbol file
Symbol file data-00000161ADDE9D50 doesn't match image C:\Users\asdf\Desktop\unity\ReactiveTurnBase\My project A\Library\ScriptAssemblies\Unity.TextMeshPro.Editor.dll
Symbol file LoadedFromMemory is not a mono symbol file
Symbol file data-00000161A19EF030 doesn't match image C:\Users\asdf\Desktop\unity\ReactiveTurnBase\My project A\Library\ScriptAssemblies\UniTask.dll
Symbol file LoadedFromMemory is not a mono symbol file
Symbol file data-00000161A2BDC270 doesn't match image C:\Users\asdf\Desktop\unity\ReactiveTurnBase\My project A\Library\ScriptAssemblies\Unity.VisualScripting.State.dll
Symbol file LoadedFromMemory is not a mono symbol file
Symbol file data-00000161A2BDC270 doesn't match image C:\Users\asdf\Desktop\unity\ReactiveTurnBase\My project A\Library\ScriptAssemblies\Unity.VSCode.Editor.dll
Symbol file LoadedFromMemory is not a mono symbol file
- Loaded All Assemblies, in  0.462 seconds
Native extension for WindowsStandalone target not found
Native extension for Android target not found
Mono: successfully reloaded assembly
- Finished resetting the current domain, in  1.006 seconds
Domain Reload Profiling: 1465ms
	BeginReloadAssembly (141ms)
		ExecutionOrderSort (0ms)
		DisableScriptedObjects (6ms)
		BackupInstance (0ms)
		ReleaseScriptingObjects (0ms)
		CreateAndSetChildDomain (31ms)
	RebuildCommonClasses (26ms)
	RebuildNativeTypeToScriptingClass (14ms)
	initialDomainReloadingComplete (27ms)
	LoadAllAssembliesAndSetupDomain (251ms)
		LoadAssemblies (296ms)
		RebuildTransferFunctionScriptingTraits (0ms)
		AnalyzeDomain (30ms)
			TypeCache.Refresh (10ms)
				TypeCache.ScanAssembly (2ms)
			ScanForSourceGeneratedMonoScriptInfo (11ms)
			ResolveRequiredComponents (7ms)
	FinalizeReload (1006ms)
		ReleaseScriptCaches (0ms)
		RebuildScriptCaches (0ms)
		SetupLoadedEditorAssemblies (538ms)
			LogAssemblyErrors (0ms)
			InitializePlatformSupportModulesInManaged (20ms)
			SetLoadedEditorAssemblies (4ms)
			RefreshPlugins (0ms)
			BeforeProcessingInitializeOnLoad (98ms)
			ProcessInitializeOnLoadAttributes (374ms)
			ProcessInitializeOnLoadMethodAttributes (35ms)
			AfterProcessingInitializeOnLoad (6ms)
			EditorAssembliesLoaded (0ms)
		ExecutionOrderSort2 (0ms)
		AwakeInstancesAfterBackupRestoration (6ms)
Refreshing native plugins compatible for Editor in 3.73 ms, found 3 plugins.
Preloading 0 native plugins for Editor in 0.00 ms.
Unloading 3941 Unused Serialized files (Serialized files now loaded: 0)
Unloading 22 unused Assets / (32.7 KB). Loaded Objects now: 4507.
Memory consumption went from 225.5 MB to 225.5 MB.
Total: 3.254000 ms (FindLiveObjects: 0.278500 ms CreateObjectMapping: 0.237100 ms MarkObjects: 2.691300 ms  DeleteObjects: 0.046200 ms)

Prepare: number of updated asset objects reloaded= 0
AssetImportParameters requested are different than current active one (requested -> active):
  custom:container-demuxer-ogg: 62fdf1f143b41e24485cea50d1cbac27 -> 
  custom:scripting/monoscript/fileName/GroggyBar.cs: 100a61dadfc5e32941fd0f737636facf -> 
  custom:video-decoder-ogg-theora: a1e56fd34408186e4bbccfd4996cb3dc -> 
  custom:framework-win-MediaFoundation: 216162199b28c13a410421893ffa2e32 -> 
  custom:CustomObjectIndexerAttribute: 9a22284fe3817be447336de3de66b15e -> 
  custom:container-demuxer-webm: 4f35f7cbe854078d1ac9338744f61a02 -> 
  custom:container-muxer-webm: aa71ff27fc2769a1b78a27578f13a17b -> 
  custom:video-decoder-webm-vp8: 9c59270c3fd7afecdb556c50c9e8de78 -> 
  custom:SearchIndexIgnoredProperties: e643bd26f0fe6173181afceb89e7c659 -> 
  custom:AudioImporter_EditorPlatform: d09bf68614088b80899f8185d706f6e7 -> 
  custom:video-encoder-webm-vp8: eb34c28f22e8b96e1ab97ce403110664 -> 
  custom:scripting/monoscript/fileName/GroggyBarFollower.cs: 819d994350b9b9cabf3c84cf4da82ff6 -> 
  custom:audio-decoder-ogg-vorbis: bf7c407c2cedff20999df2af8eb42d56 -> 
  custom:audio-encoder-webm-vorbis: bf7c407c2cedff20999df2af8eb42d56 -> 
  custom:scripting/precompiled-assembly-types:Assembly-CSharp: 2a93528415082e56e879f168f57a5807 -> 1476765af81e86739e20042d8f5f0532
========================================================================
Received Import Request.
  Time since last request: 307.242509 seconds.
  path: Assets/3.Script/Units/Unit.cs
  artifactKey: Guid(a5c4310177efced46b1969b13da2ffcf) Importer(815301076,1909f56bfc062723c751e8b465ee728b)
Start importing Assets/3.Script/Units/Unit.cs using Guid(a5c4310177efced46b1969b13da2ffcf) Importer(815301076,1909f56bfc062723c751e8b465ee728b) [PhysX] Initialized MultithreadedTaskDispatcher with 12 workers.
 -> (artifact id: 'f477233b38183df8c952052fa233f0db') in 0.001939 seconds
Number of updated asset objects reloaded before import = 0
Number of asset objects unloaded after import = 0
========================================================================
Received Prepare
Caller must complete domain reload
Begin MonoManager ReloadAssembly
Symbol file data-00000161AC0FC260 doesn't match image C:\Users\asdf\Desktop\unity\ReactiveTurnBase\My project A\Library\ScriptAssemblies\Unity.EditorCoroutines.Editor.dll
Symbol file LoadedFromMemory is not a mono symbol file
Symbol file data-00000161AC4AC6D0 doesn't match image C:\Users\asdf\Desktop\unity\ReactiveTurnBase\My project A\Library\ScriptAssemblies\UniTask.TextMeshPro.dll
Symbol file LoadedFromMemory is not a mono symbol file
Symbol file data-00000161A127F020 doesn't match image C:\Users\asdf\Desktop\unity\ReactiveTurnBase\My project A\Library\ScriptAssemblies\Unity.Timeline.Editor.dll
Symbol file LoadedFromMemory is not a mono symbol file
Symbol file data-000001617F45D020 doesn't match image C:\Users\asdf\Desktop\unity\ReactiveTurnBase\My project A\Library\ScriptAssemblies\Unity.VisualScripting.Shared.Editor.dll
Symbol file LoadedFromMemory is not a mono symbol file
Symbol file data-000001617F45D020 doesn't match image C:\Users\asdf\Desktop\unity\ReactiveTurnBase\My project A\Library\ScriptAssemblies\UniTask.DOTween.dll
Symbol file LoadedFromMemory is not a mono symbol file
Symbol file data-000001617F45D020 doesn't match image C:\Users\asdf\Desktop\unity\ReactiveTurnBase\My project A\Library\ScriptAssemblies\UniTask.Addressables.dll
Symbol file LoadedFromMemory is not a mono symbol file
Symbol file data-000001617F4FAAE0 doesn't match image C:\Users\asdf\Desktop\unity\ReactiveTurnBase\My project A\Library\ScriptAssemblies\UnityEditor.UI.dll
Symbol file LoadedFromMemory is not a mono symbol file
Symbol file data-00000161A2781020 doesn't match image C:\Users\asdf\Desktop\unity\ReactiveTurnBase\My project A\Library\ScriptAssemblies\Unity.VisualScripting.Core.dll
Symbol file LoadedFromMemory is not a mono symbol file
Symbol file data-00000161ACFC0010 doesn't match image C:\Users\asdf\Desktop\unity\ReactiveTurnBase\My project A\Library\ScriptAssemblies\UnityEngine.UI.dll
Symbol file LoadedFromMemory is not a mono symbol file
Symbol file data-00000161AC909B60 doesn't match image C:\Users\asdf\Desktop\unity\ReactiveTurnBase\My project A\Library\ScriptAssemblies\UniTask.Editor.dll
Symbol file LoadedFromMemory is not a mono symbol file
Symbol file data-000001617F90D020 doesn't match image C:\Users\asdf\Desktop\unity\ReactiveTurnBase\My project A\Library\ScriptAssemblies\Unity.VisualScripting.Core.Editor.dll
Symbol file LoadedFromMemory is not a mono symbol file
Symbol file data-00000161A1BC1020 doesn't match image C:\Users\asdf\Desktop\unity\ReactiveTurnBase\My project A\Library\ScriptAssemblies\UniTask.Linq.dll
Symbol file LoadedFromMemory is not a mono symbol file
Symbol file data-00000161A25F0080 doesn't match image C:\Users\asdf\Desktop\unity\ReactiveTurnBase\My project A\Library\ScriptAssemblies\Unity.VisualScripting.Flow.dll
Symbol file LoadedFromMemory is not a mono symbol file
Symbol file data-00000161AC5E6810 doesn't match image C:\Users\asdf\Desktop\unity\ReactiveTurnBase\My project A\Library\ScriptAssemblies\Unity.VisualScripting.Flow.Editor.dll
Symbol file LoadedFromMemory is not a mono symbol file
Symbol file data-00000161AB43C040 doesn't match image C:\Users\asdf\Desktop\unity\ReactiveTurnBase\My project A\Library\ScriptAssemblies\Unity.Timeline.dll
Symbol file LoadedFromMemory is not a mono symbol file
Symbol file data-00000161A3474020 doesn't match image C:\Users\asdf\Desktop\unity\ReactiveTurnBase\My project A\Library\ScriptAssemblies\Unity.InputSystem.dll
Symbol file LoadedFromMemory is not a mono symbol file
Symbol file data-000001617F31EA30 doesn't match image C:\Users\asdf\Desktop\unity\ReactiveTurnBase\My project A\Library\ScriptAssemblies\Unity.InputSystem.ForUI.dll
Symbol file LoadedFromMemory is not a mono symbol file
Symbol file data-000001617F3FA340 doesn't match image C:\Users\asdf\Desktop\unity\ReactiveTurnBase\My project A\Library\ScriptAssemblies\Unity.TestTools.CodeCoverage.Editor.OpenCover.Mono.Reflection.dll
Symbol file LoadedFromMemory is not a mono symbol file
Symbol file data-000001617F3FA340 doesn't match image C:\Users\asdf\Desktop\unity\ReactiveTurnBase\My project A\Library\ScriptAssemblies\Unity.VisualScripting.SettingsProvider.Editor.dll
Symbol file LoadedFromMemory is not a mono symbol file
Symbol file data-000001617F3C1020 doesn't match image C:\Users\asdf\Desktop\unity\ReactiveTurnBase\My project A\Library\ScriptAssemblies\Unity.Performance.Profile-Analyzer.Editor.dll
Symbol file LoadedFromMemory is not a mono symbol file
Symbol file data-00000161AB190080 doesn't match image C:\Users\asdf\Desktop\unity\ReactiveTurnBase\My project A\Library\ScriptAssemblies\Unity.TestTools.CodeCoverage.Editor.dll
Symbol file LoadedFromMemory is not a mono symbol file
Symbol file data-00000161AD984010 doesn't match image C:\Users\asdf\Desktop\unity\ReactiveTurnBase\My project A\Library\ScriptAssemblies\Unity.TestTools.CodeCoverage.Editor.OpenCover.Model.dll
Symbol file LoadedFromMemory is not a mono symbol file
Symbol file data-000001617F4FAAE0 doesn't match image C:\Users\asdf\Desktop\unity\ReactiveTurnBase\My project A\Library\ScriptAssemblies\Unity.VisualScripting.State.Editor.dll
Symbol file LoadedFromMemory is not a mono symbol file
Symbol file data-000001617F2D4000 doesn't match image C:\Users\asdf\Desktop\unity\ReactiveTurnBase\My project A\Library\ScriptAssemblies\Unity.Settings.Editor.dll
Symbol file LoadedFromMemory is not a mono symbol file
Symbol file data-000001617F2D4000 doesn't match image C:\Users\asdf\Desktop\unity\ReactiveTurnBase\My project A\Library\ScriptAssemblies\Unity.CollabProxy.Editor.dll
Symbol file LoadedFromMemory is not a mono symbol file
Symbol file data-00000161A25F0080 doesn't match image C:\Users\asdf\Desktop\unity\ReactiveTurnBase\My project A\Library\ScriptAssemblies\Unity.TextMeshPro.dll
Symbol file LoadedFromMemory is not a mono symbol file
Symbol file data-00000161ADDE9D50 doesn't match image C:\Users\asdf\Desktop\unity\ReactiveTurnBase\My project A\Library\ScriptAssemblies\Unity.TextMeshPro.Editor.dll
Symbol file LoadedFromMemory is not a mono symbol file
Symbol file data-00000161A19EF030 doesn't match image C:\Users\asdf\Desktop\unity\ReactiveTurnBase\My project A\Library\ScriptAssemblies\UniTask.dll
Symbol file LoadedFromMemory is not a mono symbol file
Symbol file data-000001617F4FAAE0 doesn't match image C:\Users\asdf\Desktop\unity\ReactiveTurnBase\My project A\Library\ScriptAssemblies\Unity.VisualScripting.State.dll
Symbol file LoadedFromMemory is not a mono symbol file
Symbol file data-00000161ADD581C0 doesn't match image C:\Users\asdf\Desktop\unity\ReactiveTurnBase\My project A\Library\ScriptAssemblies\Unity.VSCode.Editor.dll
Symbol file LoadedFromMemory is not a mono symbol file
- Loaded All Assemblies, in  0.482 seconds
Native extension for WindowsStandalone target not found
Native extension for Android target not found
Mono: successfully reloaded assembly
- Finished resetting the current domain, in  1.044 seconds
Domain Reload Profiling: 1524ms
	BeginReloadAssembly (151ms)
		ExecutionOrderSort (0ms)
		DisableScriptedObjects (6ms)
		BackupInstance (0ms)
		ReleaseScriptingObjects (0ms)
		CreateAndSetChildDomain (33ms)
	RebuildCommonClasses (35ms)
	RebuildNativeTypeToScriptingClass (9ms)
	initialDomainReloadingComplete (26ms)
	LoadAllAssembliesAndSetupDomain (258ms)
		LoadAssemblies (312ms)
		RebuildTransferFunctionScriptingTraits (0ms)
		AnalyzeDomain (31ms)
			TypeCache.Refresh (10ms)
				TypeCache.ScanAssembly (2ms)
			ScanForSourceGeneratedMonoScriptInfo (12ms)
			ResolveRequiredComponents (8ms)
	FinalizeReload (1045ms)
		ReleaseScriptCaches (0ms)
		RebuildScriptCaches (0ms)
		SetupLoadedEditorAssemblies (562ms)
			LogAssemblyErrors (0ms)
			InitializePlatformSupportModulesInManaged (30ms)
			SetLoadedEditorAssemblies (8ms)
			RefreshPlugins (0ms)
			BeforeProcessingInitializeOnLoad (104ms)
			ProcessInitializeOnLoadAttributes (379ms)
			ProcessInitializeOnLoadMethodAttributes (35ms)
			AfterProcessingInitializeOnLoad (7ms)
			EditorAssembliesLoaded (0ms)
		ExecutionOrderSort2 (0ms)
		AwakeInstancesAfterBackupRestoration (7ms)
Refreshing native plugins compatible for Editor in 4.05 ms, found 3 plugins.
Preloading 0 native plugins for Editor in 0.00 ms.
Unloading 3940 Unused Serialized files (Serialized files now loaded: 0)
Unloading 22 unused Assets / (32.8 KB). Loaded Objects now: 4510.
Memory consumption went from 225.3 MB to 225.2 MB.
Total: 3.673300 ms (FindLiveObjects: 0.274500 ms CreateObjectMapping: 0.237200 ms MarkObjects: 3.111200 ms  DeleteObjects: 0.049700 ms)

Prepare: number of updated asset objects reloaded= 0
AssetImportParameters requested are different than current active one (requested -> active):
  custom:container-demuxer-ogg: 62fdf1f143b41e24485cea50d1cbac27 -> 
  custom:scripting/monoscript/fileName/GroggyBar.cs: 100a61dadfc5e32941fd0f737636facf -> 
  custom:video-decoder-ogg-theora: a1e56fd34408186e4bbccfd4996cb3dc -> 
  custom:framework-win-MediaFoundation: 216162199b28c13a410421893ffa2e32 -> 
  custom:CustomObjectIndexerAttribute: 9a22284fe3817be447336de3de66b15e -> 
  custom:container-demuxer-webm: 4f35f7cbe854078d1ac9338744f61a02 -> 
  custom:container-muxer-webm: aa71ff27fc2769a1b78a27578f13a17b -> 
  custom:video-decoder-webm-vp8: 9c59270c3fd7afecdb556c50c9e8de78 -> 
  custom:SearchIndexIgnoredProperties: e643bd26f0fe6173181afceb89e7c659 -> 
  custom:AudioImporter_EditorPlatform: d09bf68614088b80899f8185d706f6e7 -> 
  custom:video-encoder-webm-vp8: eb34c28f22e8b96e1ab97ce403110664 -> 
  custom:scripting/monoscript/fileName/GroggyBarFollower.cs: 819d994350b9b9cabf3c84cf4da82ff6 -> 
  custom:audio-decoder-ogg-vorbis: bf7c407c2cedff20999df2af8eb42d56 -> 
  custom:audio-encoder-webm-vorbis: bf7c407c2cedff20999df2af8eb42d56 -> 
  custom:scripting/precompiled-assembly-types:Assembly-CSharp: 7b00abadb7ccdd45d3e56f430b248d8b -> 1476765af81e86739e20042d8f5f0532
========================================================================
Received Import Request.
  Time since last request: 153.911623 seconds.
  path: Assets/2.Model/Prefabs/Goblinenemy2.prefab
  artifactKey: Guid(8f10eb2fb462f234581eb15a6dc9238d) Importer(815301076,1909f56bfc062723c751e8b465ee728b)
Start importing Assets/2.Model/Prefabs/Goblinenemy2.prefab using Guid(8f10eb2fb462f234581eb15a6dc9238d) Importer(815301076,1909f56bfc062723c751e8b465ee728b) [PhysX] Initialized MultithreadedTaskDispatcher with 12 workers.
The same field name is serialized multiple times in the class or its parent class. This is not supported: Base(MonoBehaviour) groggyBarFollower
[PhysX] Initialized MultithreadedTaskDispatcher with 12 workers.
 -> (artifact id: 'c389f93ef77f7b1d703c0bfdc12c8aa2') in 0.103419 seconds
Number of updated asset objects reloaded before import = 0
Number of asset objects unloaded after import = 272
========================================================================
Received Import Request.
  Time since last request: 5.295268 seconds.
  path: Assets/2.Model/Prefabs/Goblinenemy1.prefab
  artifactKey: Guid(537749e1c47b2da41b7c1d1ae7c92ba5) Importer(815301076,1909f56bfc062723c751e8b465ee728b)
Start importing Assets/2.Model/Prefabs/Goblinenemy1.prefab using Guid(537749e1c47b2da41b7c1d1ae7c92ba5) Importer(815301076,1909f56bfc062723c751e8b465ee728b) [PhysX] Initialized MultithreadedTaskDispatcher with 12 workers.
[PhysX] Initialized MultithreadedTaskDispatcher with 12 workers.
 -> (artifact id: '141d99da7aa3bada1d38c1821a6311f7') in 0.044831 seconds
Number of updated asset objects reloaded before import = 0
Number of asset objects unloaded after import = 268
========================================================================
Received Prepare
Caller must complete domain reload
Begin MonoManager ReloadAssembly
Symbol file data-000001617F407020 doesn't match image C:\Users\asdf\Desktop\unity\ReactiveTurnBase\My project A\Library\ScriptAssemblies\Unity.EditorCoroutines.Editor.dll
Symbol file LoadedFromMemory is not a mono symbol file
Symbol file data-000001617FDD8010 doesn't match image C:\Users\asdf\Desktop\unity\ReactiveTurnBase\My project A\Library\ScriptAssemblies\UniTask.TextMeshPro.dll
Symbol file LoadedFromMemory is not a mono symbol file
Symbol file data-00000161A127F020 doesn't match image C:\Users\asdf\Desktop\unity\ReactiveTurnBase\My project A\Library\ScriptAssemblies\Unity.Timeline.Editor.dll
Symbol file LoadedFromMemory is not a mono symbol file
Symbol file data-00000161AB66E020 doesn't match image C:\Users\asdf\Desktop\unity\ReactiveTurnBase\My project A\Library\ScriptAssemblies\Unity.VisualScripting.Shared.Editor.dll
Symbol file LoadedFromMemory is not a mono symbol file
Symbol file data-00000161AB66E020 doesn't match image C:\Users\asdf\Desktop\unity\ReactiveTurnBase\My project A\Library\ScriptAssemblies\UniTask.DOTween.dll
Symbol file LoadedFromMemory is not a mono symbol file
Symbol file data-00000161AB66E020 doesn't match image C:\Users\asdf\Desktop\unity\ReactiveTurnBase\My project A\Library\ScriptAssemblies\UniTask.Addressables.dll
Symbol file LoadedFromMemory is not a mono symbol file
Symbol file data-000001617F4FAAE0 doesn't match image C:\Users\asdf\Desktop\unity\ReactiveTurnBase\My project A\Library\ScriptAssemblies\UnityEditor.UI.dll
Symbol file LoadedFromMemory is not a mono symbol file
Symbol file data-00000161A2781020 doesn't match image C:\Users\asdf\Desktop\unity\ReactiveTurnBase\My project A\Library\ScriptAssemblies\Unity.VisualScripting.Core.dll
Symbol file LoadedFromMemory is not a mono symbol file
Symbol file data-00000161AB1E6030 doesn't match image C:\Users\asdf\Desktop\unity\ReactiveTurnBase\My project A\Library\ScriptAssemblies\UnityEngine.UI.dll
Symbol file LoadedFromMemory is not a mono symbol file
Symbol file data-000001617F45D020 doesn't match image C:\Users\asdf\Desktop\unity\ReactiveTurnBase\My project A\Library\ScriptAssemblies\UniTask.Editor.dll
Symbol file LoadedFromMemory is not a mono symbol file
Symbol file data-000001617F90D020 doesn't match image C:\Users\asdf\Desktop\unity\ReactiveTurnBase\My project A\Library\ScriptAssemblies\Unity.VisualScripting.Core.Editor.dll
Symbol file LoadedFromMemory is not a mono symbol file
Symbol file data-00000161A1BC1020 doesn't match image C:\Users\asdf\Desktop\unity\ReactiveTurnBase\My project A\Library\ScriptAssemblies\UniTask.Linq.dll
Symbol file LoadedFromMemory is not a mono symbol file
Symbol file data-00000161A353A010 doesn't match image C:\Users\asdf\Desktop\unity\ReactiveTurnBase\My project A\Library\ScriptAssemblies\Unity.VisualScripting.Flow.dll
Symbol file LoadedFromMemory is not a mono symbol file
Symbol file data-00000161AC5E6810 doesn't match image C:\Users\asdf\Desktop\unity\ReactiveTurnBase\My project A\Library\ScriptAssemblies\Unity.VisualScripting.Flow.Editor.dll
Symbol file LoadedFromMemory is not a mono symbol file
Symbol file data-00000161AB43C040 doesn't match image C:\Users\asdf\Desktop\unity\ReactiveTurnBase\My project A\Library\ScriptAssemblies\Unity.Timeline.dll
Symbol file LoadedFromMemory is not a mono symbol file
Symbol file data-000001617F042010 doesn't match image C:\Users\asdf\Desktop\unity\ReactiveTurnBase\My project A\Library\ScriptAssemblies\Unity.InputSystem.dll
Symbol file LoadedFromMemory is not a mono symbol file
Symbol file data-000001617F45D020 doesn't match image C:\Users\asdf\Desktop\unity\ReactiveTurnBase\My project A\Library\ScriptAssemblies\Unity.InputSystem.ForUI.dll
Symbol file LoadedFromMemory is not a mono symbol file
Symbol file data-000001617F45D020 doesn't match image C:\Users\asdf\Desktop\unity\ReactiveTurnBase\My project A\Library\ScriptAssemblies\Unity.TestTools.CodeCoverage.Editor.OpenCover.Mono.Reflection.dll
Symbol file LoadedFromMemory is not a mono symbol file
Symbol file data-00000161AC912450 doesn't match image C:\Users\asdf\Desktop\unity\ReactiveTurnBase\My project A\Library\ScriptAssemblies\Unity.VisualScripting.SettingsProvider.Editor.dll
Symbol file LoadedFromMemory is not a mono symbol file
Symbol file data-00000161A2E0EE00 doesn't match image C:\Users\asdf\Desktop\unity\ReactiveTurnBase\My project A\Library\ScriptAssemblies\Unity.Performance.Profile-Analyzer.Editor.dll
Symbol file LoadedFromMemory is not a mono symbol file
Symbol file data-00000161AB190080 doesn't match image C:\Users\asdf\Desktop\unity\ReactiveTurnBase\My project A\Library\ScriptAssemblies\Unity.TestTools.CodeCoverage.Editor.dll
Symbol file LoadedFromMemory is not a mono symbol file
Symbol file data-00000161AD80F010 doesn't match image C:\Users\asdf\Desktop\unity\ReactiveTurnBase\My project A\Library\ScriptAssemblies\Unity.TestTools.CodeCoverage.Editor.OpenCover.Model.dll
Symbol file LoadedFromMemory is not a mono symbol file
Symbol file data-000001617F4FAAE0 doesn't match image C:\Users\asdf\Desktop\unity\ReactiveTurnBase\My project A\Library\ScriptAssemblies\Unity.VisualScripting.State.Editor.dll
Symbol file LoadedFromMemory is not a mono symbol file
Symbol file data-000001617F3FA340 doesn't match image C:\Users\asdf\Desktop\unity\ReactiveTurnBase\My project A\Library\ScriptAssemblies\Unity.Settings.Editor.dll
Symbol file LoadedFromMemory is not a mono symbol file
Symbol file data-00000161AD80F010 doesn't match image C:\Users\asdf\Desktop\unity\ReactiveTurnBase\My project A\Library\ScriptAssemblies\Unity.CollabProxy.Editor.dll
Symbol file LoadedFromMemory is not a mono symbol file
Symbol file data-00000161ADD89D10 doesn't match image C:\Users\asdf\Desktop\unity\ReactiveTurnBase\My project A\Library\ScriptAssemblies\Unity.TextMeshPro.dll
Symbol file LoadedFromMemory is not a mono symbol file
Symbol file data-00000161AC480030 doesn't match image C:\Users\asdf\Desktop\unity\ReactiveTurnBase\My project A\Library\ScriptAssemblies\Unity.TextMeshPro.Editor.dll
Symbol file LoadedFromMemory is not a mono symbol file
Symbol file data-00000161A19EF030 doesn't match image C:\Users\asdf\Desktop\unity\ReactiveTurnBase\My project A\Library\ScriptAssemblies\UniTask.dll
Symbol file LoadedFromMemory is not a mono symbol file
Symbol file data-00000161AD80F010 doesn't match image C:\Users\asdf\Desktop\unity\ReactiveTurnBase\My project A\Library\ScriptAssemblies\Unity.VisualScripting.State.dll
Symbol file LoadedFromMemory is not a mono symbol file
Symbol file data-00000161AD80F010 doesn't match image C:\Users\asdf\Desktop\unity\ReactiveTurnBase\My project A\Library\ScriptAssemblies\Unity.VSCode.Editor.dll
Symbol file LoadedFromMemory is not a mono symbol file
- Loaded All Assemblies, in  0.422 seconds
Native extension for WindowsStandalone target not found
Native extension for Android target not found
Mono: successfully reloaded assembly
- Finished resetting the current domain, in  1.038 seconds
Domain Reload Profiling: 1458ms
	BeginReloadAssembly (132ms)
		ExecutionOrderSort (0ms)
		DisableScriptedObjects (5ms)
		BackupInstance (0ms)
		ReleaseScriptingObjects (0ms)
		CreateAndSetChildDomain (30ms)
	RebuildCommonClasses (28ms)
	RebuildNativeTypeToScriptingClass (8ms)
	initialDomainReloadingComplete (26ms)
	LoadAllAssembliesAndSetupDomain (225ms)
		LoadAssemblies (279ms)
		RebuildTransferFunctionScriptingTraits (0ms)
		AnalyzeDomain (14ms)
			TypeCache.Refresh (5ms)
				TypeCache.ScanAssembly (0ms)
			ScanForSourceGeneratedMonoScriptInfo (0ms)
			ResolveRequiredComponents (7ms)
	FinalizeReload (1039ms)
		ReleaseScriptCaches (0ms)
		RebuildScriptCaches (0ms)
		SetupLoadedEditorAssemblies (567ms)
			LogAssemblyErrors (0ms)
			InitializePlatformSupportModulesInManaged (17ms)
			SetLoadedEditorAssemblies (4ms)
			RefreshPlugins (0ms)
			BeforeProcessingInitializeOnLoad (88ms)
			ProcessInitializeOnLoadAttributes (409ms)
			ProcessInitializeOnLoadMethodAttributes (39ms)
			AfterProcessingInitializeOnLoad (10ms)
			EditorAssembliesLoaded (0ms)
		ExecutionOrderSort2 (0ms)
		AwakeInstancesAfterBackupRestoration (7ms)
Refreshing native plugins compatible for Editor in 5.44 ms, found 3 plugins.
Preloading 0 native plugins for Editor in 0.00 ms.
Unloading 3940 Unused Serialized files (Serialized files now loaded: 0)
Unloading 24 unused Assets / (61.7 KB). Loaded Objects now: 4513.
Memory consumption went from 225.3 MB to 225.3 MB.
Total: 6.106600 ms (FindLiveObjects: 0.479300 ms CreateObjectMapping: 0.421400 ms MarkObjects: 5.090000 ms  DeleteObjects: 0.115100 ms)

Prepare: number of updated asset objects reloaded= 0
AssetImportParameters requested are different than current active one (requested -> active):
  custom:container-demuxer-ogg: 62fdf1f143b41e24485cea50d1cbac27 -> 
  custom:scripting/monoscript/fileName/GroggyBar.cs: 100a61dadfc5e32941fd0f737636facf -> 
  custom:video-decoder-ogg-theora: a1e56fd34408186e4bbccfd4996cb3dc -> 
  custom:framework-win-MediaFoundation: 216162199b28c13a410421893ffa2e32 -> 
  custom:CustomObjectIndexerAttribute: 9a22284fe3817be447336de3de66b15e -> 
  custom:container-demuxer-webm: 4f35f7cbe854078d1ac9338744f61a02 -> 
  custom:container-muxer-webm: aa71ff27fc2769a1b78a27578f13a17b -> 
  custom:video-decoder-webm-vp8: 9c59270c3fd7afecdb556c50c9e8de78 -> 
  custom:SearchIndexIgnoredProperties: e643bd26f0fe6173181afceb89e7c659 -> 
  custom:AudioImporter_EditorPlatform: d09bf68614088b80899f8185d706f6e7 -> 
  custom:video-encoder-webm-vp8: eb34c28f22e8b96e1ab97ce403110664 -> 
  custom:scripting/monoscript/fileName/GroggyBarFollower.cs: 819d994350b9b9cabf3c84cf4da82ff6 -> 
  custom:audio-decoder-ogg-vorbis: bf7c407c2cedff20999df2af8eb42d56 -> 
  custom:audio-encoder-webm-vorbis: bf7c407c2cedff20999df2af8eb42d56 -> 
  custom:scripting/precompiled-assembly-types:Assembly-CSharp: 7b00abadb7ccdd45d3e56f430b248d8b -> 1476765af81e86739e20042d8f5f0532
========================================================================
Received Prepare
Caller must complete domain reload
Begin MonoManager ReloadAssembly
Symbol file data-000001613DEE7830 doesn't match image C:\Users\asdf\Desktop\unity\ReactiveTurnBase\My project A\Library\ScriptAssemblies\Unity.EditorCoroutines.Editor.dll
Symbol file LoadedFromMemory is not a mono symbol file
Symbol file data-00000161AD3FC020 doesn't match image C:\Users\asdf\Desktop\unity\ReactiveTurnBase\My project A\Library\ScriptAssemblies\UniTask.TextMeshPro.dll
Symbol file LoadedFromMemory is not a mono symbol file
Symbol file data-00000161A127F020 doesn't match image C:\Users\asdf\Desktop\unity\ReactiveTurnBase\My project A\Library\ScriptAssemblies\Unity.Timeline.Editor.dll
Symbol file LoadedFromMemory is not a mono symbol file
Symbol file data-00000161AD3FC020 doesn't match image C:\Users\asdf\Desktop\unity\ReactiveTurnBase\My project A\Library\ScriptAssemblies\Unity.VisualScripting.Shared.Editor.dll
Symbol file LoadedFromMemory is not a mono symbol file
Symbol file data-00000161AD3FC020 doesn't match image C:\Users\asdf\Desktop\unity\ReactiveTurnBase\My project A\Library\ScriptAssemblies\UniTask.DOTween.dll
Symbol file LoadedFromMemory is not a mono symbol file
Symbol file data-00000161AD3FC020 doesn't match image C:\Users\asdf\Desktop\unity\ReactiveTurnBase\My project A\Library\ScriptAssemblies\UniTask.Addressables.dll
Symbol file LoadedFromMemory is not a mono symbol file
Symbol file data-000001617F4FAAE0 doesn't match image C:\Users\asdf\Desktop\unity\ReactiveTurnBase\My project A\Library\ScriptAssemblies\UnityEditor.UI.dll
Symbol file LoadedFromMemory is not a mono symbol file
Symbol file data-00000161A2781020 doesn't match image C:\Users\asdf\Desktop\unity\ReactiveTurnBase\My project A\Library\ScriptAssemblies\Unity.VisualScripting.Core.dll
Symbol file LoadedFromMemory is not a mono symbol file
Symbol file data-00000161AB1E6030 doesn't match image C:\Users\asdf\Desktop\unity\ReactiveTurnBase\My project A\Library\ScriptAssemblies\UnityEngine.UI.dll
Symbol file LoadedFromMemory is not a mono symbol file
Symbol file data-00000161ACFE7CD0 doesn't match image C:\Users\asdf\Desktop\unity\ReactiveTurnBase\My project A\Library\ScriptAssemblies\UniTask.Editor.dll
Symbol file LoadedFromMemory is not a mono symbol file
Symbol file data-000001617F90D020 doesn't match image C:\Users\asdf\Desktop\unity\ReactiveTurnBase\My project A\Library\ScriptAssemblies\Unity.VisualScripting.Core.Editor.dll
Symbol file LoadedFromMemory is not a mono symbol file
Symbol file data-00000161A1BC1020 doesn't match image C:\Users\asdf\Desktop\unity\ReactiveTurnBase\My project A\Library\ScriptAssemblies\UniTask.Linq.dll
Symbol file LoadedFromMemory is not a mono symbol file
Symbol file data-00000161ACE3E020 doesn't match image C:\Users\asdf\Desktop\unity\ReactiveTurnBase\My project A\Library\ScriptAssemblies\Unity.VisualScripting.Flow.dll
Symbol file LoadedFromMemory is not a mono symbol file
Symbol file data-00000161AC5E6810 doesn't match image C:\Users\asdf\Desktop\unity\ReactiveTurnBase\My project A\Library\ScriptAssemblies\Unity.VisualScripting.Flow.Editor.dll
Symbol file LoadedFromMemory is not a mono symbol file
Symbol file data-00000161AB43C040 doesn't match image C:\Users\asdf\Desktop\unity\ReactiveTurnBase\My project A\Library\ScriptAssemblies\Unity.Timeline.dll
Symbol file LoadedFromMemory is not a mono symbol file
Symbol file data-000001617F042010 doesn't match image C:\Users\asdf\Desktop\unity\ReactiveTurnBase\My project A\Library\ScriptAssemblies\Unity.InputSystem.dll
Symbol file LoadedFromMemory is not a mono symbol file
Symbol file data-000001617F6B0020 doesn't match image C:\Users\asdf\Desktop\unity\ReactiveTurnBase\My project A\Library\ScriptAssemblies\Unity.InputSystem.ForUI.dll
Symbol file LoadedFromMemory is not a mono symbol file
Symbol file data-00000161ACFE7CD0 doesn't match image C:\Users\asdf\Desktop\unity\ReactiveTurnBase\My project A\Library\ScriptAssemblies\Unity.TestTools.CodeCoverage.Editor.OpenCover.Mono.Reflection.dll
Symbol file LoadedFromMemory is not a mono symbol file
Symbol file data-00000161ACFE7CD0 doesn't match image C:\Users\asdf\Desktop\unity\ReactiveTurnBase\My project A\Library\ScriptAssemblies\Unity.VisualScripting.SettingsProvider.Editor.dll
Symbol file LoadedFromMemory is not a mono symbol file
Symbol file data-000001617FD5B030 doesn't match image C:\Users\asdf\Desktop\unity\ReactiveTurnBase\My project A\Library\ScriptAssemblies\Unity.Performance.Profile-Analyzer.Editor.dll
Symbol file LoadedFromMemory is not a mono symbol file
Symbol file data-00000161AB190080 doesn't match image C:\Users\asdf\Desktop\unity\ReactiveTurnBase\My project A\Library\ScriptAssemblies\Unity.TestTools.CodeCoverage.Editor.dll
Symbol file LoadedFromMemory is not a mono symbol file
Symbol file data-00000161A359A350 doesn't match image C:\Users\asdf\Desktop\unity\ReactiveTurnBase\My project A\Library\ScriptAssemblies\Unity.TestTools.CodeCoverage.Editor.OpenCover.Model.dll
Symbol file LoadedFromMemory is not a mono symbol file
Symbol file data-00000161AB9C8020 doesn't match image C:\Users\asdf\Desktop\unity\ReactiveTurnBase\My project A\Library\ScriptAssemblies\Unity.VisualScripting.State.Editor.dll
Symbol file LoadedFromMemory is not a mono symbol file
Symbol file data-00000161ADDE9D50 doesn't match image C:\Users\asdf\Desktop\unity\ReactiveTurnBase\My project A\Library\ScriptAssemblies\Unity.Settings.Editor.dll
Symbol file LoadedFromMemory is not a mono symbol file
Symbol file data-00000161AB9D3430 doesn't match image C:\Users\asdf\Desktop\unity\ReactiveTurnBase\My project A\Library\ScriptAssemblies\Unity.CollabProxy.Editor.dll
Symbol file LoadedFromMemory is not a mono symbol file
Symbol file data-000001617F2E4020 doesn't match image C:\Users\asdf\Desktop\unity\ReactiveTurnBase\My project A\Library\ScriptAssemblies\Unity.TextMeshPro.dll
Symbol file LoadedFromMemory is not a mono symbol file
Symbol file data-00000161AC480030 doesn't match image C:\Users\asdf\Desktop\unity\ReactiveTurnBase\My project A\Library\ScriptAssemblies\Unity.TextMeshPro.Editor.dll
Symbol file LoadedFromMemory is not a mono symbol file
Symbol file data-00000161A19EF030 doesn't match image C:\Users\asdf\Desktop\unity\ReactiveTurnBase\My project A\Library\ScriptAssemblies\UniTask.dll
Symbol file LoadedFromMemory is not a mono symbol file
Symbol file data-00000161ABF25460 doesn't match image C:\Users\asdf\Desktop\unity\ReactiveTurnBase\My project A\Library\ScriptAssemblies\Unity.VisualScripting.State.dll
Symbol file LoadedFromMemory is not a mono symbol file
Symbol file data-00000161ABF25460 doesn't match image C:\Users\asdf\Desktop\unity\ReactiveTurnBase\My project A\Library\ScriptAssemblies\Unity.VSCode.Editor.dll
Symbol file LoadedFromMemory is not a mono symbol file
- Loaded All Assemblies, in  0.455 seconds
Native extension for WindowsStandalone target not found
Native extension for Android target not found
Mono: successfully reloaded assembly
- Finished resetting the current domain, in  1.113 seconds
Domain Reload Profiling: 1566ms
	BeginReloadAssembly (136ms)
		ExecutionOrderSort (0ms)
		DisableScriptedObjects (6ms)
		BackupInstance (0ms)
		ReleaseScriptingObjects (0ms)
		CreateAndSetChildDomain (30ms)
	RebuildCommonClasses (27ms)
	RebuildNativeTypeToScriptingClass (10ms)
	initialDomainReloadingComplete (31ms)
	LoadAllAssembliesAndSetupDomain (249ms)
		LoadAssemblies (290ms)
		RebuildTransferFunctionScriptingTraits (0ms)
		AnalyzeDomain (29ms)
			TypeCache.Refresh (10ms)
				TypeCache.ScanAssembly (3ms)
			ScanForSourceGeneratedMonoScriptInfo (11ms)
			ResolveRequiredComponents (6ms)
	FinalizeReload (1114ms)
		ReleaseScriptCaches (0ms)
		RebuildScriptCaches (0ms)
		SetupLoadedEditorAssemblies (662ms)
			LogAssemblyErrors (0ms)
			InitializePlatformSupportModulesInManaged (16ms)
			SetLoadedEditorAssemblies (4ms)
			RefreshPlugins (0ms)
			BeforeProcessingInitializeOnLoad (87ms)
			ProcessInitializeOnLoadAttributes (508ms)
			ProcessInitializeOnLoadMethodAttributes (39ms)
			AfterProcessingInitializeOnLoad (8ms)
			EditorAssembliesLoaded (0ms)
		ExecutionOrderSort2 (0ms)
		AwakeInstancesAfterBackupRestoration (8ms)
Refreshing native plugins compatible for Editor in 4.79 ms, found 3 plugins.
Preloading 0 native plugins for Editor in 0.00 ms.
Unloading 3941 Unused Serialized files (Serialized files now loaded: 0)
Unloading 22 unused Assets / (32.8 KB). Loaded Objects now: 4516.
Memory consumption went from 225.6 MB to 225.5 MB.
Total: 4.798000 ms (FindLiveObjects: 0.343800 ms CreateObjectMapping: 0.228000 ms MarkObjects: 4.102700 ms  DeleteObjects: 0.122400 ms)

Prepare: number of updated asset objects reloaded= 0
AssetImportParameters requested are different than current active one (requested -> active):
  custom:container-demuxer-ogg: 62fdf1f143b41e24485cea50d1cbac27 -> 
  custom:scripting/monoscript/fileName/GroggyBar.cs: 100a61dadfc5e32941fd0f737636facf -> 
  custom:video-decoder-ogg-theora: a1e56fd34408186e4bbccfd4996cb3dc -> 
  custom:framework-win-MediaFoundation: 216162199b28c13a410421893ffa2e32 -> 
  custom:CustomObjectIndexerAttribute: 9a22284fe3817be447336de3de66b15e -> 
  custom:container-demuxer-webm: 4f35f7cbe854078d1ac9338744f61a02 -> 
  custom:container-muxer-webm: aa71ff27fc2769a1b78a27578f13a17b -> 
  custom:video-decoder-webm-vp8: 9c59270c3fd7afecdb556c50c9e8de78 -> 
  custom:SearchIndexIgnoredProperties: e643bd26f0fe6173181afceb89e7c659 -> 
  custom:AudioImporter_EditorPlatform: d09bf68614088b80899f8185d706f6e7 -> 
  custom:video-encoder-webm-vp8: eb34c28f22e8b96e1ab97ce403110664 -> 
  custom:scripting/monoscript/fileName/GroggyBarFollower.cs: 819d994350b9b9cabf3c84cf4da82ff6 -> 
  custom:audio-decoder-ogg-vorbis: bf7c407c2cedff20999df2af8eb42d56 -> 
  custom:audio-encoder-webm-vorbis: bf7c407c2cedff20999df2af8eb42d56 -> 
  custom:scripting/precompiled-assembly-types:Assembly-CSharp: 7b00abadb7ccdd45d3e56f430b248d8b -> 1476765af81e86739e20042d8f5f0532
========================================================================
Received Prepare
Caller must complete domain reload
Begin MonoManager ReloadAssembly
Symbol file data-00000161AC69A040 doesn't match image C:\Users\asdf\Desktop\unity\ReactiveTurnBase\My project A\Library\ScriptAssemblies\Unity.EditorCoroutines.Editor.dll
Symbol file LoadedFromMemory is not a mono symbol file
Symbol file data-00000161AC69E680 doesn't match image C:\Users\asdf\Desktop\unity\ReactiveTurnBase\My project A\Library\ScriptAssemblies\UniTask.TextMeshPro.dll
Symbol file LoadedFromMemory is not a mono symbol file
Symbol file data-000001617FA70010 doesn't match image C:\Users\asdf\Desktop\unity\ReactiveTurnBase\My project A\Library\ScriptAssemblies\Unity.Timeline.Editor.dll
Symbol file LoadedFromMemory is not a mono symbol file
Symbol file data-00000161AD3F8010 doesn't match image C:\Users\asdf\Desktop\unity\ReactiveTurnBase\My project A\Library\ScriptAssemblies\Unity.VisualScripting.Shared.Editor.dll
Symbol file LoadedFromMemory is not a mono symbol file
Symbol file data-00000161AD3F8010 doesn't match image C:\Users\asdf\Desktop\unity\ReactiveTurnBase\My project A\Library\ScriptAssemblies\UniTask.DOTween.dll
Symbol file LoadedFromMemory is not a mono symbol file
Symbol file data-00000161AD3F8010 doesn't match image C:\Users\asdf\Desktop\unity\ReactiveTurnBase\My project A\Library\ScriptAssemblies\UniTask.Addressables.dll
Symbol file LoadedFromMemory is not a mono symbol file
Symbol file data-000001617F4FAAE0 doesn't match image C:\Users\asdf\Desktop\unity\ReactiveTurnBase\My project A\Library\ScriptAssemblies\UnityEditor.UI.dll
Symbol file LoadedFromMemory is not a mono symbol file
Symbol file data-00000161A2781020 doesn't match image C:\Users\asdf\Desktop\unity\ReactiveTurnBase\My project A\Library\ScriptAssemblies\Unity.VisualScripting.Core.dll
Symbol file LoadedFromMemory is not a mono symbol file
Symbol file data-00000161A1CFC020 doesn't match image C:\Users\asdf\Desktop\unity\ReactiveTurnBase\My project A\Library\ScriptAssemblies\UnityEngine.UI.dll
Symbol file LoadedFromMemory is not a mono symbol file
Symbol file data-000001617F2D8810 doesn't match image C:\Users\asdf\Desktop\unity\ReactiveTurnBase\My project A\Library\ScriptAssemblies\UniTask.Editor.dll
Symbol file LoadedFromMemory is not a mono symbol file
Symbol file data-00000161AB297020 doesn't match image C:\Users\asdf\Desktop\unity\ReactiveTurnBase\My project A\Library\ScriptAssemblies\Unity.VisualScripting.Core.Editor.dll
Symbol file LoadedFromMemory is not a mono symbol file
Symbol file data-00000161A1BC1020 doesn't match image C:\Users\asdf\Desktop\unity\ReactiveTurnBase\My project A\Library\ScriptAssemblies\UniTask.Linq.dll
Symbol file LoadedFromMemory is not a mono symbol file
Symbol file data-000001617F2E4020 doesn't match image C:\Users\asdf\Desktop\unity\ReactiveTurnBase\My project A\Library\ScriptAssemblies\Unity.VisualScripting.Flow.dll
Symbol file LoadedFromMemory is not a mono symbol file
Symbol file data-00000161AC5E6810 doesn't match image C:\Users\asdf\Desktop\unity\ReactiveTurnBase\My project A\Library\ScriptAssemblies\Unity.VisualScripting.Flow.Editor.dll
Symbol file LoadedFromMemory is not a mono symbol file
Symbol file data-00000161AB43C040 doesn't match image C:\Users\asdf\Desktop\unity\ReactiveTurnBase\My project A\Library\ScriptAssemblies\Unity.Timeline.dll
Symbol file LoadedFromMemory is not a mono symbol file
Symbol file data-00000161ABDB6010 doesn't match image C:\Users\asdf\Desktop\unity\ReactiveTurnBase\My project A\Library\ScriptAssemblies\Unity.InputSystem.dll
Symbol file LoadedFromMemory is not a mono symbol file
Symbol file data-00000161A2A89BA0 doesn't match image C:\Users\asdf\Desktop\unity\ReactiveTurnBase\My project A\Library\ScriptAssemblies\Unity.InputSystem.ForUI.dll
Symbol file LoadedFromMemory is not a mono symbol file
Symbol file data-000001617F2D8810 doesn't match image C:\Users\asdf\Desktop\unity\ReactiveTurnBase\My project A\Library\ScriptAssemblies\Unity.TestTools.CodeCoverage.Editor.OpenCover.Mono.Reflection.dll
Symbol file LoadedFromMemory is not a mono symbol file
Symbol file data-000001617F2D8810 doesn't match image C:\Users\asdf\Desktop\unity\ReactiveTurnBase\My project A\Library\ScriptAssemblies\Unity.VisualScripting.SettingsProvider.Editor.dll
Symbol file LoadedFromMemory is not a mono symbol file
Symbol file data-000001617F3C1020 doesn't match image C:\Users\asdf\Desktop\unity\ReactiveTurnBase\My project A\Library\ScriptAssemblies\Unity.Performance.Profile-Analyzer.Editor.dll
Symbol file LoadedFromMemory is not a mono symbol file
Symbol file data-00000161AB190080 doesn't match image C:\Users\asdf\Desktop\unity\ReactiveTurnBase\My project A\Library\ScriptAssemblies\Unity.TestTools.CodeCoverage.Editor.dll
Symbol file LoadedFromMemory is not a mono symbol file
Symbol file data-00000161ADD581C0 doesn't match image C:\Users\asdf\Desktop\unity\ReactiveTurnBase\My project A\Library\ScriptAssemblies\Unity.TestTools.CodeCoverage.Editor.OpenCover.Model.dll
Symbol file LoadedFromMemory is not a mono symbol file
Symbol file data-00000161ADD581C0 doesn't match image C:\Users\asdf\Desktop\unity\ReactiveTurnBase\My project A\Library\ScriptAssemblies\Unity.VisualScripting.State.Editor.dll
Symbol file LoadedFromMemory is not a mono symbol file
Symbol file data-000001617F129030 doesn't match image C:\Users\asdf\Desktop\unity\ReactiveTurnBase\My project A\Library\ScriptAssemblies\Unity.Settings.Editor.dll
Symbol file LoadedFromMemory is not a mono symbol file
Symbol file data-00000161A2A89BA0 doesn't match image C:\Users\asdf\Desktop\unity\ReactiveTurnBase\My project A\Library\ScriptAssemblies\Unity.CollabProxy.Editor.dll
Symbol file LoadedFromMemory is not a mono symbol file
Symbol file data-000001617F2E4020 doesn't match image C:\Users\asdf\Desktop\unity\ReactiveTurnBase\My project A\Library\ScriptAssemblies\Unity.TextMeshPro.dll
Symbol file LoadedFromMemory is not a mono symbol file
Symbol file data-00000161ADDE9D50 doesn't match image C:\Users\asdf\Desktop\unity\ReactiveTurnBase\My project A\Library\ScriptAssemblies\Unity.TextMeshPro.Editor.dll
Symbol file LoadedFromMemory is not a mono symbol file
Symbol file data-00000161A19EF030 doesn't match image C:\Users\asdf\Desktop\unity\ReactiveTurnBase\My project A\Library\ScriptAssemblies\UniTask.dll
Symbol file LoadedFromMemory is not a mono symbol file
Symbol file data-000001617F131440 doesn't match image C:\Users\asdf\Desktop\unity\ReactiveTurnBase\My project A\Library\ScriptAssemblies\Unity.VisualScripting.State.dll
Symbol file LoadedFromMemory is not a mono symbol file
Symbol file data-000001617F131440 doesn't match image C:\Users\asdf\Desktop\unity\ReactiveTurnBase\My project A\Library\ScriptAssemblies\Unity.VSCode.Editor.dll
Symbol file LoadedFromMemory is not a mono symbol file
- Loaded All Assemblies, in  0.456 seconds
Native extension for WindowsStandalone target not found
Native extension for Android target not found
Mono: successfully reloaded assembly
- Finished resetting the current domain, in  0.927 seconds
Domain Reload Profiling: 1381ms
	BeginReloadAssembly (136ms)
		ExecutionOrderSort (0ms)
		DisableScriptedObjects (6ms)
		BackupInstance (0ms)
		ReleaseScriptingObjects (0ms)
		CreateAndSetChildDomain (31ms)
	RebuildCommonClasses (31ms)
	RebuildNativeTypeToScriptingClass (10ms)
	initialDomainReloadingComplete (29ms)
	LoadAllAssembliesAndSetupDomain (247ms)
		LoadAssemblies (287ms)
		RebuildTransferFunctionScriptingTraits (0ms)
		AnalyzeDomain (29ms)
			TypeCache.Refresh (10ms)
				TypeCache.ScanAssembly (3ms)
			ScanForSourceGeneratedMonoScriptInfo (11ms)
			ResolveRequiredComponents (7ms)
	FinalizeReload (928ms)
		ReleaseScriptCaches (0ms)
		RebuildScriptCaches (0ms)
		SetupLoadedEditorAssemblies (494ms)
			LogAssemblyErrors (0ms)
			InitializePlatformSupportModulesInManaged (17ms)
			SetLoadedEditorAssemblies (4ms)
			RefreshPlugins (0ms)
			BeforeProcessingInitializeOnLoad (87ms)
			ProcessInitializeOnLoadAttributes (351ms)
			ProcessInitializeOnLoadMethodAttributes (30ms)
			AfterProcessingInitializeOnLoad (6ms)
			EditorAssembliesLoaded (0ms)
		ExecutionOrderSort2 (0ms)
		AwakeInstancesAfterBackupRestoration (5ms)
Refreshing native plugins compatible for Editor in 3.74 ms, found 3 plugins.
Preloading 0 native plugins for Editor in 0.00 ms.
Unloading 3941 Unused Serialized files (Serialized files now loaded: 0)
Unloading 22 unused Assets / (32.8 KB). Loaded Objects now: 4519.
Memory consumption went from 225.6 MB to 225.5 MB.
Total: 3.116300 ms (FindLiveObjects: 0.276800 ms CreateObjectMapping: 0.220700 ms MarkObjects: 2.571500 ms  DeleteObjects: 0.046700 ms)

Prepare: number of updated asset objects reloaded= 0
AssetImportParameters requested are different than current active one (requested -> active):
  custom:container-demuxer-ogg: 62fdf1f143b41e24485cea50d1cbac27 -> 
  custom:scripting/monoscript/fileName/GroggyBar.cs: 100a61dadfc5e32941fd0f737636facf -> 
  custom:video-decoder-ogg-theora: a1e56fd34408186e4bbccfd4996cb3dc -> 
  custom:framework-win-MediaFoundation: 216162199b28c13a410421893ffa2e32 -> 
  custom:CustomObjectIndexerAttribute: 9a22284fe3817be447336de3de66b15e -> 
  custom:container-demuxer-webm: 4f35f7cbe854078d1ac9338744f61a02 -> 
  custom:container-muxer-webm: aa71ff27fc2769a1b78a27578f13a17b -> 
  custom:video-decoder-webm-vp8: 9c59270c3fd7afecdb556c50c9e8de78 -> 
  custom:SearchIndexIgnoredProperties: e643bd26f0fe6173181afceb89e7c659 -> 
  custom:AudioImporter_EditorPlatform: d09bf68614088b80899f8185d706f6e7 -> 
  custom:video-encoder-webm-vp8: eb34c28f22e8b96e1ab97ce403110664 -> 
  custom:scripting/monoscript/fileName/GroggyBarFollower.cs: 819d994350b9b9cabf3c84cf4da82ff6 -> 
  custom:audio-decoder-ogg-vorbis: bf7c407c2cedff20999df2af8eb42d56 -> 
  custom:audio-encoder-webm-vorbis: bf7c407c2cedff20999df2af8eb42d56 -> 
  custom:scripting/precompiled-assembly-types:Assembly-CSharp: 7b00abadb7ccdd45d3e56f430b248d8b -> 1476765af81e86739e20042d8f5f0532
========================================================================
Received Prepare
Caller must complete domain reload
Begin MonoManager ReloadAssembly
Symbol file data-000001617F5849D0 doesn't match image C:\Users\asdf\Desktop\unity\ReactiveTurnBase\My project A\Library\ScriptAssemblies\Unity.EditorCoroutines.Editor.dll
Symbol file LoadedFromMemory is not a mono symbol file
Symbol file data-000001617FD5B030 doesn't match image C:\Users\asdf\Desktop\unity\ReactiveTurnBase\My project A\Library\ScriptAssemblies\UniTask.TextMeshPro.dll
Symbol file LoadedFromMemory is not a mono symbol file
Symbol file data-00000161A127F020 doesn't match image C:\Users\asdf\Desktop\unity\ReactiveTurnBase\My project A\Library\ScriptAssemblies\Unity.Timeline.Editor.dll
Symbol file LoadedFromMemory is not a mono symbol file
Symbol file data-000001617FD5B030 doesn't match image C:\Users\asdf\Desktop\unity\ReactiveTurnBase\My project A\Library\ScriptAssemblies\Unity.VisualScripting.Shared.Editor.dll
Symbol file LoadedFromMemory is not a mono symbol file
Symbol file data-000001617FD5B030 doesn't match image C:\Users\asdf\Desktop\unity\ReactiveTurnBase\My project A\Library\ScriptAssemblies\UniTask.DOTween.dll
Symbol file LoadedFromMemory is not a mono symbol file
Symbol file data-000001617FD5B030 doesn't match image C:\Users\asdf\Desktop\unity\ReactiveTurnBase\My project A\Library\ScriptAssemblies\UniTask.Addressables.dll
Symbol file LoadedFromMemory is not a mono symbol file
Symbol file data-000001617F4FAAE0 doesn't match image C:\Users\asdf\Desktop\unity\ReactiveTurnBase\My project A\Library\ScriptAssemblies\UnityEditor.UI.dll
Symbol file LoadedFromMemory is not a mono symbol file
Symbol file data-00000161A2781020 doesn't match image C:\Users\asdf\Desktop\unity\ReactiveTurnBase\My project A\Library\ScriptAssemblies\Unity.VisualScripting.Core.dll
Symbol file LoadedFromMemory is not a mono symbol file
Symbol file data-00000161A1CFC020 doesn't match image C:\Users\asdf\Desktop\unity\ReactiveTurnBase\My project A\Library\ScriptAssemblies\UnityEngine.UI.dll
Symbol file LoadedFromMemory is not a mono symbol file
Symbol file data-00000161AB9CC830 doesn't match image C:\Users\asdf\Desktop\unity\ReactiveTurnBase\My project A\Library\ScriptAssemblies\UniTask.Editor.dll
Symbol file LoadedFromMemory is not a mono symbol file
Symbol file data-00000161A1082010 doesn't match image C:\Users\asdf\Desktop\unity\ReactiveTurnBase\My project A\Library\ScriptAssemblies\Unity.VisualScripting.Core.Editor.dll
Symbol file LoadedFromMemory is not a mono symbol file
Symbol file data-00000161A1BC1020 doesn't match image C:\Users\asdf\Desktop\unity\ReactiveTurnBase\My project A\Library\ScriptAssemblies\UniTask.Linq.dll
Symbol file LoadedFromMemory is not a mono symbol file
Symbol file data-00000161A15A6020 doesn't match image C:\Users\asdf\Desktop\unity\ReactiveTurnBase\My project A\Library\ScriptAssemblies\Unity.VisualScripting.Flow.dll
Symbol file LoadedFromMemory is not a mono symbol file
Symbol file data-00000161ACBF3220 doesn't match image C:\Users\asdf\Desktop\unity\ReactiveTurnBase\My project A\Library\ScriptAssemblies\Unity.VisualScripting.Flow.Editor.dll
Symbol file LoadedFromMemory is not a mono symbol file
Symbol file data-00000161AB43C040 doesn't match image C:\Users\asdf\Desktop\unity\ReactiveTurnBase\My project A\Library\ScriptAssemblies\Unity.Timeline.dll
Symbol file LoadedFromMemory is not a mono symbol file
Symbol file data-00000161ABC00030 doesn't match image C:\Users\asdf\Desktop\unity\ReactiveTurnBase\My project A\Library\ScriptAssemblies\Unity.InputSystem.dll
Symbol file LoadedFromMemory is not a mono symbol file
Symbol file data-00000161AB9CC830 doesn't match image C:\Users\asdf\Desktop\unity\ReactiveTurnBase\My project A\Library\ScriptAssemblies\Unity.InputSystem.ForUI.dll
Symbol file LoadedFromMemory is not a mono symbol file
Symbol file data-00000161AB9CC830 doesn't match image C:\Users\asdf\Desktop\unity\ReactiveTurnBase\My project A\Library\ScriptAssemblies\Unity.TestTools.CodeCoverage.Editor.OpenCover.Mono.Reflection.dll
Symbol file LoadedFromMemory is not a mono symbol file
Symbol file data-00000161AD13D050 doesn't match image C:\Users\asdf\Desktop\unity\ReactiveTurnBase\My project A\Library\ScriptAssemblies\Unity.VisualScripting.SettingsProvider.Editor.dll
Symbol file LoadedFromMemory is not a mono symbol file
Symbol file data-000001617F937020 doesn't match image C:\Users\asdf\Desktop\unity\ReactiveTurnBase\My project A\Library\ScriptAssemblies\Unity.Performance.Profile-Analyzer.Editor.dll
Symbol file LoadedFromMemory is not a mono symbol file
Symbol file data-00000161AB190080 doesn't match image C:\Users\asdf\Desktop\unity\ReactiveTurnBase\My project A\Library\ScriptAssemblies\Unity.TestTools.CodeCoverage.Editor.dll
Symbol file LoadedFromMemory is not a mono symbol file
Symbol file data-000001617FD0D450 doesn't match image C:\Users\asdf\Desktop\unity\ReactiveTurnBase\My project A\Library\ScriptAssemblies\Unity.TestTools.CodeCoverage.Editor.OpenCover.Model.dll
Symbol file LoadedFromMemory is not a mono symbol file
Symbol file data-00000161ADD581C0 doesn't match image C:\Users\asdf\Desktop\unity\ReactiveTurnBase\My project A\Library\ScriptAssemblies\Unity.VisualScripting.State.Editor.dll
Symbol file LoadedFromMemory is not a mono symbol file
Symbol file data-00000161ADDF9D60 doesn't match image C:\Users\asdf\Desktop\unity\ReactiveTurnBase\My project A\Library\ScriptAssemblies\Unity.Settings.Editor.dll
Symbol file LoadedFromMemory is not a mono symbol file
Symbol file data-00000161AD143E60 doesn't match image C:\Users\asdf\Desktop\unity\ReactiveTurnBase\My project A\Library\ScriptAssemblies\Unity.CollabProxy.Editor.dll
Symbol file LoadedFromMemory is not a mono symbol file
Symbol file data-00000161A15A6020 doesn't match image C:\Users\asdf\Desktop\unity\ReactiveTurnBase\My project A\Library\ScriptAssemblies\Unity.TextMeshPro.dll
Symbol file LoadedFromMemory is not a mono symbol file
Symbol file data-00000161A1F70010 doesn't match image C:\Users\asdf\Desktop\unity\ReactiveTurnBase\My project A\Library\ScriptAssemblies\Unity.TextMeshPro.Editor.dll
Symbol file LoadedFromMemory is not a mono symbol file
Symbol file data-00000161A19EF030 doesn't match image C:\Users\asdf\Desktop\unity\ReactiveTurnBase\My project A\Library\ScriptAssemblies\UniTask.dll
Symbol file LoadedFromMemory is not a mono symbol file
Symbol file data-00000161A19B9020 doesn't match image C:\Users\asdf\Desktop\unity\ReactiveTurnBase\My project A\Library\ScriptAssemblies\Unity.VisualScripting.State.dll
Symbol file LoadedFromMemory is not a mono symbol file
Symbol file data-000001617F129030 doesn't match image C:\Users\asdf\Desktop\unity\ReactiveTurnBase\My project A\Library\ScriptAssemblies\Unity.VSCode.Editor.dll
Symbol file LoadedFromMemory is not a mono symbol file
- Loaded All Assemblies, in  0.422 seconds
Native extension for WindowsStandalone target not found
Native extension for Android target not found
Mono: successfully reloaded assembly
- Finished resetting the current domain, in  1.034 seconds
Domain Reload Profiling: 1453ms
	BeginReloadAssembly (134ms)
		ExecutionOrderSort (0ms)
		DisableScriptedObjects (6ms)
		BackupInstance (0ms)
		ReleaseScriptingObjects (0ms)
		CreateAndSetChildDomain (30ms)
	RebuildCommonClasses (26ms)
	RebuildNativeTypeToScriptingClass (8ms)
	initialDomainReloadingComplete (26ms)
	LoadAllAssembliesAndSetupDomain (225ms)
		LoadAssemblies (281ms)
		RebuildTransferFunctionScriptingTraits (0ms)
		AnalyzeDomain (13ms)
			TypeCache.Refresh (5ms)
				TypeCache.ScanAssembly (0ms)
			ScanForSourceGeneratedMonoScriptInfo (0ms)
			ResolveRequiredComponents (7ms)
	FinalizeReload (1034ms)
		ReleaseScriptCaches (0ms)
		RebuildScriptCaches (0ms)
		SetupLoadedEditorAssemblies (564ms)
			LogAssemblyErrors (0ms)
			InitializePlatformSupportModulesInManaged (17ms)
			SetLoadedEditorAssemblies (4ms)
			RefreshPlugins (0ms)
			BeforeProcessingInitializeOnLoad (89ms)
			ProcessInitializeOnLoadAttributes (413ms)
			ProcessInitializeOnLoadMethodAttributes (33ms)
			AfterProcessingInitializeOnLoad (7ms)
			EditorAssembliesLoaded (0ms)
		ExecutionOrderSort2 (0ms)
		AwakeInstancesAfterBackupRestoration (6ms)
Refreshing native plugins compatible for Editor in 4.89 ms, found 3 plugins.
Preloading 0 native plugins for Editor in 0.00 ms.
Unloading 3941 Unused Serialized files (Serialized files now loaded: 0)
Unloading 22 unused Assets / (32.8 KB). Loaded Objects now: 4522.
Memory consumption went from 225.6 MB to 225.5 MB.
Total: 3.877000 ms (FindLiveObjects: 0.270300 ms CreateObjectMapping: 0.252600 ms MarkObjects: 3.235700 ms  DeleteObjects: 0.117100 ms)

Prepare: number of updated asset objects reloaded= 0
AssetImportParameters requested are different than current active one (requested -> active):
  custom:container-demuxer-ogg: 62fdf1f143b41e24485cea50d1cbac27 -> 
  custom:scripting/monoscript/fileName/GroggyBar.cs: 100a61dadfc5e32941fd0f737636facf -> 
  custom:video-decoder-ogg-theora: a1e56fd34408186e4bbccfd4996cb3dc -> 
  custom:framework-win-MediaFoundation: 216162199b28c13a410421893ffa2e32 -> 
  custom:CustomObjectIndexerAttribute: 9a22284fe3817be447336de3de66b15e -> 
  custom:container-demuxer-webm: 4f35f7cbe854078d1ac9338744f61a02 -> 
  custom:container-muxer-webm: aa71ff27fc2769a1b78a27578f13a17b -> 
  custom:video-decoder-webm-vp8: 9c59270c3fd7afecdb556c50c9e8de78 -> 
  custom:SearchIndexIgnoredProperties: e643bd26f0fe6173181afceb89e7c659 -> 
  custom:AudioImporter_EditorPlatform: d09bf68614088b80899f8185d706f6e7 -> 
  custom:video-encoder-webm-vp8: eb34c28f22e8b96e1ab97ce403110664 -> 
  custom:scripting/monoscript/fileName/GroggyBarFollower.cs: 819d994350b9b9cabf3c84cf4da82ff6 -> 
  custom:audio-decoder-ogg-vorbis: bf7c407c2cedff20999df2af8eb42d56 -> 
  custom:audio-encoder-webm-vorbis: bf7c407c2cedff20999df2af8eb42d56 -> 
  custom:scripting/precompiled-assembly-types:Assembly-CSharp: 7b00abadb7ccdd45d3e56f430b248d8b -> 1476765af81e86739e20042d8f5f0532
========================================================================
Received Prepare
Caller must complete domain reload
Begin MonoManager ReloadAssembly
Symbol file data-00000161AB9C8020 doesn't match image C:\Users\asdf\Desktop\unity\ReactiveTurnBase\My project A\Library\ScriptAssemblies\Unity.EditorCoroutines.Editor.dll
Symbol file LoadedFromMemory is not a mono symbol file
Symbol file data-00000161AB9CC660 doesn't match image C:\Users\asdf\Desktop\unity\ReactiveTurnBase\My project A\Library\ScriptAssemblies\UniTask.TextMeshPro.dll
Symbol file LoadedFromMemory is not a mono symbol file
Symbol file data-00000161A127F020 doesn't match image C:\Users\asdf\Desktop\unity\ReactiveTurnBase\My project A\Library\ScriptAssemblies\Unity.Timeline.Editor.dll
Symbol file LoadedFromMemory is not a mono symbol file
Symbol file data-00000161AB9CC660 doesn't match image C:\Users\asdf\Desktop\unity\ReactiveTurnBase\My project A\Library\ScriptAssemblies\Unity.VisualScripting.Shared.Editor.dll
Symbol file LoadedFromMemory is not a mono symbol file
Symbol file data-00000161AB9CC660 doesn't match image C:\Users\asdf\Desktop\unity\ReactiveTurnBase\My project A\Library\ScriptAssemblies\UniTask.DOTween.dll
Symbol file LoadedFromMemory is not a mono symbol file
Symbol file data-00000161AB9CC660 doesn't match image C:\Users\asdf\Desktop\unity\ReactiveTurnBase\My project A\Library\ScriptAssemblies\UniTask.Addressables.dll
Symbol file LoadedFromMemory is not a mono symbol file
Symbol file data-000001617F4FAAE0 doesn't match image C:\Users\asdf\Desktop\unity\ReactiveTurnBase\My project A\Library\ScriptAssemblies\UnityEditor.UI.dll
Symbol file LoadedFromMemory is not a mono symbol file
Symbol file data-00000161A2781020 doesn't match image C:\Users\asdf\Desktop\unity\ReactiveTurnBase\My project A\Library\ScriptAssemblies\Unity.VisualScripting.Core.dll
Symbol file LoadedFromMemory is not a mono symbol file
Symbol file data-00000161AC368030 doesn't match image C:\Users\asdf\Desktop\unity\ReactiveTurnBase\My project A\Library\ScriptAssemblies\UnityEngine.UI.dll
Symbol file LoadedFromMemory is not a mono symbol file
Symbol file data-000001617F9DF040 doesn't match image C:\Users\asdf\Desktop\unity\ReactiveTurnBase\My project A\Library\ScriptAssemblies\UniTask.Editor.dll
Symbol file LoadedFromMemory is not a mono symbol file
Symbol file data-00000161A1082010 doesn't match image C:\Users\asdf\Desktop\unity\ReactiveTurnBase\My project A\Library\ScriptAssemblies\Unity.VisualScripting.Core.Editor.dll
Symbol file LoadedFromMemory is not a mono symbol file
Symbol file data-00000161A1BC1020 doesn't match image C:\Users\asdf\Desktop\unity\ReactiveTurnBase\My project A\Library\ScriptAssemblies\UniTask.Linq.dll
Symbol file LoadedFromMemory is not a mono symbol file
Symbol file data-000001617F2E4020 doesn't match image C:\Users\asdf\Desktop\unity\ReactiveTurnBase\My project A\Library\ScriptAssemblies\Unity.VisualScripting.Flow.dll
Symbol file LoadedFromMemory is not a mono symbol file
Symbol file data-000001617FAB2020 doesn't match image C:\Users\asdf\Desktop\unity\ReactiveTurnBase\My project A\Library\ScriptAssemblies\Unity.VisualScripting.Flow.Editor.dll
Symbol file LoadedFromMemory is not a mono symbol file
Symbol file data-000001617F366010 doesn't match image C:\Users\asdf\Desktop\unity\ReactiveTurnBase\My project A\Library\ScriptAssemblies\Unity.Timeline.dll
Symbol file LoadedFromMemory is not a mono symbol file
Symbol file data-00000161ABC00030 doesn't match image C:\Users\asdf\Desktop\unity\ReactiveTurnBase\My project A\Library\ScriptAssemblies\Unity.InputSystem.dll
Symbol file LoadedFromMemory is not a mono symbol file
Symbol file data-000001617F9CF030 doesn't match image C:\Users\asdf\Desktop\unity\ReactiveTurnBase\My project A\Library\ScriptAssemblies\Unity.InputSystem.ForUI.dll
Symbol file LoadedFromMemory is not a mono symbol file
Symbol file data-000001617F9CF030 doesn't match image C:\Users\asdf\Desktop\unity\ReactiveTurnBase\My project A\Library\ScriptAssemblies\Unity.TestTools.CodeCoverage.Editor.OpenCover.Mono.Reflection.dll
Symbol file LoadedFromMemory is not a mono symbol file
Symbol file data-000001617F9D3A40 doesn't match image C:\Users\asdf\Desktop\unity\ReactiveTurnBase\My project A\Library\ScriptAssemblies\Unity.VisualScripting.SettingsProvider.Editor.dll
Symbol file LoadedFromMemory is not a mono symbol file
Symbol file data-00000161A1CFC020 doesn't match image C:\Users\asdf\Desktop\unity\ReactiveTurnBase\My project A\Library\ScriptAssemblies\Unity.Performance.Profile-Analyzer.Editor.dll
Symbol file LoadedFromMemory is not a mono symbol file
Symbol file data-00000161AB190080 doesn't match image C:\Users\asdf\Desktop\unity\ReactiveTurnBase\My project A\Library\ScriptAssemblies\Unity.TestTools.CodeCoverage.Editor.dll
Symbol file LoadedFromMemory is not a mono symbol file
Symbol file data-000001617F2D4000 doesn't match image C:\Users\asdf\Desktop\unity\ReactiveTurnBase\My project A\Library\ScriptAssemblies\Unity.TestTools.CodeCoverage.Editor.OpenCover.Model.dll
Symbol file LoadedFromMemory is not a mono symbol file
Symbol file data-000001617F129030 doesn't match image C:\Users\asdf\Desktop\unity\ReactiveTurnBase\My project A\Library\ScriptAssemblies\Unity.VisualScripting.State.Editor.dll
Symbol file LoadedFromMemory is not a mono symbol file
Symbol file data-00000161A2A81B90 doesn't match image C:\Users\asdf\Desktop\unity\ReactiveTurnBase\My project A\Library\ScriptAssemblies\Unity.Settings.Editor.dll
Symbol file LoadedFromMemory is not a mono symbol file
Symbol file data-00000161A2A81B90 doesn't match image C:\Users\asdf\Desktop\unity\ReactiveTurnBase\My project A\Library\ScriptAssemblies\Unity.CollabProxy.Editor.dll
Symbol file LoadedFromMemory is not a mono symbol file
Symbol file data-000001617F2E4020 doesn't match image C:\Users\asdf\Desktop\unity\ReactiveTurnBase\My project A\Library\ScriptAssemblies\Unity.TextMeshPro.dll
Symbol file LoadedFromMemory is not a mono symbol file
Symbol file data-00000161ADDE9D50 doesn't match image C:\Users\asdf\Desktop\unity\ReactiveTurnBase\My project A\Library\ScriptAssemblies\Unity.TextMeshPro.Editor.dll
Symbol file LoadedFromMemory is not a mono symbol file
Symbol file data-00000161A19EF030 doesn't match image C:\Users\asdf\Desktop\unity\ReactiveTurnBase\My project A\Library\ScriptAssemblies\UniTask.dll
Symbol file LoadedFromMemory is not a mono symbol file
Symbol file data-00000161ADD581C0 doesn't match image C:\Users\asdf\Desktop\unity\ReactiveTurnBase\My project A\Library\ScriptAssemblies\Unity.VisualScripting.State.dll
Symbol file LoadedFromMemory is not a mono symbol file
Symbol file data-00000161ADD581C0 doesn't match image C:\Users\asdf\Desktop\unity\ReactiveTurnBase\My project A\Library\ScriptAssemblies\Unity.VSCode.Editor.dll
Symbol file LoadedFromMemory is not a mono symbol file
- Loaded All Assemblies, in  0.472 seconds
Native extension for WindowsStandalone target not found
Native extension for Android target not found
Mono: successfully reloaded assembly
- Finished resetting the current domain, in  0.922 seconds
Domain Reload Profiling: 1392ms
	BeginReloadAssembly (149ms)
		ExecutionOrderSort (0ms)
		DisableScriptedObjects (6ms)
		BackupInstance (0ms)
		ReleaseScriptingObjects (0ms)
		CreateAndSetChildDomain (36ms)
	RebuildCommonClasses (33ms)
	RebuildNativeTypeToScriptingClass (12ms)
	initialDomainReloadingComplete (27ms)
	LoadAllAssembliesAndSetupDomain (250ms)
		LoadAssemblies (297ms)
		RebuildTransferFunctionScriptingTraits (0ms)
		AnalyzeDomain (29ms)
			TypeCache.Refresh (9ms)
				TypeCache.ScanAssembly (2ms)
			ScanForSourceGeneratedMonoScriptInfo (11ms)
			ResolveRequiredComponents (7ms)
	FinalizeReload (923ms)
		ReleaseScriptCaches (0ms)
		RebuildScriptCaches (0ms)
		SetupLoadedEditorAssemblies (492ms)
			LogAssemblyErrors (0ms)
			InitializePlatformSupportModulesInManaged (16ms)
			SetLoadedEditorAssemblies (4ms)
			RefreshPlugins (0ms)
			BeforeProcessingInitializeOnLoad (90ms)
			ProcessInitializeOnLoadAttributes (346ms)
			ProcessInitializeOnLoadMethodAttributes (30ms)
			AfterProcessingInitializeOnLoad (6ms)
			EditorAssembliesLoaded (0ms)
		ExecutionOrderSort2 (0ms)
		AwakeInstancesAfterBackupRestoration (6ms)
Refreshing native plugins compatible for Editor in 3.77 ms, found 3 plugins.
Preloading 0 native plugins for Editor in 0.00 ms.
Unloading 3941 Unused Serialized files (Serialized files now loaded: 0)
Unloading 22 unused Assets / (32.8 KB). Loaded Objects now: 4525.
Memory consumption went from 225.6 MB to 225.5 MB.
Total: 3.157000 ms (FindLiveObjects: 0.248600 ms CreateObjectMapping: 0.105100 ms MarkObjects: 2.756300 ms  DeleteObjects: 0.046400 ms)

Prepare: number of updated asset objects reloaded= 0
AssetImportParameters requested are different than current active one (requested -> active):
  custom:container-demuxer-ogg: 62fdf1f143b41e24485cea50d1cbac27 -> 
  custom:scripting/monoscript/fileName/GroggyBar.cs: 100a61dadfc5e32941fd0f737636facf -> 
  custom:video-decoder-ogg-theora: a1e56fd34408186e4bbccfd4996cb3dc -> 
  custom:framework-win-MediaFoundation: 216162199b28c13a410421893ffa2e32 -> 
  custom:CustomObjectIndexerAttribute: 9a22284fe3817be447336de3de66b15e -> 
  custom:container-demuxer-webm: 4f35f7cbe854078d1ac9338744f61a02 -> 
  custom:container-muxer-webm: aa71ff27fc2769a1b78a27578f13a17b -> 
  custom:video-decoder-webm-vp8: 9c59270c3fd7afecdb556c50c9e8de78 -> 
  custom:SearchIndexIgnoredProperties: e643bd26f0fe6173181afceb89e7c659 -> 
  custom:AudioImporter_EditorPlatform: d09bf68614088b80899f8185d706f6e7 -> 
  custom:video-encoder-webm-vp8: eb34c28f22e8b96e1ab97ce403110664 -> 
  custom:scripting/monoscript/fileName/GroggyBarFollower.cs: 819d994350b9b9cabf3c84cf4da82ff6 -> 
  custom:audio-decoder-ogg-vorbis: bf7c407c2cedff20999df2af8eb42d56 -> 
  custom:audio-encoder-webm-vorbis: bf7c407c2cedff20999df2af8eb42d56 -> 
  custom:scripting/precompiled-assembly-types:Assembly-CSharp: 7b00abadb7ccdd45d3e56f430b248d8b -> 1476765af81e86739e20042d8f5f0532
========================================================================
Received Prepare
Caller must complete domain reload
Begin MonoManager ReloadAssembly
Symbol file data-000001617F45D020 doesn't match image C:\Users\asdf\Desktop\unity\ReactiveTurnBase\My project A\Library\ScriptAssemblies\Unity.EditorCoroutines.Editor.dll
Symbol file LoadedFromMemory is not a mono symbol file
Symbol file data-000001617F979010 doesn't match image C:\Users\asdf\Desktop\unity\ReactiveTurnBase\My project A\Library\ScriptAssemblies\UniTask.TextMeshPro.dll
Symbol file LoadedFromMemory is not a mono symbol file
Symbol file data-00000161A127F020 doesn't match image C:\Users\asdf\Desktop\unity\ReactiveTurnBase\My project A\Library\ScriptAssemblies\Unity.Timeline.Editor.dll
Symbol file LoadedFromMemory is not a mono symbol file
Symbol file data-000001617F979010 doesn't match image C:\Users\asdf\Desktop\unity\ReactiveTurnBase\My project A\Library\ScriptAssemblies\Unity.VisualScripting.Shared.Editor.dll
Symbol file LoadedFromMemory is not a mono symbol file
Symbol file data-000001617F979010 doesn't match image C:\Users\asdf\Desktop\unity\ReactiveTurnBase\My project A\Library\ScriptAssemblies\UniTask.DOTween.dll
Symbol file LoadedFromMemory is not a mono symbol file
Symbol file data-000001617F979010 doesn't match image C:\Users\asdf\Desktop\unity\ReactiveTurnBase\My project A\Library\ScriptAssemblies\UniTask.Addressables.dll
Symbol file LoadedFromMemory is not a mono symbol file
Symbol file data-000001617F4FAAE0 doesn't match image C:\Users\asdf\Desktop\unity\ReactiveTurnBase\My project A\Library\ScriptAssemblies\UnityEditor.UI.dll
Symbol file LoadedFromMemory is not a mono symbol file
Symbol file data-00000161A10A2020 doesn't match image C:\Users\asdf\Desktop\unity\ReactiveTurnBase\My project A\Library\ScriptAssemblies\Unity.VisualScripting.Core.dll
Symbol file LoadedFromMemory is not a mono symbol file
Symbol file data-00000161AB297020 doesn't match image C:\Users\asdf\Desktop\unity\ReactiveTurnBase\My project A\Library\ScriptAssemblies\UnityEngine.UI.dll
Symbol file LoadedFromMemory is not a mono symbol file
Symbol file data-000001617F3FA340 doesn't match image C:\Users\asdf\Desktop\unity\ReactiveTurnBase\My project A\Library\ScriptAssemblies\UniTask.Editor.dll
Symbol file LoadedFromMemory is not a mono symbol file
Symbol file data-00000161A1869020 doesn't match image C:\Users\asdf\Desktop\unity\ReactiveTurnBase\My project A\Library\ScriptAssemblies\Unity.VisualScripting.Core.Editor.dll
Symbol file LoadedFromMemory is not a mono symbol file
Symbol file data-00000161A1BC1020 doesn't match image C:\Users\asdf\Desktop\unity\ReactiveTurnBase\My project A\Library\ScriptAssemblies\UniTask.Linq.dll
Symbol file LoadedFromMemory is not a mono symbol file
Symbol file data-00000161AD0FD020 doesn't match image C:\Users\asdf\Desktop\unity\ReactiveTurnBase\My project A\Library\ScriptAssemblies\Unity.VisualScripting.Flow.dll
Symbol file LoadedFromMemory is not a mono symbol file
Symbol file data-000001617FAB2020 doesn't match image C:\Users\asdf\Desktop\unity\ReactiveTurnBase\My project A\Library\ScriptAssemblies\Unity.VisualScripting.Flow.Editor.dll
Symbol file LoadedFromMemory is not a mono symbol file
Symbol file data-00000161AB43C040 doesn't match image C:\Users\asdf\Desktop\unity\ReactiveTurnBase\My project A\Library\ScriptAssemblies\Unity.Timeline.dll
Symbol file LoadedFromMemory is not a mono symbol file
Symbol file data-00000161ABC00030 doesn't match image C:\Users\asdf\Desktop\unity\ReactiveTurnBase\My project A\Library\ScriptAssemblies\Unity.InputSystem.dll
Symbol file LoadedFromMemory is not a mono symbol file
Symbol file data-00000161AD13D050 doesn't match image C:\Users\asdf\Desktop\unity\ReactiveTurnBase\My project A\Library\ScriptAssemblies\Unity.InputSystem.ForUI.dll
Symbol file LoadedFromMemory is not a mono symbol file
Symbol file data-00000161AD13D050 doesn't match image C:\Users\asdf\Desktop\unity\ReactiveTurnBase\My project A\Library\ScriptAssemblies\Unity.TestTools.CodeCoverage.Editor.OpenCover.Mono.Reflection.dll
Symbol file LoadedFromMemory is not a mono symbol file
Symbol file data-00000161AD141A60 doesn't match image C:\Users\asdf\Desktop\unity\ReactiveTurnBase\My project A\Library\ScriptAssemblies\Unity.VisualScripting.SettingsProvider.Editor.dll
Symbol file LoadedFromMemory is not a mono symbol file
Symbol file data-000001617F7FA010 doesn't match image C:\Users\asdf\Desktop\unity\ReactiveTurnBase\My project A\Library\ScriptAssemblies\Unity.Performance.Profile-Analyzer.Editor.dll
Symbol file LoadedFromMemory is not a mono symbol file
Symbol file data-00000161AB190080 doesn't match image C:\Users\asdf\Desktop\unity\ReactiveTurnBase\My project A\Library\ScriptAssemblies\Unity.TestTools.CodeCoverage.Editor.dll
Symbol file LoadedFromMemory is not a mono symbol file
Symbol file data-00000161AB9C8020 doesn't match image C:\Users\asdf\Desktop\unity\ReactiveTurnBase\My project A\Library\ScriptAssemblies\Unity.TestTools.CodeCoverage.Editor.OpenCover.Model.dll
Symbol file LoadedFromMemory is not a mono symbol file
Symbol file data-00000161ADD581C0 doesn't match image C:\Users\asdf\Desktop\unity\ReactiveTurnBase\My project A\Library\ScriptAssemblies\Unity.VisualScripting.State.Editor.dll
Symbol file LoadedFromMemory is not a mono symbol file
Symbol file data-00000161AD984010 doesn't match image C:\Users\asdf\Desktop\unity\ReactiveTurnBase\My project A\Library\ScriptAssemblies\Unity.Settings.Editor.dll
Symbol file LoadedFromMemory is not a mono symbol file
Symbol file data-00000161AD141A60 doesn't match image C:\Users\asdf\Desktop\unity\ReactiveTurnBase\My project A\Library\ScriptAssemblies\Unity.CollabProxy.Editor.dll
Symbol file LoadedFromMemory is not a mono symbol file
Symbol file data-00000161AD0FD020 doesn't match image C:\Users\asdf\Desktop\unity\ReactiveTurnBase\My project A\Library\ScriptAssemblies\Unity.TextMeshPro.dll
Symbol file LoadedFromMemory is not a mono symbol file
Symbol file data-00000161ADDE9D50 doesn't match image C:\Users\asdf\Desktop\unity\ReactiveTurnBase\My project A\Library\ScriptAssemblies\Unity.TextMeshPro.Editor.dll
Symbol file LoadedFromMemory is not a mono symbol file
Symbol file data-00000161A19EF030 doesn't match image C:\Users\asdf\Desktop\unity\ReactiveTurnBase\My project A\Library\ScriptAssemblies\UniTask.dll
Symbol file LoadedFromMemory is not a mono symbol file
Symbol file data-000001617F2D4000 doesn't match image C:\Users\asdf\Desktop\unity\ReactiveTurnBase\My project A\Library\ScriptAssemblies\Unity.VisualScripting.State.dll
Symbol file LoadedFromMemory is not a mono symbol file
Symbol file data-000001617F2D4000 doesn't match image C:\Users\asdf\Desktop\unity\ReactiveTurnBase\My project A\Library\ScriptAssemblies\Unity.VSCode.Editor.dll
Symbol file LoadedFromMemory is not a mono symbol file
- Loaded All Assemblies, in  0.434 seconds
Native extension for WindowsStandalone target not found
Native extension for Android target not found
Mono: successfully reloaded assembly
- Finished resetting the current domain, in  1.064 seconds
Domain Reload Profiling: 1495ms
	BeginReloadAssembly (133ms)
		ExecutionOrderSort (0ms)
		DisableScriptedObjects (6ms)
		BackupInstance (0ms)
		ReleaseScriptingObjects (0ms)
		CreateAndSetChildDomain (30ms)
	RebuildCommonClasses (25ms)
	RebuildNativeTypeToScriptingClass (8ms)
	initialDomainReloadingComplete (27ms)
	LoadAllAssembliesAndSetupDomain (238ms)
		LoadAssemblies (290ms)
		RebuildTransferFunctionScriptingTraits (0ms)
		AnalyzeDomain (17ms)
			TypeCache.Refresh (8ms)
				TypeCache.ScanAssembly (0ms)
			ScanForSourceGeneratedMonoScriptInfo (0ms)
			ResolveRequiredComponents (6ms)
	FinalizeReload (1064ms)
		ReleaseScriptCaches (0ms)
		RebuildScriptCaches (0ms)
		SetupLoadedEditorAssemblies (591ms)
			LogAssemblyErrors (0ms)
			InitializePlatformSupportModulesInManaged (19ms)
			SetLoadedEditorAssemblies (4ms)
			RefreshPlugins (0ms)
			BeforeProcessingInitializeOnLoad (92ms)
			ProcessInitializeOnLoadAttributes (426ms)
			ProcessInitializeOnLoadMethodAttributes (41ms)
			AfterProcessingInitializeOnLoad (8ms)
			EditorAssembliesLoaded (0ms)
		ExecutionOrderSort2 (0ms)
		AwakeInstancesAfterBackupRestoration (9ms)
Refreshing native plugins compatible for Editor in 4.97 ms, found 3 plugins.
Preloading 0 native plugins for Editor in 0.00 ms.
Unloading 3941 Unused Serialized files (Serialized files now loaded: 0)
Unloading 22 unused Assets / (32.9 KB). Loaded Objects now: 4528.
Memory consumption went from 225.6 MB to 225.5 MB.
Total: 3.856500 ms (FindLiveObjects: 0.634900 ms CreateObjectMapping: 0.425400 ms MarkObjects: 2.746000 ms  DeleteObjects: 0.048400 ms)

Prepare: number of updated asset objects reloaded= 0
AssetImportParameters requested are different than current active one (requested -> active):
  custom:container-demuxer-ogg: 62fdf1f143b41e24485cea50d1cbac27 -> 
  custom:scripting/monoscript/fileName/GroggyBar.cs: 100a61dadfc5e32941fd0f737636facf -> 
  custom:video-decoder-ogg-theora: a1e56fd34408186e4bbccfd4996cb3dc -> 
  custom:framework-win-MediaFoundation: 216162199b28c13a410421893ffa2e32 -> 
  custom:CustomObjectIndexerAttribute: 9a22284fe3817be447336de3de66b15e -> 
  custom:container-demuxer-webm: 4f35f7cbe854078d1ac9338744f61a02 -> 
  custom:container-muxer-webm: aa71ff27fc2769a1b78a27578f13a17b -> 
  custom:video-decoder-webm-vp8: 9c59270c3fd7afecdb556c50c9e8de78 -> 
  custom:SearchIndexIgnoredProperties: e643bd26f0fe6173181afceb89e7c659 -> 
  custom:AudioImporter_EditorPlatform: d09bf68614088b80899f8185d706f6e7 -> 
  custom:video-encoder-webm-vp8: eb34c28f22e8b96e1ab97ce403110664 -> 
  custom:scripting/monoscript/fileName/GroggyBarFollower.cs: 819d994350b9b9cabf3c84cf4da82ff6 -> 
  custom:audio-decoder-ogg-vorbis: bf7c407c2cedff20999df2af8eb42d56 -> 
  custom:audio-encoder-webm-vorbis: bf7c407c2cedff20999df2af8eb42d56 -> 
  custom:scripting/precompiled-assembly-types:Assembly-CSharp: 7b00abadb7ccdd45d3e56f430b248d8b -> 1476765af81e86739e20042d8f5f0532
========================================================================
Received Import Request.
  Time since last request: 417.707720 seconds.
  path: Assets/3.Script/Turn/SimpleCombatExecutor.cs
  artifactKey: Guid(4fe1772faba19ea4091a450715f532a0) Importer(815301076,1909f56bfc062723c751e8b465ee728b)
Start importing Assets/3.Script/Turn/SimpleCombatExecutor.cs using Guid(4fe1772faba19ea4091a450715f532a0) Importer(815301076,1909f56bfc062723c751e8b465ee728b) [PhysX] Initialized MultithreadedTaskDispatcher with 12 workers.
 -> (artifact id: 'a176376e37ff124dfb538636e1a91737') in 0.001518 seconds
Number of updated asset objects reloaded before import = 0
Number of asset objects unloaded after import = 0
========================================================================
Received Import Request.
  Time since last request: 166.747669 seconds.
  path: Assets/3.Script/Turn/SimpleCombatExecutor.cs
  artifactKey: Guid(4fe1772faba19ea4091a450715f532a0) Importer(815301076,1909f56bfc062723c751e8b465ee728b)
Start importing Assets/3.Script/Turn/SimpleCombatExecutor.cs using Guid(4fe1772faba19ea4091a450715f532a0) Importer(815301076,1909f56bfc062723c751e8b465ee728b) [PhysX] Initialized MultithreadedTaskDispatcher with 12 workers.
 -> (artifact id: 'eaeb4a5ac29f1e6bbbdf621dc025f0f7') in 0.000532 seconds
Number of updated asset objects reloaded before import = 0
Number of asset objects unloaded after import = 0
========================================================================
Received Prepare
Caller must complete domain reload
Begin MonoManager ReloadAssembly
Symbol file data-000001617F85F510 doesn't match image C:\Users\asdf\Desktop\unity\ReactiveTurnBase\My project A\Library\ScriptAssemblies\Unity.EditorCoroutines.Editor.dll
Symbol file LoadedFromMemory is not a mono symbol file
Symbol file data-00000161AB66E020 doesn't match image C:\Users\asdf\Desktop\unity\ReactiveTurnBase\My project A\Library\ScriptAssemblies\UniTask.TextMeshPro.dll
Symbol file LoadedFromMemory is not a mono symbol file
Symbol file data-00000161A127F020 doesn't match image C:\Users\asdf\Desktop\unity\ReactiveTurnBase\My project A\Library\ScriptAssemblies\Unity.Timeline.Editor.dll
Symbol file LoadedFromMemory is not a mono symbol file
Symbol file data-00000161AB66E020 doesn't match image C:\Users\asdf\Desktop\unity\ReactiveTurnBase\My project A\Library\ScriptAssemblies\Unity.VisualScripting.Shared.Editor.dll
Symbol file LoadedFromMemory is not a mono symbol file
Symbol file data-00000161AB66E020 doesn't match image C:\Users\asdf\Desktop\unity\ReactiveTurnBase\My project A\Library\ScriptAssemblies\UniTask.DOTween.dll
Symbol file LoadedFromMemory is not a mono symbol file
Symbol file data-00000161AB66E020 doesn't match image C:\Users\asdf\Desktop\unity\ReactiveTurnBase\My project A\Library\ScriptAssemblies\UniTask.Addressables.dll
Symbol file LoadedFromMemory is not a mono symbol file
Symbol file data-000001617F4FAAE0 doesn't match image C:\Users\asdf\Desktop\unity\ReactiveTurnBase\My project A\Library\ScriptAssemblies\UnityEditor.UI.dll
Symbol file LoadedFromMemory is not a mono symbol file
Symbol file data-00000161A2781020 doesn't match image C:\Users\asdf\Desktop\unity\ReactiveTurnBase\My project A\Library\ScriptAssemblies\Unity.VisualScripting.Core.dll
Symbol file LoadedFromMemory is not a mono symbol file
Symbol file data-00000161AB297020 doesn't match image C:\Users\asdf\Desktop\unity\ReactiveTurnBase\My project A\Library\ScriptAssemblies\UnityEngine.UI.dll
Symbol file LoadedFromMemory is not a mono symbol file
Symbol file data-00000161A2F81670 doesn't match image C:\Users\asdf\Desktop\unity\ReactiveTurnBase\My project A\Library\ScriptAssemblies\UniTask.Editor.dll
Symbol file LoadedFromMemory is not a mono symbol file
Symbol file data-00000161A1082010 doesn't match image C:\Users\asdf\Desktop\unity\ReactiveTurnBase\My project A\Library\ScriptAssemblies\Unity.VisualScripting.Core.Editor.dll
Symbol file LoadedFromMemory is not a mono symbol file
Symbol file data-00000161A1BC1020 doesn't match image C:\Users\asdf\Desktop\unity\ReactiveTurnBase\My project A\Library\ScriptAssemblies\UniTask.Linq.dll
Symbol file LoadedFromMemory is not a mono symbol file
Symbol file data-00000161ACE3E020 doesn't match image C:\Users\asdf\Desktop\unity\ReactiveTurnBase\My project A\Library\ScriptAssemblies\Unity.VisualScripting.Flow.dll
Symbol file LoadedFromMemory is not a mono symbol file
Symbol file data-00000161A25F0080 doesn't match image C:\Users\asdf\Desktop\unity\ReactiveTurnBase\My project A\Library\ScriptAssemblies\Unity.VisualScripting.Flow.Editor.dll
Symbol file LoadedFromMemory is not a mono symbol file
Symbol file data-000001617F366010 doesn't match image C:\Users\asdf\Desktop\unity\ReactiveTurnBase\My project A\Library\ScriptAssemblies\Unity.Timeline.dll
Symbol file LoadedFromMemory is not a mono symbol file
Symbol file data-00000161ABC00030 doesn't match image C:\Users\asdf\Desktop\unity\ReactiveTurnBase\My project A\Library\ScriptAssemblies\Unity.InputSystem.dll
Symbol file LoadedFromMemory is not a mono symbol file
Symbol file data-00000161A2F81670 doesn't match image C:\Users\asdf\Desktop\unity\ReactiveTurnBase\My project A\Library\ScriptAssemblies\Unity.InputSystem.ForUI.dll
Symbol file LoadedFromMemory is not a mono symbol file
Symbol file data-00000161A2F81670 doesn't match image C:\Users\asdf\Desktop\unity\ReactiveTurnBase\My project A\Library\ScriptAssemblies\Unity.TestTools.CodeCoverage.Editor.OpenCover.Mono.Reflection.dll
Symbol file LoadedFromMemory is not a mono symbol file
Symbol file data-00000161A2BDC270 doesn't match image C:\Users\asdf\Desktop\unity\ReactiveTurnBase\My project A\Library\ScriptAssemblies\Unity.VisualScripting.SettingsProvider.Editor.dll
Symbol file LoadedFromMemory is not a mono symbol file
Symbol file data-000001617F7FA010 doesn't match image C:\Users\asdf\Desktop\unity\ReactiveTurnBase\My project A\Library\ScriptAssemblies\Unity.Performance.Profile-Analyzer.Editor.dll
Symbol file LoadedFromMemory is not a mono symbol file
Symbol file data-00000161AB190080 doesn't match image C:\Users\asdf\Desktop\unity\ReactiveTurnBase\My project A\Library\ScriptAssemblies\Unity.TestTools.CodeCoverage.Editor.dll
Symbol file LoadedFromMemory is not a mono symbol file
Symbol file data-000001617F3FA340 doesn't match image C:\Users\asdf\Desktop\unity\ReactiveTurnBase\My project A\Library\ScriptAssemblies\Unity.TestTools.CodeCoverage.Editor.OpenCover.Model.dll
Symbol file LoadedFromMemory is not a mono symbol file
Symbol file data-00000161ADD581C0 doesn't match image C:\Users\asdf\Desktop\unity\ReactiveTurnBase\My project A\Library\ScriptAssemblies\Unity.VisualScripting.State.Editor.dll
Symbol file LoadedFromMemory is not a mono symbol file
Symbol file data-00000161AD13D050 doesn't match image C:\Users\asdf\Desktop\unity\ReactiveTurnBase\My project A\Library\ScriptAssemblies\Unity.Settings.Editor.dll
Symbol file LoadedFromMemory is not a mono symbol file
Symbol file data-000001617F3FA340 doesn't match image C:\Users\asdf\Desktop\unity\ReactiveTurnBase\My project A\Library\ScriptAssemblies\Unity.CollabProxy.Editor.dll
Symbol file LoadedFromMemory is not a mono symbol file
Symbol file data-00000161A15A6020 doesn't match image C:\Users\asdf\Desktop\unity\ReactiveTurnBase\My project A\Library\ScriptAssemblies\Unity.TextMeshPro.dll
Symbol file LoadedFromMemory is not a mono symbol file
Symbol file data-00000161ADDE9D50 doesn't match image C:\Users\asdf\Desktop\unity\ReactiveTurnBase\My project A\Library\ScriptAssemblies\Unity.TextMeshPro.Editor.dll
Symbol file LoadedFromMemory is not a mono symbol file
Symbol file data-00000161A19EF030 doesn't match image C:\Users\asdf\Desktop\unity\ReactiveTurnBase\My project A\Library\ScriptAssemblies\UniTask.dll
Symbol file LoadedFromMemory is not a mono symbol file
Symbol file data-00000161AD13D050 doesn't match image C:\Users\asdf\Desktop\unity\ReactiveTurnBase\My project A\Library\ScriptAssemblies\Unity.VisualScripting.State.dll
Symbol file LoadedFromMemory is not a mono symbol file
Symbol file data-00000161AD13D050 doesn't match image C:\Users\asdf\Desktop\unity\ReactiveTurnBase\My project A\Library\ScriptAssemblies\Unity.VSCode.Editor.dll
Symbol file LoadedFromMemory is not a mono symbol file
- Loaded All Assemblies, in  0.464 seconds
Native extension for WindowsStandalone target not found
Native extension for Android target not found
Mono: successfully reloaded assembly
- Finished resetting the current domain, in  0.992 seconds
Domain Reload Profiling: 1454ms
	BeginReloadAssembly (146ms)
		ExecutionOrderSort (0ms)
		DisableScriptedObjects (6ms)
		BackupInstance (0ms)
		ReleaseScriptingObjects (0ms)
		CreateAndSetChildDomain (36ms)
	RebuildCommonClasses (26ms)
	RebuildNativeTypeToScriptingClass (8ms)
	initialDomainReloadingComplete (37ms)
	LoadAllAssembliesAndSetupDomain (245ms)
		LoadAssemblies (290ms)
		RebuildTransferFunctionScriptingTraits (0ms)
		AnalyzeDomain (30ms)
			TypeCache.Refresh (10ms)
				TypeCache.ScanAssembly (3ms)
			ScanForSourceGeneratedMonoScriptInfo (11ms)
			ResolveRequiredComponents (7ms)
	FinalizeReload (992ms)
		ReleaseScriptCaches (0ms)
		RebuildScriptCaches (0ms)
		SetupLoadedEditorAssemblies (555ms)
			LogAssemblyErrors (0ms)
			InitializePlatformSupportModulesInManaged (16ms)
			SetLoadedEditorAssemblies (4ms)
			RefreshPlugins (0ms)
			BeforeProcessingInitializeOnLoad (98ms)
			ProcessInitializeOnLoadAttributes (397ms)
			ProcessInitializeOnLoadMethodAttributes (33ms)
			AfterProcessingInitializeOnLoad (6ms)
			EditorAssembliesLoaded (0ms)
		ExecutionOrderSort2 (0ms)
		AwakeInstancesAfterBackupRestoration (6ms)
Refreshing native plugins compatible for Editor in 4.05 ms, found 3 plugins.
Preloading 0 native plugins for Editor in 0.00 ms.
Unloading 3940 Unused Serialized files (Serialized files now loaded: 0)
Unloading 22 unused Assets / (32.8 KB). Loaded Objects now: 4531.
Memory consumption went from 225.3 MB to 225.3 MB.
Total: 3.367500 ms (FindLiveObjects: 0.296400 ms CreateObjectMapping: 0.213000 ms MarkObjects: 2.805400 ms  DeleteObjects: 0.051700 ms)

Prepare: number of updated asset objects reloaded= 0
AssetImportParameters requested are different than current active one (requested -> active):
  custom:container-demuxer-ogg: 62fdf1f143b41e24485cea50d1cbac27 -> 
  custom:scripting/monoscript/fileName/GroggyBar.cs: 100a61dadfc5e32941fd0f737636facf -> 
  custom:video-decoder-ogg-theora: a1e56fd34408186e4bbccfd4996cb3dc -> 
  custom:framework-win-MediaFoundation: 216162199b28c13a410421893ffa2e32 -> 
  custom:CustomObjectIndexerAttribute: 9a22284fe3817be447336de3de66b15e -> 
  custom:container-demuxer-webm: 4f35f7cbe854078d1ac9338744f61a02 -> 
  custom:container-muxer-webm: aa71ff27fc2769a1b78a27578f13a17b -> 
  custom:video-decoder-webm-vp8: 9c59270c3fd7afecdb556c50c9e8de78 -> 
  custom:SearchIndexIgnoredProperties: e643bd26f0fe6173181afceb89e7c659 -> 
  custom:AudioImporter_EditorPlatform: d09bf68614088b80899f8185d706f6e7 -> 
  custom:video-encoder-webm-vp8: eb34c28f22e8b96e1ab97ce403110664 -> 
  custom:scripting/monoscript/fileName/GroggyBarFollower.cs: 819d994350b9b9cabf3c84cf4da82ff6 -> 
  custom:audio-decoder-ogg-vorbis: bf7c407c2cedff20999df2af8eb42d56 -> 
  custom:audio-encoder-webm-vorbis: bf7c407c2cedff20999df2af8eb42d56 -> 
  custom:scripting/precompiled-assembly-types:Assembly-CSharp: 20e543a2f82d5e3158aed052825db4fb -> 1476765af81e86739e20042d8f5f0532
========================================================================
Received Prepare
Caller must complete domain reload
Begin MonoManager ReloadAssembly
Symbol file data-00000161AD4E3700 doesn't match image C:\Users\asdf\Desktop\unity\ReactiveTurnBase\My project A\Library\ScriptAssemblies\Unity.EditorCoroutines.Editor.dll
Symbol file LoadedFromMemory is not a mono symbol file
Symbol file data-000001617F407020 doesn't match image C:\Users\asdf\Desktop\unity\ReactiveTurnBase\My project A\Library\ScriptAssemblies\UniTask.TextMeshPro.dll
Symbol file LoadedFromMemory is not a mono symbol file
Symbol file data-00000161A127F020 doesn't match image C:\Users\asdf\Desktop\unity\ReactiveTurnBase\My project A\Library\ScriptAssemblies\Unity.Timeline.Editor.dll
Symbol file LoadedFromMemory is not a mono symbol file
Symbol file data-000001617F407020 doesn't match image C:\Users\asdf\Desktop\unity\ReactiveTurnBase\My project A\Library\ScriptAssemblies\Unity.VisualScripting.Shared.Editor.dll
Symbol file LoadedFromMemory is not a mono symbol file
Symbol file data-000001617F407020 doesn't match image C:\Users\asdf\Desktop\unity\ReactiveTurnBase\My project A\Library\ScriptAssemblies\UniTask.DOTween.dll
Symbol file LoadedFromMemory is not a mono symbol file
Symbol file data-000001617F407020 doesn't match image C:\Users\asdf\Desktop\unity\ReactiveTurnBase\My project A\Library\ScriptAssemblies\UniTask.Addressables.dll
Symbol file LoadedFromMemory is not a mono symbol file
Symbol file data-000001617F4FAAE0 doesn't match image C:\Users\asdf\Desktop\unity\ReactiveTurnBase\My project A\Library\ScriptAssemblies\UnityEditor.UI.dll
Symbol file LoadedFromMemory is not a mono symbol file
Symbol file data-00000161A2781020 doesn't match image C:\Users\asdf\Desktop\unity\ReactiveTurnBase\My project A\Library\ScriptAssemblies\Unity.VisualScripting.Core.dll
Symbol file LoadedFromMemory is not a mono symbol file
Symbol file data-00000161AB297020 doesn't match image C:\Users\asdf\Desktop\unity\ReactiveTurnBase\My project A\Library\ScriptAssemblies\UnityEngine.UI.dll
Symbol file LoadedFromMemory is not a mono symbol file
Symbol file data-00000161AC4AC6D0 doesn't match image C:\Users\asdf\Desktop\unity\ReactiveTurnBase\My project A\Library\ScriptAssemblies\UniTask.Editor.dll
Symbol file LoadedFromMemory is not a mono symbol file
Symbol file data-00000161A1869020 doesn't match image C:\Users\asdf\Desktop\unity\ReactiveTurnBase\My project A\Library\ScriptAssemblies\Unity.VisualScripting.Core.Editor.dll
Symbol file LoadedFromMemory is not a mono symbol file
Symbol file data-00000161A1BC1020 doesn't match image C:\Users\asdf\Desktop\unity\ReactiveTurnBase\My project A\Library\ScriptAssemblies\UniTask.Linq.dll
Symbol file LoadedFromMemory is not a mono symbol file
Symbol file data-00000161ACE3E020 doesn't match image C:\Users\asdf\Desktop\unity\ReactiveTurnBase\My project A\Library\ScriptAssemblies\Unity.VisualScripting.Flow.dll
Symbol file LoadedFromMemory is not a mono symbol file
Symbol file data-00000161A25F0080 doesn't match image C:\Users\asdf\Desktop\unity\ReactiveTurnBase\My project A\Library\ScriptAssemblies\Unity.VisualScripting.Flow.Editor.dll
Symbol file LoadedFromMemory is not a mono symbol file
Symbol file data-000001617F366010 doesn't match image C:\Users\asdf\Desktop\unity\ReactiveTurnBase\My project A\Library\ScriptAssemblies\Unity.Timeline.dll
Symbol file LoadedFromMemory is not a mono symbol file
Symbol file data-00000161ADE47010 doesn't match image C:\Users\asdf\Desktop\unity\ReactiveTurnBase\My project A\Library\ScriptAssemblies\Unity.InputSystem.dll
Symbol file LoadedFromMemory is not a mono symbol file
Symbol file data-00000161AC4AC6D0 doesn't match image C:\Users\asdf\Desktop\unity\ReactiveTurnBase\My project A\Library\ScriptAssemblies\Unity.InputSystem.ForUI.dll
Symbol file LoadedFromMemory is not a mono symbol file
Symbol file data-00000161AC4AC6D0 doesn't match image C:\Users\asdf\Desktop\unity\ReactiveTurnBase\My project A\Library\ScriptAssemblies\Unity.TestTools.CodeCoverage.Editor.OpenCover.Mono.Reflection.dll
Symbol file LoadedFromMemory is not a mono symbol file
Symbol file data-00000161A31BF010 doesn't match image C:\Users\asdf\Desktop\unity\ReactiveTurnBase\My project A\Library\ScriptAssemblies\Unity.VisualScripting.SettingsProvider.Editor.dll
Symbol file LoadedFromMemory is not a mono symbol file
Symbol file data-00000161ABB80020 doesn't match image C:\Users\asdf\Desktop\unity\ReactiveTurnBase\My project A\Library\ScriptAssemblies\Unity.Performance.Profile-Analyzer.Editor.dll
Symbol file LoadedFromMemory is not a mono symbol file
Symbol file data-00000161AB190080 doesn't match image C:\Users\asdf\Desktop\unity\ReactiveTurnBase\My project A\Library\ScriptAssemblies\Unity.TestTools.CodeCoverage.Editor.dll
Symbol file LoadedFromMemory is not a mono symbol file
Symbol file data-00000161A14948A0 doesn't match image C:\Users\asdf\Desktop\unity\ReactiveTurnBase\My project A\Library\ScriptAssemblies\Unity.TestTools.CodeCoverage.Editor.OpenCover.Model.dll
Symbol file LoadedFromMemory is not a mono symbol file
Symbol file data-00000161ADD581C0 doesn't match image C:\Users\asdf\Desktop\unity\ReactiveTurnBase\My project A\Library\ScriptAssemblies\Unity.VisualScripting.State.Editor.dll
Symbol file LoadedFromMemory is not a mono symbol file
Symbol file data-000001617F16A8A0 doesn't match image C:\Users\asdf\Desktop\unity\ReactiveTurnBase\My project A\Library\ScriptAssemblies\Unity.Settings.Editor.dll
Symbol file LoadedFromMemory is not a mono symbol file
Symbol file data-00000161A31BF010 doesn't match image C:\Users\asdf\Desktop\unity\ReactiveTurnBase\My project A\Library\ScriptAssemblies\Unity.CollabProxy.Editor.dll
Symbol file LoadedFromMemory is not a mono symbol file
Symbol file data-00000161A15A6020 doesn't match image C:\Users\asdf\Desktop\unity\ReactiveTurnBase\My project A\Library\ScriptAssemblies\Unity.TextMeshPro.dll
Symbol file LoadedFromMemory is not a mono symbol file
Symbol file data-00000161ADDE9D50 doesn't match image C:\Users\asdf\Desktop\unity\ReactiveTurnBase\My project A\Library\ScriptAssemblies\Unity.TextMeshPro.Editor.dll
Symbol file LoadedFromMemory is not a mono symbol file
Symbol file data-00000161A19EF030 doesn't match image C:\Users\asdf\Desktop\unity\ReactiveTurnBase\My project A\Library\ScriptAssemblies\UniTask.dll
Symbol file LoadedFromMemory is not a mono symbol file
Symbol file data-00000161A14948A0 doesn't match image C:\Users\asdf\Desktop\unity\ReactiveTurnBase\My project A\Library\ScriptAssemblies\Unity.VisualScripting.State.dll
Symbol file LoadedFromMemory is not a mono symbol file
Symbol file data-00000161A14948A0 doesn't match image C:\Users\asdf\Desktop\unity\ReactiveTurnBase\My project A\Library\ScriptAssemblies\Unity.VSCode.Editor.dll
Symbol file LoadedFromMemory is not a mono symbol file
- Loaded All Assemblies, in  0.430 seconds
Native extension for WindowsStandalone target not found
Native extension for Android target not found
Mono: successfully reloaded assembly
- Finished resetting the current domain, in  1.118 seconds
Domain Reload Profiling: 1545ms
	BeginReloadAssembly (134ms)
		ExecutionOrderSort (0ms)
		DisableScriptedObjects (7ms)
		BackupInstance (0ms)
		ReleaseScriptingObjects (0ms)
		CreateAndSetChildDomain (30ms)
	RebuildCommonClasses (27ms)
	RebuildNativeTypeToScriptingClass (8ms)
	initialDomainReloadingComplete (27ms)
	LoadAllAssembliesAndSetupDomain (230ms)
		LoadAssemblies (286ms)
		RebuildTransferFunctionScriptingTraits (0ms)
		AnalyzeDomain (14ms)
			TypeCache.Refresh (5ms)
				TypeCache.ScanAssembly (0ms)
			ScanForSourceGeneratedMonoScriptInfo (0ms)
			ResolveRequiredComponents (7ms)
	FinalizeReload (1119ms)
		ReleaseScriptCaches (0ms)
		RebuildScriptCaches (0ms)
		SetupLoadedEditorAssemblies (623ms)
			LogAssemblyErrors (0ms)
			InitializePlatformSupportModulesInManaged (21ms)
			SetLoadedEditorAssemblies (5ms)
			RefreshPlugins (0ms)
			BeforeProcessingInitializeOnLoad (111ms)
			ProcessInitializeOnLoadAttributes (439ms)
			ProcessInitializeOnLoadMethodAttributes (39ms)
			AfterProcessingInitializeOnLoad (8ms)
			EditorAssembliesLoaded (0ms)
		ExecutionOrderSort2 (0ms)
		AwakeInstancesAfterBackupRestoration (7ms)
Refreshing native plugins compatible for Editor in 4.93 ms, found 3 plugins.
Preloading 0 native plugins for Editor in 0.00 ms.
Unloading 3941 Unused Serialized files (Serialized files now loaded: 0)
Unloading 22 unused Assets / (32.9 KB). Loaded Objects now: 4534.
Memory consumption went from 225.6 MB to 225.5 MB.
Total: 5.447300 ms (FindLiveObjects: 0.299500 ms CreateObjectMapping: 0.217400 ms MarkObjects: 4.814900 ms  DeleteObjects: 0.114100 ms)

Prepare: number of updated asset objects reloaded= 0
AssetImportParameters requested are different than current active one (requested -> active):
  custom:container-demuxer-ogg: 62fdf1f143b41e24485cea50d1cbac27 -> 
  custom:scripting/monoscript/fileName/GroggyBar.cs: 100a61dadfc5e32941fd0f737636facf -> 
  custom:video-decoder-ogg-theora: a1e56fd34408186e4bbccfd4996cb3dc -> 
  custom:framework-win-MediaFoundation: 216162199b28c13a410421893ffa2e32 -> 
  custom:CustomObjectIndexerAttribute: 9a22284fe3817be447336de3de66b15e -> 
  custom:container-demuxer-webm: 4f35f7cbe854078d1ac9338744f61a02 -> 
  custom:container-muxer-webm: aa71ff27fc2769a1b78a27578f13a17b -> 
  custom:video-decoder-webm-vp8: 9c59270c3fd7afecdb556c50c9e8de78 -> 
  custom:SearchIndexIgnoredProperties: e643bd26f0fe6173181afceb89e7c659 -> 
  custom:AudioImporter_EditorPlatform: d09bf68614088b80899f8185d706f6e7 -> 
  custom:video-encoder-webm-vp8: eb34c28f22e8b96e1ab97ce403110664 -> 
  custom:scripting/monoscript/fileName/GroggyBarFollower.cs: 819d994350b9b9cabf3c84cf4da82ff6 -> 
  custom:audio-decoder-ogg-vorbis: bf7c407c2cedff20999df2af8eb42d56 -> 
  custom:audio-encoder-webm-vorbis: bf7c407c2cedff20999df2af8eb42d56 -> 
  custom:scripting/precompiled-assembly-types:Assembly-CSharp: 20e543a2f82d5e3158aed052825db4fb -> 1476765af81e86739e20042d8f5f0532
========================================================================
Received Prepare
Caller must complete domain reload
Begin MonoManager ReloadAssembly
Symbol file data-00000161AC4AC6D0 doesn't match image C:\Users\asdf\Desktop\unity\ReactiveTurnBase\My project A\Library\ScriptAssemblies\Unity.EditorCoroutines.Editor.dll
Symbol file LoadedFromMemory is not a mono symbol file
Symbol file data-00000161AC970030 doesn't match image C:\Users\asdf\Desktop\unity\ReactiveTurnBase\My project A\Library\ScriptAssemblies\UniTask.TextMeshPro.dll
Symbol file LoadedFromMemory is not a mono symbol file
Symbol file data-00000161A127F020 doesn't match image C:\Users\asdf\Desktop\unity\ReactiveTurnBase\My project A\Library\ScriptAssemblies\Unity.Timeline.Editor.dll
Symbol file LoadedFromMemory is not a mono symbol file
Symbol file data-00000161A2AD8010 doesn't match image C:\Users\asdf\Desktop\unity\ReactiveTurnBase\My project A\Library\ScriptAssemblies\Unity.VisualScripting.Shared.Editor.dll
Symbol file LoadedFromMemory is not a mono symbol file
Symbol file data-00000161A2AD8010 doesn't match image C:\Users\asdf\Desktop\unity\ReactiveTurnBase\My project A\Library\ScriptAssemblies\UniTask.DOTween.dll
Symbol file LoadedFromMemory is not a mono symbol file
Symbol file data-00000161A2AD8010 doesn't match image C:\Users\asdf\Desktop\unity\ReactiveTurnBase\My project A\Library\ScriptAssemblies\UniTask.Addressables.dll
Symbol file LoadedFromMemory is not a mono symbol file
Symbol file data-00000161A1A61010 doesn't match image C:\Users\asdf\Desktop\unity\ReactiveTurnBase\My project A\Library\ScriptAssemblies\UnityEditor.UI.dll
Symbol file LoadedFromMemory is not a mono symbol file
Symbol file data-00000161A2781020 doesn't match image C:\Users\asdf\Desktop\unity\ReactiveTurnBase\My project A\Library\ScriptAssemblies\Unity.VisualScripting.Core.dll
Symbol file LoadedFromMemory is not a mono symbol file
Symbol file data-00000161ACD78010 doesn't match image C:\Users\asdf\Desktop\unity\ReactiveTurnBase\My project A\Library\ScriptAssemblies\UnityEngine.UI.dll
Symbol file LoadedFromMemory is not a mono symbol file
Symbol file data-00000161ADCA4020 doesn't match image C:\Users\asdf\Desktop\unity\ReactiveTurnBase\My project A\Library\ScriptAssemblies\UniTask.Editor.dll
Symbol file LoadedFromMemory is not a mono symbol file
Symbol file data-00000161A1869020 doesn't match image C:\Users\asdf\Desktop\unity\ReactiveTurnBase\My project A\Library\ScriptAssemblies\Unity.VisualScripting.Core.Editor.dll
Symbol file LoadedFromMemory is not a mono symbol file
Symbol file data-00000161ABC84020 doesn't match image C:\Users\asdf\Desktop\unity\ReactiveTurnBase\My project A\Library\ScriptAssemblies\UniTask.Linq.dll
Symbol file LoadedFromMemory is not a mono symbol file
Symbol file data-00000161ACE3E020 doesn't match image C:\Users\asdf\Desktop\unity\ReactiveTurnBase\My project A\Library\ScriptAssemblies\Unity.VisualScripting.Flow.dll
Symbol file LoadedFromMemory is not a mono symbol file
Symbol file data-00000161ACBF3220 doesn't match image C:\Users\asdf\Desktop\unity\ReactiveTurnBase\My project A\Library\ScriptAssemblies\Unity.VisualScripting.Flow.Editor.dll
Symbol file LoadedFromMemory is not a mono symbol file
Symbol file data-000001617F366010 doesn't match image C:\Users\asdf\Desktop\unity\ReactiveTurnBase\My project A\Library\ScriptAssemblies\Unity.Timeline.dll
Symbol file LoadedFromMemory is not a mono symbol file
Symbol file data-00000161ADE47010 doesn't match image C:\Users\asdf\Desktop\unity\ReactiveTurnBase\My project A\Library\ScriptAssemblies\Unity.InputSystem.dll
Symbol file LoadedFromMemory is not a mono symbol file
Symbol file data-00000161ADCA4020 doesn't match image C:\Users\asdf\Desktop\unity\ReactiveTurnBase\My project A\Library\ScriptAssemblies\Unity.InputSystem.ForUI.dll
Symbol file LoadedFromMemory is not a mono symbol file
Symbol file data-00000161ADCA4020 doesn't match image C:\Users\asdf\Desktop\unity\ReactiveTurnBase\My project A\Library\ScriptAssemblies\Unity.TestTools.CodeCoverage.Editor.OpenCover.Mono.Reflection.dll
Symbol file LoadedFromMemory is not a mono symbol file
Symbol file data-00000161AC964010 doesn't match image C:\Users\asdf\Desktop\unity\ReactiveTurnBase\My project A\Library\ScriptAssemblies\Unity.VisualScripting.SettingsProvider.Editor.dll
Symbol file LoadedFromMemory is not a mono symbol file
Symbol file data-000001617F9C3010 doesn't match image C:\Users\asdf\Desktop\unity\ReactiveTurnBase\My project A\Library\ScriptAssemblies\Unity.Performance.Profile-Analyzer.Editor.dll
Symbol file LoadedFromMemory is not a mono symbol file
Symbol file data-00000161ABFDA030 doesn't match image C:\Users\asdf\Desktop\unity\ReactiveTurnBase\My project A\Library\ScriptAssemblies\Unity.TestTools.CodeCoverage.Editor.dll
Symbol file LoadedFromMemory is not a mono symbol file
Symbol file data-000001617F979010 doesn't match image C:\Users\asdf\Desktop\unity\ReactiveTurnBase\My project A\Library\ScriptAssemblies\Unity.TestTools.CodeCoverage.Editor.OpenCover.Model.dll
Symbol file LoadedFromMemory is not a mono symbol file
Symbol file data-00000161A1A61010 doesn't match image C:\Users\asdf\Desktop\unity\ReactiveTurnBase\My project A\Library\ScriptAssemblies\Unity.VisualScripting.State.Editor.dll
Symbol file LoadedFromMemory is not a mono symbol file
Symbol file data-000001617FDE2030 doesn't match image C:\Users\asdf\Desktop\unity\ReactiveTurnBase\My project A\Library\ScriptAssemblies\Unity.Settings.Editor.dll
Symbol file LoadedFromMemory is not a mono symbol file
Symbol file data-000001617F979010 doesn't match image C:\Users\asdf\Desktop\unity\ReactiveTurnBase\My project A\Library\ScriptAssemblies\Unity.CollabProxy.Editor.dll
Symbol file LoadedFromMemory is not a mono symbol file
Symbol file data-00000161A15A6020 doesn't match image C:\Users\asdf\Desktop\unity\ReactiveTurnBase\My project A\Library\ScriptAssemblies\Unity.TextMeshPro.dll
Symbol file LoadedFromMemory is not a mono symbol file
Symbol file data-00000161AC480030 doesn't match image C:\Users\asdf\Desktop\unity\ReactiveTurnBase\My project A\Library\ScriptAssemblies\Unity.TextMeshPro.Editor.dll
Symbol file LoadedFromMemory is not a mono symbol file
Symbol file data-00000161A1BC1020 doesn't match image C:\Users\asdf\Desktop\unity\ReactiveTurnBase\My project A\Library\ScriptAssemblies\UniTask.dll
Symbol file LoadedFromMemory is not a mono symbol file
Symbol file data-000001617F979010 doesn't match image C:\Users\asdf\Desktop\unity\ReactiveTurnBase\My project A\Library\ScriptAssemblies\Unity.VisualScripting.State.dll
Symbol file LoadedFromMemory is not a mono symbol file
Symbol file data-000001617F979010 doesn't match image C:\Users\asdf\Desktop\unity\ReactiveTurnBase\My project A\Library\ScriptAssemblies\Unity.VSCode.Editor.dll
Symbol file LoadedFromMemory is not a mono symbol file
- Loaded All Assemblies, in  0.452 seconds
Native extension for WindowsStandalone target not found
Native extension for Android target not found
Mono: successfully reloaded assembly
- Finished resetting the current domain, in  0.922 seconds
Domain Reload Profiling: 1371ms
	BeginReloadAssembly (141ms)
		ExecutionOrderSort (0ms)
		DisableScriptedObjects (6ms)
		BackupInstance (0ms)
		ReleaseScriptingObjects (0ms)
		CreateAndSetChildDomain (31ms)
	RebuildCommonClasses (26ms)
	RebuildNativeTypeToScriptingClass (8ms)
	initialDomainReloadingComplete (27ms)
	LoadAllAssembliesAndSetupDomain (246ms)
		LoadAssemblies (293ms)
		RebuildTransferFunctionScriptingTraits (0ms)
		AnalyzeDomain (31ms)
			TypeCache.Refresh (10ms)
				TypeCache.ScanAssembly (2ms)
			ScanForSourceGeneratedMonoScriptInfo (12ms)
			ResolveRequiredComponents (7ms)
	FinalizeReload (922ms)
		ReleaseScriptCaches (0ms)
		RebuildScriptCaches (0ms)
		SetupLoadedEditorAssemblies (490ms)
			LogAssemblyErrors (0ms)
			InitializePlatformSupportModulesInManaged (16ms)
			SetLoadedEditorAssemblies (4ms)
			RefreshPlugins (0ms)
			BeforeProcessingInitializeOnLoad (85ms)
			ProcessInitializeOnLoadAttributes (343ms)
			ProcessInitializeOnLoadMethodAttributes (35ms)
			AfterProcessingInitializeOnLoad (7ms)
			EditorAssembliesLoaded (0ms)
		ExecutionOrderSort2 (0ms)
		AwakeInstancesAfterBackupRestoration (7ms)
Refreshing native plugins compatible for Editor in 3.91 ms, found 3 plugins.
Preloading 0 native plugins for Editor in 0.00 ms.
Unloading 3941 Unused Serialized files (Serialized files now loaded: 0)
Unloading 22 unused Assets / (33.0 KB). Loaded Objects now: 4537.
Memory consumption went from 225.6 MB to 225.5 MB.
Total: 3.168200 ms (FindLiveObjects: 0.275600 ms CreateObjectMapping: 0.220200 ms MarkObjects: 2.624900 ms  DeleteObjects: 0.046600 ms)

Prepare: number of updated asset objects reloaded= 0
AssetImportParameters requested are different than current active one (requested -> active):
  custom:container-demuxer-ogg: 62fdf1f143b41e24485cea50d1cbac27 -> 
  custom:scripting/monoscript/fileName/GroggyBar.cs: 100a61dadfc5e32941fd0f737636facf -> 
  custom:video-decoder-ogg-theora: a1e56fd34408186e4bbccfd4996cb3dc -> 
  custom:framework-win-MediaFoundation: 216162199b28c13a410421893ffa2e32 -> 
  custom:CustomObjectIndexerAttribute: 9a22284fe3817be447336de3de66b15e -> 
  custom:container-demuxer-webm: 4f35f7cbe854078d1ac9338744f61a02 -> 
  custom:container-muxer-webm: aa71ff27fc2769a1b78a27578f13a17b -> 
  custom:video-decoder-webm-vp8: 9c59270c3fd7afecdb556c50c9e8de78 -> 
  custom:SearchIndexIgnoredProperties: e643bd26f0fe6173181afceb89e7c659 -> 
  custom:AudioImporter_EditorPlatform: d09bf68614088b80899f8185d706f6e7 -> 
  custom:video-encoder-webm-vp8: eb34c28f22e8b96e1ab97ce403110664 -> 
  custom:scripting/monoscript/fileName/GroggyBarFollower.cs: 819d994350b9b9cabf3c84cf4da82ff6 -> 
  custom:audio-decoder-ogg-vorbis: bf7c407c2cedff20999df2af8eb42d56 -> 
  custom:audio-encoder-webm-vorbis: bf7c407c2cedff20999df2af8eb42d56 -> 
  custom:scripting/precompiled-assembly-types:Assembly-CSharp: 2a93528415082e56e879f168f57a5807 -> 1476765af81e86739e20042d8f5f0532
========================================================================
Received Prepare
Caller must complete domain reload
Begin MonoManager ReloadAssembly
Symbol file data-00000161ACFFB040 doesn't match image C:\Users\asdf\Desktop\unity\ReactiveTurnBase\My project A\Library\ScriptAssemblies\Unity.EditorCoroutines.Editor.dll
Symbol file LoadedFromMemory is not a mono symbol file
Symbol file data-00000161A2CF8040 doesn't match image C:\Users\asdf\Desktop\unity\ReactiveTurnBase\My project A\Library\ScriptAssemblies\UniTask.TextMeshPro.dll
Symbol file LoadedFromMemory is not a mono symbol file
Symbol file data-00000161A127F020 doesn't match image C:\Users\asdf\Desktop\unity\ReactiveTurnBase\My project A\Library\ScriptAssemblies\Unity.Timeline.Editor.dll
Symbol file LoadedFromMemory is not a mono symbol file
Symbol file data-00000161A31BF010 doesn't match image C:\Users\asdf\Desktop\unity\ReactiveTurnBase\My project A\Library\ScriptAssemblies\Unity.VisualScripting.Shared.Editor.dll
Symbol file LoadedFromMemory is not a mono symbol file
Symbol file data-00000161A31BF010 doesn't match image C:\Users\asdf\Desktop\unity\ReactiveTurnBase\My project A\Library\ScriptAssemblies\UniTask.DOTween.dll
Symbol file LoadedFromMemory is not a mono symbol file
Symbol file data-00000161A31BF010 doesn't match image C:\Users\asdf\Desktop\unity\ReactiveTurnBase\My project A\Library\ScriptAssemblies\UniTask.Addressables.dll
Symbol file LoadedFromMemory is not a mono symbol file
Symbol file data-00000161A1A61010 doesn't match image C:\Users\asdf\Desktop\unity\ReactiveTurnBase\My project A\Library\ScriptAssemblies\UnityEditor.UI.dll
Symbol file LoadedFromMemory is not a mono symbol file
Symbol file data-00000161A2781020 doesn't match image C:\Users\asdf\Desktop\unity\ReactiveTurnBase\My project A\Library\ScriptAssemblies\Unity.VisualScripting.Core.dll
Symbol file LoadedFromMemory is not a mono symbol file
Symbol file data-00000161AB297020 doesn't match image C:\Users\asdf\Desktop\unity\ReactiveTurnBase\My project A\Library\ScriptAssemblies\UnityEngine.UI.dll
Symbol file LoadedFromMemory is not a mono symbol file
Symbol file data-000001617FDD8010 doesn't match image C:\Users\asdf\Desktop\unity\ReactiveTurnBase\My project A\Library\ScriptAssemblies\UniTask.Editor.dll
Symbol file LoadedFromMemory is not a mono symbol file
Symbol file data-00000161A1869020 doesn't match image C:\Users\asdf\Desktop\unity\ReactiveTurnBase\My project A\Library\ScriptAssemblies\Unity.VisualScripting.Core.Editor.dll
Symbol file LoadedFromMemory is not a mono symbol file
Symbol file data-00000161ADECB010 doesn't match image C:\Users\asdf\Desktop\unity\ReactiveTurnBase\My project A\Library\ScriptAssemblies\UniTask.Linq.dll
Symbol file LoadedFromMemory is not a mono symbol file
Symbol file data-00000161ACE3E020 doesn't match image C:\Users\asdf\Desktop\unity\ReactiveTurnBase\My project A\Library\ScriptAssemblies\Unity.VisualScripting.Flow.dll
Symbol file LoadedFromMemory is not a mono symbol file
Symbol file data-00000161ACBF3220 doesn't match image C:\Users\asdf\Desktop\unity\ReactiveTurnBase\My project A\Library\ScriptAssemblies\Unity.VisualScripting.Flow.Editor.dll
Symbol file LoadedFromMemory is not a mono symbol file
Symbol file data-00000161A25F0080 doesn't match image C:\Users\asdf\Desktop\unity\ReactiveTurnBase\My project A\Library\ScriptAssemblies\Unity.Timeline.dll
Symbol file LoadedFromMemory is not a mono symbol file
Symbol file data-00000161ADECB010 doesn't match image C:\Users\asdf\Desktop\unity\ReactiveTurnBase\My project A\Library\ScriptAssemblies\Unity.InputSystem.dll
Symbol file LoadedFromMemory is not a mono symbol file
Symbol file data-000001617FDD8010 doesn't match image C:\Users\asdf\Desktop\unity\ReactiveTurnBase\My project A\Library\ScriptAssemblies\Unity.InputSystem.ForUI.dll
Symbol file LoadedFromMemory is not a mono symbol file
Symbol file data-000001617FDD8010 doesn't match image C:\Users\asdf\Desktop\unity\ReactiveTurnBase\My project A\Library\ScriptAssemblies\Unity.TestTools.CodeCoverage.Editor.OpenCover.Mono.Reflection.dll
Symbol file LoadedFromMemory is not a mono symbol file
Symbol file data-00000161A14948A0 doesn't match image C:\Users\asdf\Desktop\unity\ReactiveTurnBase\My project A\Library\ScriptAssemblies\Unity.VisualScripting.SettingsProvider.Editor.dll
Symbol file LoadedFromMemory is not a mono symbol file
Symbol file data-000001617F90D020 doesn't match image C:\Users\asdf\Desktop\unity\ReactiveTurnBase\My project A\Library\ScriptAssemblies\Unity.Performance.Profile-Analyzer.Editor.dll
Symbol file LoadedFromMemory is not a mono symbol file
Symbol file data-00000161AB190080 doesn't match image C:\Users\asdf\Desktop\unity\ReactiveTurnBase\My project A\Library\ScriptAssemblies\Unity.TestTools.CodeCoverage.Editor.dll
Symbol file LoadedFromMemory is not a mono symbol file
Symbol file data-00000161A18FF010 doesn't match image C:\Users\asdf\Desktop\unity\ReactiveTurnBase\My project A\Library\ScriptAssemblies\Unity.TestTools.CodeCoverage.Editor.OpenCover.Model.dll
Symbol file LoadedFromMemory is not a mono symbol file
Symbol file data-00000161A1A61010 doesn't match image C:\Users\asdf\Desktop\unity\ReactiveTurnBase\My project A\Library\ScriptAssemblies\Unity.VisualScripting.State.Editor.dll
Symbol file LoadedFromMemory is not a mono symbol file
Symbol file data-00000161A1A36240 doesn't match image C:\Users\asdf\Desktop\unity\ReactiveTurnBase\My project A\Library\ScriptAssemblies\Unity.Settings.Editor.dll
Symbol file LoadedFromMemory is not a mono symbol file
Symbol file data-00000161A18FF010 doesn't match image C:\Users\asdf\Desktop\unity\ReactiveTurnBase\My project A\Library\ScriptAssemblies\Unity.CollabProxy.Editor.dll
Symbol file LoadedFromMemory is not a mono symbol file
Symbol file data-00000161A15A6020 doesn't match image C:\Users\asdf\Desktop\unity\ReactiveTurnBase\My project A\Library\ScriptAssemblies\Unity.TextMeshPro.dll
Symbol file LoadedFromMemory is not a mono symbol file
Symbol file data-00000161ADDE9D50 doesn't match image C:\Users\asdf\Desktop\unity\ReactiveTurnBase\My project A\Library\ScriptAssemblies\Unity.TextMeshPro.Editor.dll
Symbol file LoadedFromMemory is not a mono symbol file
Symbol file data-000001617F867240 doesn't match image C:\Users\asdf\Desktop\unity\ReactiveTurnBase\My project A\Library\ScriptAssemblies\UniTask.dll
Symbol file LoadedFromMemory is not a mono symbol file
Symbol file data-00000161A18FF010 doesn't match image C:\Users\asdf\Desktop\unity\ReactiveTurnBase\My project A\Library\ScriptAssemblies\Unity.VisualScripting.State.dll
Symbol file LoadedFromMemory is not a mono symbol file
Symbol file data-00000161A18FF010 doesn't match image C:\Users\asdf\Desktop\unity\ReactiveTurnBase\My project A\Library\ScriptAssemblies\Unity.VSCode.Editor.dll
Symbol file LoadedFromMemory is not a mono symbol file
- Loaded All Assemblies, in  0.432 seconds
Native extension for WindowsStandalone target not found
Native extension for Android target not found
Mono: successfully reloaded assembly
- Finished resetting the current domain, in  1.106 seconds
Domain Reload Profiling: 1536ms
	BeginReloadAssembly (135ms)
		ExecutionOrderSort (0ms)
		DisableScriptedObjects (6ms)
		BackupInstance (0ms)
		ReleaseScriptingObjects (0ms)
		CreateAndSetChildDomain (28ms)
	RebuildCommonClasses (27ms)
	RebuildNativeTypeToScriptingClass (8ms)
	initialDomainReloadingComplete (26ms)
	LoadAllAssembliesAndSetupDomain (232ms)
		LoadAssemblies (289ms)
		RebuildTransferFunctionScriptingTraits (0ms)
		AnalyzeDomain (15ms)
			TypeCache.Refresh (5ms)
				TypeCache.ScanAssembly (0ms)
			ScanForSourceGeneratedMonoScriptInfo (0ms)
			ResolveRequiredComponents (8ms)
	FinalizeReload (1107ms)
		ReleaseScriptCaches (0ms)
		RebuildScriptCaches (0ms)
		SetupLoadedEditorAssemblies (626ms)
			LogAssemblyErrors (0ms)
			InitializePlatformSupportModulesInManaged (21ms)
			SetLoadedEditorAssemblies (5ms)
			RefreshPlugins (0ms)
			BeforeProcessingInitializeOnLoad (115ms)
			ProcessInitializeOnLoadAttributes (437ms)
			ProcessInitializeOnLoadMethodAttributes (41ms)
			AfterProcessingInitializeOnLoad (8ms)
			EditorAssembliesLoaded (0ms)
		ExecutionOrderSort2 (0ms)
		AwakeInstancesAfterBackupRestoration (7ms)
Refreshing native plugins compatible for Editor in 4.98 ms, found 3 plugins.
Preloading 0 native plugins for Editor in 0.00 ms.
Unloading 3941 Unused Serialized files (Serialized files now loaded: 0)
Unloading 22 unused Assets / (32.8 KB). Loaded Objects now: 4540.
Memory consumption went from 225.6 MB to 225.5 MB.
Total: 5.428000 ms (FindLiveObjects: 0.333300 ms CreateObjectMapping: 0.303500 ms MarkObjects: 4.682200 ms  DeleteObjects: 0.108200 ms)

Prepare: number of updated asset objects reloaded= 0
AssetImportParameters requested are different than current active one (requested -> active):
  custom:container-demuxer-ogg: 62fdf1f143b41e24485cea50d1cbac27 -> 
  custom:scripting/monoscript/fileName/GroggyBar.cs: 100a61dadfc5e32941fd0f737636facf -> 
  custom:video-decoder-ogg-theora: a1e56fd34408186e4bbccfd4996cb3dc -> 
  custom:framework-win-MediaFoundation: 216162199b28c13a410421893ffa2e32 -> 
  custom:CustomObjectIndexerAttribute: 9a22284fe3817be447336de3de66b15e -> 
  custom:container-demuxer-webm: 4f35f7cbe854078d1ac9338744f61a02 -> 
  custom:container-muxer-webm: aa71ff27fc2769a1b78a27578f13a17b -> 
  custom:video-decoder-webm-vp8: 9c59270c3fd7afecdb556c50c9e8de78 -> 
  custom:SearchIndexIgnoredProperties: e643bd26f0fe6173181afceb89e7c659 -> 
  custom:AudioImporter_EditorPlatform: d09bf68614088b80899f8185d706f6e7 -> 
  custom:video-encoder-webm-vp8: eb34c28f22e8b96e1ab97ce403110664 -> 
  custom:scripting/monoscript/fileName/GroggyBarFollower.cs: 819d994350b9b9cabf3c84cf4da82ff6 -> 
  custom:audio-decoder-ogg-vorbis: bf7c407c2cedff20999df2af8eb42d56 -> 
  custom:audio-encoder-webm-vorbis: bf7c407c2cedff20999df2af8eb42d56 -> 
  custom:scripting/precompiled-assembly-types:Assembly-CSharp: 2a93528415082e56e879f168f57a5807 -> 1476765af81e86739e20042d8f5f0532
========================================================================
Received Prepare
Caller must complete domain reload
Begin MonoManager ReloadAssembly
Symbol file data-00000161A2DC2570 doesn't match image C:\Users\asdf\Desktop\unity\ReactiveTurnBase\My project A\Library\ScriptAssemblies\Unity.EditorCoroutines.Editor.dll
Symbol file LoadedFromMemory is not a mono symbol file
Symbol file data-00000161AC4AC6D0 doesn't match image C:\Users\asdf\Desktop\unity\ReactiveTurnBase\My project A\Library\ScriptAssemblies\UniTask.TextMeshPro.dll
Symbol file LoadedFromMemory is not a mono symbol file
Symbol file data-00000161A127F020 doesn't match image C:\Users\asdf\Desktop\unity\ReactiveTurnBase\My project A\Library\ScriptAssemblies\Unity.Timeline.Editor.dll
Symbol file LoadedFromMemory is not a mono symbol file
Symbol file data-00000161AC4AC6D0 doesn't match image C:\Users\asdf\Desktop\unity\ReactiveTurnBase\My project A\Library\ScriptAssemblies\Unity.VisualScripting.Shared.Editor.dll
Symbol file LoadedFromMemory is not a mono symbol file
Symbol file data-00000161A19C5040 doesn't match image C:\Users\asdf\Desktop\unity\ReactiveTurnBase\My project A\Library\ScriptAssemblies\UniTask.DOTween.dll
Symbol file LoadedFromMemory is not a mono symbol file
Symbol file data-00000161A19C5040 doesn't match image C:\Users\asdf\Desktop\unity\ReactiveTurnBase\My project A\Library\ScriptAssemblies\UniTask.Addressables.dll
Symbol file LoadedFromMemory is not a mono symbol file
Symbol file data-00000161AC388050 doesn't match image C:\Users\asdf\Desktop\unity\ReactiveTurnBase\My project A\Library\ScriptAssemblies\UnityEditor.UI.dll
Symbol file LoadedFromMemory is not a mono symbol file
Symbol file data-00000161ABC42010 doesn't match image C:\Users\asdf\Desktop\unity\ReactiveTurnBase\My project A\Library\ScriptAssemblies\Unity.VisualScripting.Core.dll
Symbol file LoadedFromMemory is not a mono symbol file
Symbol file data-00000161ACFC0010 doesn't match image C:\Users\asdf\Desktop\unity\ReactiveTurnBase\My project A\Library\ScriptAssemblies\UnityEngine.UI.dll
Symbol file LoadedFromMemory is not a mono symbol file
Symbol file data-00000161AC4AC6D0 doesn't match image C:\Users\asdf\Desktop\unity\ReactiveTurnBase\My project A\Library\ScriptAssemblies\UniTask.Editor.dll
Symbol file LoadedFromMemory is not a mono symbol file
Symbol file data-00000161A1869020 doesn't match image C:\Users\asdf\Desktop\unity\ReactiveTurnBase\My project A\Library\ScriptAssemblies\Unity.VisualScripting.Core.Editor.dll
Symbol file LoadedFromMemory is not a mono symbol file
Symbol file data-00000161ACEE7410 doesn't match image C:\Users\asdf\Desktop\unity\ReactiveTurnBase\My project A\Library\ScriptAssemblies\UniTask.Linq.dll
Symbol file LoadedFromMemory is not a mono symbol file
Symbol file data-00000161A15A6020 doesn't match image C:\Users\asdf\Desktop\unity\ReactiveTurnBase\My project A\Library\ScriptAssemblies\Unity.VisualScripting.Flow.dll
Symbol file LoadedFromMemory is not a mono symbol file
Symbol file data-000001617F9C3010 doesn't match image C:\Users\asdf\Desktop\unity\ReactiveTurnBase\My project A\Library\ScriptAssemblies\Unity.VisualScripting.Flow.Editor.dll
Symbol file LoadedFromMemory is not a mono symbol file
Symbol file data-00000161AC5CC020 doesn't match image C:\Users\asdf\Desktop\unity\ReactiveTurnBase\My project A\Library\ScriptAssemblies\Unity.Timeline.dll
Symbol file LoadedFromMemory is not a mono symbol file
Symbol file data-00000161ADECB010 doesn't match image C:\Users\asdf\Desktop\unity\ReactiveTurnBase\My project A\Library\ScriptAssemblies\Unity.InputSystem.dll
Symbol file LoadedFromMemory is not a mono symbol file
Symbol file data-00000161A19C5040 doesn't match image C:\Users\asdf\Desktop\unity\ReactiveTurnBase\My project A\Library\ScriptAssemblies\Unity.InputSystem.ForUI.dll
Symbol file LoadedFromMemory is not a mono symbol file
Symbol file data-00000161AC4AC6D0 doesn't match image C:\Users\asdf\Desktop\unity\ReactiveTurnBase\My project A\Library\ScriptAssemblies\Unity.TestTools.CodeCoverage.Editor.OpenCover.Mono.Reflection.dll
Symbol file LoadedFromMemory is not a mono symbol file
Symbol file data-00000161AC4AC6D0 doesn't match image C:\Users\asdf\Desktop\unity\ReactiveTurnBase\My project A\Library\ScriptAssemblies\Unity.VisualScripting.SettingsProvider.Editor.dll
Symbol file LoadedFromMemory is not a mono symbol file
Symbol file data-000001617F7FA010 doesn't match image C:\Users\asdf\Desktop\unity\ReactiveTurnBase\My project A\Library\ScriptAssemblies\Unity.Performance.Profile-Analyzer.Editor.dll
Symbol file LoadedFromMemory is not a mono symbol file
Symbol file data-00000161AB190080 doesn't match image C:\Users\asdf\Desktop\unity\ReactiveTurnBase\My project A\Library\ScriptAssemblies\Unity.TestTools.CodeCoverage.Editor.dll
Symbol file LoadedFromMemory is not a mono symbol file
Symbol file data-00000161A14948A0 doesn't match image C:\Users\asdf\Desktop\unity\ReactiveTurnBase\My project A\Library\ScriptAssemblies\Unity.TestTools.CodeCoverage.Editor.OpenCover.Model.dll
Symbol file LoadedFromMemory is not a mono symbol file
Symbol file data-00000161AC388050 doesn't match image C:\Users\asdf\Desktop\unity\ReactiveTurnBase\My project A\Library\ScriptAssemblies\Unity.VisualScripting.State.Editor.dll
Symbol file LoadedFromMemory is not a mono symbol file
Symbol file data-00000161A1585030 doesn't match image C:\Users\asdf\Desktop\unity\ReactiveTurnBase\My project A\Library\ScriptAssemblies\Unity.Settings.Editor.dll
Symbol file LoadedFromMemory is not a mono symbol file
Symbol file data-00000161AC4AC6D0 doesn't match image C:\Users\asdf\Desktop\unity\ReactiveTurnBase\My project A\Library\ScriptAssemblies\Unity.CollabProxy.Editor.dll
Symbol file LoadedFromMemory is not a mono symbol file
Symbol file data-00000161A15A6020 doesn't match image C:\Users\asdf\Desktop\unity\ReactiveTurnBase\My project A\Library\ScriptAssemblies\Unity.TextMeshPro.dll
Symbol file LoadedFromMemory is not a mono symbol file
Symbol file data-00000161ADDE9D50 doesn't match image C:\Users\asdf\Desktop\unity\ReactiveTurnBase\My project A\Library\ScriptAssemblies\Unity.TextMeshPro.Editor.dll
Symbol file LoadedFromMemory is not a mono symbol file
Symbol file data-00000161A19EF030 doesn't match image C:\Users\asdf\Desktop\unity\ReactiveTurnBase\My project A\Library\ScriptAssemblies\UniTask.dll
Symbol file LoadedFromMemory is not a mono symbol file
Symbol file data-00000161A14948A0 doesn't match image C:\Users\asdf\Desktop\unity\ReactiveTurnBase\My project A\Library\ScriptAssemblies\Unity.VisualScripting.State.dll
Symbol file LoadedFromMemory is not a mono symbol file
Symbol file data-00000161A14948A0 doesn't match image C:\Users\asdf\Desktop\unity\ReactiveTurnBase\My project A\Library\ScriptAssemblies\Unity.VSCode.Editor.dll
Symbol file LoadedFromMemory is not a mono symbol file
- Loaded All Assemblies, in  0.454 seconds
Native extension for WindowsStandalone target not found
Native extension for Android target not found
Mono: successfully reloaded assembly
- Finished resetting the current domain, in  0.915 seconds
Domain Reload Profiling: 1367ms
	BeginReloadAssembly (139ms)
		ExecutionOrderSort (0ms)
		DisableScriptedObjects (7ms)
		BackupInstance (0ms)
		ReleaseScriptingObjects (0ms)
		CreateAndSetChildDomain (31ms)
	RebuildCommonClasses (27ms)
	RebuildNativeTypeToScriptingClass (8ms)
	initialDomainReloadingComplete (27ms)
	LoadAllAssembliesAndSetupDomain (249ms)
		LoadAssemblies (292ms)
		RebuildTransferFunctionScriptingTraits (0ms)
		AnalyzeDomain (29ms)
			TypeCache.Refresh (9ms)
				TypeCache.ScanAssembly (2ms)
			ScanForSourceGeneratedMonoScriptInfo (11ms)
			ResolveRequiredComponents (7ms)
	FinalizeReload (916ms)
		ReleaseScriptCaches (0ms)
		RebuildScriptCaches (0ms)
		SetupLoadedEditorAssemblies (491ms)
			LogAssemblyErrors (0ms)
			InitializePlatformSupportModulesInManaged (16ms)
			SetLoadedEditorAssemblies (4ms)
			RefreshPlugins (0ms)
			BeforeProcessingInitializeOnLoad (86ms)
			ProcessInitializeOnLoadAttributes (348ms)
			ProcessInitializeOnLoadMethodAttributes (30ms)
			AfterProcessingInitializeOnLoad (7ms)
			EditorAssembliesLoaded (0ms)
		ExecutionOrderSort2 (0ms)
		AwakeInstancesAfterBackupRestoration (6ms)
Refreshing native plugins compatible for Editor in 3.86 ms, found 3 plugins.
Preloading 0 native plugins for Editor in 0.00 ms.
Unloading 3941 Unused Serialized files (Serialized files now loaded: 0)
Unloading 22 unused Assets / (32.7 KB). Loaded Objects now: 4543.
Memory consumption went from 225.6 MB to 225.5 MB.
Total: 3.131600 ms (FindLiveObjects: 0.265700 ms CreateObjectMapping: 0.209300 ms MarkObjects: 2.599000 ms  DeleteObjects: 0.056300 ms)

Prepare: number of updated asset objects reloaded= 0
AssetImportParameters requested are different than current active one (requested -> active):
  custom:container-demuxer-ogg: 62fdf1f143b41e24485cea50d1cbac27 -> 
  custom:scripting/monoscript/fileName/GroggyBar.cs: 100a61dadfc5e32941fd0f737636facf -> 
  custom:video-decoder-ogg-theora: a1e56fd34408186e4bbccfd4996cb3dc -> 
  custom:framework-win-MediaFoundation: 216162199b28c13a410421893ffa2e32 -> 
  custom:CustomObjectIndexerAttribute: 9a22284fe3817be447336de3de66b15e -> 
  custom:container-demuxer-webm: 4f35f7cbe854078d1ac9338744f61a02 -> 
  custom:container-muxer-webm: aa71ff27fc2769a1b78a27578f13a17b -> 
  custom:video-decoder-webm-vp8: 9c59270c3fd7afecdb556c50c9e8de78 -> 
  custom:SearchIndexIgnoredProperties: e643bd26f0fe6173181afceb89e7c659 -> 
  custom:AudioImporter_EditorPlatform: d09bf68614088b80899f8185d706f6e7 -> 
  custom:video-encoder-webm-vp8: eb34c28f22e8b96e1ab97ce403110664 -> 
  custom:scripting/monoscript/fileName/GroggyBarFollower.cs: 819d994350b9b9cabf3c84cf4da82ff6 -> 
  custom:audio-decoder-ogg-vorbis: bf7c407c2cedff20999df2af8eb42d56 -> 
  custom:audio-encoder-webm-vorbis: bf7c407c2cedff20999df2af8eb42d56 -> 
  custom:scripting/precompiled-assembly-types:Assembly-CSharp: 2a93528415082e56e879f168f57a5807 -> 1476765af81e86739e20042d8f5f0532
========================================================================
Received Prepare
Caller must complete domain reload
Begin MonoManager ReloadAssembly
Symbol file data-00000161A2DC2570 doesn't match image C:\Users\asdf\Desktop\unity\ReactiveTurnBase\My project A\Library\ScriptAssemblies\Unity.EditorCoroutines.Editor.dll
Symbol file LoadedFromMemory is not a mono symbol file
Symbol file data-00000161ADB31020 doesn't match image C:\Users\asdf\Desktop\unity\ReactiveTurnBase\My project A\Library\ScriptAssemblies\UniTask.TextMeshPro.dll
Symbol file LoadedFromMemory is not a mono symbol file
Symbol file data-00000161A127F020 doesn't match image C:\Users\asdf\Desktop\unity\ReactiveTurnBase\My project A\Library\ScriptAssemblies\Unity.Timeline.Editor.dll
Symbol file LoadedFromMemory is not a mono symbol file
Symbol file data-00000161ADB31020 doesn't match image C:\Users\asdf\Desktop\unity\ReactiveTurnBase\My project A\Library\ScriptAssemblies\Unity.VisualScripting.Shared.Editor.dll
Symbol file LoadedFromMemory is not a mono symbol file
Symbol file data-00000161A1971030 doesn't match image C:\Users\asdf\Desktop\unity\ReactiveTurnBase\My project A\Library\ScriptAssemblies\UniTask.DOTween.dll
Symbol file LoadedFromMemory is not a mono symbol file
Symbol file data-00000161A1971030 doesn't match image C:\Users\asdf\Desktop\unity\ReactiveTurnBase\My project A\Library\ScriptAssemblies\UniTask.Addressables.dll
Symbol file LoadedFromMemory is not a mono symbol file
Symbol file data-00000161AC388050 doesn't match image C:\Users\asdf\Desktop\unity\ReactiveTurnBase\My project A\Library\ScriptAssemblies\UnityEditor.UI.dll
Symbol file LoadedFromMemory is not a mono symbol file
Symbol file data-00000161ABC42010 doesn't match image C:\Users\asdf\Desktop\unity\ReactiveTurnBase\My project A\Library\ScriptAssemblies\Unity.VisualScripting.Core.dll
Symbol file LoadedFromMemory is not a mono symbol file
Symbol file data-00000161ACFC0010 doesn't match image C:\Users\asdf\Desktop\unity\ReactiveTurnBase\My project A\Library\ScriptAssemblies\UnityEngine.UI.dll
Symbol file LoadedFromMemory is not a mono symbol file
Symbol file data-00000161ADB31020 doesn't match image C:\Users\asdf\Desktop\unity\ReactiveTurnBase\My project A\Library\ScriptAssemblies\UniTask.Editor.dll
Symbol file LoadedFromMemory is not a mono symbol file
Symbol file data-00000161A1869020 doesn't match image C:\Users\asdf\Desktop\unity\ReactiveTurnBase\My project A\Library\ScriptAssemblies\Unity.VisualScripting.Core.Editor.dll
Symbol file LoadedFromMemory is not a mono symbol file
Symbol file data-00000161A19EF030 doesn't match image C:\Users\asdf\Desktop\unity\ReactiveTurnBase\My project A\Library\ScriptAssemblies\UniTask.Linq.dll
Symbol file LoadedFromMemory is not a mono symbol file
Symbol file data-00000161A15A6020 doesn't match image C:\Users\asdf\Desktop\unity\ReactiveTurnBase\My project A\Library\ScriptAssemblies\Unity.VisualScripting.Flow.dll
Symbol file LoadedFromMemory is not a mono symbol file
Symbol file data-000001617F9C3010 doesn't match image C:\Users\asdf\Desktop\unity\ReactiveTurnBase\My project A\Library\ScriptAssemblies\Unity.VisualScripting.Flow.Editor.dll
Symbol file LoadedFromMemory is not a mono symbol file
Symbol file data-000001617F366010 doesn't match image C:\Users\asdf\Desktop\unity\ReactiveTurnBase\My project A\Library\ScriptAssemblies\Unity.Timeline.dll
Symbol file LoadedFromMemory is not a mono symbol file
Symbol file data-00000161ADF0D020 doesn't match image C:\Users\asdf\Desktop\unity\ReactiveTurnBase\My project A\Library\ScriptAssemblies\Unity.InputSystem.dll
Symbol file LoadedFromMemory is not a mono symbol file
Symbol file data-00000161A2DC2570 doesn't match image C:\Users\asdf\Desktop\unity\ReactiveTurnBase\My project A\Library\ScriptAssemblies\Unity.InputSystem.ForUI.dll
Symbol file LoadedFromMemory is not a mono symbol file
Symbol file data-00000161AC4AC6D0 doesn't match image C:\Users\asdf\Desktop\unity\ReactiveTurnBase\My project A\Library\ScriptAssemblies\Unity.TestTools.CodeCoverage.Editor.OpenCover.Mono.Reflection.dll
Symbol file LoadedFromMemory is not a mono symbol file
Symbol file data-00000161AC4AC6D0 doesn't match image C:\Users\asdf\Desktop\unity\ReactiveTurnBase\My project A\Library\ScriptAssemblies\Unity.VisualScripting.SettingsProvider.Editor.dll
Symbol file LoadedFromMemory is not a mono symbol file
Symbol file data-000001617F7FA010 doesn't match image C:\Users\asdf\Desktop\unity\ReactiveTurnBase\My project A\Library\ScriptAssemblies\Unity.Performance.Profile-Analyzer.Editor.dll
Symbol file LoadedFromMemory is not a mono symbol file
Symbol file data-00000161A2600090 doesn't match image C:\Users\asdf\Desktop\unity\ReactiveTurnBase\My project A\Library\ScriptAssemblies\Unity.TestTools.CodeCoverage.Editor.dll
Symbol file LoadedFromMemory is not a mono symbol file
Symbol file data-00000161A14948A0 doesn't match image C:\Users\asdf\Desktop\unity\ReactiveTurnBase\My project A\Library\ScriptAssemblies\Unity.TestTools.CodeCoverage.Editor.OpenCover.Model.dll
Symbol file LoadedFromMemory is not a mono symbol file
Symbol file data-00000161AC388050 doesn't match image C:\Users\asdf\Desktop\unity\ReactiveTurnBase\My project A\Library\ScriptAssemblies\Unity.VisualScripting.State.Editor.dll
Symbol file LoadedFromMemory is not a mono symbol file
Symbol file data-00000161A1A36240 doesn't match image C:\Users\asdf\Desktop\unity\ReactiveTurnBase\My project A\Library\ScriptAssemblies\Unity.Settings.Editor.dll
Symbol file LoadedFromMemory is not a mono symbol file
Symbol file data-00000161ADB31020 doesn't match image C:\Users\asdf\Desktop\unity\ReactiveTurnBase\My project A\Library\ScriptAssemblies\Unity.CollabProxy.Editor.dll
Symbol file LoadedFromMemory is not a mono symbol file
Symbol file data-00000161A15A6020 doesn't match image C:\Users\asdf\Desktop\unity\ReactiveTurnBase\My project A\Library\ScriptAssemblies\Unity.TextMeshPro.dll
Symbol file LoadedFromMemory is not a mono symbol file
Symbol file data-00000161ADDE9D50 doesn't match image C:\Users\asdf\Desktop\unity\ReactiveTurnBase\My project A\Library\ScriptAssemblies\Unity.TextMeshPro.Editor.dll
Symbol file LoadedFromMemory is not a mono symbol file
Symbol file data-000001617F867240 doesn't match image C:\Users\asdf\Desktop\unity\ReactiveTurnBase\My project A\Library\ScriptAssemblies\UniTask.dll
Symbol file LoadedFromMemory is not a mono symbol file
Symbol file data-00000161A14948A0 doesn't match image C:\Users\asdf\Desktop\unity\ReactiveTurnBase\My project A\Library\ScriptAssemblies\Unity.VisualScripting.State.dll
Symbol file LoadedFromMemory is not a mono symbol file
Symbol file data-00000161A14948A0 doesn't match image C:\Users\asdf\Desktop\unity\ReactiveTurnBase\My project A\Library\ScriptAssemblies\Unity.VSCode.Editor.dll
Symbol file LoadedFromMemory is not a mono symbol file
- Loaded All Assemblies, in  0.445 seconds
Native extension for WindowsStandalone target not found
Native extension for Android target not found
Mono: successfully reloaded assembly
- Finished resetting the current domain, in  1.103 seconds
Domain Reload Profiling: 1545ms
	BeginReloadAssembly (142ms)
		ExecutionOrderSort (0ms)
		DisableScriptedObjects (6ms)
		BackupInstance (0ms)
		ReleaseScriptingObjects (0ms)
		CreateAndSetChildDomain (30ms)
	RebuildCommonClasses (26ms)
	RebuildNativeTypeToScriptingClass (10ms)
	initialDomainReloadingComplete (27ms)
	LoadAllAssembliesAndSetupDomain (237ms)
		LoadAssemblies (294ms)
		RebuildTransferFunctionScriptingTraits (0ms)
		AnalyzeDomain (20ms)
			TypeCache.Refresh (6ms)
				TypeCache.ScanAssembly (0ms)
			ScanForSourceGeneratedMonoScriptInfo (0ms)
			ResolveRequiredComponents (11ms)
	FinalizeReload (1103ms)
		ReleaseScriptCaches (0ms)
		RebuildScriptCaches (0ms)
		SetupLoadedEditorAssemblies (618ms)
			LogAssemblyErrors (0ms)
			InitializePlatformSupportModulesInManaged (22ms)
			SetLoadedEditorAssemblies (5ms)
			RefreshPlugins (0ms)
			BeforeProcessingInitializeOnLoad (116ms)
			ProcessInitializeOnLoadAttributes (427ms)
			ProcessInitializeOnLoadMethodAttributes (41ms)
			AfterProcessingInitializeOnLoad (7ms)
			EditorAssembliesLoaded (0ms)
		ExecutionOrderSort2 (0ms)
		AwakeInstancesAfterBackupRestoration (6ms)
Refreshing native plugins compatible for Editor in 5.71 ms, found 3 plugins.
Preloading 0 native plugins for Editor in 0.00 ms.
Unloading 3941 Unused Serialized files (Serialized files now loaded: 0)
Unloading 22 unused Assets / (32.7 KB). Loaded Objects now: 4546.
Memory consumption went from 225.6 MB to 225.5 MB.
Total: 5.433200 ms (FindLiveObjects: 0.675900 ms CreateObjectMapping: 0.416500 ms MarkObjects: 4.289600 ms  DeleteObjects: 0.049600 ms)

Prepare: number of updated asset objects reloaded= 0
AssetImportParameters requested are different than current active one (requested -> active):
  custom:container-demuxer-ogg: 62fdf1f143b41e24485cea50d1cbac27 -> 
  custom:scripting/monoscript/fileName/GroggyBar.cs: 100a61dadfc5e32941fd0f737636facf -> 
  custom:video-decoder-ogg-theora: a1e56fd34408186e4bbccfd4996cb3dc -> 
  custom:framework-win-MediaFoundation: 216162199b28c13a410421893ffa2e32 -> 
  custom:CustomObjectIndexerAttribute: 9a22284fe3817be447336de3de66b15e -> 
  custom:container-demuxer-webm: 4f35f7cbe854078d1ac9338744f61a02 -> 
  custom:container-muxer-webm: aa71ff27fc2769a1b78a27578f13a17b -> 
  custom:video-decoder-webm-vp8: 9c59270c3fd7afecdb556c50c9e8de78 -> 
  custom:SearchIndexIgnoredProperties: e643bd26f0fe6173181afceb89e7c659 -> 
  custom:AudioImporter_EditorPlatform: d09bf68614088b80899f8185d706f6e7 -> 
  custom:video-encoder-webm-vp8: eb34c28f22e8b96e1ab97ce403110664 -> 
  custom:scripting/monoscript/fileName/GroggyBarFollower.cs: 819d994350b9b9cabf3c84cf4da82ff6 -> 
  custom:audio-decoder-ogg-vorbis: bf7c407c2cedff20999df2af8eb42d56 -> 
  custom:audio-encoder-webm-vorbis: bf7c407c2cedff20999df2af8eb42d56 -> 
  custom:scripting/precompiled-assembly-types:Assembly-CSharp: 2a93528415082e56e879f168f57a5807 -> 1476765af81e86739e20042d8f5f0532
========================================================================
Received Prepare
Caller must complete domain reload
Begin MonoManager ReloadAssembly
Symbol file data-00000161A2DC2570 doesn't match image C:\Users\asdf\Desktop\unity\ReactiveTurnBase\My project A\Library\ScriptAssemblies\Unity.EditorCoroutines.Editor.dll
Symbol file LoadedFromMemory is not a mono symbol file
Symbol file data-00000161ABE32020 doesn't match image C:\Users\asdf\Desktop\unity\ReactiveTurnBase\My project A\Library\ScriptAssemblies\UniTask.TextMeshPro.dll
Symbol file LoadedFromMemory is not a mono symbol file
Symbol file data-00000161A127F020 doesn't match image C:\Users\asdf\Desktop\unity\ReactiveTurnBase\My project A\Library\ScriptAssemblies\Unity.Timeline.Editor.dll
Symbol file LoadedFromMemory is not a mono symbol file
Symbol file data-00000161ABE32020 doesn't match image C:\Users\asdf\Desktop\unity\ReactiveTurnBase\My project A\Library\ScriptAssemblies\Unity.VisualScripting.Shared.Editor.dll
Symbol file LoadedFromMemory is not a mono symbol file
Symbol file data-00000161A1971030 doesn't match image C:\Users\asdf\Desktop\unity\ReactiveTurnBase\My project A\Library\ScriptAssemblies\UniTask.DOTween.dll
Symbol file LoadedFromMemory is not a mono symbol file
Symbol file data-00000161A1971030 doesn't match image C:\Users\asdf\Desktop\unity\ReactiveTurnBase\My project A\Library\ScriptAssemblies\UniTask.Addressables.dll
Symbol file LoadedFromMemory is not a mono symbol file
Symbol file data-00000161AC388050 doesn't match image C:\Users\asdf\Desktop\unity\ReactiveTurnBase\My project A\Library\ScriptAssemblies\UnityEditor.UI.dll
Symbol file LoadedFromMemory is not a mono symbol file
Symbol file data-00000161ABC42010 doesn't match image C:\Users\asdf\Desktop\unity\ReactiveTurnBase\My project A\Library\ScriptAssemblies\Unity.VisualScripting.Core.dll
Symbol file LoadedFromMemory is not a mono symbol file
Symbol file data-00000161ACFC0010 doesn't match image C:\Users\asdf\Desktop\unity\ReactiveTurnBase\My project A\Library\ScriptAssemblies\UnityEngine.UI.dll
Symbol file LoadedFromMemory is not a mono symbol file
Symbol file data-00000161ABE32020 doesn't match image C:\Users\asdf\Desktop\unity\ReactiveTurnBase\My project A\Library\ScriptAssemblies\UniTask.Editor.dll
Symbol file LoadedFromMemory is not a mono symbol file
Symbol file data-00000161A1869020 doesn't match image C:\Users\asdf\Desktop\unity\ReactiveTurnBase\My project A\Library\ScriptAssemblies\Unity.VisualScripting.Core.Editor.dll
Symbol file LoadedFromMemory is not a mono symbol file
Symbol file data-00000161A19EF030 doesn't match image C:\Users\asdf\Desktop\unity\ReactiveTurnBase\My project A\Library\ScriptAssemblies\UniTask.Linq.dll
Symbol file LoadedFromMemory is not a mono symbol file
Symbol file data-00000161A15A6020 doesn't match image C:\Users\asdf\Desktop\unity\ReactiveTurnBase\My project A\Library\ScriptAssemblies\Unity.VisualScripting.Flow.dll
Symbol file LoadedFromMemory is not a mono symbol file
Symbol file data-000001617F9C3010 doesn't match image C:\Users\asdf\Desktop\unity\ReactiveTurnBase\My project A\Library\ScriptAssemblies\Unity.VisualScripting.Flow.Editor.dll
Symbol file LoadedFromMemory is not a mono symbol file
Symbol file data-000001617F366010 doesn't match image C:\Users\asdf\Desktop\unity\ReactiveTurnBase\My project A\Library\ScriptAssemblies\Unity.Timeline.dll
Symbol file LoadedFromMemory is not a mono symbol file
Symbol file data-00000161ADF0D020 doesn't match image C:\Users\asdf\Desktop\unity\ReactiveTurnBase\My project A\Library\ScriptAssemblies\Unity.InputSystem.dll
Symbol file LoadedFromMemory is not a mono symbol file
Symbol file data-00000161A2DC2570 doesn't match image C:\Users\asdf\Desktop\unity\ReactiveTurnBase\My project A\Library\ScriptAssemblies\Unity.InputSystem.ForUI.dll
Symbol file LoadedFromMemory is not a mono symbol file
Symbol file data-00000161ADD601D0 doesn't match image C:\Users\asdf\Desktop\unity\ReactiveTurnBase\My project A\Library\ScriptAssemblies\Unity.TestTools.CodeCoverage.Editor.OpenCover.Mono.Reflection.dll
Symbol file LoadedFromMemory is not a mono symbol file
Symbol file data-00000161ADD601D0 doesn't match image C:\Users\asdf\Desktop\unity\ReactiveTurnBase\My project A\Library\ScriptAssemblies\Unity.VisualScripting.SettingsProvider.Editor.dll
Symbol file LoadedFromMemory is not a mono symbol file
Symbol file data-000001617F7FA010 doesn't match image C:\Users\asdf\Desktop\unity\ReactiveTurnBase\My project A\Library\ScriptAssemblies\Unity.Performance.Profile-Analyzer.Editor.dll
Symbol file LoadedFromMemory is not a mono symbol file
Symbol file data-00000161A2600090 doesn't match image C:\Users\asdf\Desktop\unity\ReactiveTurnBase\My project A\Library\ScriptAssemblies\Unity.TestTools.CodeCoverage.Editor.dll
Symbol file LoadedFromMemory is not a mono symbol file
Symbol file data-000001617FB77040 doesn't match image C:\Users\asdf\Desktop\unity\ReactiveTurnBase\My project A\Library\ScriptAssemblies\Unity.TestTools.CodeCoverage.Editor.OpenCover.Model.dll
Symbol file LoadedFromMemory is not a mono symbol file
Symbol file data-00000161AC388050 doesn't match image C:\Users\asdf\Desktop\unity\ReactiveTurnBase\My project A\Library\ScriptAssemblies\Unity.VisualScripting.State.Editor.dll
Symbol file LoadedFromMemory is not a mono symbol file
Symbol file data-00000161A1A36240 doesn't match image C:\Users\asdf\Desktop\unity\ReactiveTurnBase\My project A\Library\ScriptAssemblies\Unity.Settings.Editor.dll
Symbol file LoadedFromMemory is not a mono symbol file
Symbol file data-00000161ABE32020 doesn't match image C:\Users\asdf\Desktop\unity\ReactiveTurnBase\My project A\Library\ScriptAssemblies\Unity.CollabProxy.Editor.dll
Symbol file LoadedFromMemory is not a mono symbol file
Symbol file data-00000161A15A6020 doesn't match image C:\Users\asdf\Desktop\unity\ReactiveTurnBase\My project A\Library\ScriptAssemblies\Unity.TextMeshPro.dll
Symbol file LoadedFromMemory is not a mono symbol file
Symbol file data-00000161ADDE9D50 doesn't match image C:\Users\asdf\Desktop\unity\ReactiveTurnBase\My project A\Library\ScriptAssemblies\Unity.TextMeshPro.Editor.dll
Symbol file LoadedFromMemory is not a mono symbol file
Symbol file data-000001617F867240 doesn't match image C:\Users\asdf\Desktop\unity\ReactiveTurnBase\My project A\Library\ScriptAssemblies\UniTask.dll
Symbol file LoadedFromMemory is not a mono symbol file
Symbol file data-000001617FB77040 doesn't match image C:\Users\asdf\Desktop\unity\ReactiveTurnBase\My project A\Library\ScriptAssemblies\Unity.VisualScripting.State.dll
Symbol file LoadedFromMemory is not a mono symbol file
Symbol file data-000001617FB77040 doesn't match image C:\Users\asdf\Desktop\unity\ReactiveTurnBase\My project A\Library\ScriptAssemblies\Unity.VSCode.Editor.dll
Symbol file LoadedFromMemory is not a mono symbol file
- Loaded All Assemblies, in  0.460 seconds
Native extension for WindowsStandalone target not found
Native extension for Android target not found
Mono: successfully reloaded assembly
- Finished resetting the current domain, in  1.068 seconds
Domain Reload Profiling: 1526ms
	BeginReloadAssembly (148ms)
		ExecutionOrderSort (0ms)
		DisableScriptedObjects (7ms)
		BackupInstance (0ms)
		ReleaseScriptingObjects (0ms)
		CreateAndSetChildDomain (40ms)
	RebuildCommonClasses (32ms)
	RebuildNativeTypeToScriptingClass (9ms)
	initialDomainReloadingComplete (26ms)
	LoadAllAssembliesAndSetupDomain (242ms)
		LoadAssemblies (279ms)
		RebuildTransferFunctionScriptingTraits (0ms)
		AnalyzeDomain (32ms)
			TypeCache.Refresh (11ms)
				TypeCache.ScanAssembly (3ms)
			ScanForSourceGeneratedMonoScriptInfo (11ms)
			ResolveRequiredComponents (7ms)
	FinalizeReload (1069ms)
		ReleaseScriptCaches (0ms)
		RebuildScriptCaches (0ms)
		SetupLoadedEditorAssemblies (532ms)
			LogAssemblyErrors (0ms)
			InitializePlatformSupportModulesInManaged (19ms)
			SetLoadedEditorAssemblies (5ms)
			RefreshPlugins (0ms)
			BeforeProcessingInitializeOnLoad (105ms)
			ProcessInitializeOnLoadAttributes (366ms)
			ProcessInitializeOnLoadMethodAttributes (30ms)
			AfterProcessingInitializeOnLoad (6ms)
			EditorAssembliesLoaded (0ms)
		ExecutionOrderSort2 (0ms)
		AwakeInstancesAfterBackupRestoration (5ms)
Refreshing native plugins compatible for Editor in 4.04 ms, found 3 plugins.
Preloading 0 native plugins for Editor in 0.00 ms.
Unloading 3941 Unused Serialized files (Serialized files now loaded: 0)
Unloading 22 unused Assets / (32.8 KB). Loaded Objects now: 4549.
Memory consumption went from 225.6 MB to 225.5 MB.
Total: 3.190100 ms (FindLiveObjects: 0.275200 ms CreateObjectMapping: 0.229000 ms MarkObjects: 2.633000 ms  DeleteObjects: 0.051800 ms)

Prepare: number of updated asset objects reloaded= 0
AssetImportParameters requested are different than current active one (requested -> active):
  custom:container-demuxer-ogg: 62fdf1f143b41e24485cea50d1cbac27 -> 
  custom:scripting/monoscript/fileName/GroggyBar.cs: 100a61dadfc5e32941fd0f737636facf -> 
  custom:video-decoder-ogg-theora: a1e56fd34408186e4bbccfd4996cb3dc -> 
  custom:framework-win-MediaFoundation: 216162199b28c13a410421893ffa2e32 -> 
  custom:CustomObjectIndexerAttribute: 9a22284fe3817be447336de3de66b15e -> 
  custom:container-demuxer-webm: 4f35f7cbe854078d1ac9338744f61a02 -> 
  custom:container-muxer-webm: aa71ff27fc2769a1b78a27578f13a17b -> 
  custom:video-decoder-webm-vp8: 9c59270c3fd7afecdb556c50c9e8de78 -> 
  custom:SearchIndexIgnoredProperties: e643bd26f0fe6173181afceb89e7c659 -> 
  custom:AudioImporter_EditorPlatform: d09bf68614088b80899f8185d706f6e7 -> 
  custom:video-encoder-webm-vp8: eb34c28f22e8b96e1ab97ce403110664 -> 
  custom:scripting/monoscript/fileName/GroggyBarFollower.cs: 819d994350b9b9cabf3c84cf4da82ff6 -> 
  custom:audio-decoder-ogg-vorbis: bf7c407c2cedff20999df2af8eb42d56 -> 
  custom:audio-encoder-webm-vorbis: bf7c407c2cedff20999df2af8eb42d56 -> 
  custom:scripting/precompiled-assembly-types:Assembly-CSharp: 677ef30740cb9f2e60728849a92f5fb8 -> 1476765af81e86739e20042d8f5f0532
========================================================================
Received Prepare
Caller must complete domain reload
Begin MonoManager ReloadAssembly
Symbol file data-00000161A2DC2570 doesn't match image C:\Users\asdf\Desktop\unity\ReactiveTurnBase\My project A\Library\ScriptAssemblies\Unity.EditorCoroutines.Editor.dll
Symbol file LoadedFromMemory is not a mono symbol file
Symbol file data-000001617F407020 doesn't match image C:\Users\asdf\Desktop\unity\ReactiveTurnBase\My project A\Library\ScriptAssemblies\UniTask.TextMeshPro.dll
Symbol file LoadedFromMemory is not a mono symbol file
Symbol file data-00000161A127F020 doesn't match image C:\Users\asdf\Desktop\unity\ReactiveTurnBase\My project A\Library\ScriptAssemblies\Unity.Timeline.Editor.dll
Symbol file LoadedFromMemory is not a mono symbol file
Symbol file data-000001617F407020 doesn't match image C:\Users\asdf\Desktop\unity\ReactiveTurnBase\My project A\Library\ScriptAssemblies\Unity.VisualScripting.Shared.Editor.dll
Symbol file LoadedFromMemory is not a mono symbol file
Symbol file data-00000161A1971030 doesn't match image C:\Users\asdf\Desktop\unity\ReactiveTurnBase\My project A\Library\ScriptAssemblies\UniTask.DOTween.dll
Symbol file LoadedFromMemory is not a mono symbol file
Symbol file data-00000161A1971030 doesn't match image C:\Users\asdf\Desktop\unity\ReactiveTurnBase\My project A\Library\ScriptAssemblies\UniTask.Addressables.dll
Symbol file LoadedFromMemory is not a mono symbol file
Symbol file data-00000161AC388050 doesn't match image C:\Users\asdf\Desktop\unity\ReactiveTurnBase\My project A\Library\ScriptAssemblies\UnityEditor.UI.dll
Symbol file LoadedFromMemory is not a mono symbol file
Symbol file data-00000161ABC42010 doesn't match image C:\Users\asdf\Desktop\unity\ReactiveTurnBase\My project A\Library\ScriptAssemblies\Unity.VisualScripting.Core.dll
Symbol file LoadedFromMemory is not a mono symbol file
Symbol file data-00000161ACFC0010 doesn't match image C:\Users\asdf\Desktop\unity\ReactiveTurnBase\My project A\Library\ScriptAssemblies\UnityEngine.UI.dll
Symbol file LoadedFromMemory is not a mono symbol file
Symbol file data-000001617F407020 doesn't match image C:\Users\asdf\Desktop\unity\ReactiveTurnBase\My project A\Library\ScriptAssemblies\UniTask.Editor.dll
Symbol file LoadedFromMemory is not a mono symbol file
Symbol file data-00000161A1869020 doesn't match image C:\Users\asdf\Desktop\unity\ReactiveTurnBase\My project A\Library\ScriptAssemblies\Unity.VisualScripting.Core.Editor.dll
Symbol file LoadedFromMemory is not a mono symbol file
Symbol file data-00000161A19EF030 doesn't match image C:\Users\asdf\Desktop\unity\ReactiveTurnBase\My project A\Library\ScriptAssemblies\UniTask.Linq.dll
Symbol file LoadedFromMemory is not a mono symbol file
Symbol file data-00000161ADFA1010 doesn't match image C:\Users\asdf\Desktop\unity\ReactiveTurnBase\My project A\Library\ScriptAssemblies\Unity.VisualScripting.Flow.dll
Symbol file LoadedFromMemory is not a mono symbol file
Symbol file data-000001617F9C3010 doesn't match image C:\Users\asdf\Desktop\unity\ReactiveTurnBase\My project A\Library\ScriptAssemblies\Unity.VisualScripting.Flow.Editor.dll
Symbol file LoadedFromMemory is not a mono symbol file
Symbol file data-000001617F366010 doesn't match image C:\Users\asdf\Desktop\unity\ReactiveTurnBase\My project A\Library\ScriptAssemblies\Unity.Timeline.dll
Symbol file LoadedFromMemory is not a mono symbol file
Symbol file data-00000161ADFA1010 doesn't match image C:\Users\asdf\Desktop\unity\ReactiveTurnBase\My project A\Library\ScriptAssemblies\Unity.InputSystem.dll
Symbol file LoadedFromMemory is not a mono symbol file
Symbol file data-00000161A2DC2570 doesn't match image C:\Users\asdf\Desktop\unity\ReactiveTurnBase\My project A\Library\ScriptAssemblies\Unity.InputSystem.ForUI.dll
Symbol file LoadedFromMemory is not a mono symbol file
Symbol file data-00000161ACFFB040 doesn't match image C:\Users\asdf\Desktop\unity\ReactiveTurnBase\My project A\Library\ScriptAssemblies\Unity.TestTools.CodeCoverage.Editor.OpenCover.Mono.Reflection.dll
Symbol file LoadedFromMemory is not a mono symbol file
Symbol file data-00000161ACFFB040 doesn't match image C:\Users\asdf\Desktop\unity\ReactiveTurnBase\My project A\Library\ScriptAssemblies\Unity.VisualScripting.SettingsProvider.Editor.dll
Symbol file LoadedFromMemory is not a mono symbol file
Symbol file data-000001617F7FA010 doesn't match image C:\Users\asdf\Desktop\unity\ReactiveTurnBase\My project A\Library\ScriptAssemblies\Unity.Performance.Profile-Analyzer.Editor.dll
Symbol file LoadedFromMemory is not a mono symbol file
Symbol file data-00000161A2600090 doesn't match image C:\Users\asdf\Desktop\unity\ReactiveTurnBase\My project A\Library\ScriptAssemblies\Unity.TestTools.CodeCoverage.Editor.dll
Symbol file LoadedFromMemory is not a mono symbol file
Symbol file data-000001617FB77040 doesn't match image C:\Users\asdf\Desktop\unity\ReactiveTurnBase\My project A\Library\ScriptAssemblies\Unity.TestTools.CodeCoverage.Editor.OpenCover.Model.dll
Symbol file LoadedFromMemory is not a mono symbol file
Symbol file data-00000161AC388050 doesn't match image C:\Users\asdf\Desktop\unity\ReactiveTurnBase\My project A\Library\ScriptAssemblies\Unity.VisualScripting.State.Editor.dll
Symbol file LoadedFromMemory is not a mono symbol file
Symbol file data-00000161A1A36240 doesn't match image C:\Users\asdf\Desktop\unity\ReactiveTurnBase\My project A\Library\ScriptAssemblies\Unity.Settings.Editor.dll
Symbol file LoadedFromMemory is not a mono symbol file
Symbol file data-000001617F407020 doesn't match image C:\Users\asdf\Desktop\unity\ReactiveTurnBase\My project A\Library\ScriptAssemblies\Unity.CollabProxy.Editor.dll
Symbol file LoadedFromMemory is not a mono symbol file
Symbol file data-00000161A15A6020 doesn't match image C:\Users\asdf\Desktop\unity\ReactiveTurnBase\My project A\Library\ScriptAssemblies\Unity.TextMeshPro.dll
Symbol file LoadedFromMemory is not a mono symbol file
Symbol file data-00000161ADDE9D50 doesn't match image C:\Users\asdf\Desktop\unity\ReactiveTurnBase\My project A\Library\ScriptAssemblies\Unity.TextMeshPro.Editor.dll
Symbol file LoadedFromMemory is not a mono symbol file
Symbol file data-000001617F867240 doesn't match image C:\Users\asdf\Desktop\unity\ReactiveTurnBase\My project A\Library\ScriptAssemblies\UniTask.dll
Symbol file LoadedFromMemory is not a mono symbol file
Symbol file data-000001617FB77040 doesn't match image C:\Users\asdf\Desktop\unity\ReactiveTurnBase\My project A\Library\ScriptAssemblies\Unity.VisualScripting.State.dll
Symbol file LoadedFromMemory is not a mono symbol file
Symbol file data-000001617FB77040 doesn't match image C:\Users\asdf\Desktop\unity\ReactiveTurnBase\My project A\Library\ScriptAssemblies\Unity.VSCode.Editor.dll
Symbol file LoadedFromMemory is not a mono symbol file
- Loaded All Assemblies, in  0.431 seconds
Native extension for WindowsStandalone target not found
Native extension for Android target not found
Mono: successfully reloaded assembly
- Finished resetting the current domain, in  1.094 seconds
Domain Reload Profiling: 1523ms
	BeginReloadAssembly (135ms)
		ExecutionOrderSort (0ms)
		DisableScriptedObjects (7ms)
		BackupInstance (0ms)
		ReleaseScriptingObjects (0ms)
		CreateAndSetChildDomain (29ms)
	RebuildCommonClasses (26ms)
	RebuildNativeTypeToScriptingClass (13ms)
	initialDomainReloadingComplete (26ms)
	LoadAllAssembliesAndSetupDomain (228ms)
		LoadAssemblies (285ms)
		RebuildTransferFunctionScriptingTraits (0ms)
		AnalyzeDomain (14ms)
			TypeCache.Refresh (5ms)
				TypeCache.ScanAssembly (0ms)
			ScanForSourceGeneratedMonoScriptInfo (0ms)
			ResolveRequiredComponents (7ms)
	FinalizeReload (1095ms)
		ReleaseScriptCaches (0ms)
		RebuildScriptCaches (0ms)
		SetupLoadedEditorAssemblies (613ms)
			LogAssemblyErrors (0ms)
			InitializePlatformSupportModulesInManaged (21ms)
			SetLoadedEditorAssemblies (4ms)
			RefreshPlugins (0ms)
			BeforeProcessingInitializeOnLoad (120ms)
			ProcessInitializeOnLoadAttributes (418ms)
			ProcessInitializeOnLoadMethodAttributes (42ms)
			AfterProcessingInitializeOnLoad (8ms)
			EditorAssembliesLoaded (0ms)
		ExecutionOrderSort2 (0ms)
		AwakeInstancesAfterBackupRestoration (7ms)
Refreshing native plugins compatible for Editor in 4.90 ms, found 3 plugins.
Preloading 0 native plugins for Editor in 0.00 ms.
Unloading 3941 Unused Serialized files (Serialized files now loaded: 0)
Unloading 22 unused Assets / (32.8 KB). Loaded Objects now: 4552.
Memory consumption went from 225.6 MB to 225.5 MB.
Total: 5.079200 ms (FindLiveObjects: 0.452900 ms CreateObjectMapping: 0.325000 ms MarkObjects: 4.173800 ms  DeleteObjects: 0.125800 ms)

Prepare: number of updated asset objects reloaded= 0
AssetImportParameters requested are different than current active one (requested -> active):
  custom:container-demuxer-ogg: 62fdf1f143b41e24485cea50d1cbac27 -> 
  custom:scripting/monoscript/fileName/GroggyBar.cs: 100a61dadfc5e32941fd0f737636facf -> 
  custom:video-decoder-ogg-theora: a1e56fd34408186e4bbccfd4996cb3dc -> 
  custom:framework-win-MediaFoundation: 216162199b28c13a410421893ffa2e32 -> 
  custom:CustomObjectIndexerAttribute: 9a22284fe3817be447336de3de66b15e -> 
  custom:container-demuxer-webm: 4f35f7cbe854078d1ac9338744f61a02 -> 
  custom:container-muxer-webm: aa71ff27fc2769a1b78a27578f13a17b -> 
  custom:video-decoder-webm-vp8: 9c59270c3fd7afecdb556c50c9e8de78 -> 
  custom:SearchIndexIgnoredProperties: e643bd26f0fe6173181afceb89e7c659 -> 
  custom:AudioImporter_EditorPlatform: d09bf68614088b80899f8185d706f6e7 -> 
  custom:video-encoder-webm-vp8: eb34c28f22e8b96e1ab97ce403110664 -> 
  custom:scripting/monoscript/fileName/GroggyBarFollower.cs: 819d994350b9b9cabf3c84cf4da82ff6 -> 
  custom:audio-decoder-ogg-vorbis: bf7c407c2cedff20999df2af8eb42d56 -> 
  custom:audio-encoder-webm-vorbis: bf7c407c2cedff20999df2af8eb42d56 -> 
  custom:scripting/precompiled-assembly-types:Assembly-CSharp: 677ef30740cb9f2e60728849a92f5fb8 -> 1476765af81e86739e20042d8f5f0532
========================================================================
Received Prepare
Caller must complete domain reload
Begin MonoManager ReloadAssembly
Symbol file data-00000161A2DC2570 doesn't match image C:\Users\asdf\Desktop\unity\ReactiveTurnBase\My project A\Library\ScriptAssemblies\Unity.EditorCoroutines.Editor.dll
Symbol file LoadedFromMemory is not a mono symbol file
Symbol file data-000001617FD45D20 doesn't match image C:\Users\asdf\Desktop\unity\ReactiveTurnBase\My project A\Library\ScriptAssemblies\UniTask.TextMeshPro.dll
Symbol file LoadedFromMemory is not a mono symbol file
Symbol file data-00000161A127F020 doesn't match image C:\Users\asdf\Desktop\unity\ReactiveTurnBase\My project A\Library\ScriptAssemblies\Unity.Timeline.Editor.dll
Symbol file LoadedFromMemory is not a mono symbol file
Symbol file data-000001617F407020 doesn't match image C:\Users\asdf\Desktop\unity\ReactiveTurnBase\My project A\Library\ScriptAssemblies\Unity.VisualScripting.Shared.Editor.dll
Symbol file LoadedFromMemory is not a mono symbol file
Symbol file data-00000161A1971030 doesn't match image C:\Users\asdf\Desktop\unity\ReactiveTurnBase\My project A\Library\ScriptAssemblies\UniTask.DOTween.dll
Symbol file LoadedFromMemory is not a mono symbol file
Symbol file data-00000161A1971030 doesn't match image C:\Users\asdf\Desktop\unity\ReactiveTurnBase\My project A\Library\ScriptAssemblies\UniTask.Addressables.dll
Symbol file LoadedFromMemory is not a mono symbol file
Symbol file data-000001617F4FAAE0 doesn't match image C:\Users\asdf\Desktop\unity\ReactiveTurnBase\My project A\Library\ScriptAssemblies\UnityEditor.UI.dll
Symbol file LoadedFromMemory is not a mono symbol file
Symbol file data-00000161ABC42010 doesn't match image C:\Users\asdf\Desktop\unity\ReactiveTurnBase\My project A\Library\ScriptAssemblies\Unity.VisualScripting.Core.dll
Symbol file LoadedFromMemory is not a mono symbol file
Symbol file data-00000161A34C6020 doesn't match image C:\Users\asdf\Desktop\unity\ReactiveTurnBase\My project A\Library\ScriptAssemblies\UnityEngine.UI.dll
Symbol file LoadedFromMemory is not a mono symbol file
Symbol file data-000001617F407020 doesn't match image C:\Users\asdf\Desktop\unity\ReactiveTurnBase\My project A\Library\ScriptAssemblies\UniTask.Editor.dll
Symbol file LoadedFromMemory is not a mono symbol file
Symbol file data-00000161A1869020 doesn't match image C:\Users\asdf\Desktop\unity\ReactiveTurnBase\My project A\Library\ScriptAssemblies\Unity.VisualScripting.Core.Editor.dll
Symbol file LoadedFromMemory is not a mono symbol file
Symbol file data-00000161A19EF030 doesn't match image C:\Users\asdf\Desktop\unity\ReactiveTurnBase\My project A\Library\ScriptAssemblies\UniTask.Linq.dll
Symbol file LoadedFromMemory is not a mono symbol file
Symbol file data-00000161A15A6020 doesn't match image C:\Users\asdf\Desktop\unity\ReactiveTurnBase\My project A\Library\ScriptAssemblies\Unity.VisualScripting.Flow.dll
Symbol file LoadedFromMemory is not a mono symbol file
Symbol file data-000001617F90D020 doesn't match image C:\Users\asdf\Desktop\unity\ReactiveTurnBase\My project A\Library\ScriptAssemblies\Unity.VisualScripting.Flow.Editor.dll
Symbol file LoadedFromMemory is not a mono symbol file
Symbol file data-00000161AC5CC020 doesn't match image C:\Users\asdf\Desktop\unity\ReactiveTurnBase\My project A\Library\ScriptAssemblies\Unity.Timeline.dll
Symbol file LoadedFromMemory is not a mono symbol file
Symbol file data-00000161ADFE3020 doesn't match image C:\Users\asdf\Desktop\unity\ReactiveTurnBase\My project A\Library\ScriptAssemblies\Unity.InputSystem.dll
Symbol file LoadedFromMemory is not a mono symbol file
Symbol file data-00000161A2DC2570 doesn't match image C:\Users\asdf\Desktop\unity\ReactiveTurnBase\My project A\Library\ScriptAssemblies\Unity.InputSystem.ForUI.dll
Symbol file LoadedFromMemory is not a mono symbol file
Symbol file data-00000161AC69E050 doesn't match image C:\Users\asdf\Desktop\unity\ReactiveTurnBase\My project A\Library\ScriptAssemblies\Unity.TestTools.CodeCoverage.Editor.OpenCover.Mono.Reflection.dll
Symbol file LoadedFromMemory is not a mono symbol file
Symbol file data-00000161AC69E050 doesn't match image C:\Users\asdf\Desktop\unity\ReactiveTurnBase\My project A\Library\ScriptAssemblies\Unity.VisualScripting.SettingsProvider.Editor.dll
Symbol file LoadedFromMemory is not a mono symbol file
Symbol file data-00000161A1CFC020 doesn't match image C:\Users\asdf\Desktop\unity\ReactiveTurnBase\My project A\Library\ScriptAssemblies\Unity.Performance.Profile-Analyzer.Editor.dll
Symbol file LoadedFromMemory is not a mono symbol file
Symbol file data-00000161A2600090 doesn't match image C:\Users\asdf\Desktop\unity\ReactiveTurnBase\My project A\Library\ScriptAssemblies\Unity.TestTools.CodeCoverage.Editor.dll
Symbol file LoadedFromMemory is not a mono symbol file
Symbol file data-000001617FB77040 doesn't match image C:\Users\asdf\Desktop\unity\ReactiveTurnBase\My project A\Library\ScriptAssemblies\Unity.TestTools.CodeCoverage.Editor.OpenCover.Model.dll
Symbol file LoadedFromMemory is not a mono symbol file
Symbol file data-000001617F4FAAE0 doesn't match image C:\Users\asdf\Desktop\unity\ReactiveTurnBase\My project A\Library\ScriptAssemblies\Unity.VisualScripting.State.Editor.dll
Symbol file LoadedFromMemory is not a mono symbol file
Symbol file data-00000161A1A36240 doesn't match image C:\Users\asdf\Desktop\unity\ReactiveTurnBase\My project A\Library\ScriptAssemblies\Unity.Settings.Editor.dll
Symbol file LoadedFromMemory is not a mono symbol file
Symbol file data-000001617FD45D20 doesn't match image C:\Users\asdf\Desktop\unity\ReactiveTurnBase\My project A\Library\ScriptAssemblies\Unity.CollabProxy.Editor.dll
Symbol file LoadedFromMemory is not a mono symbol file
Symbol file data-00000161A15A6020 doesn't match image C:\Users\asdf\Desktop\unity\ReactiveTurnBase\My project A\Library\ScriptAssemblies\Unity.TextMeshPro.dll
Symbol file LoadedFromMemory is not a mono symbol file
Symbol file data-00000161ADDE9D50 doesn't match image C:\Users\asdf\Desktop\unity\ReactiveTurnBase\My project A\Library\ScriptAssemblies\Unity.TextMeshPro.Editor.dll
Symbol file LoadedFromMemory is not a mono symbol file
Symbol file data-000001617F867240 doesn't match image C:\Users\asdf\Desktop\unity\ReactiveTurnBase\My project A\Library\ScriptAssemblies\UniTask.dll
Symbol file LoadedFromMemory is not a mono symbol file
Symbol file data-000001617FB77040 doesn't match image C:\Users\asdf\Desktop\unity\ReactiveTurnBase\My project A\Library\ScriptAssemblies\Unity.VisualScripting.State.dll
Symbol file LoadedFromMemory is not a mono symbol file
Symbol file data-000001617FB77040 doesn't match image C:\Users\asdf\Desktop\unity\ReactiveTurnBase\My project A\Library\ScriptAssemblies\Unity.VSCode.Editor.dll
Symbol file LoadedFromMemory is not a mono symbol file
- Loaded All Assemblies, in  0.446 seconds
Native extension for WindowsStandalone target not found
Native extension for Android target not found
Mono: successfully reloaded assembly
- Finished resetting the current domain, in  1.011 seconds
Domain Reload Profiling: 1455ms
	BeginReloadAssembly (138ms)
		ExecutionOrderSort (0ms)
		DisableScriptedObjects (6ms)
		BackupInstance (0ms)
		ReleaseScriptingObjects (0ms)
		CreateAndSetChildDomain (32ms)
	RebuildCommonClasses (26ms)
	RebuildNativeTypeToScriptingClass (8ms)
	initialDomainReloadingComplete (26ms)
	LoadAllAssembliesAndSetupDomain (245ms)
		LoadAssemblies (285ms)
		RebuildTransferFunctionScriptingTraits (0ms)
		AnalyzeDomain (30ms)
			TypeCache.Refresh (11ms)
				TypeCache.ScanAssembly (3ms)
			ScanForSourceGeneratedMonoScriptInfo (11ms)
			ResolveRequiredComponents (7ms)
	FinalizeReload (1011ms)
		ReleaseScriptCaches (0ms)
		RebuildScriptCaches (0ms)
		SetupLoadedEditorAssemblies (569ms)
			LogAssemblyErrors (0ms)
			InitializePlatformSupportModulesInManaged (19ms)
			SetLoadedEditorAssemblies (4ms)
			RefreshPlugins (0ms)
			BeforeProcessingInitializeOnLoad (110ms)
			ProcessInitializeOnLoadAttributes (399ms)
			ProcessInitializeOnLoadMethodAttributes (30ms)
			AfterProcessingInitializeOnLoad (6ms)
			EditorAssembliesLoaded (0ms)
		ExecutionOrderSort2 (0ms)
		AwakeInstancesAfterBackupRestoration (5ms)
Refreshing native plugins compatible for Editor in 3.80 ms, found 3 plugins.
Preloading 0 native plugins for Editor in 0.00 ms.
Unloading 3941 Unused Serialized files (Serialized files now loaded: 0)
Unloading 22 unused Assets / (32.8 KB). Loaded Objects now: 4555.
Memory consumption went from 225.6 MB to 225.5 MB.
Total: 2.789900 ms (FindLiveObjects: 0.287500 ms CreateObjectMapping: 0.107800 ms MarkObjects: 2.350700 ms  DeleteObjects: 0.043100 ms)

Prepare: number of updated asset objects reloaded= 0
AssetImportParameters requested are different than current active one (requested -> active):
  custom:container-demuxer-ogg: 62fdf1f143b41e24485cea50d1cbac27 -> 
  custom:scripting/monoscript/fileName/GroggyBar.cs: 100a61dadfc5e32941fd0f737636facf -> 
  custom:video-decoder-ogg-theora: a1e56fd34408186e4bbccfd4996cb3dc -> 
  custom:framework-win-MediaFoundation: 216162199b28c13a410421893ffa2e32 -> 
  custom:CustomObjectIndexerAttribute: 9a22284fe3817be447336de3de66b15e -> 
  custom:container-demuxer-webm: 4f35f7cbe854078d1ac9338744f61a02 -> 
  custom:container-muxer-webm: aa71ff27fc2769a1b78a27578f13a17b -> 
  custom:video-decoder-webm-vp8: 9c59270c3fd7afecdb556c50c9e8de78 -> 
  custom:SearchIndexIgnoredProperties: e643bd26f0fe6173181afceb89e7c659 -> 
  custom:AudioImporter_EditorPlatform: d09bf68614088b80899f8185d706f6e7 -> 
  custom:video-encoder-webm-vp8: eb34c28f22e8b96e1ab97ce403110664 -> 
  custom:scripting/monoscript/fileName/GroggyBarFollower.cs: 819d994350b9b9cabf3c84cf4da82ff6 -> 
  custom:audio-decoder-ogg-vorbis: bf7c407c2cedff20999df2af8eb42d56 -> 
  custom:audio-encoder-webm-vorbis: bf7c407c2cedff20999df2af8eb42d56 -> 
  custom:scripting/precompiled-assembly-types:Assembly-CSharp: b46ac83b1ac601f3cf7a79e40a0cc39b -> 1476765af81e86739e20042d8f5f0532
========================================================================
Received Prepare
Caller must complete domain reload
Begin MonoManager ReloadAssembly
Symbol file data-00000161A2DC2570 doesn't match image C:\Users\asdf\Desktop\unity\ReactiveTurnBase\My project A\Library\ScriptAssemblies\Unity.EditorCoroutines.Editor.dll
Symbol file LoadedFromMemory is not a mono symbol file
Symbol file data-000001617FD45D20 doesn't match image C:\Users\asdf\Desktop\unity\ReactiveTurnBase\My project A\Library\ScriptAssemblies\UniTask.TextMeshPro.dll
Symbol file LoadedFromMemory is not a mono symbol file
Symbol file data-00000161A127F020 doesn't match image C:\Users\asdf\Desktop\unity\ReactiveTurnBase\My project A\Library\ScriptAssemblies\Unity.Timeline.Editor.dll
Symbol file LoadedFromMemory is not a mono symbol file
Symbol file data-00000161AC69E050 doesn't match image C:\Users\asdf\Desktop\unity\ReactiveTurnBase\My project A\Library\ScriptAssemblies\Unity.VisualScripting.Shared.Editor.dll
Symbol file LoadedFromMemory is not a mono symbol file
Symbol file data-00000161A12EC240 doesn't match image C:\Users\asdf\Desktop\unity\ReactiveTurnBase\My project A\Library\ScriptAssemblies\UniTask.DOTween.dll
Symbol file LoadedFromMemory is not a mono symbol file
Symbol file data-00000161A12EC240 doesn't match image C:\Users\asdf\Desktop\unity\ReactiveTurnBase\My project A\Library\ScriptAssemblies\UniTask.Addressables.dll
Symbol file LoadedFromMemory is not a mono symbol file
Symbol file data-000001617F4FAAE0 doesn't match image C:\Users\asdf\Desktop\unity\ReactiveTurnBase\My project A\Library\ScriptAssemblies\UnityEditor.UI.dll
Symbol file LoadedFromMemory is not a mono symbol file
Symbol file data-00000161ABC42010 doesn't match image C:\Users\asdf\Desktop\unity\ReactiveTurnBase\My project A\Library\ScriptAssemblies\Unity.VisualScripting.Core.dll
Symbol file LoadedFromMemory is not a mono symbol file
Symbol file data-00000161AB297020 doesn't match image C:\Users\asdf\Desktop\unity\ReactiveTurnBase\My project A\Library\ScriptAssemblies\UnityEngine.UI.dll
Symbol file LoadedFromMemory is not a mono symbol file
Symbol file data-00000161AC69E050 doesn't match image C:\Users\asdf\Desktop\unity\ReactiveTurnBase\My project A\Library\ScriptAssemblies\UniTask.Editor.dll
Symbol file LoadedFromMemory is not a mono symbol file
Symbol file data-00000161A1869020 doesn't match image C:\Users\asdf\Desktop\unity\ReactiveTurnBase\My project A\Library\ScriptAssemblies\Unity.VisualScripting.Core.Editor.dll
Symbol file LoadedFromMemory is not a mono symbol file
Symbol file data-00000161A19EF030 doesn't match image C:\Users\asdf\Desktop\unity\ReactiveTurnBase\My project A\Library\ScriptAssemblies\UniTask.Linq.dll
Symbol file LoadedFromMemory is not a mono symbol file
Symbol file data-00000161A3538010 doesn't match image C:\Users\asdf\Desktop\unity\ReactiveTurnBase\My project A\Library\ScriptAssemblies\Unity.VisualScripting.Flow.dll
Symbol file LoadedFromMemory is not a mono symbol file
Symbol file data-000001617F90D020 doesn't match image C:\Users\asdf\Desktop\unity\ReactiveTurnBase\My project A\Library\ScriptAssemblies\Unity.VisualScripting.Flow.Editor.dll
Symbol file LoadedFromMemory is not a mono symbol file
Symbol file data-000001617F366010 doesn't match image C:\Users\asdf\Desktop\unity\ReactiveTurnBase\My project A\Library\ScriptAssemblies\Unity.Timeline.dll
Symbol file LoadedFromMemory is not a mono symbol file
Symbol file data-00000161AE087010 doesn't match image C:\Users\asdf\Desktop\unity\ReactiveTurnBase\My project A\Library\ScriptAssemblies\Unity.InputSystem.dll
Symbol file LoadedFromMemory is not a mono symbol file
Symbol file data-00000161A1971030 doesn't match image C:\Users\asdf\Desktop\unity\ReactiveTurnBase\My project A\Library\ScriptAssemblies\Unity.InputSystem.ForUI.dll
Symbol file LoadedFromMemory is not a mono symbol file
Symbol file data-00000161AB19C0A0 doesn't match image C:\Users\asdf\Desktop\unity\ReactiveTurnBase\My project A\Library\ScriptAssemblies\Unity.TestTools.CodeCoverage.Editor.OpenCover.Mono.Reflection.dll
Symbol file LoadedFromMemory is not a mono symbol file
Symbol file data-00000161AB19C0A0 doesn't match image C:\Users\asdf\Desktop\unity\ReactiveTurnBase\My project A\Library\ScriptAssemblies\Unity.VisualScripting.SettingsProvider.Editor.dll
Symbol file LoadedFromMemory is not a mono symbol file
Symbol file data-00000161A1CFC020 doesn't match image C:\Users\asdf\Desktop\unity\ReactiveTurnBase\My project A\Library\ScriptAssemblies\Unity.Performance.Profile-Analyzer.Editor.dll
Symbol file LoadedFromMemory is not a mono symbol file
Symbol file data-00000161A2600090 doesn't match image C:\Users\asdf\Desktop\unity\ReactiveTurnBase\My project A\Library\ScriptAssemblies\Unity.TestTools.CodeCoverage.Editor.dll
Symbol file LoadedFromMemory is not a mono symbol file
Symbol file data-000001617FB77040 doesn't match image C:\Users\asdf\Desktop\unity\ReactiveTurnBase\My project A\Library\ScriptAssemblies\Unity.TestTools.CodeCoverage.Editor.OpenCover.Model.dll
Symbol file LoadedFromMemory is not a mono symbol file
Symbol file data-000001617F4FAAE0 doesn't match image C:\Users\asdf\Desktop\unity\ReactiveTurnBase\My project A\Library\ScriptAssemblies\Unity.VisualScripting.State.Editor.dll
Symbol file LoadedFromMemory is not a mono symbol file
Symbol file data-00000161ABE2E010 doesn't match image C:\Users\asdf\Desktop\unity\ReactiveTurnBase\My project A\Library\ScriptAssemblies\Unity.Settings.Editor.dll
Symbol file LoadedFromMemory is not a mono symbol file
Symbol file data-00000161A2DC2570 doesn't match image C:\Users\asdf\Desktop\unity\ReactiveTurnBase\My project A\Library\ScriptAssemblies\Unity.CollabProxy.Editor.dll
Symbol file LoadedFromMemory is not a mono symbol file
Symbol file data-00000161A15A6020 doesn't match image C:\Users\asdf\Desktop\unity\ReactiveTurnBase\My project A\Library\ScriptAssemblies\Unity.TextMeshPro.dll
Symbol file LoadedFromMemory is not a mono symbol file
Symbol file data-00000161ADDE9D50 doesn't match image C:\Users\asdf\Desktop\unity\ReactiveTurnBase\My project A\Library\ScriptAssemblies\Unity.TextMeshPro.Editor.dll
Symbol file LoadedFromMemory is not a mono symbol file
Symbol file data-00000161ADF0D020 doesn't match image C:\Users\asdf\Desktop\unity\ReactiveTurnBase\My project A\Library\ScriptAssemblies\UniTask.dll
Symbol file LoadedFromMemory is not a mono symbol file
Symbol file data-000001617FB77040 doesn't match image C:\Users\asdf\Desktop\unity\ReactiveTurnBase\My project A\Library\ScriptAssemblies\Unity.VisualScripting.State.dll
Symbol file LoadedFromMemory is not a mono symbol file
Symbol file data-000001617FB77040 doesn't match image C:\Users\asdf\Desktop\unity\ReactiveTurnBase\My project A\Library\ScriptAssemblies\Unity.VSCode.Editor.dll
Symbol file LoadedFromMemory is not a mono symbol file
- Loaded All Assemblies, in  0.437 seconds
Native extension for WindowsStandalone target not found
Native extension for Android target not found
Mono: successfully reloaded assembly
- Finished resetting the current domain, in  0.990 seconds
Domain Reload Profiling: 1425ms
	BeginReloadAssembly (134ms)
		ExecutionOrderSort (0ms)
		DisableScriptedObjects (6ms)
		BackupInstance (0ms)
		ReleaseScriptingObjects (0ms)
		CreateAndSetChildDomain (32ms)
	RebuildCommonClasses (26ms)
	RebuildNativeTypeToScriptingClass (8ms)
	initialDomainReloadingComplete (26ms)
	LoadAllAssembliesAndSetupDomain (240ms)
		LoadAssemblies (294ms)
		RebuildTransferFunctionScriptingTraits (0ms)
		AnalyzeDomain (13ms)
			TypeCache.Refresh (5ms)
				TypeCache.ScanAssembly (0ms)
			ScanForSourceGeneratedMonoScriptInfo (0ms)
			ResolveRequiredComponents (7ms)
	FinalizeReload (991ms)
		ReleaseScriptCaches (0ms)
		RebuildScriptCaches (0ms)
		SetupLoadedEditorAssemblies (507ms)
			LogAssemblyErrors (0ms)
			InitializePlatformSupportModulesInManaged (20ms)
			SetLoadedEditorAssemblies (4ms)
			RefreshPlugins (0ms)
			BeforeProcessingInitializeOnLoad (98ms)
			ProcessInitializeOnLoadAttributes (350ms)
			ProcessInitializeOnLoadMethodAttributes (29ms)
			AfterProcessingInitializeOnLoad (6ms)
			EditorAssembliesLoaded (0ms)
		ExecutionOrderSort2 (0ms)
		AwakeInstancesAfterBackupRestoration (5ms)
Refreshing native plugins compatible for Editor in 3.72 ms, found 3 plugins.
Preloading 0 native plugins for Editor in 0.00 ms.
Unloading 3941 Unused Serialized files (Serialized files now loaded: 0)
Unloading 22 unused Assets / (32.9 KB). Loaded Objects now: 4558.
Memory consumption went from 225.6 MB to 225.6 MB.
Total: 2.877400 ms (FindLiveObjects: 0.285200 ms CreateObjectMapping: 0.212700 ms MarkObjects: 2.329800 ms  DeleteObjects: 0.048100 ms)

Prepare: number of updated asset objects reloaded= 0
AssetImportParameters requested are different than current active one (requested -> active):
  custom:container-demuxer-ogg: 62fdf1f143b41e24485cea50d1cbac27 -> 
  custom:scripting/monoscript/fileName/GroggyBar.cs: 100a61dadfc5e32941fd0f737636facf -> 
  custom:video-decoder-ogg-theora: a1e56fd34408186e4bbccfd4996cb3dc -> 
  custom:framework-win-MediaFoundation: 216162199b28c13a410421893ffa2e32 -> 
  custom:CustomObjectIndexerAttribute: 9a22284fe3817be447336de3de66b15e -> 
  custom:container-demuxer-webm: 4f35f7cbe854078d1ac9338744f61a02 -> 
  custom:container-muxer-webm: aa71ff27fc2769a1b78a27578f13a17b -> 
  custom:video-decoder-webm-vp8: 9c59270c3fd7afecdb556c50c9e8de78 -> 
  custom:SearchIndexIgnoredProperties: e643bd26f0fe6173181afceb89e7c659 -> 
  custom:AudioImporter_EditorPlatform: d09bf68614088b80899f8185d706f6e7 -> 
  custom:video-encoder-webm-vp8: eb34c28f22e8b96e1ab97ce403110664 -> 
  custom:scripting/monoscript/fileName/GroggyBarFollower.cs: 819d994350b9b9cabf3c84cf4da82ff6 -> 
  custom:audio-decoder-ogg-vorbis: bf7c407c2cedff20999df2af8eb42d56 -> 
  custom:audio-encoder-webm-vorbis: bf7c407c2cedff20999df2af8eb42d56 -> 
  custom:scripting/precompiled-assembly-types:Assembly-CSharp: b46ac83b1ac601f3cf7a79e40a0cc39b -> 1476765af81e86739e20042d8f5f0532
========================================================================
Received Prepare
Caller must complete domain reload
Begin MonoManager ReloadAssembly
Symbol file data-00000161ACC15010 doesn't match image C:\Users\asdf\Desktop\unity\ReactiveTurnBase\My project A\Library\ScriptAssemblies\Unity.EditorCoroutines.Editor.dll
Symbol file LoadedFromMemory is not a mono symbol file
Symbol file data-000001617F407020 doesn't match image C:\Users\asdf\Desktop\unity\ReactiveTurnBase\My project A\Library\ScriptAssemblies\UniTask.TextMeshPro.dll
Symbol file LoadedFromMemory is not a mono symbol file
Symbol file data-00000161A127F020 doesn't match image C:\Users\asdf\Desktop\unity\ReactiveTurnBase\My project A\Library\ScriptAssemblies\Unity.Timeline.Editor.dll
Symbol file LoadedFromMemory is not a mono symbol file
Symbol file data-000001617F407020 doesn't match image C:\Users\asdf\Desktop\unity\ReactiveTurnBase\My project A\Library\ScriptAssemblies\Unity.VisualScripting.Shared.Editor.dll
Symbol file LoadedFromMemory is not a mono symbol file
Symbol file data-00000161A12EC240 doesn't match image C:\Users\asdf\Desktop\unity\ReactiveTurnBase\My project A\Library\ScriptAssemblies\UniTask.DOTween.dll
Symbol file LoadedFromMemory is not a mono symbol file
Symbol file data-00000161A12EC240 doesn't match image C:\Users\asdf\Desktop\unity\ReactiveTurnBase\My project A\Library\ScriptAssemblies\UniTask.Addressables.dll
Symbol file LoadedFromMemory is not a mono symbol file
Symbol file data-000001617F4FAAE0 doesn't match image C:\Users\asdf\Desktop\unity\ReactiveTurnBase\My project A\Library\ScriptAssemblies\UnityEditor.UI.dll
Symbol file LoadedFromMemory is not a mono symbol file
Symbol file data-00000161ABC42010 doesn't match image C:\Users\asdf\Desktop\unity\ReactiveTurnBase\My project A\Library\ScriptAssemblies\Unity.VisualScripting.Core.dll
Symbol file LoadedFromMemory is not a mono symbol file
Symbol file data-00000161A1CFC020 doesn't match image C:\Users\asdf\Desktop\unity\ReactiveTurnBase\My project A\Library\ScriptAssemblies\UnityEngine.UI.dll
Symbol file LoadedFromMemory is not a mono symbol file
Symbol file data-000001617F407020 doesn't match image C:\Users\asdf\Desktop\unity\ReactiveTurnBase\My project A\Library\ScriptAssemblies\UniTask.Editor.dll
Symbol file LoadedFromMemory is not a mono symbol file
Symbol file data-00000161A1869020 doesn't match image C:\Users\asdf\Desktop\unity\ReactiveTurnBase\My project A\Library\ScriptAssemblies\Unity.VisualScripting.Core.Editor.dll
Symbol file LoadedFromMemory is not a mono symbol file
Symbol file data-00000161A19EF030 doesn't match image C:\Users\asdf\Desktop\unity\ReactiveTurnBase\My project A\Library\ScriptAssemblies\UniTask.Linq.dll
Symbol file LoadedFromMemory is not a mono symbol file
Symbol file data-00000161A15A6020 doesn't match image C:\Users\asdf\Desktop\unity\ReactiveTurnBase\My project A\Library\ScriptAssemblies\Unity.VisualScripting.Flow.dll
Symbol file LoadedFromMemory is not a mono symbol file
Symbol file data-000001617F90D020 doesn't match image C:\Users\asdf\Desktop\unity\ReactiveTurnBase\My project A\Library\ScriptAssemblies\Unity.VisualScripting.Flow.Editor.dll
Symbol file LoadedFromMemory is not a mono symbol file
Symbol file data-000001617F366010 doesn't match image C:\Users\asdf\Desktop\unity\ReactiveTurnBase\My project A\Library\ScriptAssemblies\Unity.Timeline.dll
Symbol file LoadedFromMemory is not a mono symbol file
Symbol file data-00000161AE087010 doesn't match image C:\Users\asdf\Desktop\unity\ReactiveTurnBase\My project A\Library\ScriptAssemblies\Unity.InputSystem.dll
Symbol file LoadedFromMemory is not a mono symbol file
Symbol file data-00000161A1971030 doesn't match image C:\Users\asdf\Desktop\unity\ReactiveTurnBase\My project A\Library\ScriptAssemblies\Unity.InputSystem.ForUI.dll
Symbol file LoadedFromMemory is not a mono symbol file
Symbol file data-00000161AB19C0A0 doesn't match image C:\Users\asdf\Desktop\unity\ReactiveTurnBase\My project A\Library\ScriptAssemblies\Unity.TestTools.CodeCoverage.Editor.OpenCover.Mono.Reflection.dll
Symbol file LoadedFromMemory is not a mono symbol file
Symbol file data-00000161AB19C0A0 doesn't match image C:\Users\asdf\Desktop\unity\ReactiveTurnBase\My project A\Library\ScriptAssemblies\Unity.VisualScripting.SettingsProvider.Editor.dll
Symbol file LoadedFromMemory is not a mono symbol file
Symbol file data-000001617F7FA010 doesn't match image C:\Users\asdf\Desktop\unity\ReactiveTurnBase\My project A\Library\ScriptAssemblies\Unity.Performance.Profile-Analyzer.Editor.dll
Symbol file LoadedFromMemory is not a mono symbol file
Symbol file data-00000161A2600090 doesn't match image C:\Users\asdf\Desktop\unity\ReactiveTurnBase\My project A\Library\ScriptAssemblies\Unity.TestTools.CodeCoverage.Editor.dll
Symbol file LoadedFromMemory is not a mono symbol file
Symbol file data-000001617FB77040 doesn't match image C:\Users\asdf\Desktop\unity\ReactiveTurnBase\My project A\Library\ScriptAssemblies\Unity.TestTools.CodeCoverage.Editor.OpenCover.Model.dll
Symbol file LoadedFromMemory is not a mono symbol file
Symbol file data-000001617F4FAAE0 doesn't match image C:\Users\asdf\Desktop\unity\ReactiveTurnBase\My project A\Library\ScriptAssemblies\Unity.VisualScripting.State.Editor.dll
Symbol file LoadedFromMemory is not a mono symbol file
Symbol file data-00000161A1A36240 doesn't match image C:\Users\asdf\Desktop\unity\ReactiveTurnBase\My project A\Library\ScriptAssemblies\Unity.Settings.Editor.dll
Symbol file LoadedFromMemory is not a mono symbol file
Symbol file data-00000161ACC15010 doesn't match image C:\Users\asdf\Desktop\unity\ReactiveTurnBase\My project A\Library\ScriptAssemblies\Unity.CollabProxy.Editor.dll
Symbol file LoadedFromMemory is not a mono symbol file
Symbol file data-00000161A15A6020 doesn't match image C:\Users\asdf\Desktop\unity\ReactiveTurnBase\My project A\Library\ScriptAssemblies\Unity.TextMeshPro.dll
Symbol file LoadedFromMemory is not a mono symbol file
Symbol file data-00000161ADDE9D50 doesn't match image C:\Users\asdf\Desktop\unity\ReactiveTurnBase\My project A\Library\ScriptAssemblies\Unity.TextMeshPro.Editor.dll
Symbol file LoadedFromMemory is not a mono symbol file
Symbol file data-000001617F867240 doesn't match image C:\Users\asdf\Desktop\unity\ReactiveTurnBase\My project A\Library\ScriptAssemblies\UniTask.dll
Symbol file LoadedFromMemory is not a mono symbol file
Symbol file data-000001617FB77040 doesn't match image C:\Users\asdf\Desktop\unity\ReactiveTurnBase\My project A\Library\ScriptAssemblies\Unity.VisualScripting.State.dll
Symbol file LoadedFromMemory is not a mono symbol file
Symbol file data-000001617FB77040 doesn't match image C:\Users\asdf\Desktop\unity\ReactiveTurnBase\My project A\Library\ScriptAssemblies\Unity.VSCode.Editor.dll
Symbol file LoadedFromMemory is not a mono symbol file
- Loaded All Assemblies, in  0.476 seconds
Native extension for WindowsStandalone target not found
Native extension for Android target not found
Mono: successfully reloaded assembly
- Finished resetting the current domain, in  0.990 seconds
Domain Reload Profiling: 1462ms
	BeginReloadAssembly (136ms)
		ExecutionOrderSort (0ms)
		DisableScriptedObjects (7ms)
		BackupInstance (0ms)
		ReleaseScriptingObjects (0ms)
		CreateAndSetChildDomain (30ms)
	RebuildCommonClasses (29ms)
	RebuildNativeTypeToScriptingClass (8ms)
	initialDomainReloadingComplete (32ms)
	LoadAllAssembliesAndSetupDomain (265ms)
		LoadAssemblies (322ms)
		RebuildTransferFunctionScriptingTraits (0ms)
		AnalyzeDomain (15ms)
			TypeCache.Refresh (4ms)
				TypeCache.ScanAssembly (0ms)
			ScanForSourceGeneratedMonoScriptInfo (0ms)
			ResolveRequiredComponents (7ms)
	FinalizeReload (990ms)
		ReleaseScriptCaches (0ms)
		RebuildScriptCaches (0ms)
		SetupLoadedEditorAssemblies (489ms)
			LogAssemblyErrors (0ms)
			InitializePlatformSupportModulesInManaged (16ms)
			SetLoadedEditorAssemblies (4ms)
			RefreshPlugins (0ms)
			BeforeProcessingInitializeOnLoad (91ms)
			ProcessInitializeOnLoadAttributes (343ms)
			ProcessInitializeOnLoadMethodAttributes (28ms)
			AfterProcessingInitializeOnLoad (6ms)
			EditorAssembliesLoaded (0ms)
		ExecutionOrderSort2 (0ms)
		AwakeInstancesAfterBackupRestoration (5ms)
Refreshing native plugins compatible for Editor in 4.22 ms, found 3 plugins.
Preloading 0 native plugins for Editor in 0.00 ms.
Unloading 3941 Unused Serialized files (Serialized files now loaded: 0)
Unloading 22 unused Assets / (32.8 KB). Loaded Objects now: 4561.
Memory consumption went from 225.6 MB to 225.5 MB.
Total: 3.149500 ms (FindLiveObjects: 0.280400 ms CreateObjectMapping: 0.240900 ms MarkObjects: 2.577400 ms  DeleteObjects: 0.050300 ms)

Prepare: number of updated asset objects reloaded= 0
AssetImportParameters requested are different than current active one (requested -> active):
  custom:container-demuxer-ogg: 62fdf1f143b41e24485cea50d1cbac27 -> 
  custom:scripting/monoscript/fileName/GroggyBar.cs: 100a61dadfc5e32941fd0f737636facf -> 
  custom:video-decoder-ogg-theora: a1e56fd34408186e4bbccfd4996cb3dc -> 
  custom:framework-win-MediaFoundation: 216162199b28c13a410421893ffa2e32 -> 
  custom:CustomObjectIndexerAttribute: 9a22284fe3817be447336de3de66b15e -> 
  custom:container-demuxer-webm: 4f35f7cbe854078d1ac9338744f61a02 -> 
  custom:container-muxer-webm: aa71ff27fc2769a1b78a27578f13a17b -> 
  custom:video-decoder-webm-vp8: 9c59270c3fd7afecdb556c50c9e8de78 -> 
  custom:SearchIndexIgnoredProperties: e643bd26f0fe6173181afceb89e7c659 -> 
  custom:AudioImporter_EditorPlatform: d09bf68614088b80899f8185d706f6e7 -> 
  custom:video-encoder-webm-vp8: eb34c28f22e8b96e1ab97ce403110664 -> 
  custom:scripting/monoscript/fileName/GroggyBarFollower.cs: 819d994350b9b9cabf3c84cf4da82ff6 -> 
  custom:audio-decoder-ogg-vorbis: bf7c407c2cedff20999df2af8eb42d56 -> 
  custom:audio-encoder-webm-vorbis: bf7c407c2cedff20999df2af8eb42d56 -> 
  custom:scripting/precompiled-assembly-types:Assembly-CSharp: b46ac83b1ac601f3cf7a79e40a0cc39b -> 1476765af81e86739e20042d8f5f0532
========================================================================
Received Prepare
Caller must complete domain reload
Begin MonoManager ReloadAssembly
Symbol file data-00000161A2DC2570 doesn't match image C:\Users\asdf\Desktop\unity\ReactiveTurnBase\My project A\Library\ScriptAssemblies\Unity.EditorCoroutines.Editor.dll
Symbol file LoadedFromMemory is not a mono symbol file
Symbol file data-00000161ADB31020 doesn't match image C:\Users\asdf\Desktop\unity\ReactiveTurnBase\My project A\Library\ScriptAssemblies\UniTask.TextMeshPro.dll
Symbol file LoadedFromMemory is not a mono symbol file
Symbol file data-00000161A127F020 doesn't match image C:\Users\asdf\Desktop\unity\ReactiveTurnBase\My project A\Library\ScriptAssemblies\Unity.Timeline.Editor.dll
Symbol file LoadedFromMemory is not a mono symbol file
Symbol file data-00000161ADB31020 doesn't match image C:\Users\asdf\Desktop\unity\ReactiveTurnBase\My project A\Library\ScriptAssemblies\Unity.VisualScripting.Shared.Editor.dll
Symbol file LoadedFromMemory is not a mono symbol file
Symbol file data-00000161A1971030 doesn't match image C:\Users\asdf\Desktop\unity\ReactiveTurnBase\My project A\Library\ScriptAssemblies\UniTask.DOTween.dll
Symbol file LoadedFromMemory is not a mono symbol file
Symbol file data-00000161A1971030 doesn't match image C:\Users\asdf\Desktop\unity\ReactiveTurnBase\My project A\Library\ScriptAssemblies\UniTask.Addressables.dll
Symbol file LoadedFromMemory is not a mono symbol file
Symbol file data-000001617F4FAAE0 doesn't match image C:\Users\asdf\Desktop\unity\ReactiveTurnBase\My project A\Library\ScriptAssemblies\UnityEditor.UI.dll
Symbol file LoadedFromMemory is not a mono symbol file
Symbol file data-00000161A2781020 doesn't match image C:\Users\asdf\Desktop\unity\ReactiveTurnBase\My project A\Library\ScriptAssemblies\Unity.VisualScripting.Core.dll
Symbol file LoadedFromMemory is not a mono symbol file
Symbol file data-00000161A1CFC020 doesn't match image C:\Users\asdf\Desktop\unity\ReactiveTurnBase\My project A\Library\ScriptAssemblies\UnityEngine.UI.dll
Symbol file LoadedFromMemory is not a mono symbol file
Symbol file data-00000161ADB31020 doesn't match image C:\Users\asdf\Desktop\unity\ReactiveTurnBase\My project A\Library\ScriptAssemblies\UniTask.Editor.dll
Symbol file LoadedFromMemory is not a mono symbol file
Symbol file data-00000161A1869020 doesn't match image C:\Users\asdf\Desktop\unity\ReactiveTurnBase\My project A\Library\ScriptAssemblies\Unity.VisualScripting.Core.Editor.dll
Symbol file LoadedFromMemory is not a mono symbol file
Symbol file data-00000161A19EF030 doesn't match image C:\Users\asdf\Desktop\unity\ReactiveTurnBase\My project A\Library\ScriptAssemblies\UniTask.Linq.dll
Symbol file LoadedFromMemory is not a mono symbol file
Symbol file data-00000161A1B7B030 doesn't match image C:\Users\asdf\Desktop\unity\ReactiveTurnBase\My project A\Library\ScriptAssemblies\Unity.VisualScripting.Flow.dll
Symbol file LoadedFromMemory is not a mono symbol file
Symbol file data-000001617F9C3010 doesn't match image C:\Users\asdf\Desktop\unity\ReactiveTurnBase\My project A\Library\ScriptAssemblies\Unity.VisualScripting.Flow.Editor.dll
Symbol file LoadedFromMemory is not a mono symbol file
Symbol file data-000001617F366010 doesn't match image C:\Users\asdf\Desktop\unity\ReactiveTurnBase\My project A\Library\ScriptAssemblies\Unity.Timeline.dll
Symbol file LoadedFromMemory is not a mono symbol file
Symbol file data-00000161AE097020 doesn't match image C:\Users\asdf\Desktop\unity\ReactiveTurnBase\My project A\Library\ScriptAssemblies\Unity.InputSystem.dll
Symbol file LoadedFromMemory is not a mono symbol file
Symbol file data-00000161ACC15010 doesn't match image C:\Users\asdf\Desktop\unity\ReactiveTurnBase\My project A\Library\ScriptAssemblies\Unity.InputSystem.ForUI.dll
Symbol file LoadedFromMemory is not a mono symbol file
Symbol file data-000001617FB77040 doesn't match image C:\Users\asdf\Desktop\unity\ReactiveTurnBase\My project A\Library\ScriptAssemblies\Unity.TestTools.CodeCoverage.Editor.OpenCover.Mono.Reflection.dll
Symbol file LoadedFromMemory is not a mono symbol file
Symbol file data-000001617FB77040 doesn't match image C:\Users\asdf\Desktop\unity\ReactiveTurnBase\My project A\Library\ScriptAssemblies\Unity.VisualScripting.SettingsProvider.Editor.dll
Symbol file LoadedFromMemory is not a mono symbol file
Symbol file data-000001617F7FA010 doesn't match image C:\Users\asdf\Desktop\unity\ReactiveTurnBase\My project A\Library\ScriptAssemblies\Unity.Performance.Profile-Analyzer.Editor.dll
Symbol file LoadedFromMemory is not a mono symbol file
Symbol file data-00000161ACA9C030 doesn't match image C:\Users\asdf\Desktop\unity\ReactiveTurnBase\My project A\Library\ScriptAssemblies\Unity.TestTools.CodeCoverage.Editor.dll
Symbol file LoadedFromMemory is not a mono symbol file
Symbol file data-000001617F45D020 doesn't match image C:\Users\asdf\Desktop\unity\ReactiveTurnBase\My project A\Library\ScriptAssemblies\Unity.TestTools.CodeCoverage.Editor.OpenCover.Model.dll
Symbol file LoadedFromMemory is not a mono symbol file
Symbol file data-000001617F4FAAE0 doesn't match image C:\Users\asdf\Desktop\unity\ReactiveTurnBase\My project A\Library\ScriptAssemblies\Unity.VisualScripting.State.Editor.dll
Symbol file LoadedFromMemory is not a mono symbol file
Symbol file data-00000161A1A36240 doesn't match image C:\Users\asdf\Desktop\unity\ReactiveTurnBase\My project A\Library\ScriptAssemblies\Unity.Settings.Editor.dll
Symbol file LoadedFromMemory is not a mono symbol file
Symbol file data-00000161A2DC2570 doesn't match image C:\Users\asdf\Desktop\unity\ReactiveTurnBase\My project A\Library\ScriptAssemblies\Unity.CollabProxy.Editor.dll
Symbol file LoadedFromMemory is not a mono symbol file
Symbol file data-00000161A1B7B030 doesn't match image C:\Users\asdf\Desktop\unity\ReactiveTurnBase\My project A\Library\ScriptAssemblies\Unity.TextMeshPro.dll
Symbol file LoadedFromMemory is not a mono symbol file
Symbol file data-00000161ADDE9D50 doesn't match image C:\Users\asdf\Desktop\unity\ReactiveTurnBase\My project A\Library\ScriptAssemblies\Unity.TextMeshPro.Editor.dll
Symbol file LoadedFromMemory is not a mono symbol file
Symbol file data-000001617F867240 doesn't match image C:\Users\asdf\Desktop\unity\ReactiveTurnBase\My project A\Library\ScriptAssemblies\UniTask.dll
Symbol file LoadedFromMemory is not a mono symbol file
Symbol file data-000001617F45D020 doesn't match image C:\Users\asdf\Desktop\unity\ReactiveTurnBase\My project A\Library\ScriptAssemblies\Unity.VisualScripting.State.dll
Symbol file LoadedFromMemory is not a mono symbol file
Symbol file data-000001617F45D020 doesn't match image C:\Users\asdf\Desktop\unity\ReactiveTurnBase\My project A\Library\ScriptAssemblies\Unity.VSCode.Editor.dll
Symbol file LoadedFromMemory is not a mono symbol file
- Loaded All Assemblies, in  0.450 seconds
Native extension for WindowsStandalone target not found
Native extension for Android target not found
Mono: successfully reloaded assembly
- Finished resetting the current domain, in  0.969 seconds
Domain Reload Profiling: 1416ms
	BeginReloadAssembly (132ms)
		ExecutionOrderSort (0ms)
		DisableScriptedObjects (8ms)
		BackupInstance (0ms)
		ReleaseScriptingObjects (0ms)
		CreateAndSetChildDomain (29ms)
	RebuildCommonClasses (27ms)
	RebuildNativeTypeToScriptingClass (8ms)
	initialDomainReloadingComplete (29ms)
	LoadAllAssembliesAndSetupDomain (250ms)
		LoadAssemblies (286ms)
		RebuildTransferFunctionScriptingTraits (0ms)
		AnalyzeDomain (29ms)
			TypeCache.Refresh (10ms)
				TypeCache.ScanAssembly (2ms)
			ScanForSourceGeneratedMonoScriptInfo (11ms)
			ResolveRequiredComponents (7ms)
	FinalizeReload (969ms)
		ReleaseScriptCaches (0ms)
		RebuildScriptCaches (0ms)
		SetupLoadedEditorAssemblies (525ms)
			LogAssemblyErrors (0ms)
			InitializePlatformSupportModulesInManaged (17ms)
			SetLoadedEditorAssemblies (4ms)
			RefreshPlugins (0ms)
			BeforeProcessingInitializeOnLoad (86ms)
			ProcessInitializeOnLoadAttributes (382ms)
			ProcessInitializeOnLoadMethodAttributes (29ms)
			AfterProcessingInitializeOnLoad (7ms)
			EditorAssembliesLoaded (0ms)
		ExecutionOrderSort2 (0ms)
		AwakeInstancesAfterBackupRestoration (7ms)
Refreshing native plugins compatible for Editor in 3.73 ms, found 3 plugins.
Preloading 0 native plugins for Editor in 0.00 ms.
Unloading 3941 Unused Serialized files (Serialized files now loaded: 0)
Unloading 22 unused Assets / (32.8 KB). Loaded Objects now: 4564.
Memory consumption went from 225.6 MB to 225.5 MB.
Total: 3.201700 ms (FindLiveObjects: 0.283900 ms CreateObjectMapping: 0.235100 ms MarkObjects: 2.637200 ms  DeleteObjects: 0.044800 ms)

Prepare: number of updated asset objects reloaded= 0
AssetImportParameters requested are different than current active one (requested -> active):
  custom:container-demuxer-ogg: 62fdf1f143b41e24485cea50d1cbac27 -> 
  custom:scripting/monoscript/fileName/GroggyBar.cs: 100a61dadfc5e32941fd0f737636facf -> 
  custom:video-decoder-ogg-theora: a1e56fd34408186e4bbccfd4996cb3dc -> 
  custom:framework-win-MediaFoundation: 216162199b28c13a410421893ffa2e32 -> 
  custom:CustomObjectIndexerAttribute: 9a22284fe3817be447336de3de66b15e -> 
  custom:container-demuxer-webm: 4f35f7cbe854078d1ac9338744f61a02 -> 
  custom:container-muxer-webm: aa71ff27fc2769a1b78a27578f13a17b -> 
  custom:video-decoder-webm-vp8: 9c59270c3fd7afecdb556c50c9e8de78 -> 
  custom:SearchIndexIgnoredProperties: e643bd26f0fe6173181afceb89e7c659 -> 
  custom:AudioImporter_EditorPlatform: d09bf68614088b80899f8185d706f6e7 -> 
  custom:video-encoder-webm-vp8: eb34c28f22e8b96e1ab97ce403110664 -> 
  custom:scripting/monoscript/fileName/GroggyBarFollower.cs: 819d994350b9b9cabf3c84cf4da82ff6 -> 
  custom:audio-decoder-ogg-vorbis: bf7c407c2cedff20999df2af8eb42d56 -> 
  custom:audio-encoder-webm-vorbis: bf7c407c2cedff20999df2af8eb42d56 -> 
  custom:scripting/precompiled-assembly-types:Assembly-CSharp: 5eb419a43e748f59bf1033b80dd82ce7 -> 1476765af81e86739e20042d8f5f0532
========================================================================
Received Prepare
Caller must complete domain reload
Begin MonoManager ReloadAssembly
Symbol file data-00000161AB85B010 doesn't match image C:\Users\asdf\Desktop\unity\ReactiveTurnBase\My project A\Library\ScriptAssemblies\Unity.EditorCoroutines.Editor.dll
Symbol file LoadedFromMemory is not a mono symbol file
Symbol file data-00000161ADB31020 doesn't match image C:\Users\asdf\Desktop\unity\ReactiveTurnBase\My project A\Library\ScriptAssemblies\UniTask.TextMeshPro.dll
Symbol file LoadedFromMemory is not a mono symbol file
Symbol file data-00000161A127F020 doesn't match image C:\Users\asdf\Desktop\unity\ReactiveTurnBase\My project A\Library\ScriptAssemblies\Unity.Timeline.Editor.dll
Symbol file LoadedFromMemory is not a mono symbol file
Symbol file data-00000161ADB31020 doesn't match image C:\Users\asdf\Desktop\unity\ReactiveTurnBase\My project A\Library\ScriptAssemblies\Unity.VisualScripting.Shared.Editor.dll
Symbol file LoadedFromMemory is not a mono symbol file
Symbol file data-00000161A1971030 doesn't match image C:\Users\asdf\Desktop\unity\ReactiveTurnBase\My project A\Library\ScriptAssemblies\UniTask.DOTween.dll
Symbol file LoadedFromMemory is not a mono symbol file
Symbol file data-00000161A1971030 doesn't match image C:\Users\asdf\Desktop\unity\ReactiveTurnBase\My project A\Library\ScriptAssemblies\UniTask.Addressables.dll
Symbol file LoadedFromMemory is not a mono symbol file
Symbol file data-000001617F4FAAE0 doesn't match image C:\Users\asdf\Desktop\unity\ReactiveTurnBase\My project A\Library\ScriptAssemblies\UnityEditor.UI.dll
Symbol file LoadedFromMemory is not a mono symbol file
Symbol file data-00000161ABC42010 doesn't match image C:\Users\asdf\Desktop\unity\ReactiveTurnBase\My project A\Library\ScriptAssemblies\Unity.VisualScripting.Core.dll
Symbol file LoadedFromMemory is not a mono symbol file
Symbol file data-00000161A1CFC020 doesn't match image C:\Users\asdf\Desktop\unity\ReactiveTurnBase\My project A\Library\ScriptAssemblies\UnityEngine.UI.dll
Symbol file LoadedFromMemory is not a mono symbol file
Symbol file data-00000161ADB31020 doesn't match image C:\Users\asdf\Desktop\unity\ReactiveTurnBase\My project A\Library\ScriptAssemblies\UniTask.Editor.dll
Symbol file LoadedFromMemory is not a mono symbol file
Symbol file data-00000161A1869020 doesn't match image C:\Users\asdf\Desktop\unity\ReactiveTurnBase\My project A\Library\ScriptAssemblies\Unity.VisualScripting.Core.Editor.dll
Symbol file LoadedFromMemory is not a mono symbol file
Symbol file data-000001617F867240 doesn't match image C:\Users\asdf\Desktop\unity\ReactiveTurnBase\My project A\Library\ScriptAssemblies\UniTask.Linq.dll
Symbol file LoadedFromMemory is not a mono symbol file
Symbol file data-000001617F2E4020 doesn't match image C:\Users\asdf\Desktop\unity\ReactiveTurnBase\My project A\Library\ScriptAssemblies\Unity.VisualScripting.Flow.dll
Symbol file LoadedFromMemory is not a mono symbol file
Symbol file data-000001617F9C3010 doesn't match image C:\Users\asdf\Desktop\unity\ReactiveTurnBase\My project A\Library\ScriptAssemblies\Unity.VisualScripting.Flow.Editor.dll
Symbol file LoadedFromMemory is not a mono symbol file
Symbol file data-000001617F366010 doesn't match image C:\Users\asdf\Desktop\unity\ReactiveTurnBase\My project A\Library\ScriptAssemblies\Unity.Timeline.dll
Symbol file LoadedFromMemory is not a mono symbol file
Symbol file data-00000161AE087010 doesn't match image C:\Users\asdf\Desktop\unity\ReactiveTurnBase\My project A\Library\ScriptAssemblies\Unity.InputSystem.dll
Symbol file LoadedFromMemory is not a mono symbol file
Symbol file data-00000161ACC15010 doesn't match image C:\Users\asdf\Desktop\unity\ReactiveTurnBase\My project A\Library\ScriptAssemblies\Unity.InputSystem.ForUI.dll
Symbol file LoadedFromMemory is not a mono symbol file
Symbol file data-00000161ADF52830 doesn't match image C:\Users\asdf\Desktop\unity\ReactiveTurnBase\My project A\Library\ScriptAssemblies\Unity.TestTools.CodeCoverage.Editor.OpenCover.Mono.Reflection.dll
Symbol file LoadedFromMemory is not a mono symbol file
Symbol file data-00000161ADF52830 doesn't match image C:\Users\asdf\Desktop\unity\ReactiveTurnBase\My project A\Library\ScriptAssemblies\Unity.VisualScripting.SettingsProvider.Editor.dll
Symbol file LoadedFromMemory is not a mono symbol file
Symbol file data-000001617F7FA010 doesn't match image C:\Users\asdf\Desktop\unity\ReactiveTurnBase\My project A\Library\ScriptAssemblies\Unity.Performance.Profile-Analyzer.Editor.dll
Symbol file LoadedFromMemory is not a mono symbol file
Symbol file data-00000161ACA9C030 doesn't match image C:\Users\asdf\Desktop\unity\ReactiveTurnBase\My project A\Library\ScriptAssemblies\Unity.TestTools.CodeCoverage.Editor.dll
Symbol file LoadedFromMemory is not a mono symbol file
Symbol file data-00000161A14948A0 doesn't match image C:\Users\asdf\Desktop\unity\ReactiveTurnBase\My project A\Library\ScriptAssemblies\Unity.TestTools.CodeCoverage.Editor.OpenCover.Model.dll
Symbol file LoadedFromMemory is not a mono symbol file
Symbol file data-000001617F4FAAE0 doesn't match image C:\Users\asdf\Desktop\unity\ReactiveTurnBase\My project A\Library\ScriptAssemblies\Unity.VisualScripting.State.Editor.dll
Symbol file LoadedFromMemory is not a mono symbol file
Symbol file data-00000161A31CB040 doesn't match image C:\Users\asdf\Desktop\unity\ReactiveTurnBase\My project A\Library\ScriptAssemblies\Unity.Settings.Editor.dll
Symbol file LoadedFromMemory is not a mono symbol file
Symbol file data-00000161AB85B010 doesn't match image C:\Users\asdf\Desktop\unity\ReactiveTurnBase\My project A\Library\ScriptAssemblies\Unity.CollabProxy.Editor.dll
Symbol file LoadedFromMemory is not a mono symbol file
Symbol file data-000001617F2E4020 doesn't match image C:\Users\asdf\Desktop\unity\ReactiveTurnBase\My project A\Library\ScriptAssemblies\Unity.TextMeshPro.dll
Symbol file LoadedFromMemory is not a mono symbol file
Symbol file data-00000161ADDE9D50 doesn't match image C:\Users\asdf\Desktop\unity\ReactiveTurnBase\My project A\Library\ScriptAssemblies\Unity.TextMeshPro.Editor.dll
Symbol file LoadedFromMemory is not a mono symbol file
Symbol file data-00000161ABC42010 doesn't match image C:\Users\asdf\Desktop\unity\ReactiveTurnBase\My project A\Library\ScriptAssemblies\UniTask.dll
Symbol file LoadedFromMemory is not a mono symbol file
Symbol file data-00000161A14948A0 doesn't match image C:\Users\asdf\Desktop\unity\ReactiveTurnBase\My project A\Library\ScriptAssemblies\Unity.VisualScripting.State.dll
Symbol file LoadedFromMemory is not a mono symbol file
Symbol file data-00000161A14948A0 doesn't match image C:\Users\asdf\Desktop\unity\ReactiveTurnBase\My project A\Library\ScriptAssemblies\Unity.VSCode.Editor.dll
Symbol file LoadedFromMemory is not a mono symbol file
- Loaded All Assemblies, in  0.426 seconds
Native extension for WindowsStandalone target not found
Native extension for Android target not found
Mono: successfully reloaded assembly
- Finished resetting the current domain, in  1.049 seconds
Domain Reload Profiling: 1472ms
	BeginReloadAssembly (131ms)
		ExecutionOrderSort (0ms)
		DisableScriptedObjects (6ms)
		BackupInstance (0ms)
		ReleaseScriptingObjects (0ms)
		CreateAndSetChildDomain (30ms)
	RebuildCommonClasses (27ms)
	RebuildNativeTypeToScriptingClass (8ms)
	initialDomainReloadingComplete (26ms)
	LoadAllAssembliesAndSetupDomain (230ms)
		LoadAssemblies (279ms)
		RebuildTransferFunctionScriptingTraits (0ms)
		AnalyzeDomain (16ms)
			TypeCache.Refresh (7ms)
				TypeCache.ScanAssembly (0ms)
			ScanForSourceGeneratedMonoScriptInfo (0ms)
			ResolveRequiredComponents (7ms)
	FinalizeReload (1049ms)
		ReleaseScriptCaches (0ms)
		RebuildScriptCaches (0ms)
		SetupLoadedEditorAssemblies (607ms)
			LogAssemblyErrors (0ms)
			InitializePlatformSupportModulesInManaged (18ms)
			SetLoadedEditorAssemblies (4ms)
			RefreshPlugins (0ms)
			BeforeProcessingInitializeOnLoad (101ms)
			ProcessInitializeOnLoadAttributes (436ms)
			ProcessInitializeOnLoadMethodAttributes (39ms)
			AfterProcessingInitializeOnLoad (7ms)
			EditorAssembliesLoaded (1ms)
		ExecutionOrderSort2 (0ms)
		AwakeInstancesAfterBackupRestoration (7ms)
Refreshing native plugins compatible for Editor in 5.06 ms, found 3 plugins.
Preloading 0 native plugins for Editor in 0.00 ms.
Unloading 3941 Unused Serialized files (Serialized files now loaded: 0)
Unloading 22 unused Assets / (32.7 KB). Loaded Objects now: 4567.
Memory consumption went from 225.6 MB to 225.5 MB.
Total: 3.398600 ms (FindLiveObjects: 0.318500 ms CreateObjectMapping: 0.259500 ms MarkObjects: 2.769400 ms  DeleteObjects: 0.049600 ms)

Prepare: number of updated asset objects reloaded= 0
AssetImportParameters requested are different than current active one (requested -> active):
  custom:container-demuxer-ogg: 62fdf1f143b41e24485cea50d1cbac27 -> 
  custom:scripting/monoscript/fileName/GroggyBar.cs: 100a61dadfc5e32941fd0f737636facf -> 
  custom:video-decoder-ogg-theora: a1e56fd34408186e4bbccfd4996cb3dc -> 
  custom:framework-win-MediaFoundation: 216162199b28c13a410421893ffa2e32 -> 
  custom:CustomObjectIndexerAttribute: 9a22284fe3817be447336de3de66b15e -> 
  custom:container-demuxer-webm: 4f35f7cbe854078d1ac9338744f61a02 -> 
  custom:container-muxer-webm: aa71ff27fc2769a1b78a27578f13a17b -> 
  custom:video-decoder-webm-vp8: 9c59270c3fd7afecdb556c50c9e8de78 -> 
  custom:SearchIndexIgnoredProperties: e643bd26f0fe6173181afceb89e7c659 -> 
  custom:AudioImporter_EditorPlatform: d09bf68614088b80899f8185d706f6e7 -> 
  custom:video-encoder-webm-vp8: eb34c28f22e8b96e1ab97ce403110664 -> 
  custom:scripting/monoscript/fileName/GroggyBarFollower.cs: 819d994350b9b9cabf3c84cf4da82ff6 -> 
  custom:audio-decoder-ogg-vorbis: bf7c407c2cedff20999df2af8eb42d56 -> 
  custom:audio-encoder-webm-vorbis: bf7c407c2cedff20999df2af8eb42d56 -> 
  custom:scripting/precompiled-assembly-types:Assembly-CSharp: 5eb419a43e748f59bf1033b80dd82ce7 -> 1476765af81e86739e20042d8f5f0532
========================================================================
Received Prepare
Caller must complete domain reload
Begin MonoManager ReloadAssembly
Symbol file data-00000161AB85B010 doesn't match image C:\Users\asdf\Desktop\unity\ReactiveTurnBase\My project A\Library\ScriptAssemblies\Unity.EditorCoroutines.Editor.dll
Symbol file LoadedFromMemory is not a mono symbol file
Symbol file data-00000161ADB31020 doesn't match image C:\Users\asdf\Desktop\unity\ReactiveTurnBase\My project A\Library\ScriptAssemblies\UniTask.TextMeshPro.dll
Symbol file LoadedFromMemory is not a mono symbol file
Symbol file data-00000161A127F020 doesn't match image C:\Users\asdf\Desktop\unity\ReactiveTurnBase\My project A\Library\ScriptAssemblies\Unity.Timeline.Editor.dll
Symbol file LoadedFromMemory is not a mono symbol file
Symbol file data-00000161ADB31020 doesn't match image C:\Users\asdf\Desktop\unity\ReactiveTurnBase\My project A\Library\ScriptAssemblies\Unity.VisualScripting.Shared.Editor.dll
Symbol file LoadedFromMemory is not a mono symbol file
Symbol file data-00000161A1971030 doesn't match image C:\Users\asdf\Desktop\unity\ReactiveTurnBase\My project A\Library\ScriptAssemblies\UniTask.DOTween.dll
Symbol file LoadedFromMemory is not a mono symbol file
Symbol file data-00000161A1971030 doesn't match image C:\Users\asdf\Desktop\unity\ReactiveTurnBase\My project A\Library\ScriptAssemblies\UniTask.Addressables.dll
Symbol file LoadedFromMemory is not a mono symbol file
Symbol file data-000001617F4FAAE0 doesn't match image C:\Users\asdf\Desktop\unity\ReactiveTurnBase\My project A\Library\ScriptAssemblies\UnityEditor.UI.dll
Symbol file LoadedFromMemory is not a mono symbol file
Symbol file data-00000161A2781020 doesn't match image C:\Users\asdf\Desktop\unity\ReactiveTurnBase\My project A\Library\ScriptAssemblies\Unity.VisualScripting.Core.dll
Symbol file LoadedFromMemory is not a mono symbol file
Symbol file data-00000161ACA40030 doesn't match image C:\Users\asdf\Desktop\unity\ReactiveTurnBase\My project A\Library\ScriptAssemblies\UnityEngine.UI.dll
Symbol file LoadedFromMemory is not a mono symbol file
Symbol file data-00000161ADB31020 doesn't match image C:\Users\asdf\Desktop\unity\ReactiveTurnBase\My project A\Library\ScriptAssemblies\UniTask.Editor.dll
Symbol file LoadedFromMemory is not a mono symbol file
Symbol file data-00000161A1869020 doesn't match image C:\Users\asdf\Desktop\unity\ReactiveTurnBase\My project A\Library\ScriptAssemblies\Unity.VisualScripting.Core.Editor.dll
Symbol file LoadedFromMemory is not a mono symbol file
Symbol file data-00000161ABC42010 doesn't match image C:\Users\asdf\Desktop\unity\ReactiveTurnBase\My project A\Library\ScriptAssemblies\UniTask.Linq.dll
Symbol file LoadedFromMemory is not a mono symbol file
Symbol file data-00000161A15A6020 doesn't match image C:\Users\asdf\Desktop\unity\ReactiveTurnBase\My project A\Library\ScriptAssemblies\Unity.VisualScripting.Flow.dll
Symbol file LoadedFromMemory is not a mono symbol file
Symbol file data-000001617F9C3010 doesn't match image C:\Users\asdf\Desktop\unity\ReactiveTurnBase\My project A\Library\ScriptAssemblies\Unity.VisualScripting.Flow.Editor.dll
Symbol file LoadedFromMemory is not a mono symbol file
Symbol file data-00000161AE164010 doesn't match image C:\Users\asdf\Desktop\unity\ReactiveTurnBase\My project A\Library\ScriptAssemblies\Unity.Timeline.dll
Symbol file LoadedFromMemory is not a mono symbol file
Symbol file data-000001620F750080 doesn't match image C:\Users\asdf\Desktop\unity\ReactiveTurnBase\My project A\Library\ScriptAssemblies\Unity.InputSystem.dll
Symbol file LoadedFromMemory is not a mono symbol file
Symbol file data-00000161ACC15010 doesn't match image C:\Users\asdf\Desktop\unity\ReactiveTurnBase\My project A\Library\ScriptAssemblies\Unity.InputSystem.ForUI.dll
Symbol file LoadedFromMemory is not a mono symbol file
Symbol file data-00000161ACF2CC20 doesn't match image C:\Users\asdf\Desktop\unity\ReactiveTurnBase\My project A\Library\ScriptAssemblies\Unity.TestTools.CodeCoverage.Editor.OpenCover.Mono.Reflection.dll
Symbol file LoadedFromMemory is not a mono symbol file
Symbol file data-00000161ACF2CC20 doesn't match image C:\Users\asdf\Desktop\unity\ReactiveTurnBase\My project A\Library\ScriptAssemblies\Unity.VisualScripting.SettingsProvider.Editor.dll
Symbol file LoadedFromMemory is not a mono symbol file
Symbol file data-00000161A1CFC020 doesn't match image C:\Users\asdf\Desktop\unity\ReactiveTurnBase\My project A\Library\ScriptAssemblies\Unity.Performance.Profile-Analyzer.Editor.dll
Symbol file LoadedFromMemory is not a mono symbol file
Symbol file data-00000161ACA9C030 doesn't match image C:\Users\asdf\Desktop\unity\ReactiveTurnBase\My project A\Library\ScriptAssemblies\Unity.TestTools.CodeCoverage.Editor.dll
Symbol file LoadedFromMemory is not a mono symbol file
Symbol file data-000001617FB77040 doesn't match image C:\Users\asdf\Desktop\unity\ReactiveTurnBase\My project A\Library\ScriptAssemblies\Unity.TestTools.CodeCoverage.Editor.OpenCover.Model.dll
Symbol file LoadedFromMemory is not a mono symbol file
Symbol file data-000001617F4FAAE0 doesn't match image C:\Users\asdf\Desktop\unity\ReactiveTurnBase\My project A\Library\ScriptAssemblies\Unity.VisualScripting.State.Editor.dll
Symbol file LoadedFromMemory is not a mono symbol file
Symbol file data-00000161ABC89220 doesn't match image C:\Users\asdf\Desktop\unity\ReactiveTurnBase\My project A\Library\ScriptAssemblies\Unity.Settings.Editor.dll
Symbol file LoadedFromMemory is not a mono symbol file
Symbol file data-00000161AB85B010 doesn't match image C:\Users\asdf\Desktop\unity\ReactiveTurnBase\My project A\Library\ScriptAssemblies\Unity.CollabProxy.Editor.dll
Symbol file LoadedFromMemory is not a mono symbol file
Symbol file data-000001617F2E4020 doesn't match image C:\Users\asdf\Desktop\unity\ReactiveTurnBase\My project A\Library\ScriptAssemblies\Unity.TextMeshPro.dll
Symbol file LoadedFromMemory is not a mono symbol file
Symbol file data-00000161ADDE9D50 doesn't match image C:\Users\asdf\Desktop\unity\ReactiveTurnBase\My project A\Library\ScriptAssemblies\Unity.TextMeshPro.Editor.dll
Symbol file LoadedFromMemory is not a mono symbol file
Symbol file data-000001617F867240 doesn't match image C:\Users\asdf\Desktop\unity\ReactiveTurnBase\My project A\Library\ScriptAssemblies\UniTask.dll
Symbol file LoadedFromMemory is not a mono symbol file
Symbol file data-000001617FB77040 doesn't match image C:\Users\asdf\Desktop\unity\ReactiveTurnBase\My project A\Library\ScriptAssemblies\Unity.VisualScripting.State.dll
Symbol file LoadedFromMemory is not a mono symbol file
Symbol file data-000001617FB77040 doesn't match image C:\Users\asdf\Desktop\unity\ReactiveTurnBase\My project A\Library\ScriptAssemblies\Unity.VSCode.Editor.dll
Symbol file LoadedFromMemory is not a mono symbol file
- Loaded All Assemblies, in  0.465 seconds
Native extension for WindowsStandalone target not found
Native extension for Android target not found
Mono: successfully reloaded assembly
- Finished resetting the current domain, in  0.992 seconds
Domain Reload Profiling: 1454ms
	BeginReloadAssembly (134ms)
		ExecutionOrderSort (0ms)
		DisableScriptedObjects (6ms)
		BackupInstance (0ms)
		ReleaseScriptingObjects (0ms)
		CreateAndSetChildDomain (28ms)
	RebuildCommonClasses (28ms)
	RebuildNativeTypeToScriptingClass (8ms)
	initialDomainReloadingComplete (33ms)
	LoadAllAssembliesAndSetupDomain (258ms)
		LoadAssemblies (294ms)
		RebuildTransferFunctionScriptingTraits (0ms)
		AnalyzeDomain (34ms)
			TypeCache.Refresh (14ms)
				TypeCache.ScanAssembly (4ms)
			ScanForSourceGeneratedMonoScriptInfo (12ms)
			ResolveRequiredComponents (7ms)
	FinalizeReload (993ms)
		ReleaseScriptCaches (0ms)
		RebuildScriptCaches (0ms)
		SetupLoadedEditorAssemblies (525ms)
			LogAssemblyErrors (0ms)
			InitializePlatformSupportModulesInManaged (16ms)
			SetLoadedEditorAssemblies (5ms)
			RefreshPlugins (0ms)
			BeforeProcessingInitializeOnLoad (85ms)
			ProcessInitializeOnLoadAttributes (382ms)
			ProcessInitializeOnLoadMethodAttributes (30ms)
			AfterProcessingInitializeOnLoad (7ms)
			EditorAssembliesLoaded (0ms)
		ExecutionOrderSort2 (0ms)
		AwakeInstancesAfterBackupRestoration (6ms)
Refreshing native plugins compatible for Editor in 3.86 ms, found 3 plugins.
Preloading 0 native plugins for Editor in 0.00 ms.
Unloading 3941 Unused Serialized files (Serialized files now loaded: 0)
Unloading 22 unused Assets / (32.8 KB). Loaded Objects now: 4570.
Memory consumption went from 225.6 MB to 225.5 MB.
Total: 3.033000 ms (FindLiveObjects: 0.254500 ms CreateObjectMapping: 0.096800 ms MarkObjects: 2.634500 ms  DeleteObjects: 0.046500 ms)

Prepare: number of updated asset objects reloaded= 0
AssetImportParameters requested are different than current active one (requested -> active):
  custom:container-demuxer-ogg: 62fdf1f143b41e24485cea50d1cbac27 -> 
  custom:scripting/monoscript/fileName/GroggyBar.cs: 100a61dadfc5e32941fd0f737636facf -> 
  custom:video-decoder-ogg-theora: a1e56fd34408186e4bbccfd4996cb3dc -> 
  custom:framework-win-MediaFoundation: 216162199b28c13a410421893ffa2e32 -> 
  custom:CustomObjectIndexerAttribute: 9a22284fe3817be447336de3de66b15e -> 
  custom:container-demuxer-webm: 4f35f7cbe854078d1ac9338744f61a02 -> 
  custom:container-muxer-webm: aa71ff27fc2769a1b78a27578f13a17b -> 
  custom:video-decoder-webm-vp8: 9c59270c3fd7afecdb556c50c9e8de78 -> 
  custom:SearchIndexIgnoredProperties: e643bd26f0fe6173181afceb89e7c659 -> 
  custom:AudioImporter_EditorPlatform: d09bf68614088b80899f8185d706f6e7 -> 
  custom:video-encoder-webm-vp8: eb34c28f22e8b96e1ab97ce403110664 -> 
  custom:scripting/monoscript/fileName/GroggyBarFollower.cs: 819d994350b9b9cabf3c84cf4da82ff6 -> 
  custom:audio-decoder-ogg-vorbis: bf7c407c2cedff20999df2af8eb42d56 -> 
  custom:audio-encoder-webm-vorbis: bf7c407c2cedff20999df2af8eb42d56 -> 
  custom:scripting/precompiled-assembly-types:Assembly-CSharp: 5eb419a43e748f59bf1033b80dd82ce7 -> 1476765af81e86739e20042d8f5f0532
========================================================================
Received Prepare
Caller must complete domain reload
Begin MonoManager ReloadAssembly
Symbol file data-00000161ABEAFFF0 doesn't match image C:\Users\asdf\Desktop\unity\ReactiveTurnBase\My project A\Library\ScriptAssemblies\Unity.EditorCoroutines.Editor.dll
Symbol file LoadedFromMemory is not a mono symbol file
Symbol file data-00000161ADB31020 doesn't match image C:\Users\asdf\Desktop\unity\ReactiveTurnBase\My project A\Library\ScriptAssemblies\UniTask.TextMeshPro.dll
Symbol file LoadedFromMemory is not a mono symbol file
Symbol file data-00000161A127F020 doesn't match image C:\Users\asdf\Desktop\unity\ReactiveTurnBase\My project A\Library\ScriptAssemblies\Unity.Timeline.Editor.dll
Symbol file LoadedFromMemory is not a mono symbol file
Symbol file data-00000161ADB31020 doesn't match image C:\Users\asdf\Desktop\unity\ReactiveTurnBase\My project A\Library\ScriptAssemblies\Unity.VisualScripting.Shared.Editor.dll
Symbol file LoadedFromMemory is not a mono symbol file
Symbol file data-00000161A1971030 doesn't match image C:\Users\asdf\Desktop\unity\ReactiveTurnBase\My project A\Library\ScriptAssemblies\UniTask.DOTween.dll
Symbol file LoadedFromMemory is not a mono symbol file
Symbol file data-00000161A1971030 doesn't match image C:\Users\asdf\Desktop\unity\ReactiveTurnBase\My project A\Library\ScriptAssemblies\UniTask.Addressables.dll
Symbol file LoadedFromMemory is not a mono symbol file
Symbol file data-000001617F4FAAE0 doesn't match image C:\Users\asdf\Desktop\unity\ReactiveTurnBase\My project A\Library\ScriptAssemblies\UnityEditor.UI.dll
Symbol file LoadedFromMemory is not a mono symbol file
Symbol file data-00000161A2781020 doesn't match image C:\Users\asdf\Desktop\unity\ReactiveTurnBase\My project A\Library\ScriptAssemblies\Unity.VisualScripting.Core.dll
Symbol file LoadedFromMemory is not a mono symbol file
Symbol file data-00000161ACFC0010 doesn't match image C:\Users\asdf\Desktop\unity\ReactiveTurnBase\My project A\Library\ScriptAssemblies\UnityEngine.UI.dll
Symbol file LoadedFromMemory is not a mono symbol file
Symbol file data-00000161ADB31020 doesn't match image C:\Users\asdf\Desktop\unity\ReactiveTurnBase\My project A\Library\ScriptAssemblies\UniTask.Editor.dll
Symbol file LoadedFromMemory is not a mono symbol file
Symbol file data-00000161A1869020 doesn't match image C:\Users\asdf\Desktop\unity\ReactiveTurnBase\My project A\Library\ScriptAssemblies\Unity.VisualScripting.Core.Editor.dll
Symbol file LoadedFromMemory is not a mono symbol file
Symbol file data-000001617F867240 doesn't match image C:\Users\asdf\Desktop\unity\ReactiveTurnBase\My project A\Library\ScriptAssemblies\UniTask.Linq.dll
Symbol file LoadedFromMemory is not a mono symbol file
Symbol file data-000001617F2E4020 doesn't match image C:\Users\asdf\Desktop\unity\ReactiveTurnBase\My project A\Library\ScriptAssemblies\Unity.VisualScripting.Flow.dll
Symbol file LoadedFromMemory is not a mono symbol file
Symbol file data-000001617F9C3010 doesn't match image C:\Users\asdf\Desktop\unity\ReactiveTurnBase\My project A\Library\ScriptAssemblies\Unity.VisualScripting.Flow.Editor.dll
Symbol file LoadedFromMemory is not a mono symbol file
Symbol file data-00000161AE164010 doesn't match image C:\Users\asdf\Desktop\unity\ReactiveTurnBase\My project A\Library\ScriptAssemblies\Unity.Timeline.dll
Symbol file LoadedFromMemory is not a mono symbol file
Symbol file data-000001620F750080 doesn't match image C:\Users\asdf\Desktop\unity\ReactiveTurnBase\My project A\Library\ScriptAssemblies\Unity.InputSystem.dll
Symbol file LoadedFromMemory is not a mono symbol file
Symbol file data-00000161ACC15010 doesn't match image C:\Users\asdf\Desktop\unity\ReactiveTurnBase\My project A\Library\ScriptAssemblies\Unity.InputSystem.ForUI.dll
Symbol file LoadedFromMemory is not a mono symbol file
Symbol file data-00000161ABC8B620 doesn't match image C:\Users\asdf\Desktop\unity\ReactiveTurnBase\My project A\Library\ScriptAssemblies\Unity.TestTools.CodeCoverage.Editor.OpenCover.Mono.Reflection.dll
Symbol file LoadedFromMemory is not a mono symbol file
Symbol file data-00000161ABC8B620 doesn't match image C:\Users\asdf\Desktop\unity\ReactiveTurnBase\My project A\Library\ScriptAssemblies\Unity.VisualScripting.SettingsProvider.Editor.dll
Symbol file LoadedFromMemory is not a mono symbol file
Symbol file data-00000161A1CFC020 doesn't match image C:\Users\asdf\Desktop\unity\ReactiveTurnBase\My project A\Library\ScriptAssemblies\Unity.Performance.Profile-Analyzer.Editor.dll
Symbol file LoadedFromMemory is not a mono symbol file
Symbol file data-00000161A2600090 doesn't match image C:\Users\asdf\Desktop\unity\ReactiveTurnBase\My project A\Library\ScriptAssemblies\Unity.TestTools.CodeCoverage.Editor.dll
Symbol file LoadedFromMemory is not a mono symbol file
Symbol file data-00000161A14948A0 doesn't match image C:\Users\asdf\Desktop\unity\ReactiveTurnBase\My project A\Library\ScriptAssemblies\Unity.TestTools.CodeCoverage.Editor.OpenCover.Model.dll
Symbol file LoadedFromMemory is not a mono symbol file
Symbol file data-000001617F4FAAE0 doesn't match image C:\Users\asdf\Desktop\unity\ReactiveTurnBase\My project A\Library\ScriptAssemblies\Unity.VisualScripting.State.Editor.dll
Symbol file LoadedFromMemory is not a mono symbol file
Symbol file data-00000161A31CB040 doesn't match image C:\Users\asdf\Desktop\unity\ReactiveTurnBase\My project A\Library\ScriptAssemblies\Unity.Settings.Editor.dll
Symbol file LoadedFromMemory is not a mono symbol file
Symbol file data-00000161ABEAFFF0 doesn't match image C:\Users\asdf\Desktop\unity\ReactiveTurnBase\My project A\Library\ScriptAssemblies\Unity.CollabProxy.Editor.dll
Symbol file LoadedFromMemory is not a mono symbol file
Symbol file data-000001617F2E4020 doesn't match image C:\Users\asdf\Desktop\unity\ReactiveTurnBase\My project A\Library\ScriptAssemblies\Unity.TextMeshPro.dll
Symbol file LoadedFromMemory is not a mono symbol file
Symbol file data-00000161ADDE9D50 doesn't match image C:\Users\asdf\Desktop\unity\ReactiveTurnBase\My project A\Library\ScriptAssemblies\Unity.TextMeshPro.Editor.dll
Symbol file LoadedFromMemory is not a mono symbol file
Symbol file data-00000161ADF0D020 doesn't match image C:\Users\asdf\Desktop\unity\ReactiveTurnBase\My project A\Library\ScriptAssemblies\UniTask.dll
Symbol file LoadedFromMemory is not a mono symbol file
Symbol file data-00000161A14948A0 doesn't match image C:\Users\asdf\Desktop\unity\ReactiveTurnBase\My project A\Library\ScriptAssemblies\Unity.VisualScripting.State.dll
Symbol file LoadedFromMemory is not a mono symbol file
Symbol file data-00000161A14948A0 doesn't match image C:\Users\asdf\Desktop\unity\ReactiveTurnBase\My project A\Library\ScriptAssemblies\Unity.VSCode.Editor.dll
Symbol file LoadedFromMemory is not a mono symbol file
- Loaded All Assemblies, in  0.479 seconds
Native extension for WindowsStandalone target not found
Native extension for Android target not found
Mono: successfully reloaded assembly
- Finished resetting the current domain, in  0.977 seconds
Domain Reload Profiling: 1454ms
	BeginReloadAssembly (138ms)
		ExecutionOrderSort (0ms)
		DisableScriptedObjects (6ms)
		BackupInstance (0ms)
		ReleaseScriptingObjects (0ms)
		CreateAndSetChildDomain (32ms)
	RebuildCommonClasses (28ms)
	RebuildNativeTypeToScriptingClass (8ms)
	initialDomainReloadingComplete (27ms)
	LoadAllAssembliesAndSetupDomain (275ms)
		LoadAssemblies (307ms)
		RebuildTransferFunctionScriptingTraits (0ms)
		AnalyzeDomain (38ms)
			TypeCache.Refresh (14ms)
				TypeCache.ScanAssembly (4ms)
			ScanForSourceGeneratedMonoScriptInfo (15ms)
			ResolveRequiredComponents (7ms)
	FinalizeReload (977ms)
		ReleaseScriptCaches (0ms)
		RebuildScriptCaches (0ms)
		SetupLoadedEditorAssemblies (508ms)
			LogAssemblyErrors (0ms)
			InitializePlatformSupportModulesInManaged (17ms)
			SetLoadedEditorAssemblies (4ms)
			RefreshPlugins (0ms)
			BeforeProcessingInitializeOnLoad (97ms)
			ProcessInitializeOnLoadAttributes (354ms)
			ProcessInitializeOnLoadMethodAttributes (29ms)
			AfterProcessingInitializeOnLoad (6ms)
			EditorAssembliesLoaded (0ms)
		ExecutionOrderSort2 (0ms)
		AwakeInstancesAfterBackupRestoration (6ms)
Refreshing native plugins compatible for Editor in 4.40 ms, found 3 plugins.
Preloading 0 native plugins for Editor in 0.00 ms.
Unloading 3941 Unused Serialized files (Serialized files now loaded: 0)
Unloading 22 unused Assets / (32.8 KB). Loaded Objects now: 4573.
Memory consumption went from 225.6 MB to 225.6 MB.
Total: 3.371900 ms (FindLiveObjects: 0.352000 ms CreateObjectMapping: 0.287300 ms MarkObjects: 2.677500 ms  DeleteObjects: 0.054100 ms)

Prepare: number of updated asset objects reloaded= 0
AssetImportParameters requested are different than current active one (requested -> active):
  custom:container-demuxer-ogg: 62fdf1f143b41e24485cea50d1cbac27 -> 
  custom:scripting/monoscript/fileName/GroggyBar.cs: 100a61dadfc5e32941fd0f737636facf -> 
  custom:video-decoder-ogg-theora: a1e56fd34408186e4bbccfd4996cb3dc -> 
  custom:framework-win-MediaFoundation: 216162199b28c13a410421893ffa2e32 -> 
  custom:CustomObjectIndexerAttribute: 9a22284fe3817be447336de3de66b15e -> 
  custom:container-demuxer-webm: 4f35f7cbe854078d1ac9338744f61a02 -> 
  custom:container-muxer-webm: aa71ff27fc2769a1b78a27578f13a17b -> 
  custom:video-decoder-webm-vp8: 9c59270c3fd7afecdb556c50c9e8de78 -> 
  custom:SearchIndexIgnoredProperties: e643bd26f0fe6173181afceb89e7c659 -> 
  custom:AudioImporter_EditorPlatform: d09bf68614088b80899f8185d706f6e7 -> 
  custom:video-encoder-webm-vp8: eb34c28f22e8b96e1ab97ce403110664 -> 
  custom:scripting/monoscript/fileName/GroggyBarFollower.cs: 819d994350b9b9cabf3c84cf4da82ff6 -> 
  custom:audio-decoder-ogg-vorbis: bf7c407c2cedff20999df2af8eb42d56 -> 
  custom:audio-encoder-webm-vorbis: bf7c407c2cedff20999df2af8eb42d56 -> 
  custom:scripting/precompiled-assembly-types:Assembly-CSharp: 5eb419a43e748f59bf1033b80dd82ce7 -> 1476765af81e86739e20042d8f5f0532
========================================================================
Received Prepare
Caller must complete domain reload
Begin MonoManager ReloadAssembly
Symbol file data-00000161A2DC2570 doesn't match image C:\Users\asdf\Desktop\unity\ReactiveTurnBase\My project A\Library\ScriptAssemblies\Unity.EditorCoroutines.Editor.dll
Symbol file LoadedFromMemory is not a mono symbol file
Symbol file data-000001617F407020 doesn't match image C:\Users\asdf\Desktop\unity\ReactiveTurnBase\My project A\Library\ScriptAssemblies\UniTask.TextMeshPro.dll
Symbol file LoadedFromMemory is not a mono symbol file
Symbol file data-00000161A127F020 doesn't match image C:\Users\asdf\Desktop\unity\ReactiveTurnBase\My project A\Library\ScriptAssemblies\Unity.Timeline.Editor.dll
Symbol file LoadedFromMemory is not a mono symbol file
Symbol file data-000001617F407020 doesn't match image C:\Users\asdf\Desktop\unity\ReactiveTurnBase\My project A\Library\ScriptAssemblies\Unity.VisualScripting.Shared.Editor.dll
Symbol file LoadedFromMemory is not a mono symbol file
Symbol file data-00000161ACC15010 doesn't match image C:\Users\asdf\Desktop\unity\ReactiveTurnBase\My project A\Library\ScriptAssemblies\UniTask.DOTween.dll
Symbol file LoadedFromMemory is not a mono symbol file
Symbol file data-00000161ACC15010 doesn't match image C:\Users\asdf\Desktop\unity\ReactiveTurnBase\My project A\Library\ScriptAssemblies\UniTask.Addressables.dll
Symbol file LoadedFromMemory is not a mono symbol file
Symbol file data-000001617F4FAAE0 doesn't match image C:\Users\asdf\Desktop\unity\ReactiveTurnBase\My project A\Library\ScriptAssemblies\UnityEditor.UI.dll
Symbol file LoadedFromMemory is not a mono symbol file
Symbol file data-00000161A2781020 doesn't match image C:\Users\asdf\Desktop\unity\ReactiveTurnBase\My project A\Library\ScriptAssemblies\Unity.VisualScripting.Core.dll
Symbol file LoadedFromMemory is not a mono symbol file
Symbol file data-00000161AB297020 doesn't match image C:\Users\asdf\Desktop\unity\ReactiveTurnBase\My project A\Library\ScriptAssemblies\UnityEngine.UI.dll
Symbol file LoadedFromMemory is not a mono symbol file
Symbol file data-000001617F407020 doesn't match image C:\Users\asdf\Desktop\unity\ReactiveTurnBase\My project A\Library\ScriptAssemblies\UniTask.Editor.dll
Symbol file LoadedFromMemory is not a mono symbol file
Symbol file data-00000161A1869020 doesn't match image C:\Users\asdf\Desktop\unity\ReactiveTurnBase\My project A\Library\ScriptAssemblies\Unity.VisualScripting.Core.Editor.dll
Symbol file LoadedFromMemory is not a mono symbol file
Symbol file data-00000161ABC42010 doesn't match image C:\Users\asdf\Desktop\unity\ReactiveTurnBase\My project A\Library\ScriptAssemblies\UniTask.Linq.dll
Symbol file LoadedFromMemory is not a mono symbol file
Symbol file data-000001617F2E4020 doesn't match image C:\Users\asdf\Desktop\unity\ReactiveTurnBase\My project A\Library\ScriptAssemblies\Unity.VisualScripting.Flow.dll
Symbol file LoadedFromMemory is not a mono symbol file
Symbol file data-000001617F9C3010 doesn't match image C:\Users\asdf\Desktop\unity\ReactiveTurnBase\My project A\Library\ScriptAssemblies\Unity.VisualScripting.Flow.Editor.dll
Symbol file LoadedFromMemory is not a mono symbol file
Symbol file data-00000161AE164010 doesn't match image C:\Users\asdf\Desktop\unity\ReactiveTurnBase\My project A\Library\ScriptAssemblies\Unity.Timeline.dll
Symbol file LoadedFromMemory is not a mono symbol file
Symbol file data-000001620F81B620 doesn't match image C:\Users\asdf\Desktop\unity\ReactiveTurnBase\My project A\Library\ScriptAssemblies\Unity.InputSystem.dll
Symbol file LoadedFromMemory is not a mono symbol file
Symbol file data-00000161A2DC2570 doesn't match image C:\Users\asdf\Desktop\unity\ReactiveTurnBase\My project A\Library\ScriptAssemblies\Unity.InputSystem.ForUI.dll
Symbol file LoadedFromMemory is not a mono symbol file
Symbol file data-00000161AD788040 doesn't match image C:\Users\asdf\Desktop\unity\ReactiveTurnBase\My project A\Library\ScriptAssemblies\Unity.TestTools.CodeCoverage.Editor.OpenCover.Mono.Reflection.dll
Symbol file LoadedFromMemory is not a mono symbol file
Symbol file data-00000161AD788040 doesn't match image C:\Users\asdf\Desktop\unity\ReactiveTurnBase\My project A\Library\ScriptAssemblies\Unity.VisualScripting.SettingsProvider.Editor.dll
Symbol file LoadedFromMemory is not a mono symbol file
Symbol file data-00000161A1CFC020 doesn't match image C:\Users\asdf\Desktop\unity\ReactiveTurnBase\My project A\Library\ScriptAssemblies\Unity.Performance.Profile-Analyzer.Editor.dll
Symbol file LoadedFromMemory is not a mono symbol file
Symbol file data-00000161A2600090 doesn't match image C:\Users\asdf\Desktop\unity\ReactiveTurnBase\My project A\Library\ScriptAssemblies\Unity.TestTools.CodeCoverage.Editor.dll
Symbol file LoadedFromMemory is not a mono symbol file
Symbol file data-000001617F45D020 doesn't match image C:\Users\asdf\Desktop\unity\ReactiveTurnBase\My project A\Library\ScriptAssemblies\Unity.TestTools.CodeCoverage.Editor.OpenCover.Model.dll
Symbol file LoadedFromMemory is not a mono symbol file
Symbol file data-000001617F4FAAE0 doesn't match image C:\Users\asdf\Desktop\unity\ReactiveTurnBase\My project A\Library\ScriptAssemblies\Unity.VisualScripting.State.Editor.dll
Symbol file LoadedFromMemory is not a mono symbol file
Symbol file data-00000161ABC89220 doesn't match image C:\Users\asdf\Desktop\unity\ReactiveTurnBase\My project A\Library\ScriptAssemblies\Unity.Settings.Editor.dll
Symbol file LoadedFromMemory is not a mono symbol file
Symbol file data-000001617F407020 doesn't match image C:\Users\asdf\Desktop\unity\ReactiveTurnBase\My project A\Library\ScriptAssemblies\Unity.CollabProxy.Editor.dll
Symbol file LoadedFromMemory is not a mono symbol file
Symbol file data-000001617F2E4020 doesn't match image C:\Users\asdf\Desktop\unity\ReactiveTurnBase\My project A\Library\ScriptAssemblies\Unity.TextMeshPro.dll
Symbol file LoadedFromMemory is not a mono symbol file
Symbol file data-00000161A29C15C0 doesn't match image C:\Users\asdf\Desktop\unity\ReactiveTurnBase\My project A\Library\ScriptAssemblies\Unity.TextMeshPro.Editor.dll
Symbol file LoadedFromMemory is not a mono symbol file
Symbol file data-000001617F867240 doesn't match image C:\Users\asdf\Desktop\unity\ReactiveTurnBase\My project A\Library\ScriptAssemblies\UniTask.dll
Symbol file LoadedFromMemory is not a mono symbol file
Symbol file data-000001617F45D020 doesn't match image C:\Users\asdf\Desktop\unity\ReactiveTurnBase\My project A\Library\ScriptAssemblies\Unity.VisualScripting.State.dll
Symbol file LoadedFromMemory is not a mono symbol file
Symbol file data-000001617F45D020 doesn't match image C:\Users\asdf\Desktop\unity\ReactiveTurnBase\My project A\Library\ScriptAssemblies\Unity.VSCode.Editor.dll
Symbol file LoadedFromMemory is not a mono symbol file
- Loaded All Assemblies, in  0.427 seconds
Native extension for WindowsStandalone target not found
Native extension for Android target not found
Mono: successfully reloaded assembly
- Finished resetting the current domain, in  1.120 seconds
Domain Reload Profiling: 1545ms
	BeginReloadAssembly (137ms)
		ExecutionOrderSort (0ms)
		DisableScriptedObjects (6ms)
		BackupInstance (0ms)
		ReleaseScriptingObjects (0ms)
		CreateAndSetChildDomain (30ms)
	RebuildCommonClasses (26ms)
	RebuildNativeTypeToScriptingClass (8ms)
	initialDomainReloadingComplete (26ms)
	LoadAllAssembliesAndSetupDomain (227ms)
		LoadAssemblies (287ms)
		RebuildTransferFunctionScriptingTraits (0ms)
		AnalyzeDomain (13ms)
			TypeCache.Refresh (4ms)
				TypeCache.ScanAssembly (0ms)
			ScanForSourceGeneratedMonoScriptInfo (0ms)
			ResolveRequiredComponents (7ms)
	FinalizeReload (1121ms)
		ReleaseScriptCaches (0ms)
		RebuildScriptCaches (0ms)
		SetupLoadedEditorAssemblies (618ms)
			LogAssemblyErrors (0ms)
			InitializePlatformSupportModulesInManaged (23ms)
			SetLoadedEditorAssemblies (4ms)
			RefreshPlugins (0ms)
			BeforeProcessingInitializeOnLoad (110ms)
			ProcessInitializeOnLoadAttributes (434ms)
			ProcessInitializeOnLoadMethodAttributes (40ms)
			AfterProcessingInitializeOnLoad (6ms)
			EditorAssembliesLoaded (0ms)
		ExecutionOrderSort2 (0ms)
		AwakeInstancesAfterBackupRestoration (7ms)
Refreshing native plugins compatible for Editor in 4.63 ms, found 3 plugins.
Preloading 0 native plugins for Editor in 0.00 ms.
Unloading 3941 Unused Serialized files (Serialized files now loaded: 0)
Unloading 22 unused Assets / (32.7 KB). Loaded Objects now: 4576.
Memory consumption went from 225.6 MB to 225.6 MB.
Total: 5.650400 ms (FindLiveObjects: 0.625300 ms CreateObjectMapping: 0.486200 ms MarkObjects: 4.489300 ms  DeleteObjects: 0.047900 ms)

Prepare: number of updated asset objects reloaded= 0
AssetImportParameters requested are different than current active one (requested -> active):
  custom:container-demuxer-ogg: 62fdf1f143b41e24485cea50d1cbac27 -> 
  custom:scripting/monoscript/fileName/GroggyBar.cs: 100a61dadfc5e32941fd0f737636facf -> 
  custom:video-decoder-ogg-theora: a1e56fd34408186e4bbccfd4996cb3dc -> 
  custom:framework-win-MediaFoundation: 216162199b28c13a410421893ffa2e32 -> 
  custom:CustomObjectIndexerAttribute: 9a22284fe3817be447336de3de66b15e -> 
  custom:container-demuxer-webm: 4f35f7cbe854078d1ac9338744f61a02 -> 
  custom:container-muxer-webm: aa71ff27fc2769a1b78a27578f13a17b -> 
  custom:video-decoder-webm-vp8: 9c59270c3fd7afecdb556c50c9e8de78 -> 
  custom:SearchIndexIgnoredProperties: e643bd26f0fe6173181afceb89e7c659 -> 
  custom:AudioImporter_EditorPlatform: d09bf68614088b80899f8185d706f6e7 -> 
  custom:video-encoder-webm-vp8: eb34c28f22e8b96e1ab97ce403110664 -> 
  custom:scripting/monoscript/fileName/GroggyBarFollower.cs: 819d994350b9b9cabf3c84cf4da82ff6 -> 
  custom:audio-decoder-ogg-vorbis: bf7c407c2cedff20999df2af8eb42d56 -> 
  custom:audio-encoder-webm-vorbis: bf7c407c2cedff20999df2af8eb42d56 -> 
  custom:scripting/precompiled-assembly-types:Assembly-CSharp: 5eb419a43e748f59bf1033b80dd82ce7 -> 1476765af81e86739e20042d8f5f0532
========================================================================
Received Prepare
Caller must complete domain reload
Begin MonoManager ReloadAssembly
Symbol file data-00000161A2DC2570 doesn't match image C:\Users\asdf\Desktop\unity\ReactiveTurnBase\My project A\Library\ScriptAssemblies\Unity.EditorCoroutines.Editor.dll
Symbol file LoadedFromMemory is not a mono symbol file
Symbol file data-00000161ADB31020 doesn't match image C:\Users\asdf\Desktop\unity\ReactiveTurnBase\My project A\Library\ScriptAssemblies\UniTask.TextMeshPro.dll
Symbol file LoadedFromMemory is not a mono symbol file
Symbol file data-00000161A127F020 doesn't match image C:\Users\asdf\Desktop\unity\ReactiveTurnBase\My project A\Library\ScriptAssemblies\Unity.Timeline.Editor.dll
Symbol file LoadedFromMemory is not a mono symbol file
Symbol file data-00000161ADB31020 doesn't match image C:\Users\asdf\Desktop\unity\ReactiveTurnBase\My project A\Library\ScriptAssemblies\Unity.VisualScripting.Shared.Editor.dll
Symbol file LoadedFromMemory is not a mono symbol file
Symbol file data-00000161A1971030 doesn't match image C:\Users\asdf\Desktop\unity\ReactiveTurnBase\My project A\Library\ScriptAssemblies\UniTask.DOTween.dll
Symbol file LoadedFromMemory is not a mono symbol file
Symbol file data-00000161A1971030 doesn't match image C:\Users\asdf\Desktop\unity\ReactiveTurnBase\My project A\Library\ScriptAssemblies\UniTask.Addressables.dll
Symbol file LoadedFromMemory is not a mono symbol file
Symbol file data-000001617F4FAAE0 doesn't match image C:\Users\asdf\Desktop\unity\ReactiveTurnBase\My project A\Library\ScriptAssemblies\UnityEditor.UI.dll
Symbol file LoadedFromMemory is not a mono symbol file
Symbol file data-00000161A2781020 doesn't match image C:\Users\asdf\Desktop\unity\ReactiveTurnBase\My project A\Library\ScriptAssemblies\Unity.VisualScripting.Core.dll
Symbol file LoadedFromMemory is not a mono symbol file
Symbol file data-00000161AB297020 doesn't match image C:\Users\asdf\Desktop\unity\ReactiveTurnBase\My project A\Library\ScriptAssemblies\UnityEngine.UI.dll
Symbol file LoadedFromMemory is not a mono symbol file
Symbol file data-00000161ADB31020 doesn't match image C:\Users\asdf\Desktop\unity\ReactiveTurnBase\My project A\Library\ScriptAssemblies\UniTask.Editor.dll
Symbol file LoadedFromMemory is not a mono symbol file
Symbol file data-00000161A1869020 doesn't match image C:\Users\asdf\Desktop\unity\ReactiveTurnBase\My project A\Library\ScriptAssemblies\Unity.VisualScripting.Core.Editor.dll
Symbol file LoadedFromMemory is not a mono symbol file
Symbol file data-000001617F867240 doesn't match image C:\Users\asdf\Desktop\unity\ReactiveTurnBase\My project A\Library\ScriptAssemblies\UniTask.Linq.dll
Symbol file LoadedFromMemory is not a mono symbol file
Symbol file data-00000161ACA40030 doesn't match image C:\Users\asdf\Desktop\unity\ReactiveTurnBase\My project A\Library\ScriptAssemblies\Unity.VisualScripting.Flow.dll
Symbol file LoadedFromMemory is not a mono symbol file
Symbol file data-000001617F9C3010 doesn't match image C:\Users\asdf\Desktop\unity\ReactiveTurnBase\My project A\Library\ScriptAssemblies\Unity.VisualScripting.Flow.Editor.dll
Symbol file LoadedFromMemory is not a mono symbol file
Symbol file data-00000161AE164010 doesn't match image C:\Users\asdf\Desktop\unity\ReactiveTurnBase\My project A\Library\ScriptAssemblies\Unity.Timeline.dll
Symbol file LoadedFromMemory is not a mono symbol file
Symbol file data-000001620F7D2010 doesn't match image C:\Users\asdf\Desktop\unity\ReactiveTurnBase\My project A\Library\ScriptAssemblies\Unity.InputSystem.dll
Symbol file LoadedFromMemory is not a mono symbol file
Symbol file data-00000161ACC15010 doesn't match image C:\Users\asdf\Desktop\unity\ReactiveTurnBase\My project A\Library\ScriptAssemblies\Unity.InputSystem.ForUI.dll
Symbol file LoadedFromMemory is not a mono symbol file
Symbol file data-00000161ABC8B620 doesn't match image C:\Users\asdf\Desktop\unity\ReactiveTurnBase\My project A\Library\ScriptAssemblies\Unity.TestTools.CodeCoverage.Editor.OpenCover.Mono.Reflection.dll
Symbol file LoadedFromMemory is not a mono symbol file
Symbol file data-00000161ABC8B620 doesn't match image C:\Users\asdf\Desktop\unity\ReactiveTurnBase\My project A\Library\ScriptAssemblies\Unity.VisualScripting.SettingsProvider.Editor.dll
Symbol file LoadedFromMemory is not a mono symbol file
Symbol file data-00000161AE0F9040 doesn't match image C:\Users\asdf\Desktop\unity\ReactiveTurnBase\My project A\Library\ScriptAssemblies\Unity.Performance.Profile-Analyzer.Editor.dll
Symbol file LoadedFromMemory is not a mono symbol file
Symbol file data-00000161A2600090 doesn't match image C:\Users\asdf\Desktop\unity\ReactiveTurnBase\My project A\Library\ScriptAssemblies\Unity.TestTools.CodeCoverage.Editor.dll
Symbol file LoadedFromMemory is not a mono symbol file
Symbol file data-000001617FB77040 doesn't match image C:\Users\asdf\Desktop\unity\ReactiveTurnBase\My project A\Library\ScriptAssemblies\Unity.TestTools.CodeCoverage.Editor.OpenCover.Model.dll
Symbol file LoadedFromMemory is not a mono symbol file
Symbol file data-000001617F4FAAE0 doesn't match image C:\Users\asdf\Desktop\unity\ReactiveTurnBase\My project A\Library\ScriptAssemblies\Unity.VisualScripting.State.Editor.dll
Symbol file LoadedFromMemory is not a mono symbol file
Symbol file data-00000161A31CB040 doesn't match image C:\Users\asdf\Desktop\unity\ReactiveTurnBase\My project A\Library\ScriptAssemblies\Unity.Settings.Editor.dll
Symbol file LoadedFromMemory is not a mono symbol file
Symbol file data-00000161A2DC2570 doesn't match image C:\Users\asdf\Desktop\unity\ReactiveTurnBase\My project A\Library\ScriptAssemblies\Unity.CollabProxy.Editor.dll
Symbol file LoadedFromMemory is not a mono symbol file
Symbol file data-000001617F2E4020 doesn't match image C:\Users\asdf\Desktop\unity\ReactiveTurnBase\My project A\Library\ScriptAssemblies\Unity.TextMeshPro.dll
Symbol file LoadedFromMemory is not a mono symbol file
Symbol file data-00000161AB6EA010 doesn't match image C:\Users\asdf\Desktop\unity\ReactiveTurnBase\My project A\Library\ScriptAssemblies\Unity.TextMeshPro.Editor.dll
Symbol file LoadedFromMemory is not a mono symbol file
Symbol file data-00000161ADF0D020 doesn't match image C:\Users\asdf\Desktop\unity\ReactiveTurnBase\My project A\Library\ScriptAssemblies\UniTask.dll
Symbol file LoadedFromMemory is not a mono symbol file
Symbol file data-000001617FB77040 doesn't match image C:\Users\asdf\Desktop\unity\ReactiveTurnBase\My project A\Library\ScriptAssemblies\Unity.VisualScripting.State.dll
Symbol file LoadedFromMemory is not a mono symbol file
Symbol file data-000001617FB77040 doesn't match image C:\Users\asdf\Desktop\unity\ReactiveTurnBase\My project A\Library\ScriptAssemblies\Unity.VSCode.Editor.dll
Symbol file LoadedFromMemory is not a mono symbol file
- Loaded All Assemblies, in  0.449 seconds
Native extension for WindowsStandalone target not found
Native extension for Android target not found
Mono: successfully reloaded assembly
- Finished resetting the current domain, in  1.010 seconds
Domain Reload Profiling: 1456ms
	BeginReloadAssembly (133ms)
		ExecutionOrderSort (0ms)
		DisableScriptedObjects (7ms)
		BackupInstance (0ms)
		ReleaseScriptingObjects (0ms)
		CreateAndSetChildDomain (29ms)
	RebuildCommonClasses (27ms)
	RebuildNativeTypeToScriptingClass (9ms)
	initialDomainReloadingComplete (32ms)
	LoadAllAssembliesAndSetupDomain (246ms)
		LoadAssemblies (280ms)
		RebuildTransferFunctionScriptingTraits (0ms)
		AnalyzeDomain (33ms)
			TypeCache.Refresh (12ms)
				TypeCache.ScanAssembly (3ms)
			ScanForSourceGeneratedMonoScriptInfo (11ms)
			ResolveRequiredComponents (8ms)
	FinalizeReload (1010ms)
		ReleaseScriptCaches (0ms)
		RebuildScriptCaches (0ms)
		SetupLoadedEditorAssemblies (514ms)
			LogAssemblyErrors (0ms)
			InitializePlatformSupportModulesInManaged (22ms)
			SetLoadedEditorAssemblies (5ms)
			RefreshPlugins (0ms)
			BeforeProcessingInitializeOnLoad (110ms)
			ProcessInitializeOnLoadAttributes (341ms)
			ProcessInitializeOnLoadMethodAttributes (30ms)
			AfterProcessingInitializeOnLoad (6ms)
			EditorAssembliesLoaded (0ms)
		ExecutionOrderSort2 (0ms)
		AwakeInstancesAfterBackupRestoration (5ms)
Refreshing native plugins compatible for Editor in 3.75 ms, found 3 plugins.
Preloading 0 native plugins for Editor in 0.00 ms.
Unloading 3941 Unused Serialized files (Serialized files now loaded: 0)
Unloading 22 unused Assets / (32.7 KB). Loaded Objects now: 4579.
Memory consumption went from 225.6 MB to 225.6 MB.
Total: 3.096800 ms (FindLiveObjects: 0.258400 ms CreateObjectMapping: 0.199200 ms MarkObjects: 2.588300 ms  DeleteObjects: 0.049900 ms)

Prepare: number of updated asset objects reloaded= 0
AssetImportParameters requested are different than current active one (requested -> active):
  custom:container-demuxer-ogg: 62fdf1f143b41e24485cea50d1cbac27 -> 
  custom:scripting/monoscript/fileName/GroggyBar.cs: 100a61dadfc5e32941fd0f737636facf -> 
  custom:video-decoder-ogg-theora: a1e56fd34408186e4bbccfd4996cb3dc -> 
  custom:framework-win-MediaFoundation: 216162199b28c13a410421893ffa2e32 -> 
  custom:CustomObjectIndexerAttribute: 9a22284fe3817be447336de3de66b15e -> 
  custom:container-demuxer-webm: 4f35f7cbe854078d1ac9338744f61a02 -> 
  custom:container-muxer-webm: aa71ff27fc2769a1b78a27578f13a17b -> 
  custom:video-decoder-webm-vp8: 9c59270c3fd7afecdb556c50c9e8de78 -> 
  custom:SearchIndexIgnoredProperties: e643bd26f0fe6173181afceb89e7c659 -> 
  custom:AudioImporter_EditorPlatform: d09bf68614088b80899f8185d706f6e7 -> 
  custom:video-encoder-webm-vp8: eb34c28f22e8b96e1ab97ce403110664 -> 
  custom:scripting/monoscript/fileName/GroggyBarFollower.cs: 819d994350b9b9cabf3c84cf4da82ff6 -> 
  custom:audio-decoder-ogg-vorbis: bf7c407c2cedff20999df2af8eb42d56 -> 
  custom:audio-encoder-webm-vorbis: bf7c407c2cedff20999df2af8eb42d56 -> 
  custom:scripting/precompiled-assembly-types:Assembly-CSharp: b46ac83b1ac601f3cf7a79e40a0cc39b -> 1476765af81e86739e20042d8f5f0532
========================================================================
Received Prepare
Caller must complete domain reload
Begin MonoManager ReloadAssembly
Symbol file data-00000161A2DC2570 doesn't match image C:\Users\asdf\Desktop\unity\ReactiveTurnBase\My project A\Library\ScriptAssemblies\Unity.EditorCoroutines.Editor.dll
Symbol file LoadedFromMemory is not a mono symbol file
Symbol file data-00000161ADB31020 doesn't match image C:\Users\asdf\Desktop\unity\ReactiveTurnBase\My project A\Library\ScriptAssemblies\UniTask.TextMeshPro.dll
Symbol file LoadedFromMemory is not a mono symbol file
Symbol file data-00000161A127F020 doesn't match image C:\Users\asdf\Desktop\unity\ReactiveTurnBase\My project A\Library\ScriptAssemblies\Unity.Timeline.Editor.dll
Symbol file LoadedFromMemory is not a mono symbol file
Symbol file data-00000161ADB31020 doesn't match image C:\Users\asdf\Desktop\unity\ReactiveTurnBase\My project A\Library\ScriptAssemblies\Unity.VisualScripting.Shared.Editor.dll
Symbol file LoadedFromMemory is not a mono symbol file
Symbol file data-00000161A1971030 doesn't match image C:\Users\asdf\Desktop\unity\ReactiveTurnBase\My project A\Library\ScriptAssemblies\UniTask.DOTween.dll
Symbol file LoadedFromMemory is not a mono symbol file
Symbol file data-00000161A1971030 doesn't match image C:\Users\asdf\Desktop\unity\ReactiveTurnBase\My project A\Library\ScriptAssemblies\UniTask.Addressables.dll
Symbol file LoadedFromMemory is not a mono symbol file
Symbol file data-000001617F4FAAE0 doesn't match image C:\Users\asdf\Desktop\unity\ReactiveTurnBase\My project A\Library\ScriptAssemblies\UnityEditor.UI.dll
Symbol file LoadedFromMemory is not a mono symbol file
Symbol file data-00000161AE0C9020 doesn't match image C:\Users\asdf\Desktop\unity\ReactiveTurnBase\My project A\Library\ScriptAssemblies\Unity.VisualScripting.Core.dll
Symbol file LoadedFromMemory is not a mono symbol file
Symbol file data-00000161ABE7C020 doesn't match image C:\Users\asdf\Desktop\unity\ReactiveTurnBase\My project A\Library\ScriptAssemblies\UnityEngine.UI.dll
Symbol file LoadedFromMemory is not a mono symbol file
Symbol file data-00000161ADB31020 doesn't match image C:\Users\asdf\Desktop\unity\ReactiveTurnBase\My project A\Library\ScriptAssemblies\UniTask.Editor.dll
Symbol file LoadedFromMemory is not a mono symbol file
Symbol file data-00000161A1869020 doesn't match image C:\Users\asdf\Desktop\unity\ReactiveTurnBase\My project A\Library\ScriptAssemblies\Unity.VisualScripting.Core.Editor.dll
Symbol file LoadedFromMemory is not a mono symbol file
Symbol file data-000001617F867240 doesn't match image C:\Users\asdf\Desktop\unity\ReactiveTurnBase\My project A\Library\ScriptAssemblies\UniTask.Linq.dll
Symbol file LoadedFromMemory is not a mono symbol file
Symbol file data-00000161A15A6020 doesn't match image C:\Users\asdf\Desktop\unity\ReactiveTurnBase\My project A\Library\ScriptAssemblies\Unity.VisualScripting.Flow.dll
Symbol file LoadedFromMemory is not a mono symbol file
Symbol file data-000001617F9C3010 doesn't match image C:\Users\asdf\Desktop\unity\ReactiveTurnBase\My project A\Library\ScriptAssemblies\Unity.VisualScripting.Flow.Editor.dll
Symbol file LoadedFromMemory is not a mono symbol file
Symbol file data-000001617F366010 doesn't match image C:\Users\asdf\Desktop\unity\ReactiveTurnBase\My project A\Library\ScriptAssemblies\Unity.Timeline.dll
Symbol file LoadedFromMemory is not a mono symbol file
Symbol file data-000001620F7D2010 doesn't match image C:\Users\asdf\Desktop\unity\ReactiveTurnBase\My project A\Library\ScriptAssemblies\Unity.InputSystem.dll
Symbol file LoadedFromMemory is not a mono symbol file
Symbol file data-00000161ACC15010 doesn't match image C:\Users\asdf\Desktop\unity\ReactiveTurnBase\My project A\Library\ScriptAssemblies\Unity.InputSystem.ForUI.dll
Symbol file LoadedFromMemory is not a mono symbol file
Symbol file data-00000161AB2BF040 doesn't match image C:\Users\asdf\Desktop\unity\ReactiveTurnBase\My project A\Library\ScriptAssemblies\Unity.TestTools.CodeCoverage.Editor.OpenCover.Mono.Reflection.dll
Symbol file LoadedFromMemory is not a mono symbol file
Symbol file data-00000161AB2BF040 doesn't match image C:\Users\asdf\Desktop\unity\ReactiveTurnBase\My project A\Library\ScriptAssemblies\Unity.VisualScripting.SettingsProvider.Editor.dll
Symbol file LoadedFromMemory is not a mono symbol file
Symbol file data-00000161A1CFC020 doesn't match image C:\Users\asdf\Desktop\unity\ReactiveTurnBase\My project A\Library\ScriptAssemblies\Unity.Performance.Profile-Analyzer.Editor.dll
Symbol file LoadedFromMemory is not a mono symbol file
Symbol file data-00000161A2600090 doesn't match image C:\Users\asdf\Desktop\unity\ReactiveTurnBase\My project A\Library\ScriptAssemblies\Unity.TestTools.CodeCoverage.Editor.dll
Symbol file LoadedFromMemory is not a mono symbol file
Symbol file data-000001617FB77040 doesn't match image C:\Users\asdf\Desktop\unity\ReactiveTurnBase\My project A\Library\ScriptAssemblies\Unity.TestTools.CodeCoverage.Editor.OpenCover.Model.dll
Symbol file LoadedFromMemory is not a mono symbol file
Symbol file data-000001617F4FAAE0 doesn't match image C:\Users\asdf\Desktop\unity\ReactiveTurnBase\My project A\Library\ScriptAssemblies\Unity.VisualScripting.State.Editor.dll
Symbol file LoadedFromMemory is not a mono symbol file
Symbol file data-00000161ABE2E010 doesn't match image C:\Users\asdf\Desktop\unity\ReactiveTurnBase\My project A\Library\ScriptAssemblies\Unity.Settings.Editor.dll
Symbol file LoadedFromMemory is not a mono symbol file
Symbol file data-00000161A2DC2570 doesn't match image C:\Users\asdf\Desktop\unity\ReactiveTurnBase\My project A\Library\ScriptAssemblies\Unity.CollabProxy.Editor.dll
Symbol file LoadedFromMemory is not a mono symbol file
Symbol file data-000001617F2E4020 doesn't match image C:\Users\asdf\Desktop\unity\ReactiveTurnBase\My project A\Library\ScriptAssemblies\Unity.TextMeshPro.dll
Symbol file LoadedFromMemory is not a mono symbol file
Symbol file data-00000161A10C4020 doesn't match image C:\Users\asdf\Desktop\unity\ReactiveTurnBase\My project A\Library\ScriptAssemblies\Unity.TextMeshPro.Editor.dll
Symbol file LoadedFromMemory is not a mono symbol file
Symbol file data-00000161ADF0D020 doesn't match image C:\Users\asdf\Desktop\unity\ReactiveTurnBase\My project A\Library\ScriptAssemblies\UniTask.dll
Symbol file LoadedFromMemory is not a mono symbol file
Symbol file data-000001617FB77040 doesn't match image C:\Users\asdf\Desktop\unity\ReactiveTurnBase\My project A\Library\ScriptAssemblies\Unity.VisualScripting.State.dll
Symbol file LoadedFromMemory is not a mono symbol file
Symbol file data-000001617FB77040 doesn't match image C:\Users\asdf\Desktop\unity\ReactiveTurnBase\My project A\Library\ScriptAssemblies\Unity.VSCode.Editor.dll
Symbol file LoadedFromMemory is not a mono symbol file
- Loaded All Assemblies, in  0.427 seconds
Native extension for WindowsStandalone target not found
Native extension for Android target not found
Mono: successfully reloaded assembly
- Finished resetting the current domain, in  1.131 seconds
Domain Reload Profiling: 1555ms
	BeginReloadAssembly (130ms)
		ExecutionOrderSort (0ms)
		DisableScriptedObjects (6ms)
		BackupInstance (0ms)
		ReleaseScriptingObjects (0ms)
		CreateAndSetChildDomain (30ms)
	RebuildCommonClasses (26ms)
	RebuildNativeTypeToScriptingClass (9ms)
	initialDomainReloadingComplete (27ms)
	LoadAllAssembliesAndSetupDomain (233ms)
		LoadAssemblies (285ms)
		RebuildTransferFunctionScriptingTraits (0ms)
		AnalyzeDomain (14ms)
			TypeCache.Refresh (5ms)
				TypeCache.ScanAssembly (0ms)
			ScanForSourceGeneratedMonoScriptInfo (0ms)
			ResolveRequiredComponents (7ms)
	FinalizeReload (1131ms)
		ReleaseScriptCaches (0ms)
		RebuildScriptCaches (0ms)
		SetupLoadedEditorAssemblies (623ms)
			LogAssemblyErrors (0ms)
			InitializePlatformSupportModulesInManaged (22ms)
			SetLoadedEditorAssemblies (6ms)
			RefreshPlugins (0ms)
			BeforeProcessingInitializeOnLoad (115ms)
			ProcessInitializeOnLoadAttributes (435ms)
			ProcessInitializeOnLoadMethodAttributes (34ms)
			AfterProcessingInitializeOnLoad (11ms)
			EditorAssembliesLoaded (0ms)
		ExecutionOrderSort2 (0ms)
		AwakeInstancesAfterBackupRestoration (7ms)
Refreshing native plugins compatible for Editor in 5.55 ms, found 3 plugins.
Preloading 0 native plugins for Editor in 0.00 ms.
Unloading 3941 Unused Serialized files (Serialized files now loaded: 0)
Unloading 22 unused Assets / (32.8 KB). Loaded Objects now: 4582.
Memory consumption went from 225.6 MB to 225.6 MB.
Total: 3.352400 ms (FindLiveObjects: 0.395700 ms CreateObjectMapping: 0.231500 ms MarkObjects: 2.677900 ms  DeleteObjects: 0.046000 ms)

Prepare: number of updated asset objects reloaded= 0
AssetImportParameters requested are different than current active one (requested -> active):
  custom:container-demuxer-ogg: 62fdf1f143b41e24485cea50d1cbac27 -> 
  custom:scripting/monoscript/fileName/GroggyBar.cs: 100a61dadfc5e32941fd0f737636facf -> 
  custom:video-decoder-ogg-theora: a1e56fd34408186e4bbccfd4996cb3dc -> 
  custom:framework-win-MediaFoundation: 216162199b28c13a410421893ffa2e32 -> 
  custom:CustomObjectIndexerAttribute: 9a22284fe3817be447336de3de66b15e -> 
  custom:container-demuxer-webm: 4f35f7cbe854078d1ac9338744f61a02 -> 
  custom:container-muxer-webm: aa71ff27fc2769a1b78a27578f13a17b -> 
  custom:video-decoder-webm-vp8: 9c59270c3fd7afecdb556c50c9e8de78 -> 
  custom:SearchIndexIgnoredProperties: e643bd26f0fe6173181afceb89e7c659 -> 
  custom:AudioImporter_EditorPlatform: d09bf68614088b80899f8185d706f6e7 -> 
  custom:video-encoder-webm-vp8: eb34c28f22e8b96e1ab97ce403110664 -> 
  custom:scripting/monoscript/fileName/GroggyBarFollower.cs: 819d994350b9b9cabf3c84cf4da82ff6 -> 
  custom:audio-decoder-ogg-vorbis: bf7c407c2cedff20999df2af8eb42d56 -> 
  custom:audio-encoder-webm-vorbis: bf7c407c2cedff20999df2af8eb42d56 -> 
  custom:scripting/precompiled-assembly-types:Assembly-CSharp: b46ac83b1ac601f3cf7a79e40a0cc39b -> 1476765af81e86739e20042d8f5f0532
========================================================================
Received Import Request.
  Time since last request: 1192.788086 seconds.
  path: Assets/GoldenSkullStudios/2D/2D_Iso_Tile_Pack_Starter/0_Example_Scenes/Maps/Island_AnimatedWater.prefab
  artifactKey: Guid(5d0b142347dc24c45b20384c3aedde9c) Importer(815301076,1909f56bfc062723c751e8b465ee728b)
Start importing Assets/GoldenSkullStudios/2D/2D_Iso_Tile_Pack_Starter/0_Example_Scenes/Maps/Island_AnimatedWater.prefab using Guid(5d0b142347dc24c45b20384c3aedde9c) Importer(815301076,1909f56bfc062723c751e8b465ee728b) [PhysX] Initialized MultithreadedTaskDispatcher with 12 workers.
[PhysX] Initialized MultithreadedTaskDispatcher with 12 workers.
 -> (artifact id: 'f4d81581685b582f793fdfb1a64105c1') in 0.145523 seconds
Number of updated asset objects reloaded before import = 0
Number of asset objects unloaded after import = 70
========================================================================
Received Import Request.
  Time since last request: 0.000013 seconds.
  path: Assets/GoldenSkullStudios/2D/2D_Iso_Tile_Pack_Starter/0_Example_Scenes/Maps/Map_2.prefab
  artifactKey: Guid(c5b4c8d5a90edb243a6318b7a7d64351) Importer(815301076,1909f56bfc062723c751e8b465ee728b)
Start importing Assets/GoldenSkullStudios/2D/2D_Iso_Tile_Pack_Starter/0_Example_Scenes/Maps/Map_2.prefab using Guid(c5b4c8d5a90edb243a6318b7a7d64351) Importer(815301076,1909f56bfc062723c751e8b465ee728b) [PhysX] Initialized MultithreadedTaskDispatcher with 12 workers.
[PhysX] Initialized MultithreadedTaskDispatcher with 12 workers.
 -> (artifact id: 'd52db9e9d4006a1361eccba6ef19ec81') in 0.163020 seconds
Number of updated asset objects reloaded before import = 0
Number of asset objects unloaded after import = 135
========================================================================
Received Import Request.
  Time since last request: 0.000016 seconds.
  path: Assets/GoldenSkullStudios/2D/2D_Iso_Tile_Pack_Starter/0_Example_Scenes/Maps/Map_4.prefab
  artifactKey: Guid(0bd97203fa8e3af4c9416aea7e51db4f) Importer(815301076,1909f56bfc062723c751e8b465ee728b)
Start importing Assets/GoldenSkullStudios/2D/2D_Iso_Tile_Pack_Starter/0_Example_Scenes/Maps/Map_4.prefab using Guid(0bd97203fa8e3af4c9416aea7e51db4f) Importer(815301076,1909f56bfc062723c751e8b465ee728b) [PhysX] Initialized MultithreadedTaskDispatcher with 12 workers.
[PhysX] Initialized MultithreadedTaskDispatcher with 12 workers.
 -> (artifact id: '0d94ca80372b8f8fc3d774c5356a636e') in 0.191329 seconds
Number of updated asset objects reloaded before import = 0
Number of asset objects unloaded after import = 100
========================================================================
Received Import Request.
  Time since last request: 0.000029 seconds.
  path: Assets/SPUM/Basic_Resources/Prefab/LoadPrefabs_ChracterPivot.prefab
  artifactKey: Guid(f625a9f04ecaa49439f871108c10906b) Importer(815301076,1909f56bfc062723c751e8b465ee728b)
Start importing Assets/SPUM/Basic_Resources/Prefab/LoadPrefabs_ChracterPivot.prefab using Guid(f625a9f04ecaa49439f871108c10906b) Importer(815301076,1909f56bfc062723c751e8b465ee728b) [PhysX] Initialized MultithreadedTaskDispatcher with 12 workers.
[PhysX] Initialized MultithreadedTaskDispatcher with 12 workers.
 -> (artifact id: 'cf451811e266cd3f917cedf5e6ecc43e') in 0.103774 seconds
Number of updated asset objects reloaded before import = 0
Number of asset objects unloaded after import = 568
========================================================================
Received Import Request.
  Time since last request: 0.000015 seconds.
  path: Assets/GoldenSkullStudios/2D/2D_Iso_Tile_Pack_Starter/0_Example_Scenes/Maps/Map_1.prefab
  artifactKey: Guid(de6a9a02750ca6b4f9349bfbd8df7c63) Importer(815301076,1909f56bfc062723c751e8b465ee728b)
Start importing Assets/GoldenSkullStudios/2D/2D_Iso_Tile_Pack_Starter/0_Example_Scenes/Maps/Map_1.prefab using Guid(de6a9a02750ca6b4f9349bfbd8df7c63) Importer(815301076,1909f56bfc062723c751e8b465ee728b) [PhysX] Initialized MultithreadedTaskDispatcher with 12 workers.
[PhysX] Initialized MultithreadedTaskDispatcher with 12 workers.
 -> (artifact id: 'e456b1f4df1955b3578b64da70d5636b') in 0.064208 seconds
Number of updated asset objects reloaded before import = 0
Number of asset objects unloaded after import = 181
========================================================================
Received Import Request.
  Time since last request: 4.283546 seconds.
  path: Assets/2.Model/Prefabs/Goblinenemy2.prefab
  artifactKey: Guid(8f10eb2fb462f234581eb15a6dc9238d) Importer(815301076,1909f56bfc062723c751e8b465ee728b)
Start importing Assets/2.Model/Prefabs/Goblinenemy2.prefab using Guid(8f10eb2fb462f234581eb15a6dc9238d) Importer(815301076,1909f56bfc062723c751e8b465ee728b) [PhysX] Initialized MultithreadedTaskDispatcher with 12 workers.
[PhysX] Initialized MultithreadedTaskDispatcher with 12 workers.
 -> (artifact id: '72ce5884b662fa795dd82e2dc42f0c7f') in 0.071400 seconds
Number of updated asset objects reloaded before import = 0
Number of asset objects unloaded after import = 272
========================================================================
Received Import Request.
  Time since last request: 0.000018 seconds.
  path: Assets/2.Model/Prefabs/enemy4.prefab
  artifactKey: Guid(709b8ad5d0f2cd247812f121db9bfbc2) Importer(815301076,1909f56bfc062723c751e8b465ee728b)
Start importing Assets/2.Model/Prefabs/enemy4.prefab using Guid(709b8ad5d0f2cd247812f121db9bfbc2) Importer(815301076,1909f56bfc062723c751e8b465ee728b) [PhysX] Initialized MultithreadedTaskDispatcher with 12 workers.
[PhysX] Initialized MultithreadedTaskDispatcher with 12 workers.
 -> (artifact id: '8c6d7289e16a91ec852d8e600dbb7a72') in 0.055655 seconds
Number of updated asset objects reloaded before import = 0
Number of asset objects unloaded after import = 273
========================================================================
Received Import Request.
  Time since last request: 0.000028 seconds.
  path: Assets/2.Model/Prefabs/enemy3.prefab
  artifactKey: Guid(03c6ac3201533be4ba1b021909bd9bb4) Importer(815301076,1909f56bfc062723c751e8b465ee728b)
Start importing Assets/2.Model/Prefabs/enemy3.prefab using Guid(03c6ac3201533be4ba1b021909bd9bb4) Importer(815301076,1909f56bfc062723c751e8b465ee728b) [PhysX] Initialized MultithreadedTaskDispatcher with 12 workers.
[PhysX] Initialized MultithreadedTaskDispatcher with 12 workers.
 -> (artifact id: 'ba7bf172bb594fd740981a343cca3054') in 0.084919 seconds
Number of updated asset objects reloaded before import = 0
Number of asset objects unloaded after import = 274
========================================================================
Received Import Request.
  Time since last request: 0.090556 seconds.
  path: Assets/SPUM/Basic_Resources/Prefab/ChracterPivot Variant.prefab
  artifactKey: Guid(178e27a2147386d4d84c76a5fb21772f) Importer(815301076,1909f56bfc062723c751e8b465ee728b)
Start importing Assets/SPUM/Basic_Resources/Prefab/ChracterPivot Variant.prefab using Guid(178e27a2147386d4d84c76a5fb21772f) Importer(815301076,1909f56bfc062723c751e8b465ee728b) [PhysX] Initialized MultithreadedTaskDispatcher with 12 workers.
[PhysX] Initialized MultithreadedTaskDispatcher with 12 workers.
 -> (artifact id: '194aa59768851c18defa28b559a28e92') in 0.093143 seconds
Number of updated asset objects reloaded before import = 0
Number of asset objects unloaded after import = 1762
========================================================================
Received Prepare
Caller must complete domain reload
Begin MonoManager ReloadAssembly
Symbol file data-00000161A2DC2570 doesn't match image C:\Users\asdf\Desktop\unity\ReactiveTurnBase\My project A\Library\ScriptAssemblies\Unity.EditorCoroutines.Editor.dll
Symbol file LoadedFromMemory is not a mono symbol file
Symbol file data-00000161ADB31020 doesn't match image C:\Users\asdf\Desktop\unity\ReactiveTurnBase\My project A\Library\ScriptAssemblies\UniTask.TextMeshPro.dll
Symbol file LoadedFromMemory is not a mono symbol file
Symbol file data-00000161A127F020 doesn't match image C:\Users\asdf\Desktop\unity\ReactiveTurnBase\My project A\Library\ScriptAssemblies\Unity.Timeline.Editor.dll
Symbol file LoadedFromMemory is not a mono symbol file
Symbol file data-00000161ADB31020 doesn't match image C:\Users\asdf\Desktop\unity\ReactiveTurnBase\My project A\Library\ScriptAssemblies\Unity.VisualScripting.Shared.Editor.dll
Symbol file LoadedFromMemory is not a mono symbol file
Symbol file data-00000161ADB31020 doesn't match image C:\Users\asdf\Desktop\unity\ReactiveTurnBase\My project A\Library\ScriptAssemblies\UniTask.DOTween.dll
Symbol file LoadedFromMemory is not a mono symbol file
Symbol file data-00000161ADB31020 doesn't match image C:\Users\asdf\Desktop\unity\ReactiveTurnBase\My project A\Library\ScriptAssemblies\UniTask.Addressables.dll
Symbol file LoadedFromMemory is not a mono symbol file
Symbol file data-00000161AD780030 doesn't match image C:\Users\asdf\Desktop\unity\ReactiveTurnBase\My project A\Library\ScriptAssemblies\UnityEditor.UI.dll
Symbol file LoadedFromMemory is not a mono symbol file
Symbol file data-00000161A2781020 doesn't match image C:\Users\asdf\Desktop\unity\ReactiveTurnBase\My project A\Library\ScriptAssemblies\Unity.VisualScripting.Core.dll
Symbol file LoadedFromMemory is not a mono symbol file
Symbol file data-00000161ABE7C020 doesn't match image C:\Users\asdf\Desktop\unity\ReactiveTurnBase\My project A\Library\ScriptAssemblies\UnityEngine.UI.dll
Symbol file LoadedFromMemory is not a mono symbol file
Symbol file data-00000161AB2BF040 doesn't match image C:\Users\asdf\Desktop\unity\ReactiveTurnBase\My project A\Library\ScriptAssemblies\UniTask.Editor.dll
Symbol file LoadedFromMemory is not a mono symbol file
Symbol file data-00000161A1869020 doesn't match image C:\Users\asdf\Desktop\unity\ReactiveTurnBase\My project A\Library\ScriptAssemblies\Unity.VisualScripting.Core.Editor.dll
Symbol file LoadedFromMemory is not a mono symbol file
Symbol file data-00000161AE0C9020 doesn't match image C:\Users\asdf\Desktop\unity\ReactiveTurnBase\My project A\Library\ScriptAssemblies\UniTask.Linq.dll
Symbol file LoadedFromMemory is not a mono symbol file
Symbol file data-00000161ACA40030 doesn't match image C:\Users\asdf\Desktop\unity\ReactiveTurnBase\My project A\Library\ScriptAssemblies\Unity.VisualScripting.Flow.dll
Symbol file LoadedFromMemory is not a mono symbol file
Symbol file data-00000161ABA3A010 doesn't match image C:\Users\asdf\Desktop\unity\ReactiveTurnBase\My project A\Library\ScriptAssemblies\Unity.VisualScripting.Flow.Editor.dll
Symbol file LoadedFromMemory is not a mono symbol file
Symbol file data-000001617F366010 doesn't match image C:\Users\asdf\Desktop\unity\ReactiveTurnBase\My project A\Library\ScriptAssemblies\Unity.Timeline.dll
Symbol file LoadedFromMemory is not a mono symbol file
Symbol file data-000001620F89EE40 doesn't match image C:\Users\asdf\Desktop\unity\ReactiveTurnBase\My project A\Library\ScriptAssemblies\Unity.InputSystem.dll
Symbol file LoadedFromMemory is not a mono symbol file
Symbol file data-00000161AB2BF040 doesn't match image C:\Users\asdf\Desktop\unity\ReactiveTurnBase\My project A\Library\ScriptAssemblies\Unity.InputSystem.ForUI.dll
Symbol file LoadedFromMemory is not a mono symbol file
Symbol file data-00000161A31CF050 doesn't match image C:\Users\asdf\Desktop\unity\ReactiveTurnBase\My project A\Library\ScriptAssemblies\Unity.TestTools.CodeCoverage.Editor.OpenCover.Mono.Reflection.dll
Symbol file LoadedFromMemory is not a mono symbol file
Symbol file data-00000161A31CF050 doesn't match image C:\Users\asdf\Desktop\unity\ReactiveTurnBase\My project A\Library\ScriptAssemblies\Unity.VisualScripting.SettingsProvider.Editor.dll
Symbol file LoadedFromMemory is not a mono symbol file
Symbol file data-00000161A1CFC020 doesn't match image C:\Users\asdf\Desktop\unity\ReactiveTurnBase\My project A\Library\ScriptAssemblies\Unity.Performance.Profile-Analyzer.Editor.dll
Symbol file LoadedFromMemory is not a mono symbol file
Symbol file data-00000161A2600090 doesn't match image C:\Users\asdf\Desktop\unity\ReactiveTurnBase\My project A\Library\ScriptAssemblies\Unity.TestTools.CodeCoverage.Editor.dll
Symbol file LoadedFromMemory is not a mono symbol file
Symbol file data-000001617F45D020 doesn't match image C:\Users\asdf\Desktop\unity\ReactiveTurnBase\My project A\Library\ScriptAssemblies\Unity.TestTools.CodeCoverage.Editor.OpenCover.Model.dll
Symbol file LoadedFromMemory is not a mono symbol file
Symbol file data-00000161AD4DB6F0 doesn't match image C:\Users\asdf\Desktop\unity\ReactiveTurnBase\My project A\Library\ScriptAssemblies\Unity.VisualScripting.State.Editor.dll
Symbol file LoadedFromMemory is not a mono symbol file
Symbol file data-00000161A3088060 doesn't match image C:\Users\asdf\Desktop\unity\ReactiveTurnBase\My project A\Library\ScriptAssemblies\Unity.Settings.Editor.dll
Symbol file LoadedFromMemory is not a mono symbol file
Symbol file data-00000161A31CF050 doesn't match image C:\Users\asdf\Desktop\unity\ReactiveTurnBase\My project A\Library\ScriptAssemblies\Unity.CollabProxy.Editor.dll
Symbol file LoadedFromMemory is not a mono symbol file
Symbol file data-000001617F2E4020 doesn't match image C:\Users\asdf\Desktop\unity\ReactiveTurnBase\My project A\Library\ScriptAssemblies\Unity.TextMeshPro.dll
Symbol file LoadedFromMemory is not a mono symbol file
Symbol file data-00000161ADDE9D50 doesn't match image C:\Users\asdf\Desktop\unity\ReactiveTurnBase\My project A\Library\ScriptAssemblies\Unity.TextMeshPro.Editor.dll
Symbol file LoadedFromMemory is not a mono symbol file
Symbol file data-00000161ABC42010 doesn't match image C:\Users\asdf\Desktop\unity\ReactiveTurnBase\My project A\Library\ScriptAssemblies\UniTask.dll
Symbol file LoadedFromMemory is not a mono symbol file
Symbol file data-000001617F45D020 doesn't match image C:\Users\asdf\Desktop\unity\ReactiveTurnBase\My project A\Library\ScriptAssemblies\Unity.VisualScripting.State.dll
Symbol file LoadedFromMemory is not a mono symbol file
Symbol file data-000001617F45D020 doesn't match image C:\Users\asdf\Desktop\unity\ReactiveTurnBase\My project A\Library\ScriptAssemblies\Unity.VSCode.Editor.dll
Symbol file LoadedFromMemory is not a mono symbol file
- Loaded All Assemblies, in  0.433 seconds
Native extension for WindowsStandalone target not found
Native extension for Android target not found
Mono: successfully reloaded assembly
- Finished resetting the current domain, in  1.126 seconds
Domain Reload Profiling: 1558ms
	BeginReloadAssembly (133ms)
		ExecutionOrderSort (0ms)
		DisableScriptedObjects (5ms)
		BackupInstance (0ms)
		ReleaseScriptingObjects (0ms)
		CreateAndSetChildDomain (32ms)
	RebuildCommonClasses (26ms)
	RebuildNativeTypeToScriptingClass (9ms)
	initialDomainReloadingComplete (27ms)
	LoadAllAssembliesAndSetupDomain (236ms)
		LoadAssemblies (286ms)
		RebuildTransferFunctionScriptingTraits (0ms)
		AnalyzeDomain (15ms)
			TypeCache.Refresh (4ms)
				TypeCache.ScanAssembly (0ms)
			ScanForSourceGeneratedMonoScriptInfo (0ms)
			ResolveRequiredComponents (8ms)
	FinalizeReload (1127ms)
		ReleaseScriptCaches (0ms)
		RebuildScriptCaches (0ms)
		SetupLoadedEditorAssemblies (646ms)
			LogAssemblyErrors (0ms)
			InitializePlatformSupportModulesInManaged (17ms)
			SetLoadedEditorAssemblies (4ms)
			RefreshPlugins (0ms)
			BeforeProcessingInitializeOnLoad (101ms)
			ProcessInitializeOnLoadAttributes (471ms)
			ProcessInitializeOnLoadMethodAttributes (45ms)
			AfterProcessingInitializeOnLoad (7ms)
			EditorAssembliesLoaded (0ms)
		ExecutionOrderSort2 (0ms)
		AwakeInstancesAfterBackupRestoration (8ms)
Refreshing native plugins compatible for Editor in 6.38 ms, found 3 plugins.
Preloading 0 native plugins for Editor in 0.00 ms.
Unloading 3940 Unused Serialized files (Serialized files now loaded: 0)
Unloading 26 unused Assets / (62.5 KB). Loaded Objects now: 4587.
Memory consumption went from 225.8 MB to 225.8 MB.
Total: 5.536200 ms (FindLiveObjects: 0.337000 ms CreateObjectMapping: 0.253300 ms MarkObjects: 4.659700 ms  DeleteObjects: 0.284700 ms)

Prepare: number of updated asset objects reloaded= 0
AssetImportParameters requested are different than current active one (requested -> active):
  custom:container-demuxer-ogg: 62fdf1f143b41e24485cea50d1cbac27 -> 
  custom:scripting/monoscript/fileName/GroggyBar.cs: 100a61dadfc5e32941fd0f737636facf -> 
  custom:video-decoder-ogg-theora: a1e56fd34408186e4bbccfd4996cb3dc -> 
  custom:framework-win-MediaFoundation: 216162199b28c13a410421893ffa2e32 -> 
  custom:CustomObjectIndexerAttribute: 9a22284fe3817be447336de3de66b15e -> 
  custom:container-demuxer-webm: 4f35f7cbe854078d1ac9338744f61a02 -> 
  custom:container-muxer-webm: aa71ff27fc2769a1b78a27578f13a17b -> 
  custom:video-decoder-webm-vp8: 9c59270c3fd7afecdb556c50c9e8de78 -> 
  custom:SearchIndexIgnoredProperties: e643bd26f0fe6173181afceb89e7c659 -> 
  custom:AudioImporter_EditorPlatform: d09bf68614088b80899f8185d706f6e7 -> 
  custom:video-encoder-webm-vp8: eb34c28f22e8b96e1ab97ce403110664 -> 
  custom:scripting/monoscript/fileName/GroggyBarFollower.cs: 819d994350b9b9cabf3c84cf4da82ff6 -> 
  custom:audio-decoder-ogg-vorbis: bf7c407c2cedff20999df2af8eb42d56 -> 
  custom:audio-encoder-webm-vorbis: bf7c407c2cedff20999df2af8eb42d56 -> 
  custom:scripting/precompiled-assembly-types:Assembly-CSharp: b46ac83b1ac601f3cf7a79e40a0cc39b -> 1476765af81e86739e20042d8f5f0532
========================================================================
Received Prepare
Caller must complete domain reload
Begin MonoManager ReloadAssembly
Symbol file data-00000161A2DC2570 doesn't match image C:\Users\asdf\Desktop\unity\ReactiveTurnBase\My project A\Library\ScriptAssemblies\Unity.EditorCoroutines.Editor.dll
Symbol file LoadedFromMemory is not a mono symbol file
Symbol file data-000001617F407020 doesn't match image C:\Users\asdf\Desktop\unity\ReactiveTurnBase\My project A\Library\ScriptAssemblies\UniTask.TextMeshPro.dll
Symbol file LoadedFromMemory is not a mono symbol file
Symbol file data-00000161A127F020 doesn't match image C:\Users\asdf\Desktop\unity\ReactiveTurnBase\My project A\Library\ScriptAssemblies\Unity.Timeline.Editor.dll
Symbol file LoadedFromMemory is not a mono symbol file
Symbol file data-000001617F407020 doesn't match image C:\Users\asdf\Desktop\unity\ReactiveTurnBase\My project A\Library\ScriptAssemblies\Unity.VisualScripting.Shared.Editor.dll
Symbol file LoadedFromMemory is not a mono symbol file
Symbol file data-000001617F407020 doesn't match image C:\Users\asdf\Desktop\unity\ReactiveTurnBase\My project A\Library\ScriptAssemblies\UniTask.DOTween.dll
Symbol file LoadedFromMemory is not a mono symbol file
Symbol file data-000001617F407020 doesn't match image C:\Users\asdf\Desktop\unity\ReactiveTurnBase\My project A\Library\ScriptAssemblies\UniTask.Addressables.dll
Symbol file LoadedFromMemory is not a mono symbol file
Symbol file data-000001617F4FAAE0 doesn't match image C:\Users\asdf\Desktop\unity\ReactiveTurnBase\My project A\Library\ScriptAssemblies\UnityEditor.UI.dll
Symbol file LoadedFromMemory is not a mono symbol file
Symbol file data-00000161A2781020 doesn't match image C:\Users\asdf\Desktop\unity\ReactiveTurnBase\My project A\Library\ScriptAssemblies\Unity.VisualScripting.Core.dll
Symbol file LoadedFromMemory is not a mono symbol file
Symbol file data-00000161ACFC0010 doesn't match image C:\Users\asdf\Desktop\unity\ReactiveTurnBase\My project A\Library\ScriptAssemblies\UnityEngine.UI.dll
Symbol file LoadedFromMemory is not a mono symbol file
Symbol file data-00000161ADB31020 doesn't match image C:\Users\asdf\Desktop\unity\ReactiveTurnBase\My project A\Library\ScriptAssemblies\UniTask.Editor.dll
Symbol file LoadedFromMemory is not a mono symbol file
Symbol file data-00000161A1869020 doesn't match image C:\Users\asdf\Desktop\unity\ReactiveTurnBase\My project A\Library\ScriptAssemblies\Unity.VisualScripting.Core.Editor.dll
Symbol file LoadedFromMemory is not a mono symbol file
Symbol file data-00000161ABC42010 doesn't match image C:\Users\asdf\Desktop\unity\ReactiveTurnBase\My project A\Library\ScriptAssemblies\UniTask.Linq.dll
Symbol file LoadedFromMemory is not a mono symbol file
Symbol file data-00000161A15A6020 doesn't match image C:\Users\asdf\Desktop\unity\ReactiveTurnBase\My project A\Library\ScriptAssemblies\Unity.VisualScripting.Flow.dll
Symbol file LoadedFromMemory is not a mono symbol file
Symbol file data-00000161ABA3A010 doesn't match image C:\Users\asdf\Desktop\unity\ReactiveTurnBase\My project A\Library\ScriptAssemblies\Unity.VisualScripting.Flow.Editor.dll
Symbol file LoadedFromMemory is not a mono symbol file
Symbol file data-000001617F366010 doesn't match image C:\Users\asdf\Desktop\unity\ReactiveTurnBase\My project A\Library\ScriptAssemblies\Unity.Timeline.dll
Symbol file LoadedFromMemory is not a mono symbol file
Symbol file data-000001620F876020 doesn't match image C:\Users\asdf\Desktop\unity\ReactiveTurnBase\My project A\Library\ScriptAssemblies\Unity.InputSystem.dll
Symbol file LoadedFromMemory is not a mono symbol file
Symbol file data-00000161ADB31020 doesn't match image C:\Users\asdf\Desktop\unity\ReactiveTurnBase\My project A\Library\ScriptAssemblies\Unity.InputSystem.ForUI.dll
Symbol file LoadedFromMemory is not a mono symbol file
Symbol file data-00000161AC0EC250 doesn't match image C:\Users\asdf\Desktop\unity\ReactiveTurnBase\My project A\Library\ScriptAssemblies\Unity.TestTools.CodeCoverage.Editor.OpenCover.Mono.Reflection.dll
Symbol file LoadedFromMemory is not a mono symbol file
Symbol file data-00000161AC0EC250 doesn't match image C:\Users\asdf\Desktop\unity\ReactiveTurnBase\My project A\Library\ScriptAssemblies\Unity.VisualScripting.SettingsProvider.Editor.dll
Symbol file LoadedFromMemory is not a mono symbol file
Symbol file data-00000161A1CFC020 doesn't match image C:\Users\asdf\Desktop\unity\ReactiveTurnBase\My project A\Library\ScriptAssemblies\Unity.Performance.Profile-Analyzer.Editor.dll
Symbol file LoadedFromMemory is not a mono symbol file
Symbol file data-00000161A2600090 doesn't match image C:\Users\asdf\Desktop\unity\ReactiveTurnBase\My project A\Library\ScriptAssemblies\Unity.TestTools.CodeCoverage.Editor.dll
Symbol file LoadedFromMemory is not a mono symbol file
Symbol file data-000001617F45D020 doesn't match image C:\Users\asdf\Desktop\unity\ReactiveTurnBase\My project A\Library\ScriptAssemblies\Unity.TestTools.CodeCoverage.Editor.OpenCover.Model.dll
Symbol file LoadedFromMemory is not a mono symbol file
Symbol file data-000001617F4FAAE0 doesn't match image C:\Users\asdf\Desktop\unity\ReactiveTurnBase\My project A\Library\ScriptAssemblies\Unity.VisualScripting.State.Editor.dll
Symbol file LoadedFromMemory is not a mono symbol file
Symbol file data-00000161ABC89220 doesn't match image C:\Users\asdf\Desktop\unity\ReactiveTurnBase\My project A\Library\ScriptAssemblies\Unity.Settings.Editor.dll
Symbol file LoadedFromMemory is not a mono symbol file
Symbol file data-00000161AC0EC250 doesn't match image C:\Users\asdf\Desktop\unity\ReactiveTurnBase\My project A\Library\ScriptAssemblies\Unity.CollabProxy.Editor.dll
Symbol file LoadedFromMemory is not a mono symbol file
Symbol file data-000001617F2E4020 doesn't match image C:\Users\asdf\Desktop\unity\ReactiveTurnBase\My project A\Library\ScriptAssemblies\Unity.TextMeshPro.dll
Symbol file LoadedFromMemory is not a mono symbol file
Symbol file data-000001617F646010 doesn't match image C:\Users\asdf\Desktop\unity\ReactiveTurnBase\My project A\Library\ScriptAssemblies\Unity.TextMeshPro.Editor.dll
Symbol file LoadedFromMemory is not a mono symbol file
Symbol file data-000001617F867240 doesn't match image C:\Users\asdf\Desktop\unity\ReactiveTurnBase\My project A\Library\ScriptAssemblies\UniTask.dll
Symbol file LoadedFromMemory is not a mono symbol file
Symbol file data-000001617F45D020 doesn't match image C:\Users\asdf\Desktop\unity\ReactiveTurnBase\My project A\Library\ScriptAssemblies\Unity.VisualScripting.State.dll
Symbol file LoadedFromMemory is not a mono symbol file
Symbol file data-000001617F45D020 doesn't match image C:\Users\asdf\Desktop\unity\ReactiveTurnBase\My project A\Library\ScriptAssemblies\Unity.VSCode.Editor.dll
Symbol file LoadedFromMemory is not a mono symbol file
- Loaded All Assemblies, in  0.446 seconds
Native extension for WindowsStandalone target not found
Native extension for Android target not found
Mono: successfully reloaded assembly
- Finished resetting the current domain, in  1.012 seconds
Domain Reload Profiling: 1456ms
	BeginReloadAssembly (135ms)
		ExecutionOrderSort (0ms)
		DisableScriptedObjects (6ms)
		BackupInstance (0ms)
		ReleaseScriptingObjects (0ms)
		CreateAndSetChildDomain (29ms)
	RebuildCommonClasses (25ms)
	RebuildNativeTypeToScriptingClass (8ms)
	initialDomainReloadingComplete (26ms)
	LoadAllAssembliesAndSetupDomain (249ms)
		LoadAssemblies (290ms)
		RebuildTransferFunctionScriptingTraits (0ms)
		AnalyzeDomain (30ms)
			TypeCache.Refresh (11ms)
				TypeCache.ScanAssembly (3ms)
			ScanForSourceGeneratedMonoScriptInfo (11ms)
			ResolveRequiredComponents (6ms)
	FinalizeReload (1013ms)
		ReleaseScriptCaches (0ms)
		RebuildScriptCaches (0ms)
		SetupLoadedEditorAssemblies (506ms)
			LogAssemblyErrors (0ms)
			InitializePlatformSupportModulesInManaged (20ms)
			SetLoadedEditorAssemblies (5ms)
			RefreshPlugins (0ms)
			BeforeProcessingInitializeOnLoad (104ms)
			ProcessInitializeOnLoadAttributes (341ms)
			ProcessInitializeOnLoadMethodAttributes (30ms)
			AfterProcessingInitializeOnLoad (6ms)
			EditorAssembliesLoaded (0ms)
		ExecutionOrderSort2 (0ms)
		AwakeInstancesAfterBackupRestoration (5ms)
Refreshing native plugins compatible for Editor in 3.95 ms, found 3 plugins.
Preloading 0 native plugins for Editor in 0.00 ms.
Unloading 3941 Unused Serialized files (Serialized files now loaded: 0)
Unloading 22 unused Assets / (32.9 KB). Loaded Objects now: 4590.
Memory consumption went from 226.1 MB to 226.0 MB.
Total: 3.439200 ms (FindLiveObjects: 0.395800 ms CreateObjectMapping: 0.234300 ms MarkObjects: 2.759300 ms  DeleteObjects: 0.048600 ms)

Prepare: number of updated asset objects reloaded= 0
AssetImportParameters requested are different than current active one (requested -> active):
  custom:container-demuxer-ogg: 62fdf1f143b41e24485cea50d1cbac27 -> 
  custom:scripting/monoscript/fileName/GroggyBar.cs: 100a61dadfc5e32941fd0f737636facf -> 
  custom:video-decoder-ogg-theora: a1e56fd34408186e4bbccfd4996cb3dc -> 
  custom:framework-win-MediaFoundation: 216162199b28c13a410421893ffa2e32 -> 
  custom:CustomObjectIndexerAttribute: 9a22284fe3817be447336de3de66b15e -> 
  custom:container-demuxer-webm: 4f35f7cbe854078d1ac9338744f61a02 -> 
  custom:container-muxer-webm: aa71ff27fc2769a1b78a27578f13a17b -> 
  custom:video-decoder-webm-vp8: 9c59270c3fd7afecdb556c50c9e8de78 -> 
  custom:SearchIndexIgnoredProperties: e643bd26f0fe6173181afceb89e7c659 -> 
  custom:AudioImporter_EditorPlatform: d09bf68614088b80899f8185d706f6e7 -> 
  custom:video-encoder-webm-vp8: eb34c28f22e8b96e1ab97ce403110664 -> 
  custom:scripting/monoscript/fileName/GroggyBarFollower.cs: 819d994350b9b9cabf3c84cf4da82ff6 -> 
  custom:audio-decoder-ogg-vorbis: bf7c407c2cedff20999df2af8eb42d56 -> 
  custom:audio-encoder-webm-vorbis: bf7c407c2cedff20999df2af8eb42d56 -> 
  custom:scripting/precompiled-assembly-types:Assembly-CSharp: b46ac83b1ac601f3cf7a79e40a0cc39b -> 1476765af81e86739e20042d8f5f0532
========================================================================
Received Prepare
Caller must complete domain reload
Begin MonoManager ReloadAssembly
Symbol file data-00000161A2DC2570 doesn't match image C:\Users\asdf\Desktop\unity\ReactiveTurnBase\My project A\Library\ScriptAssemblies\Unity.EditorCoroutines.Editor.dll
Symbol file LoadedFromMemory is not a mono symbol file
Symbol file data-00000161AB2BF040 doesn't match image C:\Users\asdf\Desktop\unity\ReactiveTurnBase\My project A\Library\ScriptAssemblies\UniTask.TextMeshPro.dll
Symbol file LoadedFromMemory is not a mono symbol file
Symbol file data-00000161A127F020 doesn't match image C:\Users\asdf\Desktop\unity\ReactiveTurnBase\My project A\Library\ScriptAssemblies\Unity.Timeline.Editor.dll
Symbol file LoadedFromMemory is not a mono symbol file
Symbol file data-00000161AB2BF040 doesn't match image C:\Users\asdf\Desktop\unity\ReactiveTurnBase\My project A\Library\ScriptAssemblies\Unity.VisualScripting.Shared.Editor.dll
Symbol file LoadedFromMemory is not a mono symbol file
Symbol file data-00000161A2DC2570 doesn't match image C:\Users\asdf\Desktop\unity\ReactiveTurnBase\My project A\Library\ScriptAssemblies\UniTask.DOTween.dll
Symbol file LoadedFromMemory is not a mono symbol file
Symbol file data-00000161A2DC2570 doesn't match image C:\Users\asdf\Desktop\unity\ReactiveTurnBase\My project A\Library\ScriptAssemblies\UniTask.Addressables.dll
Symbol file LoadedFromMemory is not a mono symbol file
Symbol file data-000001617F4FAAE0 doesn't match image C:\Users\asdf\Desktop\unity\ReactiveTurnBase\My project A\Library\ScriptAssemblies\UnityEditor.UI.dll
Symbol file LoadedFromMemory is not a mono symbol file
Symbol file data-00000161ABC42010 doesn't match image C:\Users\asdf\Desktop\unity\ReactiveTurnBase\My project A\Library\ScriptAssemblies\Unity.VisualScripting.Core.dll
Symbol file LoadedFromMemory is not a mono symbol file
Symbol file data-00000161ACFC0010 doesn't match image C:\Users\asdf\Desktop\unity\ReactiveTurnBase\My project A\Library\ScriptAssemblies\UnityEngine.UI.dll
Symbol file LoadedFromMemory is not a mono symbol file
Symbol file data-00000161AB2BF040 doesn't match image C:\Users\asdf\Desktop\unity\ReactiveTurnBase\My project A\Library\ScriptAssemblies\UniTask.Editor.dll
Symbol file LoadedFromMemory is not a mono symbol file
Symbol file data-00000161A1869020 doesn't match image C:\Users\asdf\Desktop\unity\ReactiveTurnBase\My project A\Library\ScriptAssemblies\Unity.VisualScripting.Core.Editor.dll
Symbol file LoadedFromMemory is not a mono symbol file
Symbol file data-000001617F867240 doesn't match image C:\Users\asdf\Desktop\unity\ReactiveTurnBase\My project A\Library\ScriptAssemblies\UniTask.Linq.dll
Symbol file LoadedFromMemory is not a mono symbol file
Symbol file data-00000161ACA40030 doesn't match image C:\Users\asdf\Desktop\unity\ReactiveTurnBase\My project A\Library\ScriptAssemblies\Unity.VisualScripting.Flow.dll
Symbol file LoadedFromMemory is not a mono symbol file
Symbol file data-00000161ABA3A010 doesn't match image C:\Users\asdf\Desktop\unity\ReactiveTurnBase\My project A\Library\ScriptAssemblies\Unity.VisualScripting.Flow.Editor.dll
Symbol file LoadedFromMemory is not a mono symbol file
Symbol file data-000001617F366010 doesn't match image C:\Users\asdf\Desktop\unity\ReactiveTurnBase\My project A\Library\ScriptAssemblies\Unity.Timeline.dll
Symbol file LoadedFromMemory is not a mono symbol file
Symbol file data-000001620F876020 doesn't match image C:\Users\asdf\Desktop\unity\ReactiveTurnBase\My project A\Library\ScriptAssemblies\Unity.InputSystem.dll
Symbol file LoadedFromMemory is not a mono symbol file
Symbol file data-00000161AB2BF040 doesn't match image C:\Users\asdf\Desktop\unity\ReactiveTurnBase\My project A\Library\ScriptAssemblies\Unity.InputSystem.ForUI.dll
Symbol file LoadedFromMemory is not a mono symbol file
Symbol file data-00000161A31CF050 doesn't match image C:\Users\asdf\Desktop\unity\ReactiveTurnBase\My project A\Library\ScriptAssemblies\Unity.TestTools.CodeCoverage.Editor.OpenCover.Mono.Reflection.dll
Symbol file LoadedFromMemory is not a mono symbol file
Symbol file data-00000161A31CF050 doesn't match image C:\Users\asdf\Desktop\unity\ReactiveTurnBase\My project A\Library\ScriptAssemblies\Unity.VisualScripting.SettingsProvider.Editor.dll
Symbol file LoadedFromMemory is not a mono symbol file
Symbol file data-00000161A1CFC020 doesn't match image C:\Users\asdf\Desktop\unity\ReactiveTurnBase\My project A\Library\ScriptAssemblies\Unity.Performance.Profile-Analyzer.Editor.dll
Symbol file LoadedFromMemory is not a mono symbol file
Symbol file data-00000161ACA9C030 doesn't match image C:\Users\asdf\Desktop\unity\ReactiveTurnBase\My project A\Library\ScriptAssemblies\Unity.TestTools.CodeCoverage.Editor.dll
Symbol file LoadedFromMemory is not a mono symbol file
Symbol file data-00000161AB93C020 doesn't match image C:\Users\asdf\Desktop\unity\ReactiveTurnBase\My project A\Library\ScriptAssemblies\Unity.TestTools.CodeCoverage.Editor.OpenCover.Model.dll
Symbol file LoadedFromMemory is not a mono symbol file
Symbol file data-000001617F4FAAE0 doesn't match image C:\Users\asdf\Desktop\unity\ReactiveTurnBase\My project A\Library\ScriptAssemblies\Unity.VisualScripting.State.Editor.dll
Symbol file LoadedFromMemory is not a mono symbol file
Symbol file data-000001617F8AE450 doesn't match image C:\Users\asdf\Desktop\unity\ReactiveTurnBase\My project A\Library\ScriptAssemblies\Unity.Settings.Editor.dll
Symbol file LoadedFromMemory is not a mono symbol file
Symbol file data-000001617F407020 doesn't match image C:\Users\asdf\Desktop\unity\ReactiveTurnBase\My project A\Library\ScriptAssemblies\Unity.CollabProxy.Editor.dll
Symbol file LoadedFromMemory is not a mono symbol file
Symbol file data-000001617F2E4020 doesn't match image C:\Users\asdf\Desktop\unity\ReactiveTurnBase\My project A\Library\ScriptAssemblies\Unity.TextMeshPro.dll
Symbol file LoadedFromMemory is not a mono symbol file
Symbol file data-00000161A10C4020 doesn't match image C:\Users\asdf\Desktop\unity\ReactiveTurnBase\My project A\Library\ScriptAssemblies\Unity.TextMeshPro.Editor.dll
Symbol file LoadedFromMemory is not a mono symbol file
Symbol file data-00000161ADF0D020 doesn't match image C:\Users\asdf\Desktop\unity\ReactiveTurnBase\My project A\Library\ScriptAssemblies\UniTask.dll
Symbol file LoadedFromMemory is not a mono symbol file
Symbol file data-00000161AB93C020 doesn't match image C:\Users\asdf\Desktop\unity\ReactiveTurnBase\My project A\Library\ScriptAssemblies\Unity.VisualScripting.State.dll
Symbol file LoadedFromMemory is not a mono symbol file
Symbol file data-00000161AB93C020 doesn't match image C:\Users\asdf\Desktop\unity\ReactiveTurnBase\My project A\Library\ScriptAssemblies\Unity.VSCode.Editor.dll
Symbol file LoadedFromMemory is not a mono symbol file
- Loaded All Assemblies, in  0.432 seconds
Native extension for WindowsStandalone target not found
Native extension for Android target not found
Mono: successfully reloaded assembly
- Finished resetting the current domain, in  1.150 seconds
Domain Reload Profiling: 1580ms
	BeginReloadAssembly (130ms)
		ExecutionOrderSort (0ms)
		DisableScriptedObjects (6ms)
		BackupInstance (0ms)
		ReleaseScriptingObjects (0ms)
		CreateAndSetChildDomain (30ms)
	RebuildCommonClasses (26ms)
	RebuildNativeTypeToScriptingClass (8ms)
	initialDomainReloadingComplete (27ms)
	LoadAllAssembliesAndSetupDomain (238ms)
		LoadAssemblies (290ms)
		RebuildTransferFunctionScriptingTraits (0ms)
		AnalyzeDomain (13ms)
			TypeCache.Refresh (4ms)
				TypeCache.ScanAssembly (0ms)
			ScanForSourceGeneratedMonoScriptInfo (0ms)
			ResolveRequiredComponents (7ms)
	FinalizeReload (1151ms)
		ReleaseScriptCaches (0ms)
		RebuildScriptCaches (0ms)
		SetupLoadedEditorAssemblies (645ms)
			LogAssemblyErrors (0ms)
			InitializePlatformSupportModulesInManaged (20ms)
			SetLoadedEditorAssemblies (4ms)
			RefreshPlugins (0ms)
			BeforeProcessingInitializeOnLoad (116ms)
			ProcessInitializeOnLoadAttributes (448ms)
			ProcessInitializeOnLoadMethodAttributes (45ms)
			AfterProcessingInitializeOnLoad (11ms)
			EditorAssembliesLoaded (0ms)
		ExecutionOrderSort2 (0ms)
		AwakeInstancesAfterBackupRestoration (8ms)
Refreshing native plugins compatible for Editor in 3.87 ms, found 3 plugins.
Preloading 0 native plugins for Editor in 0.00 ms.
Unloading 3941 Unused Serialized files (Serialized files now loaded: 0)
Unloading 22 unused Assets / (32.9 KB). Loaded Objects now: 4593.
Memory consumption went from 226.1 MB to 226.0 MB.
Total: 3.262900 ms (FindLiveObjects: 0.284400 ms CreateObjectMapping: 0.232500 ms MarkObjects: 2.697800 ms  DeleteObjects: 0.047300 ms)

Prepare: number of updated asset objects reloaded= 0
AssetImportParameters requested are different than current active one (requested -> active):
  custom:container-demuxer-ogg: 62fdf1f143b41e24485cea50d1cbac27 -> 
  custom:scripting/monoscript/fileName/GroggyBar.cs: 100a61dadfc5e32941fd0f737636facf -> 
  custom:video-decoder-ogg-theora: a1e56fd34408186e4bbccfd4996cb3dc -> 
  custom:framework-win-MediaFoundation: 216162199b28c13a410421893ffa2e32 -> 
  custom:CustomObjectIndexerAttribute: 9a22284fe3817be447336de3de66b15e -> 
  custom:container-demuxer-webm: 4f35f7cbe854078d1ac9338744f61a02 -> 
  custom:container-muxer-webm: aa71ff27fc2769a1b78a27578f13a17b -> 
  custom:video-decoder-webm-vp8: 9c59270c3fd7afecdb556c50c9e8de78 -> 
  custom:SearchIndexIgnoredProperties: e643bd26f0fe6173181afceb89e7c659 -> 
  custom:AudioImporter_EditorPlatform: d09bf68614088b80899f8185d706f6e7 -> 
  custom:video-encoder-webm-vp8: eb34c28f22e8b96e1ab97ce403110664 -> 
  custom:scripting/monoscript/fileName/GroggyBarFollower.cs: 819d994350b9b9cabf3c84cf4da82ff6 -> 
  custom:audio-decoder-ogg-vorbis: bf7c407c2cedff20999df2af8eb42d56 -> 
  custom:audio-encoder-webm-vorbis: bf7c407c2cedff20999df2af8eb42d56 -> 
  custom:scripting/precompiled-assembly-types:Assembly-CSharp: b46ac83b1ac601f3cf7a79e40a0cc39b -> 1476765af81e86739e20042d8f5f0532
========================================================================
Received Prepare
Caller must complete domain reload
Begin MonoManager ReloadAssembly
Symbol file data-00000161A2DC2570 doesn't match image C:\Users\asdf\Desktop\unity\ReactiveTurnBase\My project A\Library\ScriptAssemblies\Unity.EditorCoroutines.Editor.dll
Symbol file LoadedFromMemory is not a mono symbol file
Symbol file data-00000161ADB31020 doesn't match image C:\Users\asdf\Desktop\unity\ReactiveTurnBase\My project A\Library\ScriptAssemblies\UniTask.TextMeshPro.dll
Symbol file LoadedFromMemory is not a mono symbol file
Symbol file data-00000161A127F020 doesn't match image C:\Users\asdf\Desktop\unity\ReactiveTurnBase\My project A\Library\ScriptAssemblies\Unity.Timeline.Editor.dll
Symbol file LoadedFromMemory is not a mono symbol file
Symbol file data-00000161ADB31020 doesn't match image C:\Users\asdf\Desktop\unity\ReactiveTurnBase\My project A\Library\ScriptAssemblies\Unity.VisualScripting.Shared.Editor.dll
Symbol file LoadedFromMemory is not a mono symbol file
Symbol file data-00000161A2DC2570 doesn't match image C:\Users\asdf\Desktop\unity\ReactiveTurnBase\My project A\Library\ScriptAssemblies\UniTask.DOTween.dll
Symbol file LoadedFromMemory is not a mono symbol file
Symbol file data-00000161A2DC2570 doesn't match image C:\Users\asdf\Desktop\unity\ReactiveTurnBase\My project A\Library\ScriptAssemblies\UniTask.Addressables.dll
Symbol file LoadedFromMemory is not a mono symbol file
Symbol file data-000001617F4FAAE0 doesn't match image C:\Users\asdf\Desktop\unity\ReactiveTurnBase\My project A\Library\ScriptAssemblies\UnityEditor.UI.dll
Symbol file LoadedFromMemory is not a mono symbol file
Symbol file data-00000161ABC42010 doesn't match image C:\Users\asdf\Desktop\unity\ReactiveTurnBase\My project A\Library\ScriptAssemblies\Unity.VisualScripting.Core.dll
Symbol file LoadedFromMemory is not a mono symbol file
Symbol file data-00000161ABE7C020 doesn't match image C:\Users\asdf\Desktop\unity\ReactiveTurnBase\My project A\Library\ScriptAssemblies\UnityEngine.UI.dll
Symbol file LoadedFromMemory is not a mono symbol file
Symbol file data-00000161ADB31020 doesn't match image C:\Users\asdf\Desktop\unity\ReactiveTurnBase\My project A\Library\ScriptAssemblies\UniTask.Editor.dll
Symbol file LoadedFromMemory is not a mono symbol file
Symbol file data-00000161A1869020 doesn't match image C:\Users\asdf\Desktop\unity\ReactiveTurnBase\My project A\Library\ScriptAssemblies\Unity.VisualScripting.Core.Editor.dll
Symbol file LoadedFromMemory is not a mono symbol file
Symbol file data-000001617F867240 doesn't match image C:\Users\asdf\Desktop\unity\ReactiveTurnBase\My project A\Library\ScriptAssemblies\UniTask.Linq.dll
Symbol file LoadedFromMemory is not a mono symbol file
Symbol file data-00000161A15A6020 doesn't match image C:\Users\asdf\Desktop\unity\ReactiveTurnBase\My project A\Library\ScriptAssemblies\Unity.VisualScripting.Flow.dll
Symbol file LoadedFromMemory is not a mono symbol file
Symbol file data-00000161ABA3A010 doesn't match image C:\Users\asdf\Desktop\unity\ReactiveTurnBase\My project A\Library\ScriptAssemblies\Unity.VisualScripting.Flow.Editor.dll
Symbol file LoadedFromMemory is not a mono symbol file
Symbol file data-000001617F366010 doesn't match image C:\Users\asdf\Desktop\unity\ReactiveTurnBase\My project A\Library\ScriptAssemblies\Unity.Timeline.dll
Symbol file LoadedFromMemory is not a mono symbol file
Symbol file data-000001620F876020 doesn't match image C:\Users\asdf\Desktop\unity\ReactiveTurnBase\My project A\Library\ScriptAssemblies\Unity.InputSystem.dll
Symbol file LoadedFromMemory is not a mono symbol file
Symbol file data-00000161ADB31020 doesn't match image C:\Users\asdf\Desktop\unity\ReactiveTurnBase\My project A\Library\ScriptAssemblies\Unity.InputSystem.ForUI.dll
Symbol file LoadedFromMemory is not a mono symbol file
Symbol file data-00000161ACFE8030 doesn't match image C:\Users\asdf\Desktop\unity\ReactiveTurnBase\My project A\Library\ScriptAssemblies\Unity.TestTools.CodeCoverage.Editor.OpenCover.Mono.Reflection.dll
Symbol file LoadedFromMemory is not a mono symbol file
Symbol file data-00000161ACFE8030 doesn't match image C:\Users\asdf\Desktop\unity\ReactiveTurnBase\My project A\Library\ScriptAssemblies\Unity.VisualScripting.SettingsProvider.Editor.dll
Symbol file LoadedFromMemory is not a mono symbol file
Symbol file data-00000161A1CFC020 doesn't match image C:\Users\asdf\Desktop\unity\ReactiveTurnBase\My project A\Library\ScriptAssemblies\Unity.Performance.Profile-Analyzer.Editor.dll
Symbol file LoadedFromMemory is not a mono symbol file
Symbol file data-00000161A2600090 doesn't match image C:\Users\asdf\Desktop\unity\ReactiveTurnBase\My project A\Library\ScriptAssemblies\Unity.TestTools.CodeCoverage.Editor.dll
Symbol file LoadedFromMemory is not a mono symbol file
Symbol file data-00000161AB93C020 doesn't match image C:\Users\asdf\Desktop\unity\ReactiveTurnBase\My project A\Library\ScriptAssemblies\Unity.TestTools.CodeCoverage.Editor.OpenCover.Model.dll
Symbol file LoadedFromMemory is not a mono symbol file
Symbol file data-000001617F4FAAE0 doesn't match image C:\Users\asdf\Desktop\unity\ReactiveTurnBase\My project A\Library\ScriptAssemblies\Unity.VisualScripting.State.Editor.dll
Symbol file LoadedFromMemory is not a mono symbol file
Symbol file data-000001617F8AE450 doesn't match image C:\Users\asdf\Desktop\unity\ReactiveTurnBase\My project A\Library\ScriptAssemblies\Unity.Settings.Editor.dll
Symbol file LoadedFromMemory is not a mono symbol file
Symbol file data-00000161AB2BF040 doesn't match image C:\Users\asdf\Desktop\unity\ReactiveTurnBase\My project A\Library\ScriptAssemblies\Unity.CollabProxy.Editor.dll
Symbol file LoadedFromMemory is not a mono symbol file
Symbol file data-000001617F2E4020 doesn't match image C:\Users\asdf\Desktop\unity\ReactiveTurnBase\My project A\Library\ScriptAssemblies\Unity.TextMeshPro.dll
Symbol file LoadedFromMemory is not a mono symbol file
Symbol file data-000001617F646010 doesn't match image C:\Users\asdf\Desktop\unity\ReactiveTurnBase\My project A\Library\ScriptAssemblies\Unity.TextMeshPro.Editor.dll
Symbol file LoadedFromMemory is not a mono symbol file
Symbol file data-00000161ADF0D020 doesn't match image C:\Users\asdf\Desktop\unity\ReactiveTurnBase\My project A\Library\ScriptAssemblies\UniTask.dll
Symbol file LoadedFromMemory is not a mono symbol file
Symbol file data-00000161AB93C020 doesn't match image C:\Users\asdf\Desktop\unity\ReactiveTurnBase\My project A\Library\ScriptAssemblies\Unity.VisualScripting.State.dll
Symbol file LoadedFromMemory is not a mono symbol file
Symbol file data-00000161AB93C020 doesn't match image C:\Users\asdf\Desktop\unity\ReactiveTurnBase\My project A\Library\ScriptAssemblies\Unity.VSCode.Editor.dll
Symbol file LoadedFromMemory is not a mono symbol file
- Loaded All Assemblies, in  0.490 seconds
Native extension for WindowsStandalone target not found
Native extension for Android target not found
Mono: successfully reloaded assembly
- Finished resetting the current domain, in  1.058 seconds
Domain Reload Profiling: 1545ms
	BeginReloadAssembly (147ms)
		ExecutionOrderSort (0ms)
		DisableScriptedObjects (6ms)
		BackupInstance (0ms)
		ReleaseScriptingObjects (0ms)
		CreateAndSetChildDomain (35ms)
	RebuildCommonClasses (28ms)
	RebuildNativeTypeToScriptingClass (8ms)
	initialDomainReloadingComplete (28ms)
	LoadAllAssembliesAndSetupDomain (275ms)
		LoadAssemblies (320ms)
		RebuildTransferFunctionScriptingTraits (0ms)
		AnalyzeDomain (30ms)
			TypeCache.Refresh (10ms)
				TypeCache.ScanAssembly (3ms)
			ScanForSourceGeneratedMonoScriptInfo (11ms)
			ResolveRequiredComponents (7ms)
	FinalizeReload (1058ms)
		ReleaseScriptCaches (0ms)
		RebuildScriptCaches (0ms)
		SetupLoadedEditorAssemblies (600ms)
			LogAssemblyErrors (0ms)
			InitializePlatformSupportModulesInManaged (17ms)
			SetLoadedEditorAssemblies (4ms)
			RefreshPlugins (0ms)
			BeforeProcessingInitializeOnLoad (90ms)
			ProcessInitializeOnLoadAttributes (454ms)
			ProcessInitializeOnLoadMethodAttributes (29ms)
			AfterProcessingInitializeOnLoad (6ms)
			EditorAssembliesLoaded (0ms)
		ExecutionOrderSort2 (0ms)
		AwakeInstancesAfterBackupRestoration (6ms)
Refreshing native plugins compatible for Editor in 5.03 ms, found 3 plugins.
Preloading 0 native plugins for Editor in 0.00 ms.
Unloading 3941 Unused Serialized files (Serialized files now loaded: 0)
Unloading 22 unused Assets / (32.8 KB). Loaded Objects now: 4596.
Memory consumption went from 226.1 MB to 226.0 MB.
Total: 3.288100 ms (FindLiveObjects: 0.255400 ms CreateObjectMapping: 0.198700 ms MarkObjects: 2.786900 ms  DeleteObjects: 0.046400 ms)

Prepare: number of updated asset objects reloaded= 0
AssetImportParameters requested are different than current active one (requested -> active):
  custom:container-demuxer-ogg: 62fdf1f143b41e24485cea50d1cbac27 -> 
  custom:scripting/monoscript/fileName/GroggyBar.cs: 100a61dadfc5e32941fd0f737636facf -> 
  custom:video-decoder-ogg-theora: a1e56fd34408186e4bbccfd4996cb3dc -> 
  custom:framework-win-MediaFoundation: 216162199b28c13a410421893ffa2e32 -> 
  custom:CustomObjectIndexerAttribute: 9a22284fe3817be447336de3de66b15e -> 
  custom:container-demuxer-webm: 4f35f7cbe854078d1ac9338744f61a02 -> 
  custom:container-muxer-webm: aa71ff27fc2769a1b78a27578f13a17b -> 
  custom:video-decoder-webm-vp8: 9c59270c3fd7afecdb556c50c9e8de78 -> 
  custom:SearchIndexIgnoredProperties: e643bd26f0fe6173181afceb89e7c659 -> 
  custom:AudioImporter_EditorPlatform: d09bf68614088b80899f8185d706f6e7 -> 
  custom:video-encoder-webm-vp8: eb34c28f22e8b96e1ab97ce403110664 -> 
  custom:scripting/monoscript/fileName/GroggyBarFollower.cs: 819d994350b9b9cabf3c84cf4da82ff6 -> 
  custom:audio-decoder-ogg-vorbis: bf7c407c2cedff20999df2af8eb42d56 -> 
  custom:audio-encoder-webm-vorbis: bf7c407c2cedff20999df2af8eb42d56 -> 
  custom:scripting/precompiled-assembly-types:Assembly-CSharp: b46ac83b1ac601f3cf7a79e40a0cc39b -> 1476765af81e86739e20042d8f5f0532
========================================================================
Received Prepare
Caller must complete domain reload
Begin MonoManager ReloadAssembly
Symbol file data-00000161A2DC2570 doesn't match image C:\Users\asdf\Desktop\unity\ReactiveTurnBase\My project A\Library\ScriptAssemblies\Unity.EditorCoroutines.Editor.dll
Symbol file LoadedFromMemory is not a mono symbol file
Symbol file data-000001617F407020 doesn't match image C:\Users\asdf\Desktop\unity\ReactiveTurnBase\My project A\Library\ScriptAssemblies\UniTask.TextMeshPro.dll
Symbol file LoadedFromMemory is not a mono symbol file
Symbol file data-00000161A127F020 doesn't match image C:\Users\asdf\Desktop\unity\ReactiveTurnBase\My project A\Library\ScriptAssemblies\Unity.Timeline.Editor.dll
Symbol file LoadedFromMemory is not a mono symbol file
Symbol file data-000001617F407020 doesn't match image C:\Users\asdf\Desktop\unity\ReactiveTurnBase\My project A\Library\ScriptAssemblies\Unity.VisualScripting.Shared.Editor.dll
Symbol file LoadedFromMemory is not a mono symbol file
Symbol file data-000001617F407020 doesn't match image C:\Users\asdf\Desktop\unity\ReactiveTurnBase\My project A\Library\ScriptAssemblies\UniTask.DOTween.dll
Symbol file LoadedFromMemory is not a mono symbol file
Symbol file data-000001617F407020 doesn't match image C:\Users\asdf\Desktop\unity\ReactiveTurnBase\My project A\Library\ScriptAssemblies\UniTask.Addressables.dll
Symbol file LoadedFromMemory is not a mono symbol file
Symbol file data-000001617F4FAAE0 doesn't match image C:\Users\asdf\Desktop\unity\ReactiveTurnBase\My project A\Library\ScriptAssemblies\UnityEditor.UI.dll
Symbol file LoadedFromMemory is not a mono symbol file
Symbol file data-00000161ABC42010 doesn't match image C:\Users\asdf\Desktop\unity\ReactiveTurnBase\My project A\Library\ScriptAssemblies\Unity.VisualScripting.Core.dll
Symbol file LoadedFromMemory is not a mono symbol file
Symbol file data-00000161ABE7C020 doesn't match image C:\Users\asdf\Desktop\unity\ReactiveTurnBase\My project A\Library\ScriptAssemblies\UnityEngine.UI.dll
Symbol file LoadedFromMemory is not a mono symbol file
Symbol file data-00000161ADB31020 doesn't match image C:\Users\asdf\Desktop\unity\ReactiveTurnBase\My project A\Library\ScriptAssemblies\UniTask.Editor.dll
Symbol file LoadedFromMemory is not a mono symbol file
Symbol file data-00000161A1869020 doesn't match image C:\Users\asdf\Desktop\unity\ReactiveTurnBase\My project A\Library\ScriptAssemblies\Unity.VisualScripting.Core.Editor.dll
Symbol file LoadedFromMemory is not a mono symbol file
Symbol file data-00000161ADF0D020 doesn't match image C:\Users\asdf\Desktop\unity\ReactiveTurnBase\My project A\Library\ScriptAssemblies\UniTask.Linq.dll
Symbol file LoadedFromMemory is not a mono symbol file
Symbol file data-00000161ACA40030 doesn't match image C:\Users\asdf\Desktop\unity\ReactiveTurnBase\My project A\Library\ScriptAssemblies\Unity.VisualScripting.Flow.dll
Symbol file LoadedFromMemory is not a mono symbol file
Symbol file data-00000161ABA3A010 doesn't match image C:\Users\asdf\Desktop\unity\ReactiveTurnBase\My project A\Library\ScriptAssemblies\Unity.VisualScripting.Flow.Editor.dll
Symbol file LoadedFromMemory is not a mono symbol file
Symbol file data-000001617F366010 doesn't match image C:\Users\asdf\Desktop\unity\ReactiveTurnBase\My project A\Library\ScriptAssemblies\Unity.Timeline.dll
Symbol file LoadedFromMemory is not a mono symbol file
Symbol file data-000001620F8B8010 doesn't match image C:\Users\asdf\Desktop\unity\ReactiveTurnBase\My project A\Library\ScriptAssemblies\Unity.InputSystem.dll
Symbol file LoadedFromMemory is not a mono symbol file
Symbol file data-00000161ADB31020 doesn't match image C:\Users\asdf\Desktop\unity\ReactiveTurnBase\My project A\Library\ScriptAssemblies\Unity.InputSystem.ForUI.dll
Symbol file LoadedFromMemory is not a mono symbol file
Symbol file data-00000161ACFE8030 doesn't match image C:\Users\asdf\Desktop\unity\ReactiveTurnBase\My project A\Library\ScriptAssemblies\Unity.TestTools.CodeCoverage.Editor.OpenCover.Mono.Reflection.dll
Symbol file LoadedFromMemory is not a mono symbol file
Symbol file data-00000161ACFE8030 doesn't match image C:\Users\asdf\Desktop\unity\ReactiveTurnBase\My project A\Library\ScriptAssemblies\Unity.VisualScripting.SettingsProvider.Editor.dll
Symbol file LoadedFromMemory is not a mono symbol file
Symbol file data-00000161A1CFC020 doesn't match image C:\Users\asdf\Desktop\unity\ReactiveTurnBase\My project A\Library\ScriptAssemblies\Unity.Performance.Profile-Analyzer.Editor.dll
Symbol file LoadedFromMemory is not a mono symbol file
Symbol file data-00000161A2600090 doesn't match image C:\Users\asdf\Desktop\unity\ReactiveTurnBase\My project A\Library\ScriptAssemblies\Unity.TestTools.CodeCoverage.Editor.dll
Symbol file LoadedFromMemory is not a mono symbol file
Symbol file data-000001617F45D020 doesn't match image C:\Users\asdf\Desktop\unity\ReactiveTurnBase\My project A\Library\ScriptAssemblies\Unity.TestTools.CodeCoverage.Editor.OpenCover.Model.dll
Symbol file LoadedFromMemory is not a mono symbol file
Symbol file data-000001617F4FAAE0 doesn't match image C:\Users\asdf\Desktop\unity\ReactiveTurnBase\My project A\Library\ScriptAssemblies\Unity.VisualScripting.State.Editor.dll
Symbol file LoadedFromMemory is not a mono symbol file
Symbol file data-00000161ADF54230 doesn't match image C:\Users\asdf\Desktop\unity\ReactiveTurnBase\My project A\Library\ScriptAssemblies\Unity.Settings.Editor.dll
Symbol file LoadedFromMemory is not a mono symbol file
Symbol file data-00000161ACFE8030 doesn't match image C:\Users\asdf\Desktop\unity\ReactiveTurnBase\My project A\Library\ScriptAssemblies\Unity.CollabProxy.Editor.dll
Symbol file LoadedFromMemory is not a mono symbol file
Symbol file data-000001617F2E4020 doesn't match image C:\Users\asdf\Desktop\unity\ReactiveTurnBase\My project A\Library\ScriptAssemblies\Unity.TextMeshPro.dll
Symbol file LoadedFromMemory is not a mono symbol file
Symbol file data-000001617F646010 doesn't match image C:\Users\asdf\Desktop\unity\ReactiveTurnBase\My project A\Library\ScriptAssemblies\Unity.TextMeshPro.Editor.dll
Symbol file LoadedFromMemory is not a mono symbol file
Symbol file data-00000161ABC42010 doesn't match image C:\Users\asdf\Desktop\unity\ReactiveTurnBase\My project A\Library\ScriptAssemblies\UniTask.dll
Symbol file LoadedFromMemory is not a mono symbol file
Symbol file data-000001617F45D020 doesn't match image C:\Users\asdf\Desktop\unity\ReactiveTurnBase\My project A\Library\ScriptAssemblies\Unity.VisualScripting.State.dll
Symbol file LoadedFromMemory is not a mono symbol file
Symbol file data-000001617F45D020 doesn't match image C:\Users\asdf\Desktop\unity\ReactiveTurnBase\My project A\Library\ScriptAssemblies\Unity.VSCode.Editor.dll
Symbol file LoadedFromMemory is not a mono symbol file
- Loaded All Assemblies, in  0.505 seconds
Native extension for WindowsStandalone target not found
Native extension for Android target not found
Mono: successfully reloaded assembly
- Finished resetting the current domain, in  1.179 seconds
Domain Reload Profiling: 1682ms
	BeginReloadAssembly (137ms)
		ExecutionOrderSort (0ms)
		DisableScriptedObjects (8ms)
		BackupInstance (0ms)
		ReleaseScriptingObjects (0ms)
		CreateAndSetChildDomain (31ms)
	RebuildCommonClasses (27ms)
	RebuildNativeTypeToScriptingClass (9ms)
	initialDomainReloadingComplete (46ms)
	LoadAllAssembliesAndSetupDomain (284ms)
		LoadAssemblies (336ms)
		RebuildTransferFunctionScriptingTraits (0ms)
		AnalyzeDomain (16ms)
			TypeCache.Refresh (5ms)
				TypeCache.ScanAssembly (0ms)
			ScanForSourceGeneratedMonoScriptInfo (0ms)
			ResolveRequiredComponents (9ms)
	FinalizeReload (1180ms)
		ReleaseScriptCaches (0ms)
		RebuildScriptCaches (0ms)
		SetupLoadedEditorAssemblies (688ms)
			LogAssemblyErrors (0ms)
			InitializePlatformSupportModulesInManaged (16ms)
			SetLoadedEditorAssemblies (4ms)
			RefreshPlugins (0ms)
			BeforeProcessingInitializeOnLoad (91ms)
			ProcessInitializeOnLoadAttributes (529ms)
			ProcessInitializeOnLoadMethodAttributes (38ms)
			AfterProcessingInitializeOnLoad (10ms)
			EditorAssembliesLoaded (0ms)
		ExecutionOrderSort2 (0ms)
		AwakeInstancesAfterBackupRestoration (8ms)
Refreshing native plugins compatible for Editor in 4.96 ms, found 3 plugins.
Preloading 0 native plugins for Editor in 0.00 ms.
Unloading 3941 Unused Serialized files (Serialized files now loaded: 0)
Unloading 22 unused Assets / (33.0 KB). Loaded Objects now: 4599.
Memory consumption went from 226.1 MB to 226.0 MB.
Total: 4.421100 ms (FindLiveObjects: 0.312700 ms CreateObjectMapping: 0.234700 ms MarkObjects: 3.764500 ms  DeleteObjects: 0.107700 ms)

Prepare: number of updated asset objects reloaded= 0
AssetImportParameters requested are different than current active one (requested -> active):
  custom:container-demuxer-ogg: 62fdf1f143b41e24485cea50d1cbac27 -> 
  custom:scripting/monoscript/fileName/GroggyBar.cs: 100a61dadfc5e32941fd0f737636facf -> 
  custom:video-decoder-ogg-theora: a1e56fd34408186e4bbccfd4996cb3dc -> 
  custom:framework-win-MediaFoundation: 216162199b28c13a410421893ffa2e32 -> 
  custom:CustomObjectIndexerAttribute: 9a22284fe3817be447336de3de66b15e -> 
  custom:container-demuxer-webm: 4f35f7cbe854078d1ac9338744f61a02 -> 
  custom:container-muxer-webm: aa71ff27fc2769a1b78a27578f13a17b -> 
  custom:video-decoder-webm-vp8: 9c59270c3fd7afecdb556c50c9e8de78 -> 
  custom:SearchIndexIgnoredProperties: e643bd26f0fe6173181afceb89e7c659 -> 
  custom:AudioImporter_EditorPlatform: d09bf68614088b80899f8185d706f6e7 -> 
  custom:video-encoder-webm-vp8: eb34c28f22e8b96e1ab97ce403110664 -> 
  custom:scripting/monoscript/fileName/GroggyBarFollower.cs: 819d994350b9b9cabf3c84cf4da82ff6 -> 
  custom:audio-decoder-ogg-vorbis: bf7c407c2cedff20999df2af8eb42d56 -> 
  custom:audio-encoder-webm-vorbis: bf7c407c2cedff20999df2af8eb42d56 -> 
  custom:scripting/precompiled-assembly-types:Assembly-CSharp: b46ac83b1ac601f3cf7a79e40a0cc39b -> 1476765af81e86739e20042d8f5f0532
========================================================================
Received Prepare
Caller must complete domain reload
Begin MonoManager ReloadAssembly
Symbol file data-00000161A2DC2570 doesn't match image C:\Users\asdf\Desktop\unity\ReactiveTurnBase\My project A\Library\ScriptAssemblies\Unity.EditorCoroutines.Editor.dll
Symbol file LoadedFromMemory is not a mono symbol file
Symbol file data-00000161AB2BF040 doesn't match image C:\Users\asdf\Desktop\unity\ReactiveTurnBase\My project A\Library\ScriptAssemblies\UniTask.TextMeshPro.dll
Symbol file LoadedFromMemory is not a mono symbol file
Symbol file data-00000161A127F020 doesn't match image C:\Users\asdf\Desktop\unity\ReactiveTurnBase\My project A\Library\ScriptAssemblies\Unity.Timeline.Editor.dll
Symbol file LoadedFromMemory is not a mono symbol file
Symbol file data-00000161AB2BF040 doesn't match image C:\Users\asdf\Desktop\unity\ReactiveTurnBase\My project A\Library\ScriptAssemblies\Unity.VisualScripting.Shared.Editor.dll
Symbol file LoadedFromMemory is not a mono symbol file
Symbol file data-00000161A2DC2570 doesn't match image C:\Users\asdf\Desktop\unity\ReactiveTurnBase\My project A\Library\ScriptAssemblies\UniTask.DOTween.dll
Symbol file LoadedFromMemory is not a mono symbol file
Symbol file data-00000161A2DC2570 doesn't match image C:\Users\asdf\Desktop\unity\ReactiveTurnBase\My project A\Library\ScriptAssemblies\UniTask.Addressables.dll
Symbol file LoadedFromMemory is not a mono symbol file
Symbol file data-000001617F4FAAE0 doesn't match image C:\Users\asdf\Desktop\unity\ReactiveTurnBase\My project A\Library\ScriptAssemblies\UnityEditor.UI.dll
Symbol file LoadedFromMemory is not a mono symbol file
Symbol file data-00000161AE0C9020 doesn't match image C:\Users\asdf\Desktop\unity\ReactiveTurnBase\My project A\Library\ScriptAssemblies\Unity.VisualScripting.Core.dll
Symbol file LoadedFromMemory is not a mono symbol file
Symbol file data-00000161ACFC0010 doesn't match image C:\Users\asdf\Desktop\unity\ReactiveTurnBase\My project A\Library\ScriptAssemblies\UnityEngine.UI.dll
Symbol file LoadedFromMemory is not a mono symbol file
Symbol file data-00000161AB2BF040 doesn't match image C:\Users\asdf\Desktop\unity\ReactiveTurnBase\My project A\Library\ScriptAssemblies\UniTask.Editor.dll
Symbol file LoadedFromMemory is not a mono symbol file
Symbol file data-00000161A1869020 doesn't match image C:\Users\asdf\Desktop\unity\ReactiveTurnBase\My project A\Library\ScriptAssemblies\Unity.VisualScripting.Core.Editor.dll
Symbol file LoadedFromMemory is not a mono symbol file
Symbol file data-00000161A19EF030 doesn't match image C:\Users\asdf\Desktop\unity\ReactiveTurnBase\My project A\Library\ScriptAssemblies\UniTask.Linq.dll
Symbol file LoadedFromMemory is not a mono symbol file
Symbol file data-00000161A15A6020 doesn't match image C:\Users\asdf\Desktop\unity\ReactiveTurnBase\My project A\Library\ScriptAssemblies\Unity.VisualScripting.Flow.dll
Symbol file LoadedFromMemory is not a mono symbol file
Symbol file data-000001617FBD3030 doesn't match image C:\Users\asdf\Desktop\unity\ReactiveTurnBase\My project A\Library\ScriptAssemblies\Unity.VisualScripting.Flow.Editor.dll
Symbol file LoadedFromMemory is not a mono symbol file
Symbol file data-000001617F366010 doesn't match image C:\Users\asdf\Desktop\unity\ReactiveTurnBase\My project A\Library\ScriptAssemblies\Unity.Timeline.dll
Symbol file LoadedFromMemory is not a mono symbol file
Symbol file data-000001620F8B8010 doesn't match image C:\Users\asdf\Desktop\unity\ReactiveTurnBase\My project A\Library\ScriptAssemblies\Unity.InputSystem.dll
Symbol file LoadedFromMemory is not a mono symbol file
Symbol file data-00000161AB2BF040 doesn't match image C:\Users\asdf\Desktop\unity\ReactiveTurnBase\My project A\Library\ScriptAssemblies\Unity.InputSystem.ForUI.dll
Symbol file LoadedFromMemory is not a mono symbol file
Symbol file data-00000161A303B040 doesn't match image C:\Users\asdf\Desktop\unity\ReactiveTurnBase\My project A\Library\ScriptAssemblies\Unity.TestTools.CodeCoverage.Editor.OpenCover.Mono.Reflection.dll
Symbol file LoadedFromMemory is not a mono symbol file
Symbol file data-00000161A303B040 doesn't match image C:\Users\asdf\Desktop\unity\ReactiveTurnBase\My project A\Library\ScriptAssemblies\Unity.VisualScripting.SettingsProvider.Editor.dll
Symbol file LoadedFromMemory is not a mono symbol file
Symbol file data-00000161A1CFC020 doesn't match image C:\Users\asdf\Desktop\unity\ReactiveTurnBase\My project A\Library\ScriptAssemblies\Unity.Performance.Profile-Analyzer.Editor.dll
Symbol file LoadedFromMemory is not a mono symbol file
Symbol file data-00000161A2600090 doesn't match image C:\Users\asdf\Desktop\unity\ReactiveTurnBase\My project A\Library\ScriptAssemblies\Unity.TestTools.CodeCoverage.Editor.dll
Symbol file LoadedFromMemory is not a mono symbol file
Symbol file data-000001617F45D020 doesn't match image C:\Users\asdf\Desktop\unity\ReactiveTurnBase\My project A\Library\ScriptAssemblies\Unity.TestTools.CodeCoverage.Editor.OpenCover.Model.dll
Symbol file LoadedFromMemory is not a mono symbol file
Symbol file data-000001617F4FAAE0 doesn't match image C:\Users\asdf\Desktop\unity\ReactiveTurnBase\My project A\Library\ScriptAssemblies\Unity.VisualScripting.State.Editor.dll
Symbol file LoadedFromMemory is not a mono symbol file
Symbol file data-00000161ABF25060 doesn't match image C:\Users\asdf\Desktop\unity\ReactiveTurnBase\My project A\Library\ScriptAssemblies\Unity.Settings.Editor.dll
Symbol file LoadedFromMemory is not a mono symbol file
Symbol file data-000001617F407020 doesn't match image C:\Users\asdf\Desktop\unity\ReactiveTurnBase\My project A\Library\ScriptAssemblies\Unity.CollabProxy.Editor.dll
Symbol file LoadedFromMemory is not a mono symbol file
Symbol file data-000001617F2E4020 doesn't match image C:\Users\asdf\Desktop\unity\ReactiveTurnBase\My project A\Library\ScriptAssemblies\Unity.TextMeshPro.dll
Symbol file LoadedFromMemory is not a mono symbol file
Symbol file data-000001617F646010 doesn't match image C:\Users\asdf\Desktop\unity\ReactiveTurnBase\My project A\Library\ScriptAssemblies\Unity.TextMeshPro.Editor.dll
Symbol file LoadedFromMemory is not a mono symbol file
Symbol file data-00000161AE0C9020 doesn't match image C:\Users\asdf\Desktop\unity\ReactiveTurnBase\My project A\Library\ScriptAssemblies\UniTask.dll
Symbol file LoadedFromMemory is not a mono symbol file
Symbol file data-000001617F45D020 doesn't match image C:\Users\asdf\Desktop\unity\ReactiveTurnBase\My project A\Library\ScriptAssemblies\Unity.VisualScripting.State.dll
Symbol file LoadedFromMemory is not a mono symbol file
Symbol file data-000001617F45D020 doesn't match image C:\Users\asdf\Desktop\unity\ReactiveTurnBase\My project A\Library\ScriptAssemblies\Unity.VSCode.Editor.dll
Symbol file LoadedFromMemory is not a mono symbol file
- Loaded All Assemblies, in  0.447 seconds
Native extension for WindowsStandalone target not found
Native extension for Android target not found
Mono: successfully reloaded assembly
- Finished resetting the current domain, in  0.964 seconds
Domain Reload Profiling: 1408ms
	BeginReloadAssembly (129ms)
		ExecutionOrderSort (0ms)
		DisableScriptedObjects (6ms)
		BackupInstance (0ms)
		ReleaseScriptingObjects (0ms)
		CreateAndSetChildDomain (28ms)
	RebuildCommonClasses (28ms)
	RebuildNativeTypeToScriptingClass (9ms)
	initialDomainReloadingComplete (35ms)
	LoadAllAssembliesAndSetupDomain (244ms)
		LoadAssemblies (278ms)
		RebuildTransferFunctionScriptingTraits (0ms)
		AnalyzeDomain (30ms)
			TypeCache.Refresh (10ms)
				TypeCache.ScanAssembly (3ms)
			ScanForSourceGeneratedMonoScriptInfo (12ms)
			ResolveRequiredComponents (6ms)
	FinalizeReload (964ms)
		ReleaseScriptCaches (0ms)
		RebuildScriptCaches (0ms)
		SetupLoadedEditorAssemblies (522ms)
			LogAssemblyErrors (0ms)
			InitializePlatformSupportModulesInManaged (19ms)
			SetLoadedEditorAssemblies (4ms)
			RefreshPlugins (0ms)
			BeforeProcessingInitializeOnLoad (113ms)
			ProcessInitializeOnLoadAttributes (351ms)
			ProcessInitializeOnLoadMethodAttributes (29ms)
			AfterProcessingInitializeOnLoad (7ms)
			EditorAssembliesLoaded (0ms)
		ExecutionOrderSort2 (0ms)
		AwakeInstancesAfterBackupRestoration (6ms)
Refreshing native plugins compatible for Editor in 4.43 ms, found 3 plugins.
Preloading 0 native plugins for Editor in 0.00 ms.
Unloading 3941 Unused Serialized files (Serialized files now loaded: 0)
Unloading 22 unused Assets / (32.9 KB). Loaded Objects now: 4602.
Memory consumption went from 226.1 MB to 226.0 MB.
Total: 3.403900 ms (FindLiveObjects: 0.272400 ms CreateObjectMapping: 0.202100 ms MarkObjects: 2.880300 ms  DeleteObjects: 0.048200 ms)

Prepare: number of updated asset objects reloaded= 0
AssetImportParameters requested are different than current active one (requested -> active):
  custom:container-demuxer-ogg: 62fdf1f143b41e24485cea50d1cbac27 -> 
  custom:scripting/monoscript/fileName/GroggyBar.cs: 100a61dadfc5e32941fd0f737636facf -> 
  custom:video-decoder-ogg-theora: a1e56fd34408186e4bbccfd4996cb3dc -> 
  custom:framework-win-MediaFoundation: 216162199b28c13a410421893ffa2e32 -> 
  custom:CustomObjectIndexerAttribute: 9a22284fe3817be447336de3de66b15e -> 
  custom:container-demuxer-webm: 4f35f7cbe854078d1ac9338744f61a02 -> 
  custom:container-muxer-webm: aa71ff27fc2769a1b78a27578f13a17b -> 
  custom:video-decoder-webm-vp8: 9c59270c3fd7afecdb556c50c9e8de78 -> 
  custom:SearchIndexIgnoredProperties: e643bd26f0fe6173181afceb89e7c659 -> 
  custom:AudioImporter_EditorPlatform: d09bf68614088b80899f8185d706f6e7 -> 
  custom:video-encoder-webm-vp8: eb34c28f22e8b96e1ab97ce403110664 -> 
  custom:scripting/monoscript/fileName/GroggyBarFollower.cs: 819d994350b9b9cabf3c84cf4da82ff6 -> 
  custom:audio-decoder-ogg-vorbis: bf7c407c2cedff20999df2af8eb42d56 -> 
  custom:audio-encoder-webm-vorbis: bf7c407c2cedff20999df2af8eb42d56 -> 
  custom:scripting/precompiled-assembly-types:Assembly-CSharp: b46ac83b1ac601f3cf7a79e40a0cc39b -> 1476765af81e86739e20042d8f5f0532
========================================================================
Received Prepare
Caller must complete domain reload
Begin MonoManager ReloadAssembly
Symbol file data-00000161A2DC2570 doesn't match image C:\Users\asdf\Desktop\unity\ReactiveTurnBase\My project A\Library\ScriptAssemblies\Unity.EditorCoroutines.Editor.dll
Symbol file LoadedFromMemory is not a mono symbol file
Symbol file data-00000161ADB31020 doesn't match image C:\Users\asdf\Desktop\unity\ReactiveTurnBase\My project A\Library\ScriptAssemblies\UniTask.TextMeshPro.dll
Symbol file LoadedFromMemory is not a mono symbol file
Symbol file data-00000161A127F020 doesn't match image C:\Users\asdf\Desktop\unity\ReactiveTurnBase\My project A\Library\ScriptAssemblies\Unity.Timeline.Editor.dll
Symbol file LoadedFromMemory is not a mono symbol file
Symbol file data-00000161ADB31020 doesn't match image C:\Users\asdf\Desktop\unity\ReactiveTurnBase\My project A\Library\ScriptAssemblies\Unity.VisualScripting.Shared.Editor.dll
Symbol file LoadedFromMemory is not a mono symbol file
Symbol file data-00000161ADB31020 doesn't match image C:\Users\asdf\Desktop\unity\ReactiveTurnBase\My project A\Library\ScriptAssemblies\UniTask.DOTween.dll
Symbol file LoadedFromMemory is not a mono symbol file
Symbol file data-00000161ADB31020 doesn't match image C:\Users\asdf\Desktop\unity\ReactiveTurnBase\My project A\Library\ScriptAssemblies\UniTask.Addressables.dll
Symbol file LoadedFromMemory is not a mono symbol file
Symbol file data-000001617F4FAAE0 doesn't match image C:\Users\asdf\Desktop\unity\ReactiveTurnBase\My project A\Library\ScriptAssemblies\UnityEditor.UI.dll
Symbol file LoadedFromMemory is not a mono symbol file
Symbol file data-00000161ABC42010 doesn't match image C:\Users\asdf\Desktop\unity\ReactiveTurnBase\My project A\Library\ScriptAssemblies\Unity.VisualScripting.Core.dll
Symbol file LoadedFromMemory is not a mono symbol file
Symbol file data-00000161ACFC0010 doesn't match image C:\Users\asdf\Desktop\unity\ReactiveTurnBase\My project A\Library\ScriptAssemblies\UnityEngine.UI.dll
Symbol file LoadedFromMemory is not a mono symbol file
Symbol file data-00000161AB2BF040 doesn't match image C:\Users\asdf\Desktop\unity\ReactiveTurnBase\My project A\Library\ScriptAssemblies\UniTask.Editor.dll
Symbol file LoadedFromMemory is not a mono symbol file
Symbol file data-00000161A1869020 doesn't match image C:\Users\asdf\Desktop\unity\ReactiveTurnBase\My project A\Library\ScriptAssemblies\Unity.VisualScripting.Core.Editor.dll
Symbol file LoadedFromMemory is not a mono symbol file
Symbol file data-00000161A19EF030 doesn't match image C:\Users\asdf\Desktop\unity\ReactiveTurnBase\My project A\Library\ScriptAssemblies\UniTask.Linq.dll
Symbol file LoadedFromMemory is not a mono symbol file
Symbol file data-00000161ACA40030 doesn't match image C:\Users\asdf\Desktop\unity\ReactiveTurnBase\My project A\Library\ScriptAssemblies\Unity.VisualScripting.Flow.dll
Symbol file LoadedFromMemory is not a mono symbol file
Symbol file data-00000161ABA3A010 doesn't match image C:\Users\asdf\Desktop\unity\ReactiveTurnBase\My project A\Library\ScriptAssemblies\Unity.VisualScripting.Flow.Editor.dll
Symbol file LoadedFromMemory is not a mono symbol file
Symbol file data-000001617F90D020 doesn't match image C:\Users\asdf\Desktop\unity\ReactiveTurnBase\My project A\Library\ScriptAssemblies\Unity.Timeline.dll
Symbol file LoadedFromMemory is not a mono symbol file
Symbol file data-000001620F8B8010 doesn't match image C:\Users\asdf\Desktop\unity\ReactiveTurnBase\My project A\Library\ScriptAssemblies\Unity.InputSystem.dll
Symbol file LoadedFromMemory is not a mono symbol file
Symbol file data-00000161AB2BF040 doesn't match image C:\Users\asdf\Desktop\unity\ReactiveTurnBase\My project A\Library\ScriptAssemblies\Unity.InputSystem.ForUI.dll
Symbol file LoadedFromMemory is not a mono symbol file
Symbol file data-00000161A31CF050 doesn't match image C:\Users\asdf\Desktop\unity\ReactiveTurnBase\My project A\Library\ScriptAssemblies\Unity.TestTools.CodeCoverage.Editor.OpenCover.Mono.Reflection.dll
Symbol file LoadedFromMemory is not a mono symbol file
Symbol file data-00000161A31CF050 doesn't match image C:\Users\asdf\Desktop\unity\ReactiveTurnBase\My project A\Library\ScriptAssemblies\Unity.VisualScripting.SettingsProvider.Editor.dll
Symbol file LoadedFromMemory is not a mono symbol file
Symbol file data-00000161A1CFC020 doesn't match image C:\Users\asdf\Desktop\unity\ReactiveTurnBase\My project A\Library\ScriptAssemblies\Unity.Performance.Profile-Analyzer.Editor.dll
Symbol file LoadedFromMemory is not a mono symbol file
Symbol file data-000001617F684010 doesn't match image C:\Users\asdf\Desktop\unity\ReactiveTurnBase\My project A\Library\ScriptAssemblies\Unity.TestTools.CodeCoverage.Editor.dll
Symbol file LoadedFromMemory is not a mono symbol file
Symbol file data-000001617F45D020 doesn't match image C:\Users\asdf\Desktop\unity\ReactiveTurnBase\My project A\Library\ScriptAssemblies\Unity.TestTools.CodeCoverage.Editor.OpenCover.Model.dll
Symbol file LoadedFromMemory is not a mono symbol file
Symbol file data-000001617F4FAAE0 doesn't match image C:\Users\asdf\Desktop\unity\ReactiveTurnBase\My project A\Library\ScriptAssemblies\Unity.VisualScripting.State.Editor.dll
Symbol file LoadedFromMemory is not a mono symbol file
Symbol file data-00000161ABE2E010 doesn't match image C:\Users\asdf\Desktop\unity\ReactiveTurnBase\My project A\Library\ScriptAssemblies\Unity.Settings.Editor.dll
Symbol file LoadedFromMemory is not a mono symbol file
Symbol file data-00000161A31CF050 doesn't match image C:\Users\asdf\Desktop\unity\ReactiveTurnBase\My project A\Library\ScriptAssemblies\Unity.CollabProxy.Editor.dll
Symbol file LoadedFromMemory is not a mono symbol file
Symbol file data-000001617F2E4020 doesn't match image C:\Users\asdf\Desktop\unity\ReactiveTurnBase\My project A\Library\ScriptAssemblies\Unity.TextMeshPro.dll
Symbol file LoadedFromMemory is not a mono symbol file
Symbol file data-000001617F646010 doesn't match image C:\Users\asdf\Desktop\unity\ReactiveTurnBase\My project A\Library\ScriptAssemblies\Unity.TextMeshPro.Editor.dll
Symbol file LoadedFromMemory is not a mono symbol file
Symbol file data-00000161ABC42010 doesn't match image C:\Users\asdf\Desktop\unity\ReactiveTurnBase\My project A\Library\ScriptAssemblies\UniTask.dll
Symbol file LoadedFromMemory is not a mono symbol file
Symbol file data-000001617F45D020 doesn't match image C:\Users\asdf\Desktop\unity\ReactiveTurnBase\My project A\Library\ScriptAssemblies\Unity.VisualScripting.State.dll
Symbol file LoadedFromMemory is not a mono symbol file
Symbol file data-000001617F45D020 doesn't match image C:\Users\asdf\Desktop\unity\ReactiveTurnBase\My project A\Library\ScriptAssemblies\Unity.VSCode.Editor.dll
Symbol file LoadedFromMemory is not a mono symbol file
- Loaded All Assemblies, in  0.434 seconds
Native extension for WindowsStandalone target not found
Native extension for Android target not found
Mono: successfully reloaded assembly
- Finished resetting the current domain, in  1.099 seconds
Domain Reload Profiling: 1531ms
	BeginReloadAssembly (134ms)
		ExecutionOrderSort (0ms)
		DisableScriptedObjects (6ms)
		BackupInstance (0ms)
		ReleaseScriptingObjects (0ms)
		CreateAndSetChildDomain (29ms)
	RebuildCommonClasses (26ms)
	RebuildNativeTypeToScriptingClass (12ms)
	initialDomainReloadingComplete (32ms)
	LoadAllAssembliesAndSetupDomain (228ms)
		LoadAssemblies (282ms)
		RebuildTransferFunctionScriptingTraits (0ms)
		AnalyzeDomain (15ms)
			TypeCache.Refresh (5ms)
				TypeCache.ScanAssembly (0ms)
			ScanForSourceGeneratedMonoScriptInfo (0ms)
			ResolveRequiredComponents (8ms)
	FinalizeReload (1099ms)
		ReleaseScriptCaches (0ms)
		RebuildScriptCaches (0ms)
		SetupLoadedEditorAssemblies (617ms)
			LogAssemblyErrors (0ms)
			InitializePlatformSupportModulesInManaged (16ms)
			SetLoadedEditorAssemblies (5ms)
			RefreshPlugins (0ms)
			BeforeProcessingInitializeOnLoad (97ms)
			ProcessInitializeOnLoadAttributes (453ms)
			ProcessInitializeOnLoadMethodAttributes (37ms)
			AfterProcessingInitializeOnLoad (8ms)
			EditorAssembliesLoaded (0ms)
		ExecutionOrderSort2 (0ms)
		AwakeInstancesAfterBackupRestoration (10ms)
Refreshing native plugins compatible for Editor in 5.32 ms, found 3 plugins.
Preloading 0 native plugins for Editor in 0.00 ms.
Unloading 3941 Unused Serialized files (Serialized files now loaded: 0)
Unloading 22 unused Assets / (32.9 KB). Loaded Objects now: 4605.
Memory consumption went from 226.1 MB to 226.0 MB.
Total: 4.987700 ms (FindLiveObjects: 0.867700 ms CreateObjectMapping: 0.532400 ms MarkObjects: 3.530700 ms  DeleteObjects: 0.055100 ms)

Prepare: number of updated asset objects reloaded= 0
AssetImportParameters requested are different than current active one (requested -> active):
  custom:container-demuxer-ogg: 62fdf1f143b41e24485cea50d1cbac27 -> 
  custom:scripting/monoscript/fileName/GroggyBar.cs: 100a61dadfc5e32941fd0f737636facf -> 
  custom:video-decoder-ogg-theora: a1e56fd34408186e4bbccfd4996cb3dc -> 
  custom:framework-win-MediaFoundation: 216162199b28c13a410421893ffa2e32 -> 
  custom:CustomObjectIndexerAttribute: 9a22284fe3817be447336de3de66b15e -> 
  custom:container-demuxer-webm: 4f35f7cbe854078d1ac9338744f61a02 -> 
  custom:container-muxer-webm: aa71ff27fc2769a1b78a27578f13a17b -> 
  custom:video-decoder-webm-vp8: 9c59270c3fd7afecdb556c50c9e8de78 -> 
  custom:SearchIndexIgnoredProperties: e643bd26f0fe6173181afceb89e7c659 -> 
  custom:AudioImporter_EditorPlatform: d09bf68614088b80899f8185d706f6e7 -> 
  custom:video-encoder-webm-vp8: eb34c28f22e8b96e1ab97ce403110664 -> 
  custom:scripting/monoscript/fileName/GroggyBarFollower.cs: 819d994350b9b9cabf3c84cf4da82ff6 -> 
  custom:audio-decoder-ogg-vorbis: bf7c407c2cedff20999df2af8eb42d56 -> 
  custom:audio-encoder-webm-vorbis: bf7c407c2cedff20999df2af8eb42d56 -> 
  custom:scripting/precompiled-assembly-types:Assembly-CSharp: b46ac83b1ac601f3cf7a79e40a0cc39b -> 1476765af81e86739e20042d8f5f0532
========================================================================
Received Prepare
Caller must complete domain reload
Begin MonoManager ReloadAssembly
Symbol file data-00000161A2DC2570 doesn't match image C:\Users\asdf\Desktop\unity\ReactiveTurnBase\My project A\Library\ScriptAssemblies\Unity.EditorCoroutines.Editor.dll
Symbol file LoadedFromMemory is not a mono symbol file
Symbol file data-00000161ACE3E020 doesn't match image C:\Users\asdf\Desktop\unity\ReactiveTurnBase\My project A\Library\ScriptAssemblies\UniTask.TextMeshPro.dll
Symbol file LoadedFromMemory is not a mono symbol file
Symbol file data-00000161A127F020 doesn't match image C:\Users\asdf\Desktop\unity\ReactiveTurnBase\My project A\Library\ScriptAssemblies\Unity.Timeline.Editor.dll
Symbol file LoadedFromMemory is not a mono symbol file
Symbol file data-00000161ACE3E020 doesn't match image C:\Users\asdf\Desktop\unity\ReactiveTurnBase\My project A\Library\ScriptAssemblies\Unity.VisualScripting.Shared.Editor.dll
Symbol file LoadedFromMemory is not a mono symbol file
Symbol file data-00000161ACE3E020 doesn't match image C:\Users\asdf\Desktop\unity\ReactiveTurnBase\My project A\Library\ScriptAssemblies\UniTask.DOTween.dll
Symbol file LoadedFromMemory is not a mono symbol file
Symbol file data-00000161ACE3E020 doesn't match image C:\Users\asdf\Desktop\unity\ReactiveTurnBase\My project A\Library\ScriptAssemblies\UniTask.Addressables.dll
Symbol file LoadedFromMemory is not a mono symbol file
Symbol file data-000001617F4FAAE0 doesn't match image C:\Users\asdf\Desktop\unity\ReactiveTurnBase\My project A\Library\ScriptAssemblies\UnityEditor.UI.dll
Symbol file LoadedFromMemory is not a mono symbol file
Symbol file data-00000161AE0C9020 doesn't match image C:\Users\asdf\Desktop\unity\ReactiveTurnBase\My project A\Library\ScriptAssemblies\Unity.VisualScripting.Core.dll
Symbol file LoadedFromMemory is not a mono symbol file
Symbol file data-00000161ABE7C020 doesn't match image C:\Users\asdf\Desktop\unity\ReactiveTurnBase\My project A\Library\ScriptAssemblies\UnityEngine.UI.dll
Symbol file LoadedFromMemory is not a mono symbol file
Symbol file data-00000161AB2BF040 doesn't match image C:\Users\asdf\Desktop\unity\ReactiveTurnBase\My project A\Library\ScriptAssemblies\UniTask.Editor.dll
Symbol file LoadedFromMemory is not a mono symbol file
Symbol file data-00000161A1869020 doesn't match image C:\Users\asdf\Desktop\unity\ReactiveTurnBase\My project A\Library\ScriptAssemblies\Unity.VisualScripting.Core.Editor.dll
Symbol file LoadedFromMemory is not a mono symbol file
Symbol file data-00000161ADF0D020 doesn't match image C:\Users\asdf\Desktop\unity\ReactiveTurnBase\My project A\Library\ScriptAssemblies\UniTask.Linq.dll
Symbol file LoadedFromMemory is not a mono symbol file
Symbol file data-00000161A15A6020 doesn't match image C:\Users\asdf\Desktop\unity\ReactiveTurnBase\My project A\Library\ScriptAssemblies\Unity.VisualScripting.Flow.dll
Symbol file LoadedFromMemory is not a mono symbol file
Symbol file data-00000161ABA3A010 doesn't match image C:\Users\asdf\Desktop\unity\ReactiveTurnBase\My project A\Library\ScriptAssemblies\Unity.VisualScripting.Flow.Editor.dll
Symbol file LoadedFromMemory is not a mono symbol file
Symbol file data-000001617F366010 doesn't match image C:\Users\asdf\Desktop\unity\ReactiveTurnBase\My project A\Library\ScriptAssemblies\Unity.Timeline.dll
Symbol file LoadedFromMemory is not a mono symbol file
Symbol file data-000001620F8B8010 doesn't match image C:\Users\asdf\Desktop\unity\ReactiveTurnBase\My project A\Library\ScriptAssemblies\Unity.InputSystem.dll
Symbol file LoadedFromMemory is not a mono symbol file
Symbol file data-00000161AB2BF040 doesn't match image C:\Users\asdf\Desktop\unity\ReactiveTurnBase\My project A\Library\ScriptAssemblies\Unity.InputSystem.ForUI.dll
Symbol file LoadedFromMemory is not a mono symbol file
Symbol file data-00000161A31CF050 doesn't match image C:\Users\asdf\Desktop\unity\ReactiveTurnBase\My project A\Library\ScriptAssemblies\Unity.TestTools.CodeCoverage.Editor.OpenCover.Mono.Reflection.dll
Symbol file LoadedFromMemory is not a mono symbol file
Symbol file data-00000161A31CF050 doesn't match image C:\Users\asdf\Desktop\unity\ReactiveTurnBase\My project A\Library\ScriptAssemblies\Unity.VisualScripting.SettingsProvider.Editor.dll
Symbol file LoadedFromMemory is not a mono symbol file
Symbol file data-00000161A1CFC020 doesn't match image C:\Users\asdf\Desktop\unity\ReactiveTurnBase\My project A\Library\ScriptAssemblies\Unity.Performance.Profile-Analyzer.Editor.dll
Symbol file LoadedFromMemory is not a mono symbol file
Symbol file data-00000161A2600090 doesn't match image C:\Users\asdf\Desktop\unity\ReactiveTurnBase\My project A\Library\ScriptAssemblies\Unity.TestTools.CodeCoverage.Editor.dll
Symbol file LoadedFromMemory is not a mono symbol file
Symbol file data-000001617F45D020 doesn't match image C:\Users\asdf\Desktop\unity\ReactiveTurnBase\My project A\Library\ScriptAssemblies\Unity.TestTools.CodeCoverage.Editor.OpenCover.Model.dll
Symbol file LoadedFromMemory is not a mono symbol file
Symbol file data-000001617F4FAAE0 doesn't match image C:\Users\asdf\Desktop\unity\ReactiveTurnBase\My project A\Library\ScriptAssemblies\Unity.VisualScripting.State.Editor.dll
Symbol file LoadedFromMemory is not a mono symbol file
Symbol file data-00000161A2E2EE20 doesn't match image C:\Users\asdf\Desktop\unity\ReactiveTurnBase\My project A\Library\ScriptAssemblies\Unity.Settings.Editor.dll
Symbol file LoadedFromMemory is not a mono symbol file
Symbol file data-00000161ADB31020 doesn't match image C:\Users\asdf\Desktop\unity\ReactiveTurnBase\My project A\Library\ScriptAssemblies\Unity.CollabProxy.Editor.dll
Symbol file LoadedFromMemory is not a mono symbol file
Symbol file data-000001617F2E4020 doesn't match image C:\Users\asdf\Desktop\unity\ReactiveTurnBase\My project A\Library\ScriptAssemblies\Unity.TextMeshPro.dll
Symbol file LoadedFromMemory is not a mono symbol file
Symbol file data-000001617F646010 doesn't match image C:\Users\asdf\Desktop\unity\ReactiveTurnBase\My project A\Library\ScriptAssemblies\Unity.TextMeshPro.Editor.dll
Symbol file LoadedFromMemory is not a mono symbol file
Symbol file data-00000161AE0C9020 doesn't match image C:\Users\asdf\Desktop\unity\ReactiveTurnBase\My project A\Library\ScriptAssemblies\UniTask.dll
Symbol file LoadedFromMemory is not a mono symbol file
Symbol file data-000001617F45D020 doesn't match image C:\Users\asdf\Desktop\unity\ReactiveTurnBase\My project A\Library\ScriptAssemblies\Unity.VisualScripting.State.dll
Symbol file LoadedFromMemory is not a mono symbol file
Symbol file data-000001617F45D020 doesn't match image C:\Users\asdf\Desktop\unity\ReactiveTurnBase\My project A\Library\ScriptAssemblies\Unity.VSCode.Editor.dll
Symbol file LoadedFromMemory is not a mono symbol file
- Loaded All Assemblies, in  0.466 seconds
Native extension for WindowsStandalone target not found
Native extension for Android target not found
Mono: successfully reloaded assembly
- Finished resetting the current domain, in  1.015 seconds
Domain Reload Profiling: 1478ms
	BeginReloadAssembly (138ms)
		ExecutionOrderSort (0ms)
		DisableScriptedObjects (6ms)
		BackupInstance (0ms)
		ReleaseScriptingObjects (0ms)
		CreateAndSetChildDomain (35ms)
	RebuildCommonClasses (26ms)
	RebuildNativeTypeToScriptingClass (8ms)
	initialDomainReloadingComplete (27ms)
	LoadAllAssembliesAndSetupDomain (264ms)
		LoadAssemblies (293ms)
		RebuildTransferFunctionScriptingTraits (0ms)
		AnalyzeDomain (38ms)
			TypeCache.Refresh (11ms)
				TypeCache.ScanAssembly (3ms)
			ScanForSourceGeneratedMonoScriptInfo (15ms)
			ResolveRequiredComponents (11ms)
	FinalizeReload (1015ms)
		ReleaseScriptCaches (0ms)
		RebuildScriptCaches (0ms)
		SetupLoadedEditorAssemblies (585ms)
			LogAssemblyErrors (0ms)
			InitializePlatformSupportModulesInManaged (26ms)
			SetLoadedEditorAssemblies (6ms)
			RefreshPlugins (0ms)
			BeforeProcessingInitializeOnLoad (160ms)
			ProcessInitializeOnLoadAttributes (351ms)
			ProcessInitializeOnLoadMethodAttributes (35ms)
			AfterProcessingInitializeOnLoad (7ms)
			EditorAssembliesLoaded (0ms)
		ExecutionOrderSort2 (0ms)
		AwakeInstancesAfterBackupRestoration (5ms)
Refreshing native plugins compatible for Editor in 3.74 ms, found 3 plugins.
Preloading 0 native plugins for Editor in 0.00 ms.
Unloading 3941 Unused Serialized files (Serialized files now loaded: 0)
Unloading 22 unused Assets / (32.9 KB). Loaded Objects now: 4608.
Memory consumption went from 226.1 MB to 226.0 MB.
Total: 3.265700 ms (FindLiveObjects: 0.281100 ms CreateObjectMapping: 0.252800 ms MarkObjects: 2.683900 ms  DeleteObjects: 0.047300 ms)

Prepare: number of updated asset objects reloaded= 0
AssetImportParameters requested are different than current active one (requested -> active):
  custom:container-demuxer-ogg: 62fdf1f143b41e24485cea50d1cbac27 -> 
  custom:scripting/monoscript/fileName/GroggyBar.cs: 100a61dadfc5e32941fd0f737636facf -> 
  custom:video-decoder-ogg-theora: a1e56fd34408186e4bbccfd4996cb3dc -> 
  custom:framework-win-MediaFoundation: 216162199b28c13a410421893ffa2e32 -> 
  custom:CustomObjectIndexerAttribute: 9a22284fe3817be447336de3de66b15e -> 
  custom:container-demuxer-webm: 4f35f7cbe854078d1ac9338744f61a02 -> 
  custom:container-muxer-webm: aa71ff27fc2769a1b78a27578f13a17b -> 
  custom:video-decoder-webm-vp8: 9c59270c3fd7afecdb556c50c9e8de78 -> 
  custom:SearchIndexIgnoredProperties: e643bd26f0fe6173181afceb89e7c659 -> 
  custom:AudioImporter_EditorPlatform: d09bf68614088b80899f8185d706f6e7 -> 
  custom:video-encoder-webm-vp8: eb34c28f22e8b96e1ab97ce403110664 -> 
  custom:scripting/monoscript/fileName/GroggyBarFollower.cs: 819d994350b9b9cabf3c84cf4da82ff6 -> 
  custom:audio-decoder-ogg-vorbis: bf7c407c2cedff20999df2af8eb42d56 -> 
  custom:audio-encoder-webm-vorbis: bf7c407c2cedff20999df2af8eb42d56 -> 
  custom:scripting/precompiled-assembly-types:Assembly-CSharp: b46ac83b1ac601f3cf7a79e40a0cc39b -> 1476765af81e86739e20042d8f5f0532
========================================================================
Received Prepare
Caller must complete domain reload
Begin MonoManager ReloadAssembly
Symbol file data-00000161A2DC2570 doesn't match image C:\Users\asdf\Desktop\unity\ReactiveTurnBase\My project A\Library\ScriptAssemblies\Unity.EditorCoroutines.Editor.dll
Symbol file LoadedFromMemory is not a mono symbol file
Symbol file data-000001617F407020 doesn't match image C:\Users\asdf\Desktop\unity\ReactiveTurnBase\My project A\Library\ScriptAssemblies\UniTask.TextMeshPro.dll
Symbol file LoadedFromMemory is not a mono symbol file
Symbol file data-00000161A127F020 doesn't match image C:\Users\asdf\Desktop\unity\ReactiveTurnBase\My project A\Library\ScriptAssemblies\Unity.Timeline.Editor.dll
Symbol file LoadedFromMemory is not a mono symbol file
Symbol file data-000001617F407020 doesn't match image C:\Users\asdf\Desktop\unity\ReactiveTurnBase\My project A\Library\ScriptAssemblies\Unity.VisualScripting.Shared.Editor.dll
Symbol file LoadedFromMemory is not a mono symbol file
Symbol file data-00000161A2DC2570 doesn't match image C:\Users\asdf\Desktop\unity\ReactiveTurnBase\My project A\Library\ScriptAssemblies\UniTask.DOTween.dll
Symbol file LoadedFromMemory is not a mono symbol file
Symbol file data-00000161A2DC2570 doesn't match image C:\Users\asdf\Desktop\unity\ReactiveTurnBase\My project A\Library\ScriptAssemblies\UniTask.Addressables.dll
Symbol file LoadedFromMemory is not a mono symbol file
Symbol file data-000001617F4FAAE0 doesn't match image C:\Users\asdf\Desktop\unity\ReactiveTurnBase\My project A\Library\ScriptAssemblies\UnityEditor.UI.dll
Symbol file LoadedFromMemory is not a mono symbol file
Symbol file data-00000161ABC42010 doesn't match image C:\Users\asdf\Desktop\unity\ReactiveTurnBase\My project A\Library\ScriptAssemblies\Unity.VisualScripting.Core.dll
Symbol file LoadedFromMemory is not a mono symbol file
Symbol file data-00000161ABE7C020 doesn't match image C:\Users\asdf\Desktop\unity\ReactiveTurnBase\My project A\Library\ScriptAssemblies\UnityEngine.UI.dll
Symbol file LoadedFromMemory is not a mono symbol file
Symbol file data-000001617F407020 doesn't match image C:\Users\asdf\Desktop\unity\ReactiveTurnBase\My project A\Library\ScriptAssemblies\UniTask.Editor.dll
Symbol file LoadedFromMemory is not a mono symbol file
Symbol file data-00000161A1869020 doesn't match image C:\Users\asdf\Desktop\unity\ReactiveTurnBase\My project A\Library\ScriptAssemblies\Unity.VisualScripting.Core.Editor.dll
Symbol file LoadedFromMemory is not a mono symbol file
Symbol file data-000001617F867240 doesn't match image C:\Users\asdf\Desktop\unity\ReactiveTurnBase\My project A\Library\ScriptAssemblies\UniTask.Linq.dll
Symbol file LoadedFromMemory is not a mono symbol file
Symbol file data-00000161ACA40030 doesn't match image C:\Users\asdf\Desktop\unity\ReactiveTurnBase\My project A\Library\ScriptAssemblies\Unity.VisualScripting.Flow.dll
Symbol file LoadedFromMemory is not a mono symbol file
Symbol file data-00000161ABA3A010 doesn't match image C:\Users\asdf\Desktop\unity\ReactiveTurnBase\My project A\Library\ScriptAssemblies\Unity.VisualScripting.Flow.Editor.dll
Symbol file LoadedFromMemory is not a mono symbol file
Symbol file data-000001617F366010 doesn't match image C:\Users\asdf\Desktop\unity\ReactiveTurnBase\My project A\Library\ScriptAssemblies\Unity.Timeline.dll
Symbol file LoadedFromMemory is not a mono symbol file
Symbol file data-000001620F8FA020 doesn't match image C:\Users\asdf\Desktop\unity\ReactiveTurnBase\My project A\Library\ScriptAssemblies\Unity.InputSystem.dll
Symbol file LoadedFromMemory is not a mono symbol file
Symbol file data-000001617F407020 doesn't match image C:\Users\asdf\Desktop\unity\ReactiveTurnBase\My project A\Library\ScriptAssemblies\Unity.InputSystem.ForUI.dll
Symbol file LoadedFromMemory is not a mono symbol file
Symbol file data-00000161A31CF050 doesn't match image C:\Users\asdf\Desktop\unity\ReactiveTurnBase\My project A\Library\ScriptAssemblies\Unity.TestTools.CodeCoverage.Editor.OpenCover.Mono.Reflection.dll
Symbol file LoadedFromMemory is not a mono symbol file
Symbol file data-00000161A31CF050 doesn't match image C:\Users\asdf\Desktop\unity\ReactiveTurnBase\My project A\Library\ScriptAssemblies\Unity.VisualScripting.SettingsProvider.Editor.dll
Symbol file LoadedFromMemory is not a mono symbol file
Symbol file data-00000161A1CFC020 doesn't match image C:\Users\asdf\Desktop\unity\ReactiveTurnBase\My project A\Library\ScriptAssemblies\Unity.Performance.Profile-Analyzer.Editor.dll
Symbol file LoadedFromMemory is not a mono symbol file
Symbol file data-00000161A2600090 doesn't match image C:\Users\asdf\Desktop\unity\ReactiveTurnBase\My project A\Library\ScriptAssemblies\Unity.TestTools.CodeCoverage.Editor.dll
Symbol file LoadedFromMemory is not a mono symbol file
Symbol file data-000001617F45D020 doesn't match image C:\Users\asdf\Desktop\unity\ReactiveTurnBase\My project A\Library\ScriptAssemblies\Unity.TestTools.CodeCoverage.Editor.OpenCover.Model.dll
Symbol file LoadedFromMemory is not a mono symbol file
Symbol file data-000001617F4FAAE0 doesn't match image C:\Users\asdf\Desktop\unity\ReactiveTurnBase\My project A\Library\ScriptAssemblies\Unity.VisualScripting.State.Editor.dll
Symbol file LoadedFromMemory is not a mono symbol file
Symbol file data-000001617F8AE450 doesn't match image C:\Users\asdf\Desktop\unity\ReactiveTurnBase\My project A\Library\ScriptAssemblies\Unity.Settings.Editor.dll
Symbol file LoadedFromMemory is not a mono symbol file
Symbol file data-00000161AB2BF040 doesn't match image C:\Users\asdf\Desktop\unity\ReactiveTurnBase\My project A\Library\ScriptAssemblies\Unity.CollabProxy.Editor.dll
Symbol file LoadedFromMemory is not a mono symbol file
Symbol file data-000001617F2E4020 doesn't match image C:\Users\asdf\Desktop\unity\ReactiveTurnBase\My project A\Library\ScriptAssemblies\Unity.TextMeshPro.dll
Symbol file LoadedFromMemory is not a mono symbol file
Symbol file data-000001617F646010 doesn't match image C:\Users\asdf\Desktop\unity\ReactiveTurnBase\My project A\Library\ScriptAssemblies\Unity.TextMeshPro.Editor.dll
Symbol file LoadedFromMemory is not a mono symbol file
Symbol file data-00000161ABC42010 doesn't match image C:\Users\asdf\Desktop\unity\ReactiveTurnBase\My project A\Library\ScriptAssemblies\UniTask.dll
Symbol file LoadedFromMemory is not a mono symbol file
Symbol file data-000001617F45D020 doesn't match image C:\Users\asdf\Desktop\unity\ReactiveTurnBase\My project A\Library\ScriptAssemblies\Unity.VisualScripting.State.dll
Symbol file LoadedFromMemory is not a mono symbol file
Symbol file data-000001617F45D020 doesn't match image C:\Users\asdf\Desktop\unity\ReactiveTurnBase\My project A\Library\ScriptAssemblies\Unity.VSCode.Editor.dll
Symbol file LoadedFromMemory is not a mono symbol file
- Loaded All Assemblies, in  0.431 seconds
Native extension for WindowsStandalone target not found
Native extension for Android target not found
Mono: successfully reloaded assembly
- Finished resetting the current domain, in  1.088 seconds
Domain Reload Profiling: 1517ms
	BeginReloadAssembly (136ms)
		ExecutionOrderSort (0ms)
		DisableScriptedObjects (9ms)
		BackupInstance (0ms)
		ReleaseScriptingObjects (0ms)
		CreateAndSetChildDomain (30ms)
	RebuildCommonClasses (26ms)
	RebuildNativeTypeToScriptingClass (8ms)
	initialDomainReloadingComplete (26ms)
	LoadAllAssembliesAndSetupDomain (231ms)
		LoadAssemblies (281ms)
		RebuildTransferFunctionScriptingTraits (0ms)
		AnalyzeDomain (18ms)
			TypeCache.Refresh (7ms)
				TypeCache.ScanAssembly (0ms)
			ScanForSourceGeneratedMonoScriptInfo (0ms)
			ResolveRequiredComponents (8ms)
	FinalizeReload (1089ms)
		ReleaseScriptCaches (0ms)
		RebuildScriptCaches (0ms)
		SetupLoadedEditorAssemblies (617ms)
			LogAssemblyErrors (0ms)
			InitializePlatformSupportModulesInManaged (17ms)
			SetLoadedEditorAssemblies (4ms)
			RefreshPlugins (0ms)
			BeforeProcessingInitializeOnLoad (93ms)
			ProcessInitializeOnLoadAttributes (454ms)
			ProcessInitializeOnLoadMethodAttributes (38ms)
			AfterProcessingInitializeOnLoad (10ms)
			EditorAssembliesLoaded (0ms)
		ExecutionOrderSort2 (0ms)
		AwakeInstancesAfterBackupRestoration (8ms)
Refreshing native plugins compatible for Editor in 4.48 ms, found 3 plugins.
Preloading 0 native plugins for Editor in 0.00 ms.
Unloading 3941 Unused Serialized files (Serialized files now loaded: 0)
Unloading 22 unused Assets / (32.8 KB). Loaded Objects now: 4611.
Memory consumption went from 226.1 MB to 226.0 MB.
Total: 4.174100 ms (FindLiveObjects: 0.339100 ms CreateObjectMapping: 0.410900 ms MarkObjects: 3.303100 ms  DeleteObjects: 0.120000 ms)

Prepare: number of updated asset objects reloaded= 0
AssetImportParameters requested are different than current active one (requested -> active):
  custom:container-demuxer-ogg: 62fdf1f143b41e24485cea50d1cbac27 -> 
  custom:scripting/monoscript/fileName/GroggyBar.cs: 100a61dadfc5e32941fd0f737636facf -> 
  custom:video-decoder-ogg-theora: a1e56fd34408186e4bbccfd4996cb3dc -> 
  custom:framework-win-MediaFoundation: 216162199b28c13a410421893ffa2e32 -> 
  custom:CustomObjectIndexerAttribute: 9a22284fe3817be447336de3de66b15e -> 
  custom:container-demuxer-webm: 4f35f7cbe854078d1ac9338744f61a02 -> 
  custom:container-muxer-webm: aa71ff27fc2769a1b78a27578f13a17b -> 
  custom:video-decoder-webm-vp8: 9c59270c3fd7afecdb556c50c9e8de78 -> 
  custom:SearchIndexIgnoredProperties: e643bd26f0fe6173181afceb89e7c659 -> 
  custom:AudioImporter_EditorPlatform: d09bf68614088b80899f8185d706f6e7 -> 
  custom:video-encoder-webm-vp8: eb34c28f22e8b96e1ab97ce403110664 -> 
  custom:scripting/monoscript/fileName/GroggyBarFollower.cs: 819d994350b9b9cabf3c84cf4da82ff6 -> 
  custom:audio-decoder-ogg-vorbis: bf7c407c2cedff20999df2af8eb42d56 -> 
  custom:audio-encoder-webm-vorbis: bf7c407c2cedff20999df2af8eb42d56 -> 
  custom:scripting/precompiled-assembly-types:Assembly-CSharp: b46ac83b1ac601f3cf7a79e40a0cc39b -> 1476765af81e86739e20042d8f5f0532
========================================================================
Received Prepare
Caller must complete domain reload
Begin MonoManager ReloadAssembly
Symbol file data-00000161A2DC2570 doesn't match image C:\Users\asdf\Desktop\unity\ReactiveTurnBase\My project A\Library\ScriptAssemblies\Unity.EditorCoroutines.Editor.dll
Symbol file LoadedFromMemory is not a mono symbol file
Symbol file data-00000161AB2BF040 doesn't match image C:\Users\asdf\Desktop\unity\ReactiveTurnBase\My project A\Library\ScriptAssemblies\UniTask.TextMeshPro.dll
Symbol file LoadedFromMemory is not a mono symbol file
Symbol file data-00000161A127F020 doesn't match image C:\Users\asdf\Desktop\unity\ReactiveTurnBase\My project A\Library\ScriptAssemblies\Unity.Timeline.Editor.dll
Symbol file LoadedFromMemory is not a mono symbol file
Symbol file data-00000161AB2BF040 doesn't match image C:\Users\asdf\Desktop\unity\ReactiveTurnBase\My project A\Library\ScriptAssemblies\Unity.VisualScripting.Shared.Editor.dll
Symbol file LoadedFromMemory is not a mono symbol file
Symbol file data-00000161A2DC2570 doesn't match image C:\Users\asdf\Desktop\unity\ReactiveTurnBase\My project A\Library\ScriptAssemblies\UniTask.DOTween.dll
Symbol file LoadedFromMemory is not a mono symbol file
Symbol file data-00000161A2DC2570 doesn't match image C:\Users\asdf\Desktop\unity\ReactiveTurnBase\My project A\Library\ScriptAssemblies\UniTask.Addressables.dll
Symbol file LoadedFromMemory is not a mono symbol file
Symbol file data-000001617F4FAAE0 doesn't match image C:\Users\asdf\Desktop\unity\ReactiveTurnBase\My project A\Library\ScriptAssemblies\UnityEditor.UI.dll
Symbol file LoadedFromMemory is not a mono symbol file
Symbol file data-00000161AE0C9020 doesn't match image C:\Users\asdf\Desktop\unity\ReactiveTurnBase\My project A\Library\ScriptAssemblies\Unity.VisualScripting.Core.dll
Symbol file LoadedFromMemory is not a mono symbol file
Symbol file data-000001617FBD3030 doesn't match image C:\Users\asdf\Desktop\unity\ReactiveTurnBase\My project A\Library\ScriptAssemblies\UnityEngine.UI.dll
Symbol file LoadedFromMemory is not a mono symbol file
Symbol file data-00000161AB2BF040 doesn't match image C:\Users\asdf\Desktop\unity\ReactiveTurnBase\My project A\Library\ScriptAssemblies\UniTask.Editor.dll
Symbol file LoadedFromMemory is not a mono symbol file
Symbol file data-00000161A1869020 doesn't match image C:\Users\asdf\Desktop\unity\ReactiveTurnBase\My project A\Library\ScriptAssemblies\Unity.VisualScripting.Core.Editor.dll
Symbol file LoadedFromMemory is not a mono symbol file
Symbol file data-00000161ADF0D020 doesn't match image C:\Users\asdf\Desktop\unity\ReactiveTurnBase\My project A\Library\ScriptAssemblies\UniTask.Linq.dll
Symbol file LoadedFromMemory is not a mono symbol file
Symbol file data-000001617F2E4020 doesn't match image C:\Users\asdf\Desktop\unity\ReactiveTurnBase\My project A\Library\ScriptAssemblies\Unity.VisualScripting.Flow.dll
Symbol file LoadedFromMemory is not a mono symbol file
Symbol file data-00000161ABA3A010 doesn't match image C:\Users\asdf\Desktop\unity\ReactiveTurnBase\My project A\Library\ScriptAssemblies\Unity.VisualScripting.Flow.Editor.dll
Symbol file LoadedFromMemory is not a mono symbol file
Symbol file data-000001617F366010 doesn't match image C:\Users\asdf\Desktop\unity\ReactiveTurnBase\My project A\Library\ScriptAssemblies\Unity.Timeline.dll
Symbol file LoadedFromMemory is not a mono symbol file
Symbol file data-000001620F8FA020 doesn't match image C:\Users\asdf\Desktop\unity\ReactiveTurnBase\My project A\Library\ScriptAssemblies\Unity.InputSystem.dll
Symbol file LoadedFromMemory is not a mono symbol file
Symbol file data-00000161AB2BF040 doesn't match image C:\Users\asdf\Desktop\unity\ReactiveTurnBase\My project A\Library\ScriptAssemblies\Unity.InputSystem.ForUI.dll
Symbol file LoadedFromMemory is not a mono symbol file
Symbol file data-00000161ACFE8030 doesn't match image C:\Users\asdf\Desktop\unity\ReactiveTurnBase\My project A\Library\ScriptAssemblies\Unity.TestTools.CodeCoverage.Editor.OpenCover.Mono.Reflection.dll
Symbol file LoadedFromMemory is not a mono symbol file
Symbol file data-00000161ACFE8030 doesn't match image C:\Users\asdf\Desktop\unity\ReactiveTurnBase\My project A\Library\ScriptAssemblies\Unity.VisualScripting.SettingsProvider.Editor.dll
Symbol file LoadedFromMemory is not a mono symbol file
Symbol file data-00000161A1CFC020 doesn't match image C:\Users\asdf\Desktop\unity\ReactiveTurnBase\My project A\Library\ScriptAssemblies\Unity.Performance.Profile-Analyzer.Editor.dll
Symbol file LoadedFromMemory is not a mono symbol file
Symbol file data-00000161A2600090 doesn't match image C:\Users\asdf\Desktop\unity\ReactiveTurnBase\My project A\Library\ScriptAssemblies\Unity.TestTools.CodeCoverage.Editor.dll
Symbol file LoadedFromMemory is not a mono symbol file
Symbol file data-00000161AD984010 doesn't match image C:\Users\asdf\Desktop\unity\ReactiveTurnBase\My project A\Library\ScriptAssemblies\Unity.TestTools.CodeCoverage.Editor.OpenCover.Model.dll
Symbol file LoadedFromMemory is not a mono symbol file
Symbol file data-000001617F4FAAE0 doesn't match image C:\Users\asdf\Desktop\unity\ReactiveTurnBase\My project A\Library\ScriptAssemblies\Unity.VisualScripting.State.Editor.dll
Symbol file LoadedFromMemory is not a mono symbol file
Symbol file data-00000161ADF54230 doesn't match image C:\Users\asdf\Desktop\unity\ReactiveTurnBase\My project A\Library\ScriptAssemblies\Unity.Settings.Editor.dll
Symbol file LoadedFromMemory is not a mono symbol file
Symbol file data-000001617F407020 doesn't match image C:\Users\asdf\Desktop\unity\ReactiveTurnBase\My project A\Library\ScriptAssemblies\Unity.CollabProxy.Editor.dll
Symbol file LoadedFromMemory is not a mono symbol file
Symbol file data-000001617F2E4020 doesn't match image C:\Users\asdf\Desktop\unity\ReactiveTurnBase\My project A\Library\ScriptAssemblies\Unity.TextMeshPro.dll
Symbol file LoadedFromMemory is not a mono symbol file
Symbol file data-000001617F646010 doesn't match image C:\Users\asdf\Desktop\unity\ReactiveTurnBase\My project A\Library\ScriptAssemblies\Unity.TextMeshPro.Editor.dll
Symbol file LoadedFromMemory is not a mono symbol file
Symbol file data-00000161AE0C9020 doesn't match image C:\Users\asdf\Desktop\unity\ReactiveTurnBase\My project A\Library\ScriptAssemblies\UniTask.dll
Symbol file LoadedFromMemory is not a mono symbol file
Symbol file data-00000161AD984010 doesn't match image C:\Users\asdf\Desktop\unity\ReactiveTurnBase\My project A\Library\ScriptAssemblies\Unity.VisualScripting.State.dll
Symbol file LoadedFromMemory is not a mono symbol file
Symbol file data-00000161AD984010 doesn't match image C:\Users\asdf\Desktop\unity\ReactiveTurnBase\My project A\Library\ScriptAssemblies\Unity.VSCode.Editor.dll
Symbol file LoadedFromMemory is not a mono symbol file
- Loaded All Assemblies, in  0.455 seconds
Native extension for WindowsStandalone target not found
Native extension for Android target not found
Mono: successfully reloaded assembly
- Finished resetting the current domain, in  1.084 seconds
Domain Reload Profiling: 1537ms
	BeginReloadAssembly (139ms)
		ExecutionOrderSort (0ms)
		DisableScriptedObjects (6ms)
		BackupInstance (0ms)
		ReleaseScriptingObjects (0ms)
		CreateAndSetChildDomain (30ms)
	RebuildCommonClasses (27ms)
	RebuildNativeTypeToScriptingClass (9ms)
	initialDomainReloadingComplete (27ms)
	LoadAllAssembliesAndSetupDomain (251ms)
		LoadAssemblies (293ms)
		RebuildTransferFunctionScriptingTraits (0ms)
		AnalyzeDomain (33ms)
			TypeCache.Refresh (10ms)
				TypeCache.ScanAssembly (3ms)
			ScanForSourceGeneratedMonoScriptInfo (11ms)
			ResolveRequiredComponents (10ms)
	FinalizeReload (1084ms)
		ReleaseScriptCaches (0ms)
		RebuildScriptCaches (0ms)
		SetupLoadedEditorAssemblies (552ms)
			LogAssemblyErrors (0ms)
			InitializePlatformSupportModulesInManaged (21ms)
			SetLoadedEditorAssemblies (6ms)
			RefreshPlugins (0ms)
			BeforeProcessingInitializeOnLoad (97ms)
			ProcessInitializeOnLoadAttributes (382ms)
			ProcessInitializeOnLoadMethodAttributes (37ms)
			AfterProcessingInitializeOnLoad (8ms)
			EditorAssembliesLoaded (0ms)
		ExecutionOrderSort2 (0ms)
		AwakeInstancesAfterBackupRestoration (6ms)
Refreshing native plugins compatible for Editor in 5.74 ms, found 3 plugins.
Preloading 0 native plugins for Editor in 0.00 ms.
Unloading 3941 Unused Serialized files (Serialized files now loaded: 0)
Unloading 22 unused Assets / (32.8 KB). Loaded Objects now: 4614.
Memory consumption went from 226.1 MB to 226.0 MB.
Total: 3.892200 ms (FindLiveObjects: 0.292200 ms CreateObjectMapping: 0.134800 ms MarkObjects: 3.411200 ms  DeleteObjects: 0.052700 ms)

Prepare: number of updated asset objects reloaded= 0
AssetImportParameters requested are different than current active one (requested -> active):
  custom:container-demuxer-ogg: 62fdf1f143b41e24485cea50d1cbac27 -> 
  custom:scripting/monoscript/fileName/GroggyBar.cs: 100a61dadfc5e32941fd0f737636facf -> 
  custom:video-decoder-ogg-theora: a1e56fd34408186e4bbccfd4996cb3dc -> 
  custom:framework-win-MediaFoundation: 216162199b28c13a410421893ffa2e32 -> 
  custom:CustomObjectIndexerAttribute: 9a22284fe3817be447336de3de66b15e -> 
  custom:container-demuxer-webm: 4f35f7cbe854078d1ac9338744f61a02 -> 
  custom:container-muxer-webm: aa71ff27fc2769a1b78a27578f13a17b -> 
  custom:video-decoder-webm-vp8: 9c59270c3fd7afecdb556c50c9e8de78 -> 
  custom:SearchIndexIgnoredProperties: e643bd26f0fe6173181afceb89e7c659 -> 
  custom:AudioImporter_EditorPlatform: d09bf68614088b80899f8185d706f6e7 -> 
  custom:video-encoder-webm-vp8: eb34c28f22e8b96e1ab97ce403110664 -> 
  custom:scripting/monoscript/fileName/GroggyBarFollower.cs: 819d994350b9b9cabf3c84cf4da82ff6 -> 
  custom:audio-decoder-ogg-vorbis: bf7c407c2cedff20999df2af8eb42d56 -> 
  custom:audio-encoder-webm-vorbis: bf7c407c2cedff20999df2af8eb42d56 -> 
  custom:scripting/precompiled-assembly-types:Assembly-CSharp: b46ac83b1ac601f3cf7a79e40a0cc39b -> 1476765af81e86739e20042d8f5f0532
========================================================================
Received Prepare
Caller must complete domain reload
Begin MonoManager ReloadAssembly
Symbol file data-00000161A2DC2570 doesn't match image C:\Users\asdf\Desktop\unity\ReactiveTurnBase\My project A\Library\ScriptAssemblies\Unity.EditorCoroutines.Editor.dll
Symbol file LoadedFromMemory is not a mono symbol file
Symbol file data-00000161ADB31020 doesn't match image C:\Users\asdf\Desktop\unity\ReactiveTurnBase\My project A\Library\ScriptAssemblies\UniTask.TextMeshPro.dll
Symbol file LoadedFromMemory is not a mono symbol file
Symbol file data-00000161A127F020 doesn't match image C:\Users\asdf\Desktop\unity\ReactiveTurnBase\My project A\Library\ScriptAssemblies\Unity.Timeline.Editor.dll
Symbol file LoadedFromMemory is not a mono symbol file
Symbol file data-00000161ADB31020 doesn't match image C:\Users\asdf\Desktop\unity\ReactiveTurnBase\My project A\Library\ScriptAssemblies\Unity.VisualScripting.Shared.Editor.dll
Symbol file LoadedFromMemory is not a mono symbol file
Symbol file data-00000161ADB31020 doesn't match image C:\Users\asdf\Desktop\unity\ReactiveTurnBase\My project A\Library\ScriptAssemblies\UniTask.DOTween.dll
Symbol file LoadedFromMemory is not a mono symbol file
Symbol file data-00000161ADB31020 doesn't match image C:\Users\asdf\Desktop\unity\ReactiveTurnBase\My project A\Library\ScriptAssemblies\UniTask.Addressables.dll
Symbol file LoadedFromMemory is not a mono symbol file
Symbol file data-000001617F4FAAE0 doesn't match image C:\Users\asdf\Desktop\unity\ReactiveTurnBase\My project A\Library\ScriptAssemblies\UnityEditor.UI.dll
Symbol file LoadedFromMemory is not a mono symbol file
Symbol file data-00000161AE0C9020 doesn't match image C:\Users\asdf\Desktop\unity\ReactiveTurnBase\My project A\Library\ScriptAssemblies\Unity.VisualScripting.Core.dll
Symbol file LoadedFromMemory is not a mono symbol file
Symbol file data-00000161ABE7C020 doesn't match image C:\Users\asdf\Desktop\unity\ReactiveTurnBase\My project A\Library\ScriptAssemblies\UnityEngine.UI.dll
Symbol file LoadedFromMemory is not a mono symbol file
Symbol file data-00000161AB2BF040 doesn't match image C:\Users\asdf\Desktop\unity\ReactiveTurnBase\My project A\Library\ScriptAssemblies\UniTask.Editor.dll
Symbol file LoadedFromMemory is not a mono symbol file
Symbol file data-00000161A1869020 doesn't match image C:\Users\asdf\Desktop\unity\ReactiveTurnBase\My project A\Library\ScriptAssemblies\Unity.VisualScripting.Core.Editor.dll
Symbol file LoadedFromMemory is not a mono symbol file
Symbol file data-000001620F97C010 doesn't match image C:\Users\asdf\Desktop\unity\ReactiveTurnBase\My project A\Library\ScriptAssemblies\UniTask.Linq.dll
Symbol file LoadedFromMemory is not a mono symbol file
Symbol file data-00000161A15A6020 doesn't match image C:\Users\asdf\Desktop\unity\ReactiveTurnBase\My project A\Library\ScriptAssemblies\Unity.VisualScripting.Flow.dll
Symbol file LoadedFromMemory is not a mono symbol file
Symbol file data-00000161ABA3A010 doesn't match image C:\Users\asdf\Desktop\unity\ReactiveTurnBase\My project A\Library\ScriptAssemblies\Unity.VisualScripting.Flow.Editor.dll
Symbol file LoadedFromMemory is not a mono symbol file
Symbol file data-000001617F366010 doesn't match image C:\Users\asdf\Desktop\unity\ReactiveTurnBase\My project A\Library\ScriptAssemblies\Unity.Timeline.dll
Symbol file LoadedFromMemory is not a mono symbol file
Symbol file data-000001620F97C010 doesn't match image C:\Users\asdf\Desktop\unity\ReactiveTurnBase\My project A\Library\ScriptAssemblies\Unity.InputSystem.dll
Symbol file LoadedFromMemory is not a mono symbol file
Symbol file data-00000161AB2BF040 doesn't match image C:\Users\asdf\Desktop\unity\ReactiveTurnBase\My project A\Library\ScriptAssemblies\Unity.InputSystem.ForUI.dll
Symbol file LoadedFromMemory is not a mono symbol file
Symbol file data-00000161A31CF050 doesn't match image C:\Users\asdf\Desktop\unity\ReactiveTurnBase\My project A\Library\ScriptAssemblies\Unity.TestTools.CodeCoverage.Editor.OpenCover.Mono.Reflection.dll
Symbol file LoadedFromMemory is not a mono symbol file
Symbol file data-00000161A31CF050 doesn't match image C:\Users\asdf\Desktop\unity\ReactiveTurnBase\My project A\Library\ScriptAssemblies\Unity.VisualScripting.SettingsProvider.Editor.dll
Symbol file LoadedFromMemory is not a mono symbol file
Symbol file data-00000161A1CFC020 doesn't match image C:\Users\asdf\Desktop\unity\ReactiveTurnBase\My project A\Library\ScriptAssemblies\Unity.Performance.Profile-Analyzer.Editor.dll
Symbol file LoadedFromMemory is not a mono symbol file
Symbol file data-00000161A2600090 doesn't match image C:\Users\asdf\Desktop\unity\ReactiveTurnBase\My project A\Library\ScriptAssemblies\Unity.TestTools.CodeCoverage.Editor.dll
Symbol file LoadedFromMemory is not a mono symbol file
Symbol file data-00000161AD984010 doesn't match image C:\Users\asdf\Desktop\unity\ReactiveTurnBase\My project A\Library\ScriptAssemblies\Unity.TestTools.CodeCoverage.Editor.OpenCover.Model.dll
Symbol file LoadedFromMemory is not a mono symbol file
Symbol file data-000001617F4FAAE0 doesn't match image C:\Users\asdf\Desktop\unity\ReactiveTurnBase\My project A\Library\ScriptAssemblies\Unity.VisualScripting.State.Editor.dll
Symbol file LoadedFromMemory is not a mono symbol file
Symbol file data-00000161AB83E040 doesn't match image C:\Users\asdf\Desktop\unity\ReactiveTurnBase\My project A\Library\ScriptAssemblies\Unity.Settings.Editor.dll
Symbol file LoadedFromMemory is not a mono symbol file
Symbol file data-00000161A31CF050 doesn't match image C:\Users\asdf\Desktop\unity\ReactiveTurnBase\My project A\Library\ScriptAssemblies\Unity.CollabProxy.Editor.dll
Symbol file LoadedFromMemory is not a mono symbol file
Symbol file data-000001617F2E4020 doesn't match image C:\Users\asdf\Desktop\unity\ReactiveTurnBase\My project A\Library\ScriptAssemblies\Unity.TextMeshPro.dll
Symbol file LoadedFromMemory is not a mono symbol file
Symbol file data-000001617F646010 doesn't match image C:\Users\asdf\Desktop\unity\ReactiveTurnBase\My project A\Library\ScriptAssemblies\Unity.TextMeshPro.Editor.dll
Symbol file LoadedFromMemory is not a mono symbol file
Symbol file data-000001617F867240 doesn't match image C:\Users\asdf\Desktop\unity\ReactiveTurnBase\My project A\Library\ScriptAssemblies\UniTask.dll
Symbol file LoadedFromMemory is not a mono symbol file
Symbol file data-00000161AD984010 doesn't match image C:\Users\asdf\Desktop\unity\ReactiveTurnBase\My project A\Library\ScriptAssemblies\Unity.VisualScripting.State.dll
Symbol file LoadedFromMemory is not a mono symbol file
Symbol file data-00000161AD984010 doesn't match image C:\Users\asdf\Desktop\unity\ReactiveTurnBase\My project A\Library\ScriptAssemblies\Unity.VSCode.Editor.dll
Symbol file LoadedFromMemory is not a mono symbol file
- Loaded All Assemblies, in  0.449 seconds
Native extension for WindowsStandalone target not found
Native extension for Android target not found
Mono: successfully reloaded assembly
- Finished resetting the current domain, in  0.896 seconds
Domain Reload Profiling: 1343ms
	BeginReloadAssembly (136ms)
		ExecutionOrderSort (0ms)
		DisableScriptedObjects (6ms)
		BackupInstance (0ms)
		ReleaseScriptingObjects (0ms)
		CreateAndSetChildDomain (32ms)
	RebuildCommonClasses (26ms)
	RebuildNativeTypeToScriptingClass (8ms)
	initialDomainReloadingComplete (27ms)
	LoadAllAssembliesAndSetupDomain (249ms)
		LoadAssemblies (290ms)
		RebuildTransferFunctionScriptingTraits (0ms)
		AnalyzeDomain (28ms)
			TypeCache.Refresh (9ms)
				TypeCache.ScanAssembly (2ms)
			ScanForSourceGeneratedMonoScriptInfo (11ms)
			ResolveRequiredComponents (6ms)
	FinalizeReload (897ms)
		ReleaseScriptCaches (0ms)
		RebuildScriptCaches (0ms)
		SetupLoadedEditorAssemblies (484ms)
			LogAssemblyErrors (0ms)
			InitializePlatformSupportModulesInManaged (16ms)
			SetLoadedEditorAssemblies (4ms)
			RefreshPlugins (0ms)
			BeforeProcessingInitializeOnLoad (87ms)
			ProcessInitializeOnLoadAttributes (341ms)
			ProcessInitializeOnLoadMethodAttributes (29ms)
			AfterProcessingInitializeOnLoad (7ms)
			EditorAssembliesLoaded (0ms)
		ExecutionOrderSort2 (0ms)
		AwakeInstancesAfterBackupRestoration (5ms)
Refreshing native plugins compatible for Editor in 3.65 ms, found 3 plugins.
Preloading 0 native plugins for Editor in 0.00 ms.
Unloading 3941 Unused Serialized files (Serialized files now loaded: 0)
Unloading 22 unused Assets / (32.8 KB). Loaded Objects now: 4617.
Memory consumption went from 226.1 MB to 226.0 MB.
Total: 3.078500 ms (FindLiveObjects: 0.266100 ms CreateObjectMapping: 0.208400 ms MarkObjects: 2.557000 ms  DeleteObjects: 0.046400 ms)

Prepare: number of updated asset objects reloaded= 0
AssetImportParameters requested are different than current active one (requested -> active):
  custom:container-demuxer-ogg: 62fdf1f143b41e24485cea50d1cbac27 -> 
  custom:scripting/monoscript/fileName/GroggyBar.cs: 100a61dadfc5e32941fd0f737636facf -> 
  custom:video-decoder-ogg-theora: a1e56fd34408186e4bbccfd4996cb3dc -> 
  custom:framework-win-MediaFoundation: 216162199b28c13a410421893ffa2e32 -> 
  custom:CustomObjectIndexerAttribute: 9a22284fe3817be447336de3de66b15e -> 
  custom:container-demuxer-webm: 4f35f7cbe854078d1ac9338744f61a02 -> 
  custom:container-muxer-webm: aa71ff27fc2769a1b78a27578f13a17b -> 
  custom:video-decoder-webm-vp8: 9c59270c3fd7afecdb556c50c9e8de78 -> 
  custom:SearchIndexIgnoredProperties: e643bd26f0fe6173181afceb89e7c659 -> 
  custom:AudioImporter_EditorPlatform: d09bf68614088b80899f8185d706f6e7 -> 
  custom:video-encoder-webm-vp8: eb34c28f22e8b96e1ab97ce403110664 -> 
  custom:scripting/monoscript/fileName/GroggyBarFollower.cs: 819d994350b9b9cabf3c84cf4da82ff6 -> 
  custom:audio-decoder-ogg-vorbis: bf7c407c2cedff20999df2af8eb42d56 -> 
  custom:audio-encoder-webm-vorbis: bf7c407c2cedff20999df2af8eb42d56 -> 
  custom:scripting/precompiled-assembly-types:Assembly-CSharp: b46ac83b1ac601f3cf7a79e40a0cc39b -> 1476765af81e86739e20042d8f5f0532
========================================================================
Received Prepare
Caller must complete domain reload
Begin MonoManager ReloadAssembly
Symbol file data-00000161A2DC2570 doesn't match image C:\Users\asdf\Desktop\unity\ReactiveTurnBase\My project A\Library\ScriptAssemblies\Unity.EditorCoroutines.Editor.dll
Symbol file LoadedFromMemory is not a mono symbol file
Symbol file data-000001617F407020 doesn't match image C:\Users\asdf\Desktop\unity\ReactiveTurnBase\My project A\Library\ScriptAssemblies\UniTask.TextMeshPro.dll
Symbol file LoadedFromMemory is not a mono symbol file
Symbol file data-00000161A127F020 doesn't match image C:\Users\asdf\Desktop\unity\ReactiveTurnBase\My project A\Library\ScriptAssemblies\Unity.Timeline.Editor.dll
Symbol file LoadedFromMemory is not a mono symbol file
Symbol file data-000001617F407020 doesn't match image C:\Users\asdf\Desktop\unity\ReactiveTurnBase\My project A\Library\ScriptAssemblies\Unity.VisualScripting.Shared.Editor.dll
Symbol file LoadedFromMemory is not a mono symbol file
Symbol file data-00000161A2DC2570 doesn't match image C:\Users\asdf\Desktop\unity\ReactiveTurnBase\My project A\Library\ScriptAssemblies\UniTask.DOTween.dll
Symbol file LoadedFromMemory is not a mono symbol file
Symbol file data-00000161A2DC2570 doesn't match image C:\Users\asdf\Desktop\unity\ReactiveTurnBase\My project A\Library\ScriptAssemblies\UniTask.Addressables.dll
Symbol file LoadedFromMemory is not a mono symbol file
Symbol file data-000001617F4FAAE0 doesn't match image C:\Users\asdf\Desktop\unity\ReactiveTurnBase\My project A\Library\ScriptAssemblies\UnityEditor.UI.dll
Symbol file LoadedFromMemory is not a mono symbol file
Symbol file data-00000161ABC42010 doesn't match image C:\Users\asdf\Desktop\unity\ReactiveTurnBase\My project A\Library\ScriptAssemblies\Unity.VisualScripting.Core.dll
Symbol file LoadedFromMemory is not a mono symbol file
Symbol file data-00000161ABE7C020 doesn't match image C:\Users\asdf\Desktop\unity\ReactiveTurnBase\My project A\Library\ScriptAssemblies\UnityEngine.UI.dll
Symbol file LoadedFromMemory is not a mono symbol file
Symbol file data-000001617F407020 doesn't match image C:\Users\asdf\Desktop\unity\ReactiveTurnBase\My project A\Library\ScriptAssemblies\UniTask.Editor.dll
Symbol file LoadedFromMemory is not a mono symbol file
Symbol file data-00000161A1869020 doesn't match image C:\Users\asdf\Desktop\unity\ReactiveTurnBase\My project A\Library\ScriptAssemblies\Unity.VisualScripting.Core.Editor.dll
Symbol file LoadedFromMemory is not a mono symbol file
Symbol file data-00000161AE0C9020 doesn't match image C:\Users\asdf\Desktop\unity\ReactiveTurnBase\My project A\Library\ScriptAssemblies\UniTask.Linq.dll
Symbol file LoadedFromMemory is not a mono symbol file
Symbol file data-00000161ACA40030 doesn't match image C:\Users\asdf\Desktop\unity\ReactiveTurnBase\My project A\Library\ScriptAssemblies\Unity.VisualScripting.Flow.dll
Symbol file LoadedFromMemory is not a mono symbol file
Symbol file data-00000161ABA3A010 doesn't match image C:\Users\asdf\Desktop\unity\ReactiveTurnBase\My project A\Library\ScriptAssemblies\Unity.VisualScripting.Flow.Editor.dll
Symbol file LoadedFromMemory is not a mono symbol file
Symbol file data-000001620F922040 doesn't match image C:\Users\asdf\Desktop\unity\ReactiveTurnBase\My project A\Library\ScriptAssemblies\Unity.Timeline.dll
Symbol file LoadedFromMemory is not a mono symbol file
Symbol file data-000001620FA20010 doesn't match image C:\Users\asdf\Desktop\unity\ReactiveTurnBase\My project A\Library\ScriptAssemblies\Unity.InputSystem.dll
Symbol file LoadedFromMemory is not a mono symbol file
Symbol file data-000001617F407020 doesn't match image C:\Users\asdf\Desktop\unity\ReactiveTurnBase\My project A\Library\ScriptAssemblies\Unity.InputSystem.ForUI.dll
Symbol file LoadedFromMemory is not a mono symbol file
Symbol file data-00000161A14948A0 doesn't match image C:\Users\asdf\Desktop\unity\ReactiveTurnBase\My project A\Library\ScriptAssemblies\Unity.TestTools.CodeCoverage.Editor.OpenCover.Mono.Reflection.dll
Symbol file LoadedFromMemory is not a mono symbol file
Symbol file data-00000161A14948A0 doesn't match image C:\Users\asdf\Desktop\unity\ReactiveTurnBase\My project A\Library\ScriptAssemblies\Unity.VisualScripting.SettingsProvider.Editor.dll
Symbol file LoadedFromMemory is not a mono symbol file
Symbol file data-00000161A1CFC020 doesn't match image C:\Users\asdf\Desktop\unity\ReactiveTurnBase\My project A\Library\ScriptAssemblies\Unity.Performance.Profile-Analyzer.Editor.dll
Symbol file LoadedFromMemory is not a mono symbol file
Symbol file data-000001617FBF3040 doesn't match image C:\Users\asdf\Desktop\unity\ReactiveTurnBase\My project A\Library\ScriptAssemblies\Unity.TestTools.CodeCoverage.Editor.dll
Symbol file LoadedFromMemory is not a mono symbol file
Symbol file data-000001617FB77040 doesn't match image C:\Users\asdf\Desktop\unity\ReactiveTurnBase\My project A\Library\ScriptAssemblies\Unity.TestTools.CodeCoverage.Editor.OpenCover.Model.dll
Symbol file LoadedFromMemory is not a mono symbol file
Symbol file data-000001617F4FAAE0 doesn't match image C:\Users\asdf\Desktop\unity\ReactiveTurnBase\My project A\Library\ScriptAssemblies\Unity.VisualScripting.State.Editor.dll
Symbol file LoadedFromMemory is not a mono symbol file
Symbol file data-00000161AC2700A0 doesn't match image C:\Users\asdf\Desktop\unity\ReactiveTurnBase\My project A\Library\ScriptAssemblies\Unity.Settings.Editor.dll
Symbol file LoadedFromMemory is not a mono symbol file
Symbol file data-00000161ADB31020 doesn't match image C:\Users\asdf\Desktop\unity\ReactiveTurnBase\My project A\Library\ScriptAssemblies\Unity.CollabProxy.Editor.dll
Symbol file LoadedFromMemory is not a mono symbol file
Symbol file data-000001617F2E4020 doesn't match image C:\Users\asdf\Desktop\unity\ReactiveTurnBase\My project A\Library\ScriptAssemblies\Unity.TextMeshPro.dll
Symbol file LoadedFromMemory is not a mono symbol file
Symbol file data-000001617F646010 doesn't match image C:\Users\asdf\Desktop\unity\ReactiveTurnBase\My project A\Library\ScriptAssemblies\Unity.TextMeshPro.Editor.dll
Symbol file LoadedFromMemory is not a mono symbol file
Symbol file data-000001617F867240 doesn't match image C:\Users\asdf\Desktop\unity\ReactiveTurnBase\My project A\Library\ScriptAssemblies\UniTask.dll
Symbol file LoadedFromMemory is not a mono symbol file
Symbol file data-000001617FB77040 doesn't match image C:\Users\asdf\Desktop\unity\ReactiveTurnBase\My project A\Library\ScriptAssemblies\Unity.VisualScripting.State.dll
Symbol file LoadedFromMemory is not a mono symbol file
Symbol file data-000001617FB77040 doesn't match image C:\Users\asdf\Desktop\unity\ReactiveTurnBase\My project A\Library\ScriptAssemblies\Unity.VSCode.Editor.dll
Symbol file LoadedFromMemory is not a mono symbol file
- Loaded All Assemblies, in  0.467 seconds
Native extension for WindowsStandalone target not found
Native extension for Android target not found
Mono: successfully reloaded assembly
- Finished resetting the current domain, in  1.037 seconds
Domain Reload Profiling: 1502ms
	BeginReloadAssembly (137ms)
		ExecutionOrderSort (0ms)
		DisableScriptedObjects (6ms)
		BackupInstance (0ms)
		ReleaseScriptingObjects (0ms)
		CreateAndSetChildDomain (30ms)
	RebuildCommonClasses (34ms)
	RebuildNativeTypeToScriptingClass (11ms)
	initialDomainReloadingComplete (28ms)
	LoadAllAssembliesAndSetupDomain (254ms)
		LoadAssemblies (297ms)
		RebuildTransferFunctionScriptingTraits (0ms)
		AnalyzeDomain (29ms)
			TypeCache.Refresh (10ms)
				TypeCache.ScanAssembly (3ms)
			ScanForSourceGeneratedMonoScriptInfo (11ms)
			ResolveRequiredComponents (6ms)
	FinalizeReload (1038ms)
		ReleaseScriptCaches (0ms)
		RebuildScriptCaches (0ms)
		SetupLoadedEditorAssemblies (583ms)
			LogAssemblyErrors (0ms)
			InitializePlatformSupportModulesInManaged (17ms)
			SetLoadedEditorAssemblies (4ms)
			RefreshPlugins (0ms)
			BeforeProcessingInitializeOnLoad (92ms)
			ProcessInitializeOnLoadAttributes (420ms)
			ProcessInitializeOnLoadMethodAttributes (37ms)
			AfterProcessingInitializeOnLoad (13ms)
			EditorAssembliesLoaded (1ms)
		ExecutionOrderSort2 (0ms)
		AwakeInstancesAfterBackupRestoration (15ms)
Refreshing native plugins compatible for Editor in 3.75 ms, found 3 plugins.
Preloading 0 native plugins for Editor in 0.00 ms.
Unloading 3941 Unused Serialized files (Serialized files now loaded: 0)
Unloading 22 unused Assets / (32.8 KB). Loaded Objects now: 4620.
Memory consumption went from 226.1 MB to 226.1 MB.
Total: 3.118600 ms (FindLiveObjects: 0.271200 ms CreateObjectMapping: 0.210800 ms MarkObjects: 2.585100 ms  DeleteObjects: 0.051000 ms)

Prepare: number of updated asset objects reloaded= 0
AssetImportParameters requested are different than current active one (requested -> active):
  custom:container-demuxer-ogg: 62fdf1f143b41e24485cea50d1cbac27 -> 
  custom:scripting/monoscript/fileName/GroggyBar.cs: 100a61dadfc5e32941fd0f737636facf -> 
  custom:video-decoder-ogg-theora: a1e56fd34408186e4bbccfd4996cb3dc -> 
  custom:framework-win-MediaFoundation: 216162199b28c13a410421893ffa2e32 -> 
  custom:CustomObjectIndexerAttribute: 9a22284fe3817be447336de3de66b15e -> 
  custom:container-demuxer-webm: 4f35f7cbe854078d1ac9338744f61a02 -> 
  custom:container-muxer-webm: aa71ff27fc2769a1b78a27578f13a17b -> 
  custom:video-decoder-webm-vp8: 9c59270c3fd7afecdb556c50c9e8de78 -> 
  custom:SearchIndexIgnoredProperties: e643bd26f0fe6173181afceb89e7c659 -> 
  custom:AudioImporter_EditorPlatform: d09bf68614088b80899f8185d706f6e7 -> 
  custom:video-encoder-webm-vp8: eb34c28f22e8b96e1ab97ce403110664 -> 
  custom:scripting/monoscript/fileName/GroggyBarFollower.cs: 819d994350b9b9cabf3c84cf4da82ff6 -> 
  custom:audio-decoder-ogg-vorbis: bf7c407c2cedff20999df2af8eb42d56 -> 
  custom:audio-encoder-webm-vorbis: bf7c407c2cedff20999df2af8eb42d56 -> 
  custom:scripting/precompiled-assembly-types:Assembly-CSharp: b46ac83b1ac601f3cf7a79e40a0cc39b -> 1476765af81e86739e20042d8f5f0532
========================================================================
Received Prepare
Caller must complete domain reload
Begin MonoManager ReloadAssembly
Symbol file data-00000161A2DC2570 doesn't match image C:\Users\asdf\Desktop\unity\ReactiveTurnBase\My project A\Library\ScriptAssemblies\Unity.EditorCoroutines.Editor.dll
Symbol file LoadedFromMemory is not a mono symbol file
Symbol file data-00000161AB2BF040 doesn't match image C:\Users\asdf\Desktop\unity\ReactiveTurnBase\My project A\Library\ScriptAssemblies\UniTask.TextMeshPro.dll
Symbol file LoadedFromMemory is not a mono symbol file
Symbol file data-00000161A127F020 doesn't match image C:\Users\asdf\Desktop\unity\ReactiveTurnBase\My project A\Library\ScriptAssemblies\Unity.Timeline.Editor.dll
Symbol file LoadedFromMemory is not a mono symbol file
Symbol file data-00000161AB2BF040 doesn't match image C:\Users\asdf\Desktop\unity\ReactiveTurnBase\My project A\Library\ScriptAssemblies\Unity.VisualScripting.Shared.Editor.dll
Symbol file LoadedFromMemory is not a mono symbol file
Symbol file data-00000161A2DC2570 doesn't match image C:\Users\asdf\Desktop\unity\ReactiveTurnBase\My project A\Library\ScriptAssemblies\UniTask.DOTween.dll
Symbol file LoadedFromMemory is not a mono symbol file
Symbol file data-00000161A2DC2570 doesn't match image C:\Users\asdf\Desktop\unity\ReactiveTurnBase\My project A\Library\ScriptAssemblies\UniTask.Addressables.dll
Symbol file LoadedFromMemory is not a mono symbol file
Symbol file data-000001617F4FAAE0 doesn't match image C:\Users\asdf\Desktop\unity\ReactiveTurnBase\My project A\Library\ScriptAssemblies\UnityEditor.UI.dll
Symbol file LoadedFromMemory is not a mono symbol file
Symbol file data-00000161A2781020 doesn't match image C:\Users\asdf\Desktop\unity\ReactiveTurnBase\My project A\Library\ScriptAssemblies\Unity.VisualScripting.Core.dll
Symbol file LoadedFromMemory is not a mono symbol file
Symbol file data-00000161ACFC0010 doesn't match image C:\Users\asdf\Desktop\unity\ReactiveTurnBase\My project A\Library\ScriptAssemblies\UnityEngine.UI.dll
Symbol file LoadedFromMemory is not a mono symbol file
Symbol file data-00000161AB2BF040 doesn't match image C:\Users\asdf\Desktop\unity\ReactiveTurnBase\My project A\Library\ScriptAssemblies\UniTask.Editor.dll
Symbol file LoadedFromMemory is not a mono symbol file
Symbol file data-00000161A1869020 doesn't match image C:\Users\asdf\Desktop\unity\ReactiveTurnBase\My project A\Library\ScriptAssemblies\Unity.VisualScripting.Core.Editor.dll
Symbol file LoadedFromMemory is not a mono symbol file
Symbol file data-00000161AE0C9020 doesn't match image C:\Users\asdf\Desktop\unity\ReactiveTurnBase\My project A\Library\ScriptAssemblies\UniTask.Linq.dll
Symbol file LoadedFromMemory is not a mono symbol file
Symbol file data-00000161A15A6020 doesn't match image C:\Users\asdf\Desktop\unity\ReactiveTurnBase\My project A\Library\ScriptAssemblies\Unity.VisualScripting.Flow.dll
Symbol file LoadedFromMemory is not a mono symbol file
Symbol file data-00000161ABA3A010 doesn't match image C:\Users\asdf\Desktop\unity\ReactiveTurnBase\My project A\Library\ScriptAssemblies\Unity.VisualScripting.Flow.Editor.dll
Symbol file LoadedFromMemory is not a mono symbol file
Symbol file data-000001617F366010 doesn't match image C:\Users\asdf\Desktop\unity\ReactiveTurnBase\My project A\Library\ScriptAssemblies\Unity.Timeline.dll
Symbol file LoadedFromMemory is not a mono symbol file
Symbol file data-000001620FA20010 doesn't match image C:\Users\asdf\Desktop\unity\ReactiveTurnBase\My project A\Library\ScriptAssemblies\Unity.InputSystem.dll
Symbol file LoadedFromMemory is not a mono symbol file
Symbol file data-00000161AB2BF040 doesn't match image C:\Users\asdf\Desktop\unity\ReactiveTurnBase\My project A\Library\ScriptAssemblies\Unity.InputSystem.ForUI.dll
Symbol file LoadedFromMemory is not a mono symbol file
Symbol file data-00000161A14948A0 doesn't match image C:\Users\asdf\Desktop\unity\ReactiveTurnBase\My project A\Library\ScriptAssemblies\Unity.TestTools.CodeCoverage.Editor.OpenCover.Mono.Reflection.dll
Symbol file LoadedFromMemory is not a mono symbol file
Symbol file data-00000161A14948A0 doesn't match image C:\Users\asdf\Desktop\unity\ReactiveTurnBase\My project A\Library\ScriptAssemblies\Unity.VisualScripting.SettingsProvider.Editor.dll
Symbol file LoadedFromMemory is not a mono symbol file
Symbol file data-00000161A1CFC020 doesn't match image C:\Users\asdf\Desktop\unity\ReactiveTurnBase\My project A\Library\ScriptAssemblies\Unity.Performance.Profile-Analyzer.Editor.dll
Symbol file LoadedFromMemory is not a mono symbol file
Symbol file data-00000161A2600090 doesn't match image C:\Users\asdf\Desktop\unity\ReactiveTurnBase\My project A\Library\ScriptAssemblies\Unity.TestTools.CodeCoverage.Editor.dll
Symbol file LoadedFromMemory is not a mono symbol file
Symbol file data-000001617FB77040 doesn't match image C:\Users\asdf\Desktop\unity\ReactiveTurnBase\My project A\Library\ScriptAssemblies\Unity.TestTools.CodeCoverage.Editor.OpenCover.Model.dll
Symbol file LoadedFromMemory is not a mono symbol file
Symbol file data-000001617F4FAAE0 doesn't match image C:\Users\asdf\Desktop\unity\ReactiveTurnBase\My project A\Library\ScriptAssemblies\Unity.VisualScripting.State.Editor.dll
Symbol file LoadedFromMemory is not a mono symbol file
Symbol file data-00000161ABE2E010 doesn't match image C:\Users\asdf\Desktop\unity\ReactiveTurnBase\My project A\Library\ScriptAssemblies\Unity.Settings.Editor.dll
Symbol file LoadedFromMemory is not a mono symbol file
Symbol file data-000001617F407020 doesn't match image C:\Users\asdf\Desktop\unity\ReactiveTurnBase\My project A\Library\ScriptAssemblies\Unity.CollabProxy.Editor.dll
Symbol file LoadedFromMemory is not a mono symbol file
Symbol file data-000001617F2E4020 doesn't match image C:\Users\asdf\Desktop\unity\ReactiveTurnBase\My project A\Library\ScriptAssemblies\Unity.TextMeshPro.dll
Symbol file LoadedFromMemory is not a mono symbol file
Symbol file data-000001617F646010 doesn't match image C:\Users\asdf\Desktop\unity\ReactiveTurnBase\My project A\Library\ScriptAssemblies\Unity.TextMeshPro.Editor.dll
Symbol file LoadedFromMemory is not a mono symbol file
Symbol file data-000001617F867240 doesn't match image C:\Users\asdf\Desktop\unity\ReactiveTurnBase\My project A\Library\ScriptAssemblies\UniTask.dll
Symbol file LoadedFromMemory is not a mono symbol file
Symbol file data-000001617FB77040 doesn't match image C:\Users\asdf\Desktop\unity\ReactiveTurnBase\My project A\Library\ScriptAssemblies\Unity.VisualScripting.State.dll
Symbol file LoadedFromMemory is not a mono symbol file
Symbol file data-000001617FB77040 doesn't match image C:\Users\asdf\Desktop\unity\ReactiveTurnBase\My project A\Library\ScriptAssemblies\Unity.VSCode.Editor.dll
Symbol file LoadedFromMemory is not a mono symbol file
- Loaded All Assemblies, in  0.429 seconds
Native extension for WindowsStandalone target not found
Native extension for Android target not found
Mono: successfully reloaded assembly
- Finished resetting the current domain, in  1.061 seconds
Domain Reload Profiling: 1488ms
	BeginReloadAssembly (134ms)
		ExecutionOrderSort (0ms)
		DisableScriptedObjects (6ms)
		BackupInstance (0ms)
		ReleaseScriptingObjects (0ms)
		CreateAndSetChildDomain (32ms)
	RebuildCommonClasses (26ms)
	RebuildNativeTypeToScriptingClass (8ms)
	initialDomainReloadingComplete (27ms)
	LoadAllAssembliesAndSetupDomain (230ms)
		LoadAssemblies (283ms)
		RebuildTransferFunctionScriptingTraits (0ms)
		AnalyzeDomain (13ms)
			TypeCache.Refresh (5ms)
				TypeCache.ScanAssembly (0ms)
			ScanForSourceGeneratedMonoScriptInfo (0ms)
			ResolveRequiredComponents (7ms)
	FinalizeReload (1062ms)
		ReleaseScriptCaches (0ms)
		RebuildScriptCaches (0ms)
		SetupLoadedEditorAssemblies (618ms)
			LogAssemblyErrors (0ms)
			InitializePlatformSupportModulesInManaged (51ms)
			SetLoadedEditorAssemblies (5ms)
			RefreshPlugins (0ms)
			BeforeProcessingInitializeOnLoad (92ms)
			ProcessInitializeOnLoadAttributes (423ms)
			ProcessInitializeOnLoadMethodAttributes (39ms)
			AfterProcessingInitializeOnLoad (8ms)
			EditorAssembliesLoaded (0ms)
		ExecutionOrderSort2 (0ms)
		AwakeInstancesAfterBackupRestoration (9ms)
Refreshing native plugins compatible for Editor in 5.15 ms, found 3 plugins.
Preloading 0 native plugins for Editor in 0.00 ms.
Unloading 3941 Unused Serialized files (Serialized files now loaded: 0)
Unloading 22 unused Assets / (32.8 KB). Loaded Objects now: 4623.
Memory consumption went from 226.1 MB to 226.0 MB.
Total: 5.858700 ms (FindLiveObjects: 0.932200 ms CreateObjectMapping: 0.568700 ms MarkObjects: 4.306500 ms  DeleteObjects: 0.049100 ms)

Prepare: number of updated asset objects reloaded= 0
AssetImportParameters requested are different than current active one (requested -> active):
  custom:container-demuxer-ogg: 62fdf1f143b41e24485cea50d1cbac27 -> 
  custom:scripting/monoscript/fileName/GroggyBar.cs: 100a61dadfc5e32941fd0f737636facf -> 
  custom:video-decoder-ogg-theora: a1e56fd34408186e4bbccfd4996cb3dc -> 
  custom:framework-win-MediaFoundation: 216162199b28c13a410421893ffa2e32 -> 
  custom:CustomObjectIndexerAttribute: 9a22284fe3817be447336de3de66b15e -> 
  custom:container-demuxer-webm: 4f35f7cbe854078d1ac9338744f61a02 -> 
  custom:container-muxer-webm: aa71ff27fc2769a1b78a27578f13a17b -> 
  custom:video-decoder-webm-vp8: 9c59270c3fd7afecdb556c50c9e8de78 -> 
  custom:SearchIndexIgnoredProperties: e643bd26f0fe6173181afceb89e7c659 -> 
  custom:AudioImporter_EditorPlatform: d09bf68614088b80899f8185d706f6e7 -> 
  custom:video-encoder-webm-vp8: eb34c28f22e8b96e1ab97ce403110664 -> 
  custom:scripting/monoscript/fileName/GroggyBarFollower.cs: 819d994350b9b9cabf3c84cf4da82ff6 -> 
  custom:audio-decoder-ogg-vorbis: bf7c407c2cedff20999df2af8eb42d56 -> 
  custom:audio-encoder-webm-vorbis: bf7c407c2cedff20999df2af8eb42d56 -> 
  custom:scripting/precompiled-assembly-types:Assembly-CSharp: b46ac83b1ac601f3cf7a79e40a0cc39b -> 1476765af81e86739e20042d8f5f0532
========================================================================
Received Prepare
Caller must complete domain reload
Begin MonoManager ReloadAssembly
Symbol file data-00000161A2DC2570 doesn't match image C:\Users\asdf\Desktop\unity\ReactiveTurnBase\My project A\Library\ScriptAssemblies\Unity.EditorCoroutines.Editor.dll
Symbol file LoadedFromMemory is not a mono symbol file
Symbol file data-00000161ADB31020 doesn't match image C:\Users\asdf\Desktop\unity\ReactiveTurnBase\My project A\Library\ScriptAssemblies\UniTask.TextMeshPro.dll
Symbol file LoadedFromMemory is not a mono symbol file
Symbol file data-00000161A127F020 doesn't match image C:\Users\asdf\Desktop\unity\ReactiveTurnBase\My project A\Library\ScriptAssemblies\Unity.Timeline.Editor.dll
Symbol file LoadedFromMemory is not a mono symbol file
Symbol file data-00000161ADB31020 doesn't match image C:\Users\asdf\Desktop\unity\ReactiveTurnBase\My project A\Library\ScriptAssemblies\Unity.VisualScripting.Shared.Editor.dll
Symbol file LoadedFromMemory is not a mono symbol file
Symbol file data-00000161A2DC2570 doesn't match image C:\Users\asdf\Desktop\unity\ReactiveTurnBase\My project A\Library\ScriptAssemblies\UniTask.DOTween.dll
Symbol file LoadedFromMemory is not a mono symbol file
Symbol file data-00000161A2DC2570 doesn't match image C:\Users\asdf\Desktop\unity\ReactiveTurnBase\My project A\Library\ScriptAssemblies\UniTask.Addressables.dll
Symbol file LoadedFromMemory is not a mono symbol file
Symbol file data-000001617F4FAAE0 doesn't match image C:\Users\asdf\Desktop\unity\ReactiveTurnBase\My project A\Library\ScriptAssemblies\UnityEditor.UI.dll
Symbol file LoadedFromMemory is not a mono symbol file
Symbol file data-00000161A2781020 doesn't match image C:\Users\asdf\Desktop\unity\ReactiveTurnBase\My project A\Library\ScriptAssemblies\Unity.VisualScripting.Core.dll
Symbol file LoadedFromMemory is not a mono symbol file
Symbol file data-00000161ABE7C020 doesn't match image C:\Users\asdf\Desktop\unity\ReactiveTurnBase\My project A\Library\ScriptAssemblies\UnityEngine.UI.dll
Symbol file LoadedFromMemory is not a mono symbol file
Symbol file data-00000161ADB31020 doesn't match image C:\Users\asdf\Desktop\unity\ReactiveTurnBase\My project A\Library\ScriptAssemblies\UniTask.Editor.dll
Symbol file LoadedFromMemory is not a mono symbol file
Symbol file data-00000161A1869020 doesn't match image C:\Users\asdf\Desktop\unity\ReactiveTurnBase\My project A\Library\ScriptAssemblies\Unity.VisualScripting.Core.Editor.dll
Symbol file LoadedFromMemory is not a mono symbol file
Symbol file data-00000161ABC42010 doesn't match image C:\Users\asdf\Desktop\unity\ReactiveTurnBase\My project A\Library\ScriptAssemblies\UniTask.Linq.dll
Symbol file LoadedFromMemory is not a mono symbol file
Symbol file data-00000161ACA40030 doesn't match image C:\Users\asdf\Desktop\unity\ReactiveTurnBase\My project A\Library\ScriptAssemblies\Unity.VisualScripting.Flow.dll
Symbol file LoadedFromMemory is not a mono symbol file
Symbol file data-00000161ABA3A010 doesn't match image C:\Users\asdf\Desktop\unity\ReactiveTurnBase\My project A\Library\ScriptAssemblies\Unity.VisualScripting.Flow.Editor.dll
Symbol file LoadedFromMemory is not a mono symbol file
Symbol file data-000001617F366010 doesn't match image C:\Users\asdf\Desktop\unity\ReactiveTurnBase\My project A\Library\ScriptAssemblies\Unity.Timeline.dll
Symbol file LoadedFromMemory is not a mono symbol file
Symbol file data-000001620FA82010 doesn't match image C:\Users\asdf\Desktop\unity\ReactiveTurnBase\My project A\Library\ScriptAssemblies\Unity.InputSystem.dll
Symbol file LoadedFromMemory is not a mono symbol file
Symbol file data-00000161ADB31020 doesn't match image C:\Users\asdf\Desktop\unity\ReactiveTurnBase\My project A\Library\ScriptAssemblies\Unity.InputSystem.ForUI.dll
Symbol file LoadedFromMemory is not a mono symbol file
Symbol file data-00000161A31CF050 doesn't match image C:\Users\asdf\Desktop\unity\ReactiveTurnBase\My project A\Library\ScriptAssemblies\Unity.TestTools.CodeCoverage.Editor.OpenCover.Mono.Reflection.dll
Symbol file LoadedFromMemory is not a mono symbol file
Symbol file data-00000161A31CF050 doesn't match image C:\Users\asdf\Desktop\unity\ReactiveTurnBase\My project A\Library\ScriptAssemblies\Unity.VisualScripting.SettingsProvider.Editor.dll
Symbol file LoadedFromMemory is not a mono symbol file
Symbol file data-00000161A1CFC020 doesn't match image C:\Users\asdf\Desktop\unity\ReactiveTurnBase\My project A\Library\ScriptAssemblies\Unity.Performance.Profile-Analyzer.Editor.dll
Symbol file LoadedFromMemory is not a mono symbol file
Symbol file data-000001617F684010 doesn't match image C:\Users\asdf\Desktop\unity\ReactiveTurnBase\My project A\Library\ScriptAssemblies\Unity.TestTools.CodeCoverage.Editor.dll
Symbol file LoadedFromMemory is not a mono symbol file
Symbol file data-00000161A14948A0 doesn't match image C:\Users\asdf\Desktop\unity\ReactiveTurnBase\My project A\Library\ScriptAssemblies\Unity.TestTools.CodeCoverage.Editor.OpenCover.Model.dll
Symbol file LoadedFromMemory is not a mono symbol file
Symbol file data-000001617F4FAAE0 doesn't match image C:\Users\asdf\Desktop\unity\ReactiveTurnBase\My project A\Library\ScriptAssemblies\Unity.VisualScripting.State.Editor.dll
Symbol file LoadedFromMemory is not a mono symbol file
Symbol file data-00000161ABE2E010 doesn't match image C:\Users\asdf\Desktop\unity\ReactiveTurnBase\My project A\Library\ScriptAssemblies\Unity.Settings.Editor.dll
Symbol file LoadedFromMemory is not a mono symbol file
Symbol file data-00000161AB2BF040 doesn't match image C:\Users\asdf\Desktop\unity\ReactiveTurnBase\My project A\Library\ScriptAssemblies\Unity.CollabProxy.Editor.dll
Symbol file LoadedFromMemory is not a mono symbol file
Symbol file data-000001617F2E4020 doesn't match image C:\Users\asdf\Desktop\unity\ReactiveTurnBase\My project A\Library\ScriptAssemblies\Unity.TextMeshPro.dll
Symbol file LoadedFromMemory is not a mono symbol file
Symbol file data-000001617F646010 doesn't match image C:\Users\asdf\Desktop\unity\ReactiveTurnBase\My project A\Library\ScriptAssemblies\Unity.TextMeshPro.Editor.dll
Symbol file LoadedFromMemory is not a mono symbol file
Symbol file data-000001617F867240 doesn't match image C:\Users\asdf\Desktop\unity\ReactiveTurnBase\My project A\Library\ScriptAssemblies\UniTask.dll
Symbol file LoadedFromMemory is not a mono symbol file
Symbol file data-00000161A14948A0 doesn't match image C:\Users\asdf\Desktop\unity\ReactiveTurnBase\My project A\Library\ScriptAssemblies\Unity.VisualScripting.State.dll
Symbol file LoadedFromMemory is not a mono symbol file
Symbol file data-00000161A14948A0 doesn't match image C:\Users\asdf\Desktop\unity\ReactiveTurnBase\My project A\Library\ScriptAssemblies\Unity.VSCode.Editor.dll
Symbol file LoadedFromMemory is not a mono symbol file
- Loaded All Assemblies, in  0.444 seconds
Native extension for WindowsStandalone target not found
Native extension for Android target not found
Mono: successfully reloaded assembly
- Finished resetting the current domain, in  1.147 seconds
Domain Reload Profiling: 1589ms
	BeginReloadAssembly (139ms)
		ExecutionOrderSort (0ms)
		DisableScriptedObjects (6ms)
		BackupInstance (0ms)
		ReleaseScriptingObjects (0ms)
		CreateAndSetChildDomain (30ms)
	RebuildCommonClasses (33ms)
	RebuildNativeTypeToScriptingClass (14ms)
	initialDomainReloadingComplete (26ms)
	LoadAllAssembliesAndSetupDomain (229ms)
		LoadAssemblies (289ms)
		RebuildTransferFunctionScriptingTraits (0ms)
		AnalyzeDomain (13ms)
			TypeCache.Refresh (5ms)
				TypeCache.ScanAssembly (0ms)
			ScanForSourceGeneratedMonoScriptInfo (0ms)
			ResolveRequiredComponents (7ms)
	FinalizeReload (1148ms)
		ReleaseScriptCaches (0ms)
		RebuildScriptCaches (0ms)
		SetupLoadedEditorAssemblies (637ms)
			LogAssemblyErrors (0ms)
			InitializePlatformSupportModulesInManaged (22ms)
			SetLoadedEditorAssemblies (5ms)
			RefreshPlugins (0ms)
			BeforeProcessingInitializeOnLoad (120ms)
			ProcessInitializeOnLoadAttributes (445ms)
			ProcessInitializeOnLoadMethodAttributes (37ms)
			AfterProcessingInitializeOnLoad (7ms)
			EditorAssembliesLoaded (0ms)
		ExecutionOrderSort2 (0ms)
		AwakeInstancesAfterBackupRestoration (8ms)
Refreshing native plugins compatible for Editor in 5.09 ms, found 3 plugins.
Preloading 0 native plugins for Editor in 0.00 ms.
Unloading 3941 Unused Serialized files (Serialized files now loaded: 0)
Unloading 22 unused Assets / (32.8 KB). Loaded Objects now: 4626.
Memory consumption went from 226.1 MB to 226.1 MB.
Total: 4.657300 ms (FindLiveObjects: 0.290000 ms CreateObjectMapping: 0.213800 ms MarkObjects: 4.022400 ms  DeleteObjects: 0.130100 ms)

Prepare: number of updated asset objects reloaded= 0
AssetImportParameters requested are different than current active one (requested -> active):
  custom:container-demuxer-ogg: 62fdf1f143b41e24485cea50d1cbac27 -> 
  custom:scripting/monoscript/fileName/GroggyBar.cs: 100a61dadfc5e32941fd0f737636facf -> 
  custom:video-decoder-ogg-theora: a1e56fd34408186e4bbccfd4996cb3dc -> 
  custom:framework-win-MediaFoundation: 216162199b28c13a410421893ffa2e32 -> 
  custom:CustomObjectIndexerAttribute: 9a22284fe3817be447336de3de66b15e -> 
  custom:container-demuxer-webm: 4f35f7cbe854078d1ac9338744f61a02 -> 
  custom:container-muxer-webm: aa71ff27fc2769a1b78a27578f13a17b -> 
  custom:video-decoder-webm-vp8: 9c59270c3fd7afecdb556c50c9e8de78 -> 
  custom:SearchIndexIgnoredProperties: e643bd26f0fe6173181afceb89e7c659 -> 
  custom:AudioImporter_EditorPlatform: d09bf68614088b80899f8185d706f6e7 -> 
  custom:video-encoder-webm-vp8: eb34c28f22e8b96e1ab97ce403110664 -> 
  custom:scripting/monoscript/fileName/GroggyBarFollower.cs: 819d994350b9b9cabf3c84cf4da82ff6 -> 
  custom:audio-decoder-ogg-vorbis: bf7c407c2cedff20999df2af8eb42d56 -> 
  custom:audio-encoder-webm-vorbis: bf7c407c2cedff20999df2af8eb42d56 -> 
  custom:scripting/precompiled-assembly-types:Assembly-CSharp: b46ac83b1ac601f3cf7a79e40a0cc39b -> 1476765af81e86739e20042d8f5f0532
========================================================================
Received Prepare
Caller must complete domain reload
Begin MonoManager ReloadAssembly
Symbol file data-00000161A2DC2570 doesn't match image C:\Users\asdf\Desktop\unity\ReactiveTurnBase\My project A\Library\ScriptAssemblies\Unity.EditorCoroutines.Editor.dll
Symbol file LoadedFromMemory is not a mono symbol file
Symbol file data-000001617F407020 doesn't match image C:\Users\asdf\Desktop\unity\ReactiveTurnBase\My project A\Library\ScriptAssemblies\UniTask.TextMeshPro.dll
Symbol file LoadedFromMemory is not a mono symbol file
Symbol file data-00000161A127F020 doesn't match image C:\Users\asdf\Desktop\unity\ReactiveTurnBase\My project A\Library\ScriptAssemblies\Unity.Timeline.Editor.dll
Symbol file LoadedFromMemory is not a mono symbol file
Symbol file data-000001617F407020 doesn't match image C:\Users\asdf\Desktop\unity\ReactiveTurnBase\My project A\Library\ScriptAssemblies\Unity.VisualScripting.Shared.Editor.dll
Symbol file LoadedFromMemory is not a mono symbol file
Symbol file data-000001617F407020 doesn't match image C:\Users\asdf\Desktop\unity\ReactiveTurnBase\My project A\Library\ScriptAssemblies\UniTask.DOTween.dll
Symbol file LoadedFromMemory is not a mono symbol file
Symbol file data-000001617F407020 doesn't match image C:\Users\asdf\Desktop\unity\ReactiveTurnBase\My project A\Library\ScriptAssemblies\UniTask.Addressables.dll
Symbol file LoadedFromMemory is not a mono symbol file
Symbol file data-000001617F4FAAE0 doesn't match image C:\Users\asdf\Desktop\unity\ReactiveTurnBase\My project A\Library\ScriptAssemblies\UnityEditor.UI.dll
Symbol file LoadedFromMemory is not a mono symbol file
Symbol file data-00000161ABC42010 doesn't match image C:\Users\asdf\Desktop\unity\ReactiveTurnBase\My project A\Library\ScriptAssemblies\Unity.VisualScripting.Core.dll
Symbol file LoadedFromMemory is not a mono symbol file
Symbol file data-00000161ACFC0010 doesn't match image C:\Users\asdf\Desktop\unity\ReactiveTurnBase\My project A\Library\ScriptAssemblies\UnityEngine.UI.dll
Symbol file LoadedFromMemory is not a mono symbol file
Symbol file data-00000161ADB31020 doesn't match image C:\Users\asdf\Desktop\unity\ReactiveTurnBase\My project A\Library\ScriptAssemblies\UniTask.Editor.dll
Symbol file LoadedFromMemory is not a mono symbol file
Symbol file data-00000161A1869020 doesn't match image C:\Users\asdf\Desktop\unity\ReactiveTurnBase\My project A\Library\ScriptAssemblies\Unity.VisualScripting.Core.Editor.dll
Symbol file LoadedFromMemory is not a mono symbol file
Symbol file data-000001617F867240 doesn't match image C:\Users\asdf\Desktop\unity\ReactiveTurnBase\My project A\Library\ScriptAssemblies\UniTask.Linq.dll
Symbol file LoadedFromMemory is not a mono symbol file
Symbol file data-000001617F2E4020 doesn't match image C:\Users\asdf\Desktop\unity\ReactiveTurnBase\My project A\Library\ScriptAssemblies\Unity.VisualScripting.Flow.dll
Symbol file LoadedFromMemory is not a mono symbol file
Symbol file data-00000161ABA3A010 doesn't match image C:\Users\asdf\Desktop\unity\ReactiveTurnBase\My project A\Library\ScriptAssemblies\Unity.VisualScripting.Flow.Editor.dll
Symbol file LoadedFromMemory is not a mono symbol file
Symbol file data-000001617F366010 doesn't match image C:\Users\asdf\Desktop\unity\ReactiveTurnBase\My project A\Library\ScriptAssemblies\Unity.Timeline.dll
Symbol file LoadedFromMemory is not a mono symbol file
Symbol file data-000001620FA82010 doesn't match image C:\Users\asdf\Desktop\unity\ReactiveTurnBase\My project A\Library\ScriptAssemblies\Unity.InputSystem.dll
Symbol file LoadedFromMemory is not a mono symbol file
Symbol file data-00000161ADB31020 doesn't match image C:\Users\asdf\Desktop\unity\ReactiveTurnBase\My project A\Library\ScriptAssemblies\Unity.InputSystem.ForUI.dll
Symbol file LoadedFromMemory is not a mono symbol file
Symbol file data-000001620F80C040 doesn't match image C:\Users\asdf\Desktop\unity\ReactiveTurnBase\My project A\Library\ScriptAssemblies\Unity.TestTools.CodeCoverage.Editor.OpenCover.Mono.Reflection.dll
Symbol file LoadedFromMemory is not a mono symbol file
Symbol file data-000001620F80C040 doesn't match image C:\Users\asdf\Desktop\unity\ReactiveTurnBase\My project A\Library\ScriptAssemblies\Unity.VisualScripting.SettingsProvider.Editor.dll
Symbol file LoadedFromMemory is not a mono symbol file
Symbol file data-00000161A1CFC020 doesn't match image C:\Users\asdf\Desktop\unity\ReactiveTurnBase\My project A\Library\ScriptAssemblies\Unity.Performance.Profile-Analyzer.Editor.dll
Symbol file LoadedFromMemory is not a mono symbol file
Symbol file data-000001617F684010 doesn't match image C:\Users\asdf\Desktop\unity\ReactiveTurnBase\My project A\Library\ScriptAssemblies\Unity.TestTools.CodeCoverage.Editor.dll
Symbol file LoadedFromMemory is not a mono symbol file
Symbol file data-000001617FB77040 doesn't match image C:\Users\asdf\Desktop\unity\ReactiveTurnBase\My project A\Library\ScriptAssemblies\Unity.TestTools.CodeCoverage.Editor.OpenCover.Model.dll
Symbol file LoadedFromMemory is not a mono symbol file
Symbol file data-000001617F4FAAE0 doesn't match image C:\Users\asdf\Desktop\unity\ReactiveTurnBase\My project A\Library\ScriptAssemblies\Unity.VisualScripting.State.Editor.dll
Symbol file LoadedFromMemory is not a mono symbol file
Symbol file data-000001617F8AE450 doesn't match image C:\Users\asdf\Desktop\unity\ReactiveTurnBase\My project A\Library\ScriptAssemblies\Unity.Settings.Editor.dll
Symbol file LoadedFromMemory is not a mono symbol file
Symbol file data-000001620F80C040 doesn't match image C:\Users\asdf\Desktop\unity\ReactiveTurnBase\My project A\Library\ScriptAssemblies\Unity.CollabProxy.Editor.dll
Symbol file LoadedFromMemory is not a mono symbol file
Symbol file data-000001617F2E4020 doesn't match image C:\Users\asdf\Desktop\unity\ReactiveTurnBase\My project A\Library\ScriptAssemblies\Unity.TextMeshPro.dll
Symbol file LoadedFromMemory is not a mono symbol file
Symbol file data-000001617F646010 doesn't match image C:\Users\asdf\Desktop\unity\ReactiveTurnBase\My project A\Library\ScriptAssemblies\Unity.TextMeshPro.Editor.dll
Symbol file LoadedFromMemory is not a mono symbol file
Symbol file data-00000161ADF0D020 doesn't match image C:\Users\asdf\Desktop\unity\ReactiveTurnBase\My project A\Library\ScriptAssemblies\UniTask.dll
Symbol file LoadedFromMemory is not a mono symbol file
Symbol file data-000001617FB77040 doesn't match image C:\Users\asdf\Desktop\unity\ReactiveTurnBase\My project A\Library\ScriptAssemblies\Unity.VisualScripting.State.dll
Symbol file LoadedFromMemory is not a mono symbol file
Symbol file data-000001617FB77040 doesn't match image C:\Users\asdf\Desktop\unity\ReactiveTurnBase\My project A\Library\ScriptAssemblies\Unity.VSCode.Editor.dll
Symbol file LoadedFromMemory is not a mono symbol file
- Loaded All Assemblies, in  0.425 seconds
Native extension for WindowsStandalone target not found
Native extension for Android target not found
Mono: successfully reloaded assembly
- Finished resetting the current domain, in  1.085 seconds
Domain Reload Profiling: 1507ms
	BeginReloadAssembly (135ms)
		ExecutionOrderSort (0ms)
		DisableScriptedObjects (6ms)
		BackupInstance (0ms)
		ReleaseScriptingObjects (0ms)
		CreateAndSetChildDomain (31ms)
	RebuildCommonClasses (26ms)
	RebuildNativeTypeToScriptingClass (8ms)
	initialDomainReloadingComplete (26ms)
	LoadAllAssembliesAndSetupDomain (227ms)
		LoadAssemblies (281ms)
		RebuildTransferFunctionScriptingTraits (0ms)
		AnalyzeDomain (14ms)
			TypeCache.Refresh (5ms)
				TypeCache.ScanAssembly (0ms)
			ScanForSourceGeneratedMonoScriptInfo (0ms)
			ResolveRequiredComponents (7ms)
	FinalizeReload (1085ms)
		ReleaseScriptCaches (0ms)
		RebuildScriptCaches (0ms)
		SetupLoadedEditorAssemblies (608ms)
			LogAssemblyErrors (0ms)
			InitializePlatformSupportModulesInManaged (18ms)
			SetLoadedEditorAssemblies (4ms)
			RefreshPlugins (0ms)
			BeforeProcessingInitializeOnLoad (103ms)
			ProcessInitializeOnLoadAttributes (437ms)
			ProcessInitializeOnLoadMethodAttributes (37ms)
			AfterProcessingInitializeOnLoad (9ms)
			EditorAssembliesLoaded (0ms)
		ExecutionOrderSort2 (0ms)
		AwakeInstancesAfterBackupRestoration (10ms)
Refreshing native plugins compatible for Editor in 5.39 ms, found 3 plugins.
Preloading 0 native plugins for Editor in 0.00 ms.
Unloading 3941 Unused Serialized files (Serialized files now loaded: 0)
Unloading 22 unused Assets / (32.9 KB). Loaded Objects now: 4629.
Memory consumption went from 226.1 MB to 226.1 MB.
Total: 4.592700 ms (FindLiveObjects: 0.880300 ms CreateObjectMapping: 0.352300 ms MarkObjects: 3.307300 ms  DeleteObjects: 0.051200 ms)

Prepare: number of updated asset objects reloaded= 0
AssetImportParameters requested are different than current active one (requested -> active):
  custom:container-demuxer-ogg: 62fdf1f143b41e24485cea50d1cbac27 -> 
  custom:scripting/monoscript/fileName/GroggyBar.cs: 100a61dadfc5e32941fd0f737636facf -> 
  custom:video-decoder-ogg-theora: a1e56fd34408186e4bbccfd4996cb3dc -> 
  custom:framework-win-MediaFoundation: 216162199b28c13a410421893ffa2e32 -> 
  custom:CustomObjectIndexerAttribute: 9a22284fe3817be447336de3de66b15e -> 
  custom:container-demuxer-webm: 4f35f7cbe854078d1ac9338744f61a02 -> 
  custom:container-muxer-webm: aa71ff27fc2769a1b78a27578f13a17b -> 
  custom:video-decoder-webm-vp8: 9c59270c3fd7afecdb556c50c9e8de78 -> 
  custom:SearchIndexIgnoredProperties: e643bd26f0fe6173181afceb89e7c659 -> 
  custom:AudioImporter_EditorPlatform: d09bf68614088b80899f8185d706f6e7 -> 
  custom:video-encoder-webm-vp8: eb34c28f22e8b96e1ab97ce403110664 -> 
  custom:scripting/monoscript/fileName/GroggyBarFollower.cs: 819d994350b9b9cabf3c84cf4da82ff6 -> 
  custom:audio-decoder-ogg-vorbis: bf7c407c2cedff20999df2af8eb42d56 -> 
  custom:audio-encoder-webm-vorbis: bf7c407c2cedff20999df2af8eb42d56 -> 
  custom:scripting/precompiled-assembly-types:Assembly-CSharp: b46ac83b1ac601f3cf7a79e40a0cc39b -> 1476765af81e86739e20042d8f5f0532
========================================================================
Received Prepare
Caller must complete domain reload
Begin MonoManager ReloadAssembly
Symbol file data-00000161A2DC2570 doesn't match image C:\Users\asdf\Desktop\unity\ReactiveTurnBase\My project A\Library\ScriptAssemblies\Unity.EditorCoroutines.Editor.dll
Symbol file LoadedFromMemory is not a mono symbol file
Symbol file data-00000161AB2BF040 doesn't match image C:\Users\asdf\Desktop\unity\ReactiveTurnBase\My project A\Library\ScriptAssemblies\UniTask.TextMeshPro.dll
Symbol file LoadedFromMemory is not a mono symbol file
Symbol file data-00000161A127F020 doesn't match image C:\Users\asdf\Desktop\unity\ReactiveTurnBase\My project A\Library\ScriptAssemblies\Unity.Timeline.Editor.dll
Symbol file LoadedFromMemory is not a mono symbol file
Symbol file data-00000161AB2BF040 doesn't match image C:\Users\asdf\Desktop\unity\ReactiveTurnBase\My project A\Library\ScriptAssemblies\Unity.VisualScripting.Shared.Editor.dll
Symbol file LoadedFromMemory is not a mono symbol file
Symbol file data-00000161ACC15010 doesn't match image C:\Users\asdf\Desktop\unity\ReactiveTurnBase\My project A\Library\ScriptAssemblies\UniTask.DOTween.dll
Symbol file LoadedFromMemory is not a mono symbol file
Symbol file data-00000161ACC15010 doesn't match image C:\Users\asdf\Desktop\unity\ReactiveTurnBase\My project A\Library\ScriptAssemblies\UniTask.Addressables.dll
Symbol file LoadedFromMemory is not a mono symbol file
Symbol file data-000001617F4FAAE0 doesn't match image C:\Users\asdf\Desktop\unity\ReactiveTurnBase\My project A\Library\ScriptAssemblies\UnityEditor.UI.dll
Symbol file LoadedFromMemory is not a mono symbol file
Symbol file data-00000161AE0C9020 doesn't match image C:\Users\asdf\Desktop\unity\ReactiveTurnBase\My project A\Library\ScriptAssemblies\Unity.VisualScripting.Core.dll
Symbol file LoadedFromMemory is not a mono symbol file
Symbol file data-00000161ABE7C020 doesn't match image C:\Users\asdf\Desktop\unity\ReactiveTurnBase\My project A\Library\ScriptAssemblies\UnityEngine.UI.dll
Symbol file LoadedFromMemory is not a mono symbol file
Symbol file data-00000161AB2BF040 doesn't match image C:\Users\asdf\Desktop\unity\ReactiveTurnBase\My project A\Library\ScriptAssemblies\UniTask.Editor.dll
Symbol file LoadedFromMemory is not a mono symbol file
Symbol file data-00000161A1869020 doesn't match image C:\Users\asdf\Desktop\unity\ReactiveTurnBase\My project A\Library\ScriptAssemblies\Unity.VisualScripting.Core.Editor.dll
Symbol file LoadedFromMemory is not a mono symbol file
Symbol file data-000001617F867240 doesn't match image C:\Users\asdf\Desktop\unity\ReactiveTurnBase\My project A\Library\ScriptAssemblies\UniTask.Linq.dll
Symbol file LoadedFromMemory is not a mono symbol file
Symbol file data-000001617F2E4020 doesn't match image C:\Users\asdf\Desktop\unity\ReactiveTurnBase\My project A\Library\ScriptAssemblies\Unity.VisualScripting.Flow.dll
Symbol file LoadedFromMemory is not a mono symbol file
Symbol file data-00000161ABA3A010 doesn't match image C:\Users\asdf\Desktop\unity\ReactiveTurnBase\My project A\Library\ScriptAssemblies\Unity.VisualScripting.Flow.Editor.dll
Symbol file LoadedFromMemory is not a mono symbol file
Symbol file data-000001617F366010 doesn't match image C:\Users\asdf\Desktop\unity\ReactiveTurnBase\My project A\Library\ScriptAssemblies\Unity.Timeline.dll
Symbol file LoadedFromMemory is not a mono symbol file
Symbol file data-000001620FA82010 doesn't match image C:\Users\asdf\Desktop\unity\ReactiveTurnBase\My project A\Library\ScriptAssemblies\Unity.InputSystem.dll
Symbol file LoadedFromMemory is not a mono symbol file
Symbol file data-00000161A2DC2570 doesn't match image C:\Users\asdf\Desktop\unity\ReactiveTurnBase\My project A\Library\ScriptAssemblies\Unity.InputSystem.ForUI.dll
Symbol file LoadedFromMemory is not a mono symbol file
Symbol file data-00000161A31CF050 doesn't match image C:\Users\asdf\Desktop\unity\ReactiveTurnBase\My project A\Library\ScriptAssemblies\Unity.TestTools.CodeCoverage.Editor.OpenCover.Mono.Reflection.dll
Symbol file LoadedFromMemory is not a mono symbol file
Symbol file data-00000161A31CF050 doesn't match image C:\Users\asdf\Desktop\unity\ReactiveTurnBase\My project A\Library\ScriptAssemblies\Unity.VisualScripting.SettingsProvider.Editor.dll
Symbol file LoadedFromMemory is not a mono symbol file
Symbol file data-00000161A1CFC020 doesn't match image C:\Users\asdf\Desktop\unity\ReactiveTurnBase\My project A\Library\ScriptAssemblies\Unity.Performance.Profile-Analyzer.Editor.dll
Symbol file LoadedFromMemory is not a mono symbol file
Symbol file data-00000161AC480040 doesn't match image C:\Users\asdf\Desktop\unity\ReactiveTurnBase\My project A\Library\ScriptAssemblies\Unity.TestTools.CodeCoverage.Editor.dll
Symbol file LoadedFromMemory is not a mono symbol file
Symbol file data-000001617FB77040 doesn't match image C:\Users\asdf\Desktop\unity\ReactiveTurnBase\My project A\Library\ScriptAssemblies\Unity.TestTools.CodeCoverage.Editor.OpenCover.Model.dll
Symbol file LoadedFromMemory is not a mono symbol file
Symbol file data-000001617F4FAAE0 doesn't match image C:\Users\asdf\Desktop\unity\ReactiveTurnBase\My project A\Library\ScriptAssemblies\Unity.VisualScripting.State.Editor.dll
Symbol file LoadedFromMemory is not a mono symbol file
Symbol file data-000001617F8AE450 doesn't match image C:\Users\asdf\Desktop\unity\ReactiveTurnBase\My project A\Library\ScriptAssemblies\Unity.Settings.Editor.dll
Symbol file LoadedFromMemory is not a mono symbol file
Symbol file data-00000161AB2BF040 doesn't match image C:\Users\asdf\Desktop\unity\ReactiveTurnBase\My project A\Library\ScriptAssemblies\Unity.CollabProxy.Editor.dll
Symbol file LoadedFromMemory is not a mono symbol file
Symbol file data-000001617F2E4020 doesn't match image C:\Users\asdf\Desktop\unity\ReactiveTurnBase\My project A\Library\ScriptAssemblies\Unity.TextMeshPro.dll
Symbol file LoadedFromMemory is not a mono symbol file
Symbol file data-000001617F646010 doesn't match image C:\Users\asdf\Desktop\unity\ReactiveTurnBase\My project A\Library\ScriptAssemblies\Unity.TextMeshPro.Editor.dll
Symbol file LoadedFromMemory is not a mono symbol file
Symbol file data-00000161ADF0D020 doesn't match image C:\Users\asdf\Desktop\unity\ReactiveTurnBase\My project A\Library\ScriptAssemblies\UniTask.dll
Symbol file LoadedFromMemory is not a mono symbol file
Symbol file data-000001617FB77040 doesn't match image C:\Users\asdf\Desktop\unity\ReactiveTurnBase\My project A\Library\ScriptAssemblies\Unity.VisualScripting.State.dll
Symbol file LoadedFromMemory is not a mono symbol file
Symbol file data-000001617FB77040 doesn't match image C:\Users\asdf\Desktop\unity\ReactiveTurnBase\My project A\Library\ScriptAssemblies\Unity.VSCode.Editor.dll
Symbol file LoadedFromMemory is not a mono symbol file
- Loaded All Assemblies, in  0.430 seconds
Native extension for WindowsStandalone target not found
Native extension for Android target not found
Mono: successfully reloaded assembly
- Finished resetting the current domain, in  1.039 seconds
Domain Reload Profiling: 1467ms
	BeginReloadAssembly (131ms)
		ExecutionOrderSort (0ms)
		DisableScriptedObjects (6ms)
		BackupInstance (0ms)
		ReleaseScriptingObjects (0ms)
		CreateAndSetChildDomain (29ms)
	RebuildCommonClasses (27ms)
	RebuildNativeTypeToScriptingClass (9ms)
	initialDomainReloadingComplete (27ms)
	LoadAllAssembliesAndSetupDomain (234ms)
		LoadAssemblies (288ms)
		RebuildTransferFunctionScriptingTraits (0ms)
		AnalyzeDomain (14ms)
			TypeCache.Refresh (5ms)
				TypeCache.ScanAssembly (0ms)
			ScanForSourceGeneratedMonoScriptInfo (0ms)
			ResolveRequiredComponents (7ms)
	FinalizeReload (1040ms)
		ReleaseScriptCaches (0ms)
		RebuildScriptCaches (0ms)
		SetupLoadedEditorAssemblies (578ms)
			LogAssemblyErrors (0ms)
			InitializePlatformSupportModulesInManaged (17ms)
			SetLoadedEditorAssemblies (4ms)
			RefreshPlugins (0ms)
			BeforeProcessingInitializeOnLoad (91ms)
			ProcessInitializeOnLoadAttributes (421ms)
			ProcessInitializeOnLoadMethodAttributes (37ms)
			AfterProcessingInitializeOnLoad (8ms)
			EditorAssembliesLoaded (0ms)
		ExecutionOrderSort2 (0ms)
		AwakeInstancesAfterBackupRestoration (8ms)
Refreshing native plugins compatible for Editor in 5.67 ms, found 3 plugins.
Preloading 0 native plugins for Editor in 0.00 ms.
Unloading 3941 Unused Serialized files (Serialized files now loaded: 0)
Unloading 22 unused Assets / (32.9 KB). Loaded Objects now: 4632.
Memory consumption went from 226.1 MB to 226.1 MB.
Total: 3.302100 ms (FindLiveObjects: 0.288700 ms CreateObjectMapping: 0.217700 ms MarkObjects: 2.744300 ms  DeleteObjects: 0.050700 ms)

Prepare: number of updated asset objects reloaded= 0
AssetImportParameters requested are different than current active one (requested -> active):
  custom:container-demuxer-ogg: 62fdf1f143b41e24485cea50d1cbac27 -> 
  custom:scripting/monoscript/fileName/GroggyBar.cs: 100a61dadfc5e32941fd0f737636facf -> 
  custom:video-decoder-ogg-theora: a1e56fd34408186e4bbccfd4996cb3dc -> 
  custom:framework-win-MediaFoundation: 216162199b28c13a410421893ffa2e32 -> 
  custom:CustomObjectIndexerAttribute: 9a22284fe3817be447336de3de66b15e -> 
  custom:container-demuxer-webm: 4f35f7cbe854078d1ac9338744f61a02 -> 
  custom:container-muxer-webm: aa71ff27fc2769a1b78a27578f13a17b -> 
  custom:video-decoder-webm-vp8: 9c59270c3fd7afecdb556c50c9e8de78 -> 
  custom:SearchIndexIgnoredProperties: e643bd26f0fe6173181afceb89e7c659 -> 
  custom:AudioImporter_EditorPlatform: d09bf68614088b80899f8185d706f6e7 -> 
  custom:video-encoder-webm-vp8: eb34c28f22e8b96e1ab97ce403110664 -> 
  custom:scripting/monoscript/fileName/GroggyBarFollower.cs: 819d994350b9b9cabf3c84cf4da82ff6 -> 
  custom:audio-decoder-ogg-vorbis: bf7c407c2cedff20999df2af8eb42d56 -> 
  custom:audio-encoder-webm-vorbis: bf7c407c2cedff20999df2af8eb42d56 -> 
  custom:scripting/precompiled-assembly-types:Assembly-CSharp: b46ac83b1ac601f3cf7a79e40a0cc39b -> 1476765af81e86739e20042d8f5f0532
========================================================================
Received Prepare
Caller must complete domain reload
Begin MonoManager ReloadAssembly
Symbol file data-00000161A2DC2570 doesn't match image C:\Users\asdf\Desktop\unity\ReactiveTurnBase\My project A\Library\ScriptAssemblies\Unity.EditorCoroutines.Editor.dll
Symbol file LoadedFromMemory is not a mono symbol file
Symbol file data-00000161A31CF050 doesn't match image C:\Users\asdf\Desktop\unity\ReactiveTurnBase\My project A\Library\ScriptAssemblies\UniTask.TextMeshPro.dll
Symbol file LoadedFromMemory is not a mono symbol file
Symbol file data-00000161A127F020 doesn't match image C:\Users\asdf\Desktop\unity\ReactiveTurnBase\My project A\Library\ScriptAssemblies\Unity.Timeline.Editor.dll
Symbol file LoadedFromMemory is not a mono symbol file
Symbol file data-00000161A31CF050 doesn't match image C:\Users\asdf\Desktop\unity\ReactiveTurnBase\My project A\Library\ScriptAssemblies\Unity.VisualScripting.Shared.Editor.dll
Symbol file LoadedFromMemory is not a mono symbol file
Symbol file data-00000161ACC15010 doesn't match image C:\Users\asdf\Desktop\unity\ReactiveTurnBase\My project A\Library\ScriptAssemblies\UniTask.DOTween.dll
Symbol file LoadedFromMemory is not a mono symbol file
Symbol file data-00000161ACC15010 doesn't match image C:\Users\asdf\Desktop\unity\ReactiveTurnBase\My project A\Library\ScriptAssemblies\UniTask.Addressables.dll
Symbol file LoadedFromMemory is not a mono symbol file
Symbol file data-000001617F4FAAE0 doesn't match image C:\Users\asdf\Desktop\unity\ReactiveTurnBase\My project A\Library\ScriptAssemblies\UnityEditor.UI.dll
Symbol file LoadedFromMemory is not a mono symbol file
Symbol file data-00000161ABC42010 doesn't match image C:\Users\asdf\Desktop\unity\ReactiveTurnBase\My project A\Library\ScriptAssemblies\Unity.VisualScripting.Core.dll
Symbol file LoadedFromMemory is not a mono symbol file
Symbol file data-00000161ABE7C020 doesn't match image C:\Users\asdf\Desktop\unity\ReactiveTurnBase\My project A\Library\ScriptAssemblies\UnityEngine.UI.dll
Symbol file LoadedFromMemory is not a mono symbol file
Symbol file data-00000161A31CF050 doesn't match image C:\Users\asdf\Desktop\unity\ReactiveTurnBase\My project A\Library\ScriptAssemblies\UniTask.Editor.dll
Symbol file LoadedFromMemory is not a mono symbol file
Symbol file data-00000161A1869020 doesn't match image C:\Users\asdf\Desktop\unity\ReactiveTurnBase\My project A\Library\ScriptAssemblies\Unity.VisualScripting.Core.Editor.dll
Symbol file LoadedFromMemory is not a mono symbol file
Symbol file data-000001617F867240 doesn't match image C:\Users\asdf\Desktop\unity\ReactiveTurnBase\My project A\Library\ScriptAssemblies\UniTask.Linq.dll
Symbol file LoadedFromMemory is not a mono symbol file
Symbol file data-000001617F2E4020 doesn't match image C:\Users\asdf\Desktop\unity\ReactiveTurnBase\My project A\Library\ScriptAssemblies\Unity.VisualScripting.Flow.dll
Symbol file LoadedFromMemory is not a mono symbol file
Symbol file data-00000161ABA3A010 doesn't match image C:\Users\asdf\Desktop\unity\ReactiveTurnBase\My project A\Library\ScriptAssemblies\Unity.VisualScripting.Flow.Editor.dll
Symbol file LoadedFromMemory is not a mono symbol file
Symbol file data-000001617F366010 doesn't match image C:\Users\asdf\Desktop\unity\ReactiveTurnBase\My project A\Library\ScriptAssemblies\Unity.Timeline.dll
Symbol file LoadedFromMemory is not a mono symbol file
Symbol file data-000001620FAC4020 doesn't match image C:\Users\asdf\Desktop\unity\ReactiveTurnBase\My project A\Library\ScriptAssemblies\Unity.InputSystem.dll
Symbol file LoadedFromMemory is not a mono symbol file
Symbol file data-00000161A2DC2570 doesn't match image C:\Users\asdf\Desktop\unity\ReactiveTurnBase\My project A\Library\ScriptAssemblies\Unity.InputSystem.ForUI.dll
Symbol file LoadedFromMemory is not a mono symbol file
Symbol file data-000001620F80C040 doesn't match image C:\Users\asdf\Desktop\unity\ReactiveTurnBase\My project A\Library\ScriptAssemblies\Unity.TestTools.CodeCoverage.Editor.OpenCover.Mono.Reflection.dll
Symbol file LoadedFromMemory is not a mono symbol file
Symbol file data-000001620F80C040 doesn't match image C:\Users\asdf\Desktop\unity\ReactiveTurnBase\My project A\Library\ScriptAssemblies\Unity.VisualScripting.SettingsProvider.Editor.dll
Symbol file LoadedFromMemory is not a mono symbol file
Symbol file data-00000161A1CFC020 doesn't match image C:\Users\asdf\Desktop\unity\ReactiveTurnBase\My project A\Library\ScriptAssemblies\Unity.Performance.Profile-Analyzer.Editor.dll
Symbol file LoadedFromMemory is not a mono symbol file
Symbol file data-00000161A2600090 doesn't match image C:\Users\asdf\Desktop\unity\ReactiveTurnBase\My project A\Library\ScriptAssemblies\Unity.TestTools.CodeCoverage.Editor.dll
Symbol file LoadedFromMemory is not a mono symbol file
Symbol file data-000001617FB77040 doesn't match image C:\Users\asdf\Desktop\unity\ReactiveTurnBase\My project A\Library\ScriptAssemblies\Unity.TestTools.CodeCoverage.Editor.OpenCover.Model.dll
Symbol file LoadedFromMemory is not a mono symbol file
Symbol file data-000001617F4FAAE0 doesn't match image C:\Users\asdf\Desktop\unity\ReactiveTurnBase\My project A\Library\ScriptAssemblies\Unity.VisualScripting.State.Editor.dll
Symbol file LoadedFromMemory is not a mono symbol file
Symbol file data-000001617F8AE450 doesn't match image C:\Users\asdf\Desktop\unity\ReactiveTurnBase\My project A\Library\ScriptAssemblies\Unity.Settings.Editor.dll
Symbol file LoadedFromMemory is not a mono symbol file
Symbol file data-00000161A31CF050 doesn't match image C:\Users\asdf\Desktop\unity\ReactiveTurnBase\My project A\Library\ScriptAssemblies\Unity.CollabProxy.Editor.dll
Symbol file LoadedFromMemory is not a mono symbol file
Symbol file data-000001617F2E4020 doesn't match image C:\Users\asdf\Desktop\unity\ReactiveTurnBase\My project A\Library\ScriptAssemblies\Unity.TextMeshPro.dll
Symbol file LoadedFromMemory is not a mono symbol file
Symbol file data-00000161ABA82020 doesn't match image C:\Users\asdf\Desktop\unity\ReactiveTurnBase\My project A\Library\ScriptAssemblies\Unity.TextMeshPro.Editor.dll
Symbol file LoadedFromMemory is not a mono symbol file
Symbol file data-00000161ADF0D020 doesn't match image C:\Users\asdf\Desktop\unity\ReactiveTurnBase\My project A\Library\ScriptAssemblies\UniTask.dll
Symbol file LoadedFromMemory is not a mono symbol file
Symbol file data-000001617FB77040 doesn't match image C:\Users\asdf\Desktop\unity\ReactiveTurnBase\My project A\Library\ScriptAssemblies\Unity.VisualScripting.State.dll
Symbol file LoadedFromMemory is not a mono symbol file
Symbol file data-000001617FB77040 doesn't match image C:\Users\asdf\Desktop\unity\ReactiveTurnBase\My project A\Library\ScriptAssemblies\Unity.VSCode.Editor.dll
Symbol file LoadedFromMemory is not a mono symbol file
- Loaded All Assemblies, in  0.422 seconds
Native extension for WindowsStandalone target not found
Native extension for Android target not found
Mono: successfully reloaded assembly
- Finished resetting the current domain, in  1.073 seconds
Domain Reload Profiling: 1493ms
	BeginReloadAssembly (129ms)
		ExecutionOrderSort (0ms)
		DisableScriptedObjects (6ms)
		BackupInstance (0ms)
		ReleaseScriptingObjects (0ms)
		CreateAndSetChildDomain (28ms)
	RebuildCommonClasses (26ms)
	RebuildNativeTypeToScriptingClass (8ms)
	initialDomainReloadingComplete (26ms)
	LoadAllAssembliesAndSetupDomain (230ms)
		LoadAssemblies (282ms)
		RebuildTransferFunctionScriptingTraits (0ms)
		AnalyzeDomain (14ms)
			TypeCache.Refresh (5ms)
				TypeCache.ScanAssembly (0ms)
			ScanForSourceGeneratedMonoScriptInfo (0ms)
			ResolveRequiredComponents (7ms)
	FinalizeReload (1074ms)
		ReleaseScriptCaches (0ms)
		RebuildScriptCaches (0ms)
		SetupLoadedEditorAssemblies (606ms)
			LogAssemblyErrors (0ms)
			InitializePlatformSupportModulesInManaged (16ms)
			SetLoadedEditorAssemblies (4ms)
			RefreshPlugins (0ms)
			BeforeProcessingInitializeOnLoad (95ms)
			ProcessInitializeOnLoadAttributes (446ms)
			ProcessInitializeOnLoadMethodAttributes (37ms)
			AfterProcessingInitializeOnLoad (8ms)
			EditorAssembliesLoaded (0ms)
		ExecutionOrderSort2 (0ms)
		AwakeInstancesAfterBackupRestoration (10ms)
Refreshing native plugins compatible for Editor in 5.26 ms, found 3 plugins.
Preloading 0 native plugins for Editor in 0.00 ms.
Unloading 3941 Unused Serialized files (Serialized files now loaded: 0)
Unloading 22 unused Assets / (32.9 KB). Loaded Objects now: 4635.
Memory consumption went from 226.1 MB to 226.1 MB.
Total: 3.958400 ms (FindLiveObjects: 0.581500 ms CreateObjectMapping: 0.549000 ms MarkObjects: 2.773500 ms  DeleteObjects: 0.053400 ms)

Prepare: number of updated asset objects reloaded= 0
AssetImportParameters requested are different than current active one (requested -> active):
  custom:container-demuxer-ogg: 62fdf1f143b41e24485cea50d1cbac27 -> 
  custom:scripting/monoscript/fileName/GroggyBar.cs: 100a61dadfc5e32941fd0f737636facf -> 
  custom:video-decoder-ogg-theora: a1e56fd34408186e4bbccfd4996cb3dc -> 
  custom:framework-win-MediaFoundation: 216162199b28c13a410421893ffa2e32 -> 
  custom:CustomObjectIndexerAttribute: 9a22284fe3817be447336de3de66b15e -> 
  custom:container-demuxer-webm: 4f35f7cbe854078d1ac9338744f61a02 -> 
  custom:container-muxer-webm: aa71ff27fc2769a1b78a27578f13a17b -> 
  custom:video-decoder-webm-vp8: 9c59270c3fd7afecdb556c50c9e8de78 -> 
  custom:SearchIndexIgnoredProperties: e643bd26f0fe6173181afceb89e7c659 -> 
  custom:AudioImporter_EditorPlatform: d09bf68614088b80899f8185d706f6e7 -> 
  custom:video-encoder-webm-vp8: eb34c28f22e8b96e1ab97ce403110664 -> 
  custom:scripting/monoscript/fileName/GroggyBarFollower.cs: 819d994350b9b9cabf3c84cf4da82ff6 -> 
  custom:audio-decoder-ogg-vorbis: bf7c407c2cedff20999df2af8eb42d56 -> 
  custom:audio-encoder-webm-vorbis: bf7c407c2cedff20999df2af8eb42d56 -> 
  custom:scripting/precompiled-assembly-types:Assembly-CSharp: b46ac83b1ac601f3cf7a79e40a0cc39b -> 1476765af81e86739e20042d8f5f0532
========================================================================
Received Prepare
Caller must complete domain reload
Begin MonoManager ReloadAssembly
Symbol file data-00000161A2DC2570 doesn't match image C:\Users\asdf\Desktop\unity\ReactiveTurnBase\My project A\Library\ScriptAssemblies\Unity.EditorCoroutines.Editor.dll
Symbol file LoadedFromMemory is not a mono symbol file
Symbol file data-000001617F407020 doesn't match image C:\Users\asdf\Desktop\unity\ReactiveTurnBase\My project A\Library\ScriptAssemblies\UniTask.TextMeshPro.dll
Symbol file LoadedFromMemory is not a mono symbol file
Symbol file data-00000161A127F020 doesn't match image C:\Users\asdf\Desktop\unity\ReactiveTurnBase\My project A\Library\ScriptAssemblies\Unity.Timeline.Editor.dll
Symbol file LoadedFromMemory is not a mono symbol file
Symbol file data-000001617F407020 doesn't match image C:\Users\asdf\Desktop\unity\ReactiveTurnBase\My project A\Library\ScriptAssemblies\Unity.VisualScripting.Shared.Editor.dll
Symbol file LoadedFromMemory is not a mono symbol file
Symbol file data-000001620F80C040 doesn't match image C:\Users\asdf\Desktop\unity\ReactiveTurnBase\My project A\Library\ScriptAssemblies\UniTask.DOTween.dll
Symbol file LoadedFromMemory is not a mono symbol file
Symbol file data-000001620F80C040 doesn't match image C:\Users\asdf\Desktop\unity\ReactiveTurnBase\My project A\Library\ScriptAssemblies\UniTask.Addressables.dll
Symbol file LoadedFromMemory is not a mono symbol file
Symbol file data-000001617F4FAAE0 doesn't match image C:\Users\asdf\Desktop\unity\ReactiveTurnBase\My project A\Library\ScriptAssemblies\UnityEditor.UI.dll
Symbol file LoadedFromMemory is not a mono symbol file
Symbol file data-00000161A2781020 doesn't match image C:\Users\asdf\Desktop\unity\ReactiveTurnBase\My project A\Library\ScriptAssemblies\Unity.VisualScripting.Core.dll
Symbol file LoadedFromMemory is not a mono symbol file
Symbol file data-00000161ACFC0010 doesn't match image C:\Users\asdf\Desktop\unity\ReactiveTurnBase\My project A\Library\ScriptAssemblies\UnityEngine.UI.dll
Symbol file LoadedFromMemory is not a mono symbol file
Symbol file data-000001617F407020 doesn't match image C:\Users\asdf\Desktop\unity\ReactiveTurnBase\My project A\Library\ScriptAssemblies\UniTask.Editor.dll
Symbol file LoadedFromMemory is not a mono symbol file
Symbol file data-00000161A1869020 doesn't match image C:\Users\asdf\Desktop\unity\ReactiveTurnBase\My project A\Library\ScriptAssemblies\Unity.VisualScripting.Core.Editor.dll
Symbol file LoadedFromMemory is not a mono symbol file
Symbol file data-00000161ABC42010 doesn't match image C:\Users\asdf\Desktop\unity\ReactiveTurnBase\My project A\Library\ScriptAssemblies\UniTask.Linq.dll
Symbol file LoadedFromMemory is not a mono symbol file
Symbol file data-000001617F2E4020 doesn't match image C:\Users\asdf\Desktop\unity\ReactiveTurnBase\My project A\Library\ScriptAssemblies\Unity.VisualScripting.Flow.dll
Symbol file LoadedFromMemory is not a mono symbol file
Symbol file data-00000161ABA3A010 doesn't match image C:\Users\asdf\Desktop\unity\ReactiveTurnBase\My project A\Library\ScriptAssemblies\Unity.VisualScripting.Flow.Editor.dll
Symbol file LoadedFromMemory is not a mono symbol file
Symbol file data-000001617F366010 doesn't match image C:\Users\asdf\Desktop\unity\ReactiveTurnBase\My project A\Library\ScriptAssemblies\Unity.Timeline.dll
Symbol file LoadedFromMemory is not a mono symbol file
Symbol file data-000001620FB8DA20 doesn't match image C:\Users\asdf\Desktop\unity\ReactiveTurnBase\My project A\Library\ScriptAssemblies\Unity.InputSystem.dll
Symbol file LoadedFromMemory is not a mono symbol file
Symbol file data-00000161A2DC2570 doesn't match image C:\Users\asdf\Desktop\unity\ReactiveTurnBase\My project A\Library\ScriptAssemblies\Unity.InputSystem.ForUI.dll
Symbol file LoadedFromMemory is not a mono symbol file
Symbol file data-00000161A3410050 doesn't match image C:\Users\asdf\Desktop\unity\ReactiveTurnBase\My project A\Library\ScriptAssemblies\Unity.TestTools.CodeCoverage.Editor.OpenCover.Mono.Reflection.dll
Symbol file LoadedFromMemory is not a mono symbol file
Symbol file data-00000161A3410050 doesn't match image C:\Users\asdf\Desktop\unity\ReactiveTurnBase\My project A\Library\ScriptAssemblies\Unity.VisualScripting.SettingsProvider.Editor.dll
Symbol file LoadedFromMemory is not a mono symbol file
Symbol file data-00000161A1CFC020 doesn't match image C:\Users\asdf\Desktop\unity\ReactiveTurnBase\My project A\Library\ScriptAssemblies\Unity.Performance.Profile-Analyzer.Editor.dll
Symbol file LoadedFromMemory is not a mono symbol file
Symbol file data-00000161A2600090 doesn't match image C:\Users\asdf\Desktop\unity\ReactiveTurnBase\My project A\Library\ScriptAssemblies\Unity.TestTools.CodeCoverage.Editor.dll
Symbol file LoadedFromMemory is not a mono symbol file
Symbol file data-000001617FB77040 doesn't match image C:\Users\asdf\Desktop\unity\ReactiveTurnBase\My project A\Library\ScriptAssemblies\Unity.TestTools.CodeCoverage.Editor.OpenCover.Model.dll
Symbol file LoadedFromMemory is not a mono symbol file
Symbol file data-000001617F4FAAE0 doesn't match image C:\Users\asdf\Desktop\unity\ReactiveTurnBase\My project A\Library\ScriptAssemblies\Unity.VisualScripting.State.Editor.dll
Symbol file LoadedFromMemory is not a mono symbol file
Symbol file data-00000161AB83E040 doesn't match image C:\Users\asdf\Desktop\unity\ReactiveTurnBase\My project A\Library\ScriptAssemblies\Unity.Settings.Editor.dll
Symbol file LoadedFromMemory is not a mono symbol file
Symbol file data-000001617F407020 doesn't match image C:\Users\asdf\Desktop\unity\ReactiveTurnBase\My project A\Library\ScriptAssemblies\Unity.CollabProxy.Editor.dll
Symbol file LoadedFromMemory is not a mono symbol file
Symbol file data-000001617F2E4020 doesn't match image C:\Users\asdf\Desktop\unity\ReactiveTurnBase\My project A\Library\ScriptAssemblies\Unity.TextMeshPro.dll
Symbol file LoadedFromMemory is not a mono symbol file
Symbol file data-000001617F646010 doesn't match image C:\Users\asdf\Desktop\unity\ReactiveTurnBase\My project A\Library\ScriptAssemblies\Unity.TextMeshPro.Editor.dll
Symbol file LoadedFromMemory is not a mono symbol file
Symbol file data-00000161AE0C9020 doesn't match image C:\Users\asdf\Desktop\unity\ReactiveTurnBase\My project A\Library\ScriptAssemblies\UniTask.dll
Symbol file LoadedFromMemory is not a mono symbol file
Symbol file data-000001617FB77040 doesn't match image C:\Users\asdf\Desktop\unity\ReactiveTurnBase\My project A\Library\ScriptAssemblies\Unity.VisualScripting.State.dll
Symbol file LoadedFromMemory is not a mono symbol file
Symbol file data-000001617FB77040 doesn't match image C:\Users\asdf\Desktop\unity\ReactiveTurnBase\My project A\Library\ScriptAssemblies\Unity.VSCode.Editor.dll
Symbol file LoadedFromMemory is not a mono symbol file
- Loaded All Assemblies, in  0.538 seconds
Native extension for WindowsStandalone target not found
Native extension for Android target not found
Mono: successfully reloaded assembly
- Finished resetting the current domain, in  0.905 seconds
Domain Reload Profiling: 1440ms
	BeginReloadAssembly (158ms)
		ExecutionOrderSort (0ms)
		DisableScriptedObjects (6ms)
		BackupInstance (0ms)
		ReleaseScriptingObjects (0ms)
		CreateAndSetChildDomain (42ms)
	RebuildCommonClasses (26ms)
	RebuildNativeTypeToScriptingClass (9ms)
	initialDomainReloadingComplete (29ms)
	LoadAllAssembliesAndSetupDomain (313ms)
		LoadAssemblies (363ms)
		RebuildTransferFunctionScriptingTraits (0ms)
		AnalyzeDomain (30ms)
			TypeCache.Refresh (10ms)
				TypeCache.ScanAssembly (3ms)
			ScanForSourceGeneratedMonoScriptInfo (12ms)
			ResolveRequiredComponents (6ms)
	FinalizeReload (906ms)
		ReleaseScriptCaches (0ms)
		RebuildScriptCaches (0ms)
		SetupLoadedEditorAssemblies (474ms)
			LogAssemblyErrors (0ms)
			InitializePlatformSupportModulesInManaged (16ms)
			SetLoadedEditorAssemblies (4ms)
			RefreshPlugins (0ms)
			BeforeProcessingInitializeOnLoad (86ms)
			ProcessInitializeOnLoadAttributes (333ms)
			ProcessInitializeOnLoadMethodAttributes (28ms)
			AfterProcessingInitializeOnLoad (6ms)
			EditorAssembliesLoaded (0ms)
		ExecutionOrderSort2 (0ms)
		AwakeInstancesAfterBackupRestoration (6ms)
Refreshing native plugins compatible for Editor in 4.18 ms, found 3 plugins.
Preloading 0 native plugins for Editor in 0.00 ms.
Unloading 3941 Unused Serialized files (Serialized files now loaded: 0)
Unloading 22 unused Assets / (32.9 KB). Loaded Objects now: 4638.
Memory consumption went from 226.1 MB to 226.1 MB.
Total: 3.327600 ms (FindLiveObjects: 0.308500 ms CreateObjectMapping: 0.239700 ms MarkObjects: 2.727400 ms  DeleteObjects: 0.051300 ms)

Prepare: number of updated asset objects reloaded= 0
AssetImportParameters requested are different than current active one (requested -> active):
  custom:container-demuxer-ogg: 62fdf1f143b41e24485cea50d1cbac27 -> 
  custom:scripting/monoscript/fileName/GroggyBar.cs: 100a61dadfc5e32941fd0f737636facf -> 
  custom:video-decoder-ogg-theora: a1e56fd34408186e4bbccfd4996cb3dc -> 
  custom:framework-win-MediaFoundation: 216162199b28c13a410421893ffa2e32 -> 
  custom:CustomObjectIndexerAttribute: 9a22284fe3817be447336de3de66b15e -> 
  custom:container-demuxer-webm: 4f35f7cbe854078d1ac9338744f61a02 -> 
  custom:container-muxer-webm: aa71ff27fc2769a1b78a27578f13a17b -> 
  custom:video-decoder-webm-vp8: 9c59270c3fd7afecdb556c50c9e8de78 -> 
  custom:SearchIndexIgnoredProperties: e643bd26f0fe6173181afceb89e7c659 -> 
  custom:AudioImporter_EditorPlatform: d09bf68614088b80899f8185d706f6e7 -> 
  custom:video-encoder-webm-vp8: eb34c28f22e8b96e1ab97ce403110664 -> 
  custom:scripting/monoscript/fileName/GroggyBarFollower.cs: 819d994350b9b9cabf3c84cf4da82ff6 -> 
  custom:audio-decoder-ogg-vorbis: bf7c407c2cedff20999df2af8eb42d56 -> 
  custom:audio-encoder-webm-vorbis: bf7c407c2cedff20999df2af8eb42d56 -> 
  custom:scripting/precompiled-assembly-types:Assembly-CSharp: b46ac83b1ac601f3cf7a79e40a0cc39b -> 1476765af81e86739e20042d8f5f0532
========================================================================
Received Prepare
Caller must complete domain reload
Begin MonoManager ReloadAssembly
Symbol file data-00000161A2DC2570 doesn't match image C:\Users\asdf\Desktop\unity\ReactiveTurnBase\My project A\Library\ScriptAssemblies\Unity.EditorCoroutines.Editor.dll
Symbol file LoadedFromMemory is not a mono symbol file
Symbol file data-00000161AB2BF040 doesn't match image C:\Users\asdf\Desktop\unity\ReactiveTurnBase\My project A\Library\ScriptAssemblies\UniTask.TextMeshPro.dll
Symbol file LoadedFromMemory is not a mono symbol file
Symbol file data-00000161A127F020 doesn't match image C:\Users\asdf\Desktop\unity\ReactiveTurnBase\My project A\Library\ScriptAssemblies\Unity.Timeline.Editor.dll
Symbol file LoadedFromMemory is not a mono symbol file
Symbol file data-00000161AB2BF040 doesn't match image C:\Users\asdf\Desktop\unity\ReactiveTurnBase\My project A\Library\ScriptAssemblies\Unity.VisualScripting.Shared.Editor.dll
Symbol file LoadedFromMemory is not a mono symbol file
Symbol file data-00000161ACC15010 doesn't match image C:\Users\asdf\Desktop\unity\ReactiveTurnBase\My project A\Library\ScriptAssemblies\UniTask.DOTween.dll
Symbol file LoadedFromMemory is not a mono symbol file
Symbol file data-00000161ACC15010 doesn't match image C:\Users\asdf\Desktop\unity\ReactiveTurnBase\My project A\Library\ScriptAssemblies\UniTask.Addressables.dll
Symbol file LoadedFromMemory is not a mono symbol file
Symbol file data-000001617F4FAAE0 doesn't match image C:\Users\asdf\Desktop\unity\ReactiveTurnBase\My project A\Library\ScriptAssemblies\UnityEditor.UI.dll
Symbol file LoadedFromMemory is not a mono symbol file
Symbol file data-00000161A2781020 doesn't match image C:\Users\asdf\Desktop\unity\ReactiveTurnBase\My project A\Library\ScriptAssemblies\Unity.VisualScripting.Core.dll
Symbol file LoadedFromMemory is not a mono symbol file
Symbol file data-00000161ACFC0010 doesn't match image C:\Users\asdf\Desktop\unity\ReactiveTurnBase\My project A\Library\ScriptAssemblies\UnityEngine.UI.dll
Symbol file LoadedFromMemory is not a mono symbol file
Symbol file data-00000161AB2BF040 doesn't match image C:\Users\asdf\Desktop\unity\ReactiveTurnBase\My project A\Library\ScriptAssemblies\UniTask.Editor.dll
Symbol file LoadedFromMemory is not a mono symbol file
Symbol file data-00000161A1869020 doesn't match image C:\Users\asdf\Desktop\unity\ReactiveTurnBase\My project A\Library\ScriptAssemblies\Unity.VisualScripting.Core.Editor.dll
Symbol file LoadedFromMemory is not a mono symbol file
Symbol file data-00000161AE0C9020 doesn't match image C:\Users\asdf\Desktop\unity\ReactiveTurnBase\My project A\Library\ScriptAssemblies\UniTask.Linq.dll
Symbol file LoadedFromMemory is not a mono symbol file
Symbol file data-000001617F2E4020 doesn't match image C:\Users\asdf\Desktop\unity\ReactiveTurnBase\My project A\Library\ScriptAssemblies\Unity.VisualScripting.Flow.dll
Symbol file LoadedFromMemory is not a mono symbol file
Symbol file data-00000161ABA3A010 doesn't match image C:\Users\asdf\Desktop\unity\ReactiveTurnBase\My project A\Library\ScriptAssemblies\Unity.VisualScripting.Flow.Editor.dll
Symbol file LoadedFromMemory is not a mono symbol file
Symbol file data-000001617F366010 doesn't match image C:\Users\asdf\Desktop\unity\ReactiveTurnBase\My project A\Library\ScriptAssemblies\Unity.Timeline.dll
Symbol file LoadedFromMemory is not a mono symbol file
Symbol file data-000001620FC11020 doesn't match image C:\Users\asdf\Desktop\unity\ReactiveTurnBase\My project A\Library\ScriptAssemblies\Unity.InputSystem.dll
Symbol file LoadedFromMemory is not a mono symbol file
Symbol file data-00000161A2DC2570 doesn't match image C:\Users\asdf\Desktop\unity\ReactiveTurnBase\My project A\Library\ScriptAssemblies\Unity.InputSystem.ForUI.dll
Symbol file LoadedFromMemory is not a mono symbol file
Symbol file data-00000161ADD601D0 doesn't match image C:\Users\asdf\Desktop\unity\ReactiveTurnBase\My project A\Library\ScriptAssemblies\Unity.TestTools.CodeCoverage.Editor.OpenCover.Mono.Reflection.dll
Symbol file LoadedFromMemory is not a mono symbol file
Symbol file data-00000161ADD601D0 doesn't match image C:\Users\asdf\Desktop\unity\ReactiveTurnBase\My project A\Library\ScriptAssemblies\Unity.VisualScripting.SettingsProvider.Editor.dll
Symbol file LoadedFromMemory is not a mono symbol file
Symbol file data-00000161A1CFC020 doesn't match image C:\Users\asdf\Desktop\unity\ReactiveTurnBase\My project A\Library\ScriptAssemblies\Unity.Performance.Profile-Analyzer.Editor.dll
Symbol file LoadedFromMemory is not a mono symbol file
Symbol file data-00000161A2600090 doesn't match image C:\Users\asdf\Desktop\unity\ReactiveTurnBase\My project A\Library\ScriptAssemblies\Unity.TestTools.CodeCoverage.Editor.dll
Symbol file LoadedFromMemory is not a mono symbol file
Symbol file data-000001617FB77040 doesn't match image C:\Users\asdf\Desktop\unity\ReactiveTurnBase\My project A\Library\ScriptAssemblies\Unity.TestTools.CodeCoverage.Editor.OpenCover.Model.dll
Symbol file LoadedFromMemory is not a mono symbol file
Symbol file data-000001617F4FAAE0 doesn't match image C:\Users\asdf\Desktop\unity\ReactiveTurnBase\My project A\Library\ScriptAssemblies\Unity.VisualScripting.State.Editor.dll
Symbol file LoadedFromMemory is not a mono symbol file
Symbol file data-00000161ADDF9D60 doesn't match image C:\Users\asdf\Desktop\unity\ReactiveTurnBase\My project A\Library\ScriptAssemblies\Unity.Settings.Editor.dll
Symbol file LoadedFromMemory is not a mono symbol file
Symbol file data-00000161AB2BF040 doesn't match image C:\Users\asdf\Desktop\unity\ReactiveTurnBase\My project A\Library\ScriptAssemblies\Unity.CollabProxy.Editor.dll
Symbol file LoadedFromMemory is not a mono symbol file
Symbol file data-000001617F2E4020 doesn't match image C:\Users\asdf\Desktop\unity\ReactiveTurnBase\My project A\Library\ScriptAssemblies\Unity.TextMeshPro.dll
Symbol file LoadedFromMemory is not a mono symbol file
Symbol file data-000001620F7D2010 doesn't match image C:\Users\asdf\Desktop\unity\ReactiveTurnBase\My project A\Library\ScriptAssemblies\Unity.TextMeshPro.Editor.dll
Symbol file LoadedFromMemory is not a mono symbol file
Symbol file data-00000161ABC42010 doesn't match image C:\Users\asdf\Desktop\unity\ReactiveTurnBase\My project A\Library\ScriptAssemblies\UniTask.dll
Symbol file LoadedFromMemory is not a mono symbol file
Symbol file data-000001617FB77040 doesn't match image C:\Users\asdf\Desktop\unity\ReactiveTurnBase\My project A\Library\ScriptAssemblies\Unity.VisualScripting.State.dll
Symbol file LoadedFromMemory is not a mono symbol file
Symbol file data-000001617FB77040 doesn't match image C:\Users\asdf\Desktop\unity\ReactiveTurnBase\My project A\Library\ScriptAssemblies\Unity.VSCode.Editor.dll
Symbol file LoadedFromMemory is not a mono symbol file
- Loaded All Assemblies, in  0.448 seconds
Native extension for WindowsStandalone target not found
Native extension for Android target not found
Mono: successfully reloaded assembly
- Finished resetting the current domain, in  0.949 seconds
Domain Reload Profiling: 1395ms
	BeginReloadAssembly (139ms)
		ExecutionOrderSort (0ms)
		DisableScriptedObjects (7ms)
		BackupInstance (0ms)
		ReleaseScriptingObjects (0ms)
		CreateAndSetChildDomain (36ms)
	RebuildCommonClasses (26ms)
	RebuildNativeTypeToScriptingClass (8ms)
	initialDomainReloadingComplete (27ms)
	LoadAllAssembliesAndSetupDomain (244ms)
		LoadAssemblies (283ms)
		RebuildTransferFunctionScriptingTraits (0ms)
		AnalyzeDomain (29ms)
			TypeCache.Refresh (9ms)
				TypeCache.ScanAssembly (2ms)
			ScanForSourceGeneratedMonoScriptInfo (11ms)
			ResolveRequiredComponents (6ms)
	FinalizeReload (950ms)
		ReleaseScriptCaches (0ms)
		RebuildScriptCaches (0ms)
		SetupLoadedEditorAssemblies (501ms)
			LogAssemblyErrors (0ms)
			InitializePlatformSupportModulesInManaged (16ms)
			SetLoadedEditorAssemblies (4ms)
			RefreshPlugins (0ms)
			BeforeProcessingInitializeOnLoad (101ms)
			ProcessInitializeOnLoadAttributes (347ms)
			ProcessInitializeOnLoadMethodAttributes (27ms)
			AfterProcessingInitializeOnLoad (6ms)
			EditorAssembliesLoaded (0ms)
		ExecutionOrderSort2 (0ms)
		AwakeInstancesAfterBackupRestoration (6ms)
Refreshing native plugins compatible for Editor in 5.91 ms, found 3 plugins.
Preloading 0 native plugins for Editor in 0.00 ms.
Unloading 3941 Unused Serialized files (Serialized files now loaded: 0)
Unloading 22 unused Assets / (32.8 KB). Loaded Objects now: 4641.
Memory consumption went from 226.1 MB to 226.1 MB.
Total: 27.921600 ms (FindLiveObjects: 0.433400 ms CreateObjectMapping: 1.086800 ms MarkObjects: 26.344100 ms  DeleteObjects: 0.056300 ms)

Prepare: number of updated asset objects reloaded= 0
AssetImportParameters requested are different than current active one (requested -> active):
  custom:container-demuxer-ogg: 62fdf1f143b41e24485cea50d1cbac27 -> 
  custom:scripting/monoscript/fileName/GroggyBar.cs: 100a61dadfc5e32941fd0f737636facf -> 
  custom:video-decoder-ogg-theora: a1e56fd34408186e4bbccfd4996cb3dc -> 
  custom:framework-win-MediaFoundation: 216162199b28c13a410421893ffa2e32 -> 
  custom:CustomObjectIndexerAttribute: 9a22284fe3817be447336de3de66b15e -> 
  custom:container-demuxer-webm: 4f35f7cbe854078d1ac9338744f61a02 -> 
  custom:container-muxer-webm: aa71ff27fc2769a1b78a27578f13a17b -> 
  custom:video-decoder-webm-vp8: 9c59270c3fd7afecdb556c50c9e8de78 -> 
  custom:SearchIndexIgnoredProperties: e643bd26f0fe6173181afceb89e7c659 -> 
  custom:AudioImporter_EditorPlatform: d09bf68614088b80899f8185d706f6e7 -> 
  custom:video-encoder-webm-vp8: eb34c28f22e8b96e1ab97ce403110664 -> 
  custom:scripting/monoscript/fileName/GroggyBarFollower.cs: 819d994350b9b9cabf3c84cf4da82ff6 -> 
  custom:audio-decoder-ogg-vorbis: bf7c407c2cedff20999df2af8eb42d56 -> 
  custom:audio-encoder-webm-vorbis: bf7c407c2cedff20999df2af8eb42d56 -> 
  custom:scripting/precompiled-assembly-types:Assembly-CSharp: b46ac83b1ac601f3cf7a79e40a0cc39b -> 1476765af81e86739e20042d8f5f0532
========================================================================
Received Prepare
Caller must complete domain reload
Begin MonoManager ReloadAssembly
Symbol file data-00000161A2DC2570 doesn't match image C:\Users\asdf\Desktop\unity\ReactiveTurnBase\My project A\Library\ScriptAssemblies\Unity.EditorCoroutines.Editor.dll
Symbol file LoadedFromMemory is not a mono symbol file
Symbol file data-00000161A31CF050 doesn't match image C:\Users\asdf\Desktop\unity\ReactiveTurnBase\My project A\Library\ScriptAssemblies\UniTask.TextMeshPro.dll
Symbol file LoadedFromMemory is not a mono symbol file
Symbol file data-00000161A127F020 doesn't match image C:\Users\asdf\Desktop\unity\ReactiveTurnBase\My project A\Library\ScriptAssemblies\Unity.Timeline.Editor.dll
Symbol file LoadedFromMemory is not a mono symbol file
Symbol file data-00000161A31CF050 doesn't match image C:\Users\asdf\Desktop\unity\ReactiveTurnBase\My project A\Library\ScriptAssemblies\Unity.VisualScripting.Shared.Editor.dll
Symbol file LoadedFromMemory is not a mono symbol file
Symbol file data-00000161A2DC2570 doesn't match image C:\Users\asdf\Desktop\unity\ReactiveTurnBase\My project A\Library\ScriptAssemblies\UniTask.DOTween.dll
Symbol file LoadedFromMemory is not a mono symbol file
Symbol file data-00000161A2DC2570 doesn't match image C:\Users\asdf\Desktop\unity\ReactiveTurnBase\My project A\Library\ScriptAssemblies\UniTask.Addressables.dll
Symbol file LoadedFromMemory is not a mono symbol file
Symbol file data-000001617F4FAAE0 doesn't match image C:\Users\asdf\Desktop\unity\ReactiveTurnBase\My project A\Library\ScriptAssemblies\UnityEditor.UI.dll
Symbol file LoadedFromMemory is not a mono symbol file
Symbol file data-00000161ABC42010 doesn't match image C:\Users\asdf\Desktop\unity\ReactiveTurnBase\My project A\Library\ScriptAssemblies\Unity.VisualScripting.Core.dll
Symbol file LoadedFromMemory is not a mono symbol file
Symbol file data-00000161ACFC0010 doesn't match image C:\Users\asdf\Desktop\unity\ReactiveTurnBase\My project A\Library\ScriptAssemblies\UnityEngine.UI.dll
Symbol file LoadedFromMemory is not a mono symbol file
Symbol file data-00000161A31CF050 doesn't match image C:\Users\asdf\Desktop\unity\ReactiveTurnBase\My project A\Library\ScriptAssemblies\UniTask.Editor.dll
Symbol file LoadedFromMemory is not a mono symbol file
Symbol file data-00000161A1869020 doesn't match image C:\Users\asdf\Desktop\unity\ReactiveTurnBase\My project A\Library\ScriptAssemblies\Unity.VisualScripting.Core.Editor.dll
Symbol file LoadedFromMemory is not a mono symbol file
Symbol file data-000001617F867240 doesn't match image C:\Users\asdf\Desktop\unity\ReactiveTurnBase\My project A\Library\ScriptAssemblies\UniTask.Linq.dll
Symbol file LoadedFromMemory is not a mono symbol file
Symbol file data-000001617F2E4020 doesn't match image C:\Users\asdf\Desktop\unity\ReactiveTurnBase\My project A\Library\ScriptAssemblies\Unity.VisualScripting.Flow.dll
Symbol file LoadedFromMemory is not a mono symbol file
Symbol file data-00000161ABA3A010 doesn't match image C:\Users\asdf\Desktop\unity\ReactiveTurnBase\My project A\Library\ScriptAssemblies\Unity.VisualScripting.Flow.Editor.dll
Symbol file LoadedFromMemory is not a mono symbol file
Symbol file data-000001617F366010 doesn't match image C:\Users\asdf\Desktop\unity\ReactiveTurnBase\My project A\Library\ScriptAssemblies\Unity.Timeline.dll
Symbol file LoadedFromMemory is not a mono symbol file
Symbol file data-000001620FC53010 doesn't match image C:\Users\asdf\Desktop\unity\ReactiveTurnBase\My project A\Library\ScriptAssemblies\Unity.InputSystem.dll
Symbol file LoadedFromMemory is not a mono symbol file
Symbol file data-00000161A31CF050 doesn't match image C:\Users\asdf\Desktop\unity\ReactiveTurnBase\My project A\Library\ScriptAssemblies\Unity.InputSystem.ForUI.dll
Symbol file LoadedFromMemory is not a mono symbol file
Symbol file data-000001617FBFE590 doesn't match image C:\Users\asdf\Desktop\unity\ReactiveTurnBase\My project A\Library\ScriptAssemblies\Unity.TestTools.CodeCoverage.Editor.OpenCover.Mono.Reflection.dll
Symbol file LoadedFromMemory is not a mono symbol file
Symbol file data-000001617FBFE590 doesn't match image C:\Users\asdf\Desktop\unity\ReactiveTurnBase\My project A\Library\ScriptAssemblies\Unity.VisualScripting.SettingsProvider.Editor.dll
Symbol file LoadedFromMemory is not a mono symbol file
Symbol file data-00000161A1CFC020 doesn't match image C:\Users\asdf\Desktop\unity\ReactiveTurnBase\My project A\Library\ScriptAssemblies\Unity.Performance.Profile-Analyzer.Editor.dll
Symbol file LoadedFromMemory is not a mono symbol file
Symbol file data-000001620FA2DB40 doesn't match image C:\Users\asdf\Desktop\unity\ReactiveTurnBase\My project A\Library\ScriptAssemblies\Unity.TestTools.CodeCoverage.Editor.dll
Symbol file LoadedFromMemory is not a mono symbol file
Symbol file data-000001617F85F510 doesn't match image C:\Users\asdf\Desktop\unity\ReactiveTurnBase\My project A\Library\ScriptAssemblies\Unity.TestTools.CodeCoverage.Editor.OpenCover.Model.dll
Symbol file LoadedFromMemory is not a mono symbol file
Symbol file data-000001617F4FAAE0 doesn't match image C:\Users\asdf\Desktop\unity\ReactiveTurnBase\My project A\Library\ScriptAssemblies\Unity.VisualScripting.State.Editor.dll
Symbol file LoadedFromMemory is not a mono symbol file
Symbol file data-000001617F8AE450 doesn't match image C:\Users\asdf\Desktop\unity\ReactiveTurnBase\My project A\Library\ScriptAssemblies\Unity.Settings.Editor.dll
Symbol file LoadedFromMemory is not a mono symbol file
Symbol file data-00000161AB2BF040 doesn't match image C:\Users\asdf\Desktop\unity\ReactiveTurnBase\My project A\Library\ScriptAssemblies\Unity.CollabProxy.Editor.dll
Symbol file LoadedFromMemory is not a mono symbol file
Symbol file data-000001617F2E4020 doesn't match image C:\Users\asdf\Desktop\unity\ReactiveTurnBase\My project A\Library\ScriptAssemblies\Unity.TextMeshPro.dll
Symbol file LoadedFromMemory is not a mono symbol file
Symbol file data-000001617F646010 doesn't match image C:\Users\asdf\Desktop\unity\ReactiveTurnBase\My project A\Library\ScriptAssemblies\Unity.TextMeshPro.Editor.dll
Symbol file LoadedFromMemory is not a mono symbol file
Symbol file data-00000161ADF0D020 doesn't match image C:\Users\asdf\Desktop\unity\ReactiveTurnBase\My project A\Library\ScriptAssemblies\UniTask.dll
Symbol file LoadedFromMemory is not a mono symbol file
Symbol file data-000001617F85F510 doesn't match image C:\Users\asdf\Desktop\unity\ReactiveTurnBase\My project A\Library\ScriptAssemblies\Unity.VisualScripting.State.dll
Symbol file LoadedFromMemory is not a mono symbol file
Symbol file data-00000161A14948A0 doesn't match image C:\Users\asdf\Desktop\unity\ReactiveTurnBase\My project A\Library\ScriptAssemblies\Unity.VSCode.Editor.dll
Symbol file LoadedFromMemory is not a mono symbol file
- Loaded All Assemblies, in  0.433 seconds
Native extension for WindowsStandalone target not found
Native extension for Android target not found
Mono: successfully reloaded assembly
- Finished resetting the current domain, in  1.122 seconds
Domain Reload Profiling: 1552ms
	BeginReloadAssembly (142ms)
		ExecutionOrderSort (0ms)
		DisableScriptedObjects (7ms)
		BackupInstance (0ms)
		ReleaseScriptingObjects (0ms)
		CreateAndSetChildDomain (29ms)
	RebuildCommonClasses (26ms)
	RebuildNativeTypeToScriptingClass (8ms)
	initialDomainReloadingComplete (26ms)
	LoadAllAssembliesAndSetupDomain (228ms)
		LoadAssemblies (289ms)
		RebuildTransferFunctionScriptingTraits (0ms)
		AnalyzeDomain (15ms)
			TypeCache.Refresh (6ms)
				TypeCache.ScanAssembly (0ms)
			ScanForSourceGeneratedMonoScriptInfo (0ms)
			ResolveRequiredComponents (7ms)
	FinalizeReload (1122ms)
		ReleaseScriptCaches (0ms)
		RebuildScriptCaches (0ms)
		SetupLoadedEditorAssemblies (631ms)
			LogAssemblyErrors (0ms)
			InitializePlatformSupportModulesInManaged (26ms)
			SetLoadedEditorAssemblies (7ms)
			RefreshPlugins (0ms)
			BeforeProcessingInitializeOnLoad (112ms)
			ProcessInitializeOnLoadAttributes (444ms)
			ProcessInitializeOnLoadMethodAttributes (34ms)
			AfterProcessingInitializeOnLoad (8ms)
			EditorAssembliesLoaded (0ms)
		ExecutionOrderSort2 (0ms)
		AwakeInstancesAfterBackupRestoration (7ms)
Refreshing native plugins compatible for Editor in 5.69 ms, found 3 plugins.
Preloading 0 native plugins for Editor in 0.00 ms.
Unloading 3941 Unused Serialized files (Serialized files now loaded: 0)
Unloading 22 unused Assets / (32.8 KB). Loaded Objects now: 4644.
Memory consumption went from 226.1 MB to 226.1 MB.
Total: 3.502400 ms (FindLiveObjects: 0.294400 ms CreateObjectMapping: 0.207300 ms MarkObjects: 2.923800 ms  DeleteObjects: 0.075400 ms)

Prepare: number of updated asset objects reloaded= 0
AssetImportParameters requested are different than current active one (requested -> active):
  custom:container-demuxer-ogg: 62fdf1f143b41e24485cea50d1cbac27 -> 
  custom:scripting/monoscript/fileName/GroggyBar.cs: 100a61dadfc5e32941fd0f737636facf -> 
  custom:video-decoder-ogg-theora: a1e56fd34408186e4bbccfd4996cb3dc -> 
  custom:framework-win-MediaFoundation: 216162199b28c13a410421893ffa2e32 -> 
  custom:CustomObjectIndexerAttribute: 9a22284fe3817be447336de3de66b15e -> 
  custom:container-demuxer-webm: 4f35f7cbe854078d1ac9338744f61a02 -> 
  custom:container-muxer-webm: aa71ff27fc2769a1b78a27578f13a17b -> 
  custom:video-decoder-webm-vp8: 9c59270c3fd7afecdb556c50c9e8de78 -> 
  custom:SearchIndexIgnoredProperties: e643bd26f0fe6173181afceb89e7c659 -> 
  custom:AudioImporter_EditorPlatform: d09bf68614088b80899f8185d706f6e7 -> 
  custom:video-encoder-webm-vp8: eb34c28f22e8b96e1ab97ce403110664 -> 
  custom:scripting/monoscript/fileName/GroggyBarFollower.cs: 819d994350b9b9cabf3c84cf4da82ff6 -> 
  custom:audio-decoder-ogg-vorbis: bf7c407c2cedff20999df2af8eb42d56 -> 
  custom:audio-encoder-webm-vorbis: bf7c407c2cedff20999df2af8eb42d56 -> 
  custom:scripting/precompiled-assembly-types:Assembly-CSharp: b46ac83b1ac601f3cf7a79e40a0cc39b -> 1476765af81e86739e20042d8f5f0532
========================================================================
Received Prepare
Caller must complete domain reload
Begin MonoManager ReloadAssembly
Symbol file data-00000161A2DC2570 doesn't match image C:\Users\asdf\Desktop\unity\ReactiveTurnBase\My project A\Library\ScriptAssemblies\Unity.EditorCoroutines.Editor.dll
Symbol file LoadedFromMemory is not a mono symbol file
Symbol file data-000001617F407020 doesn't match image C:\Users\asdf\Desktop\unity\ReactiveTurnBase\My project A\Library\ScriptAssemblies\UniTask.TextMeshPro.dll
Symbol file LoadedFromMemory is not a mono symbol file
Symbol file data-00000161A127F020 doesn't match image C:\Users\asdf\Desktop\unity\ReactiveTurnBase\My project A\Library\ScriptAssemblies\Unity.Timeline.Editor.dll
Symbol file LoadedFromMemory is not a mono symbol file
Symbol file data-000001617F407020 doesn't match image C:\Users\asdf\Desktop\unity\ReactiveTurnBase\My project A\Library\ScriptAssemblies\Unity.VisualScripting.Shared.Editor.dll
Symbol file LoadedFromMemory is not a mono symbol file
Symbol file data-00000161A2DC2570 doesn't match image C:\Users\asdf\Desktop\unity\ReactiveTurnBase\My project A\Library\ScriptAssemblies\UniTask.DOTween.dll
Symbol file LoadedFromMemory is not a mono symbol file
Symbol file data-00000161A2DC2570 doesn't match image C:\Users\asdf\Desktop\unity\ReactiveTurnBase\My project A\Library\ScriptAssemblies\UniTask.Addressables.dll
Symbol file LoadedFromMemory is not a mono symbol file
Symbol file data-000001617F4FAAE0 doesn't match image C:\Users\asdf\Desktop\unity\ReactiveTurnBase\My project A\Library\ScriptAssemblies\UnityEditor.UI.dll
Symbol file LoadedFromMemory is not a mono symbol file
Symbol file data-00000161AE0C9020 doesn't match image C:\Users\asdf\Desktop\unity\ReactiveTurnBase\My project A\Library\ScriptAssemblies\Unity.VisualScripting.Core.dll
Symbol file LoadedFromMemory is not a mono symbol file
Symbol file data-00000161ACFC0010 doesn't match image C:\Users\asdf\Desktop\unity\ReactiveTurnBase\My project A\Library\ScriptAssemblies\UnityEngine.UI.dll
Symbol file LoadedFromMemory is not a mono symbol file
Symbol file data-000001617F407020 doesn't match image C:\Users\asdf\Desktop\unity\ReactiveTurnBase\My project A\Library\ScriptAssemblies\UniTask.Editor.dll
Symbol file LoadedFromMemory is not a mono symbol file
Symbol file data-00000161A1869020 doesn't match image C:\Users\asdf\Desktop\unity\ReactiveTurnBase\My project A\Library\ScriptAssemblies\Unity.VisualScripting.Core.Editor.dll
Symbol file LoadedFromMemory is not a mono symbol file
Symbol file data-000001617F867240 doesn't match image C:\Users\asdf\Desktop\unity\ReactiveTurnBase\My project A\Library\ScriptAssemblies\UniTask.Linq.dll
Symbol file LoadedFromMemory is not a mono symbol file
Symbol file data-000001617F2E4020 doesn't match image C:\Users\asdf\Desktop\unity\ReactiveTurnBase\My project A\Library\ScriptAssemblies\Unity.VisualScripting.Flow.dll
Symbol file LoadedFromMemory is not a mono symbol file
Symbol file data-00000161ABA3A010 doesn't match image C:\Users\asdf\Desktop\unity\ReactiveTurnBase\My project A\Library\ScriptAssemblies\Unity.VisualScripting.Flow.Editor.dll
Symbol file LoadedFromMemory is not a mono symbol file
Symbol file data-000001617F366010 doesn't match image C:\Users\asdf\Desktop\unity\ReactiveTurnBase\My project A\Library\ScriptAssemblies\Unity.Timeline.dll
Symbol file LoadedFromMemory is not a mono symbol file
Symbol file data-000001620FC53010 doesn't match image C:\Users\asdf\Desktop\unity\ReactiveTurnBase\My project A\Library\ScriptAssemblies\Unity.InputSystem.dll
Symbol file LoadedFromMemory is not a mono symbol file
Symbol file data-000001617F407020 doesn't match image C:\Users\asdf\Desktop\unity\ReactiveTurnBase\My project A\Library\ScriptAssemblies\Unity.InputSystem.ForUI.dll
Symbol file LoadedFromMemory is not a mono symbol file
Symbol file data-00000161AD310040 doesn't match image C:\Users\asdf\Desktop\unity\ReactiveTurnBase\My project A\Library\ScriptAssemblies\Unity.TestTools.CodeCoverage.Editor.OpenCover.Mono.Reflection.dll
Symbol file LoadedFromMemory is not a mono symbol file
Symbol file data-00000161AD310040 doesn't match image C:\Users\asdf\Desktop\unity\ReactiveTurnBase\My project A\Library\ScriptAssemblies\Unity.VisualScripting.SettingsProvider.Editor.dll
Symbol file LoadedFromMemory is not a mono symbol file
Symbol file data-00000161A1CFC020 doesn't match image C:\Users\asdf\Desktop\unity\ReactiveTurnBase\My project A\Library\ScriptAssemblies\Unity.Performance.Profile-Analyzer.Editor.dll
Symbol file LoadedFromMemory is not a mono symbol file
Symbol file data-00000161A2600090 doesn't match image C:\Users\asdf\Desktop\unity\ReactiveTurnBase\My project A\Library\ScriptAssemblies\Unity.TestTools.CodeCoverage.Editor.dll
Symbol file LoadedFromMemory is not a mono symbol file
Symbol file data-000001617F85F510 doesn't match image C:\Users\asdf\Desktop\unity\ReactiveTurnBase\My project A\Library\ScriptAssemblies\Unity.TestTools.CodeCoverage.Editor.OpenCover.Model.dll
Symbol file LoadedFromMemory is not a mono symbol file
Symbol file data-000001617F4FAAE0 doesn't match image C:\Users\asdf\Desktop\unity\ReactiveTurnBase\My project A\Library\ScriptAssemblies\Unity.VisualScripting.State.Editor.dll
Symbol file LoadedFromMemory is not a mono symbol file
Symbol file data-00000161ADDF9D60 doesn't match image C:\Users\asdf\Desktop\unity\ReactiveTurnBase\My project A\Library\ScriptAssemblies\Unity.Settings.Editor.dll
Symbol file LoadedFromMemory is not a mono symbol file
Symbol file data-00000161ADB31020 doesn't match image C:\Users\asdf\Desktop\unity\ReactiveTurnBase\My project A\Library\ScriptAssemblies\Unity.CollabProxy.Editor.dll
Symbol file LoadedFromMemory is not a mono symbol file
Symbol file data-000001617F2E4020 doesn't match image C:\Users\asdf\Desktop\unity\ReactiveTurnBase\My project A\Library\ScriptAssemblies\Unity.TextMeshPro.dll
Symbol file LoadedFromMemory is not a mono symbol file
Symbol file data-000001617F646010 doesn't match image C:\Users\asdf\Desktop\unity\ReactiveTurnBase\My project A\Library\ScriptAssemblies\Unity.TextMeshPro.Editor.dll
Symbol file LoadedFromMemory is not a mono symbol file
Symbol file data-00000161ABC42010 doesn't match image C:\Users\asdf\Desktop\unity\ReactiveTurnBase\My project A\Library\ScriptAssemblies\UniTask.dll
Symbol file LoadedFromMemory is not a mono symbol file
Symbol file data-000001617F85F510 doesn't match image C:\Users\asdf\Desktop\unity\ReactiveTurnBase\My project A\Library\ScriptAssemblies\Unity.VisualScripting.State.dll
Symbol file LoadedFromMemory is not a mono symbol file
Symbol file data-00000161A14948A0 doesn't match image C:\Users\asdf\Desktop\unity\ReactiveTurnBase\My project A\Library\ScriptAssemblies\Unity.VSCode.Editor.dll
Symbol file LoadedFromMemory is not a mono symbol file
- Loaded All Assemblies, in  0.460 seconds
Native extension for WindowsStandalone target not found
Native extension for Android target not found
Mono: successfully reloaded assembly
- Finished resetting the current domain, in  0.956 seconds
Domain Reload Profiling: 1414ms
	BeginReloadAssembly (140ms)
		ExecutionOrderSort (0ms)
		DisableScriptedObjects (6ms)
		BackupInstance (0ms)
		ReleaseScriptingObjects (0ms)
		CreateAndSetChildDomain (29ms)
	RebuildCommonClasses (26ms)
	RebuildNativeTypeToScriptingClass (9ms)
	initialDomainReloadingComplete (26ms)
	LoadAllAssembliesAndSetupDomain (257ms)
		LoadAssemblies (296ms)
		RebuildTransferFunctionScriptingTraits (0ms)
		AnalyzeDomain (35ms)
			TypeCache.Refresh (9ms)
				TypeCache.ScanAssembly (2ms)
			ScanForSourceGeneratedMonoScriptInfo (13ms)
			ResolveRequiredComponents (10ms)
	FinalizeReload (957ms)
		ReleaseScriptCaches (0ms)
		RebuildScriptCaches (0ms)
		SetupLoadedEditorAssemblies (504ms)
			LogAssemblyErrors (0ms)
			InitializePlatformSupportModulesInManaged (21ms)
			SetLoadedEditorAssemblies (6ms)
			RefreshPlugins (0ms)
			BeforeProcessingInitializeOnLoad (95ms)
			ProcessInitializeOnLoadAttributes (347ms)
			ProcessInitializeOnLoadMethodAttributes (29ms)
			AfterProcessingInitializeOnLoad (6ms)
			EditorAssembliesLoaded (0ms)
		ExecutionOrderSort2 (0ms)
		AwakeInstancesAfterBackupRestoration (6ms)
Refreshing native plugins compatible for Editor in 3.72 ms, found 3 plugins.
Preloading 0 native plugins for Editor in 0.00 ms.
Unloading 3941 Unused Serialized files (Serialized files now loaded: 0)
Unloading 22 unused Assets / (32.7 KB). Loaded Objects now: 4647.
Memory consumption went from 226.1 MB to 226.1 MB.
Total: 3.325900 ms (FindLiveObjects: 0.304100 ms CreateObjectMapping: 0.254000 ms MarkObjects: 2.721800 ms  DeleteObjects: 0.045000 ms)

Prepare: number of updated asset objects reloaded= 0
AssetImportParameters requested are different than current active one (requested -> active):
  custom:container-demuxer-ogg: 62fdf1f143b41e24485cea50d1cbac27 -> 
  custom:scripting/monoscript/fileName/GroggyBar.cs: 100a61dadfc5e32941fd0f737636facf -> 
  custom:video-decoder-ogg-theora: a1e56fd34408186e4bbccfd4996cb3dc -> 
  custom:framework-win-MediaFoundation: 216162199b28c13a410421893ffa2e32 -> 
  custom:CustomObjectIndexerAttribute: 9a22284fe3817be447336de3de66b15e -> 
  custom:container-demuxer-webm: 4f35f7cbe854078d1ac9338744f61a02 -> 
  custom:container-muxer-webm: aa71ff27fc2769a1b78a27578f13a17b -> 
  custom:video-decoder-webm-vp8: 9c59270c3fd7afecdb556c50c9e8de78 -> 
  custom:SearchIndexIgnoredProperties: e643bd26f0fe6173181afceb89e7c659 -> 
  custom:AudioImporter_EditorPlatform: d09bf68614088b80899f8185d706f6e7 -> 
  custom:video-encoder-webm-vp8: eb34c28f22e8b96e1ab97ce403110664 -> 
  custom:scripting/monoscript/fileName/GroggyBarFollower.cs: 819d994350b9b9cabf3c84cf4da82ff6 -> 
  custom:audio-decoder-ogg-vorbis: bf7c407c2cedff20999df2af8eb42d56 -> 
  custom:audio-encoder-webm-vorbis: bf7c407c2cedff20999df2af8eb42d56 -> 
  custom:scripting/precompiled-assembly-types:Assembly-CSharp: b46ac83b1ac601f3cf7a79e40a0cc39b -> 1476765af81e86739e20042d8f5f0532
========================================================================
Received Prepare
Caller must complete domain reload
Begin MonoManager ReloadAssembly
Symbol file data-00000161A2DC2570 doesn't match image C:\Users\asdf\Desktop\unity\ReactiveTurnBase\My project A\Library\ScriptAssemblies\Unity.EditorCoroutines.Editor.dll
Symbol file LoadedFromMemory is not a mono symbol file
Symbol file data-00000161A31CF050 doesn't match image C:\Users\asdf\Desktop\unity\ReactiveTurnBase\My project A\Library\ScriptAssemblies\UniTask.TextMeshPro.dll
Symbol file LoadedFromMemory is not a mono symbol file
Symbol file data-00000161A127F020 doesn't match image C:\Users\asdf\Desktop\unity\ReactiveTurnBase\My project A\Library\ScriptAssemblies\Unity.Timeline.Editor.dll
Symbol file LoadedFromMemory is not a mono symbol file
Symbol file data-00000161A31CF050 doesn't match image C:\Users\asdf\Desktop\unity\ReactiveTurnBase\My project A\Library\ScriptAssemblies\Unity.VisualScripting.Shared.Editor.dll
Symbol file LoadedFromMemory is not a mono symbol file
Symbol file data-00000161A31CF050 doesn't match image C:\Users\asdf\Desktop\unity\ReactiveTurnBase\My project A\Library\ScriptAssemblies\UniTask.DOTween.dll
Symbol file LoadedFromMemory is not a mono symbol file
Symbol file data-00000161A31CF050 doesn't match image C:\Users\asdf\Desktop\unity\ReactiveTurnBase\My project A\Library\ScriptAssemblies\UniTask.Addressables.dll
Symbol file LoadedFromMemory is not a mono symbol file
Symbol file data-000001617F4FAAE0 doesn't match image C:\Users\asdf\Desktop\unity\ReactiveTurnBase\My project A\Library\ScriptAssemblies\UnityEditor.UI.dll
Symbol file LoadedFromMemory is not a mono symbol file
Symbol file data-00000161AE0C9020 doesn't match image C:\Users\asdf\Desktop\unity\ReactiveTurnBase\My project A\Library\ScriptAssemblies\Unity.VisualScripting.Core.dll
Symbol file LoadedFromMemory is not a mono symbol file
Symbol file data-00000161A15A6020 doesn't match image C:\Users\asdf\Desktop\unity\ReactiveTurnBase\My project A\Library\ScriptAssemblies\UnityEngine.UI.dll
Symbol file LoadedFromMemory is not a mono symbol file
Symbol file data-00000161AB2BF040 doesn't match image C:\Users\asdf\Desktop\unity\ReactiveTurnBase\My project A\Library\ScriptAssemblies\UniTask.Editor.dll
Symbol file LoadedFromMemory is not a mono symbol file
Symbol file data-00000161A1869020 doesn't match image C:\Users\asdf\Desktop\unity\ReactiveTurnBase\My project A\Library\ScriptAssemblies\Unity.VisualScripting.Core.Editor.dll
Symbol file LoadedFromMemory is not a mono symbol file
Symbol file data-00000161ABC42010 doesn't match image C:\Users\asdf\Desktop\unity\ReactiveTurnBase\My project A\Library\ScriptAssemblies\UniTask.Linq.dll
Symbol file LoadedFromMemory is not a mono symbol file
Symbol file data-000001617F2E4020 doesn't match image C:\Users\asdf\Desktop\unity\ReactiveTurnBase\My project A\Library\ScriptAssemblies\Unity.VisualScripting.Flow.dll
Symbol file LoadedFromMemory is not a mono symbol file
Symbol file data-00000161ABA3A010 doesn't match image C:\Users\asdf\Desktop\unity\ReactiveTurnBase\My project A\Library\ScriptAssemblies\Unity.VisualScripting.Flow.Editor.dll
Symbol file LoadedFromMemory is not a mono symbol file
Symbol file data-000001617F366010 doesn't match image C:\Users\asdf\Desktop\unity\ReactiveTurnBase\My project A\Library\ScriptAssemblies\Unity.Timeline.dll
Symbol file LoadedFromMemory is not a mono symbol file
Symbol file data-000001620FC53010 doesn't match image C:\Users\asdf\Desktop\unity\ReactiveTurnBase\My project A\Library\ScriptAssemblies\Unity.InputSystem.dll
Symbol file LoadedFromMemory is not a mono symbol file
Symbol file data-00000161AB2BF040 doesn't match image C:\Users\asdf\Desktop\unity\ReactiveTurnBase\My project A\Library\ScriptAssemblies\Unity.InputSystem.ForUI.dll
Symbol file LoadedFromMemory is not a mono symbol file
Symbol file data-00000161AD788040 doesn't match image C:\Users\asdf\Desktop\unity\ReactiveTurnBase\My project A\Library\ScriptAssemblies\Unity.TestTools.CodeCoverage.Editor.OpenCover.Mono.Reflection.dll
Symbol file LoadedFromMemory is not a mono symbol file
Symbol file data-00000161AD788040 doesn't match image C:\Users\asdf\Desktop\unity\ReactiveTurnBase\My project A\Library\ScriptAssemblies\Unity.VisualScripting.SettingsProvider.Editor.dll
Symbol file LoadedFromMemory is not a mono symbol file
Symbol file data-00000161A1CFC020 doesn't match image C:\Users\asdf\Desktop\unity\ReactiveTurnBase\My project A\Library\ScriptAssemblies\Unity.Performance.Profile-Analyzer.Editor.dll
Symbol file LoadedFromMemory is not a mono symbol file
Symbol file data-00000161A2600090 doesn't match image C:\Users\asdf\Desktop\unity\ReactiveTurnBase\My project A\Library\ScriptAssemblies\Unity.TestTools.CodeCoverage.Editor.dll
Symbol file LoadedFromMemory is not a mono symbol file
Symbol file data-00000161A14948A0 doesn't match image C:\Users\asdf\Desktop\unity\ReactiveTurnBase\My project A\Library\ScriptAssemblies\Unity.TestTools.CodeCoverage.Editor.OpenCover.Model.dll
Symbol file LoadedFromMemory is not a mono symbol file
Symbol file data-000001617F4FAAE0 doesn't match image C:\Users\asdf\Desktop\unity\ReactiveTurnBase\My project A\Library\ScriptAssemblies\Unity.VisualScripting.State.Editor.dll
Symbol file LoadedFromMemory is not a mono symbol file
Symbol file data-00000161A3426AB0 doesn't match image C:\Users\asdf\Desktop\unity\ReactiveTurnBase\My project A\Library\ScriptAssemblies\Unity.Settings.Editor.dll
Symbol file LoadedFromMemory is not a mono symbol file
Symbol file data-000001617F407020 doesn't match image C:\Users\asdf\Desktop\unity\ReactiveTurnBase\My project A\Library\ScriptAssemblies\Unity.CollabProxy.Editor.dll
Symbol file LoadedFromMemory is not a mono symbol file
Symbol file data-000001617F2E4020 doesn't match image C:\Users\asdf\Desktop\unity\ReactiveTurnBase\My project A\Library\ScriptAssemblies\Unity.TextMeshPro.dll
Symbol file LoadedFromMemory is not a mono symbol file
Symbol file data-000001617F646010 doesn't match image C:\Users\asdf\Desktop\unity\ReactiveTurnBase\My project A\Library\ScriptAssemblies\Unity.TextMeshPro.Editor.dll
Symbol file LoadedFromMemory is not a mono symbol file
Symbol file data-000001617F867240 doesn't match image C:\Users\asdf\Desktop\unity\ReactiveTurnBase\My project A\Library\ScriptAssemblies\UniTask.dll
Symbol file LoadedFromMemory is not a mono symbol file
Symbol file data-00000161A14948A0 doesn't match image C:\Users\asdf\Desktop\unity\ReactiveTurnBase\My project A\Library\ScriptAssemblies\Unity.VisualScripting.State.dll
Symbol file LoadedFromMemory is not a mono symbol file
Symbol file data-00000161A14948A0 doesn't match image C:\Users\asdf\Desktop\unity\ReactiveTurnBase\My project A\Library\ScriptAssemblies\Unity.VSCode.Editor.dll
Symbol file LoadedFromMemory is not a mono symbol file
- Loaded All Assemblies, in  0.428 seconds
Native extension for WindowsStandalone target not found
Native extension for Android target not found
Mono: successfully reloaded assembly
- Finished resetting the current domain, in  1.106 seconds
Domain Reload Profiling: 1531ms
	BeginReloadAssembly (137ms)
		ExecutionOrderSort (0ms)
		DisableScriptedObjects (6ms)
		BackupInstance (0ms)
		ReleaseScriptingObjects (0ms)
		CreateAndSetChildDomain (34ms)
	RebuildCommonClasses (25ms)
	RebuildNativeTypeToScriptingClass (8ms)
	initialDomainReloadingComplete (28ms)
	LoadAllAssembliesAndSetupDomain (227ms)
		LoadAssemblies (280ms)
		RebuildTransferFunctionScriptingTraits (0ms)
		AnalyzeDomain (13ms)
			TypeCache.Refresh (4ms)
				TypeCache.ScanAssembly (0ms)
			ScanForSourceGeneratedMonoScriptInfo (0ms)
			ResolveRequiredComponents (7ms)
	FinalizeReload (1107ms)
		ReleaseScriptCaches (0ms)
		RebuildScriptCaches (0ms)
		SetupLoadedEditorAssemblies (625ms)
			LogAssemblyErrors (0ms)
			InitializePlatformSupportModulesInManaged (21ms)
			SetLoadedEditorAssemblies (4ms)
			RefreshPlugins (0ms)
			BeforeProcessingInitializeOnLoad (115ms)
			ProcessInitializeOnLoadAttributes (438ms)
			ProcessInitializeOnLoadMethodAttributes (38ms)
			AfterProcessingInitializeOnLoad (8ms)
			EditorAssembliesLoaded (0ms)
		ExecutionOrderSort2 (0ms)
		AwakeInstancesAfterBackupRestoration (7ms)
Refreshing native plugins compatible for Editor in 5.74 ms, found 3 plugins.
Preloading 0 native plugins for Editor in 0.00 ms.
Unloading 3941 Unused Serialized files (Serialized files now loaded: 0)
Unloading 22 unused Assets / (32.8 KB). Loaded Objects now: 4650.
Memory consumption went from 226.1 MB to 226.1 MB.
Total: 4.799200 ms (FindLiveObjects: 0.350300 ms CreateObjectMapping: 0.314200 ms MarkObjects: 3.993300 ms  DeleteObjects: 0.140400 ms)

Prepare: number of updated asset objects reloaded= 0
AssetImportParameters requested are different than current active one (requested -> active):
  custom:container-demuxer-ogg: 62fdf1f143b41e24485cea50d1cbac27 -> 
  custom:scripting/monoscript/fileName/GroggyBar.cs: 100a61dadfc5e32941fd0f737636facf -> 
  custom:video-decoder-ogg-theora: a1e56fd34408186e4bbccfd4996cb3dc -> 
  custom:framework-win-MediaFoundation: 216162199b28c13a410421893ffa2e32 -> 
  custom:CustomObjectIndexerAttribute: 9a22284fe3817be447336de3de66b15e -> 
  custom:container-demuxer-webm: 4f35f7cbe854078d1ac9338744f61a02 -> 
  custom:container-muxer-webm: aa71ff27fc2769a1b78a27578f13a17b -> 
  custom:video-decoder-webm-vp8: 9c59270c3fd7afecdb556c50c9e8de78 -> 
  custom:SearchIndexIgnoredProperties: e643bd26f0fe6173181afceb89e7c659 -> 
  custom:AudioImporter_EditorPlatform: d09bf68614088b80899f8185d706f6e7 -> 
  custom:video-encoder-webm-vp8: eb34c28f22e8b96e1ab97ce403110664 -> 
  custom:scripting/monoscript/fileName/GroggyBarFollower.cs: 819d994350b9b9cabf3c84cf4da82ff6 -> 
  custom:audio-decoder-ogg-vorbis: bf7c407c2cedff20999df2af8eb42d56 -> 
  custom:audio-encoder-webm-vorbis: bf7c407c2cedff20999df2af8eb42d56 -> 
  custom:scripting/precompiled-assembly-types:Assembly-CSharp: b46ac83b1ac601f3cf7a79e40a0cc39b -> 1476765af81e86739e20042d8f5f0532
========================================================================
Received Prepare
Caller must complete domain reload
Begin MonoManager ReloadAssembly
Symbol file data-00000161A2DC2570 doesn't match image C:\Users\asdf\Desktop\unity\ReactiveTurnBase\My project A\Library\ScriptAssemblies\Unity.EditorCoroutines.Editor.dll
Symbol file LoadedFromMemory is not a mono symbol file
Symbol file data-00000161ADB31020 doesn't match image C:\Users\asdf\Desktop\unity\ReactiveTurnBase\My project A\Library\ScriptAssemblies\UniTask.TextMeshPro.dll
Symbol file LoadedFromMemory is not a mono symbol file
Symbol file data-00000161A127F020 doesn't match image C:\Users\asdf\Desktop\unity\ReactiveTurnBase\My project A\Library\ScriptAssemblies\Unity.Timeline.Editor.dll
Symbol file LoadedFromMemory is not a mono symbol file
Symbol file data-00000161ADB31020 doesn't match image C:\Users\asdf\Desktop\unity\ReactiveTurnBase\My project A\Library\ScriptAssemblies\Unity.VisualScripting.Shared.Editor.dll
Symbol file LoadedFromMemory is not a mono symbol file
Symbol file data-00000161A2DC2570 doesn't match image C:\Users\asdf\Desktop\unity\ReactiveTurnBase\My project A\Library\ScriptAssemblies\UniTask.DOTween.dll
Symbol file LoadedFromMemory is not a mono symbol file
Symbol file data-00000161A2DC2570 doesn't match image C:\Users\asdf\Desktop\unity\ReactiveTurnBase\My project A\Library\ScriptAssemblies\UniTask.Addressables.dll
Symbol file LoadedFromMemory is not a mono symbol file
Symbol file data-000001617F4FAAE0 doesn't match image C:\Users\asdf\Desktop\unity\ReactiveTurnBase\My project A\Library\ScriptAssemblies\UnityEditor.UI.dll
Symbol file LoadedFromMemory is not a mono symbol file
Symbol file data-00000161ABC42010 doesn't match image C:\Users\asdf\Desktop\unity\ReactiveTurnBase\My project A\Library\ScriptAssemblies\Unity.VisualScripting.Core.dll
Symbol file LoadedFromMemory is not a mono symbol file
Symbol file data-00000161ABE7C020 doesn't match image C:\Users\asdf\Desktop\unity\ReactiveTurnBase\My project A\Library\ScriptAssemblies\UnityEngine.UI.dll
Symbol file LoadedFromMemory is not a mono symbol file
Symbol file data-00000161ADB31020 doesn't match image C:\Users\asdf\Desktop\unity\ReactiveTurnBase\My project A\Library\ScriptAssemblies\UniTask.Editor.dll
Symbol file LoadedFromMemory is not a mono symbol file
Symbol file data-00000161A1869020 doesn't match image C:\Users\asdf\Desktop\unity\ReactiveTurnBase\My project A\Library\ScriptAssemblies\Unity.VisualScripting.Core.Editor.dll
Symbol file LoadedFromMemory is not a mono symbol file
Symbol file data-000001617F867240 doesn't match image C:\Users\asdf\Desktop\unity\ReactiveTurnBase\My project A\Library\ScriptAssemblies\UniTask.Linq.dll
Symbol file LoadedFromMemory is not a mono symbol file
Symbol file data-000001617F2E4020 doesn't match image C:\Users\asdf\Desktop\unity\ReactiveTurnBase\My project A\Library\ScriptAssemblies\Unity.VisualScripting.Flow.dll
Symbol file LoadedFromMemory is not a mono symbol file
Symbol file data-00000161ABA3A010 doesn't match image C:\Users\asdf\Desktop\unity\ReactiveTurnBase\My project A\Library\ScriptAssemblies\Unity.VisualScripting.Flow.Editor.dll
Symbol file LoadedFromMemory is not a mono symbol file
Symbol file data-00000161ACA40030 doesn't match image C:\Users\asdf\Desktop\unity\ReactiveTurnBase\My project A\Library\ScriptAssemblies\Unity.Timeline.dll
Symbol file LoadedFromMemory is not a mono symbol file
Symbol file data-000001620FC53010 doesn't match image C:\Users\asdf\Desktop\unity\ReactiveTurnBase\My project A\Library\ScriptAssemblies\Unity.InputSystem.dll
Symbol file LoadedFromMemory is not a mono symbol file
Symbol file data-00000161ADB31020 doesn't match image C:\Users\asdf\Desktop\unity\ReactiveTurnBase\My project A\Library\ScriptAssemblies\Unity.InputSystem.ForUI.dll
Symbol file LoadedFromMemory is not a mono symbol file
Symbol file data-00000161AD788040 doesn't match image C:\Users\asdf\Desktop\unity\ReactiveTurnBase\My project A\Library\ScriptAssemblies\Unity.TestTools.CodeCoverage.Editor.OpenCover.Mono.Reflection.dll
Symbol file LoadedFromMemory is not a mono symbol file
Symbol file data-00000161AD788040 doesn't match image C:\Users\asdf\Desktop\unity\ReactiveTurnBase\My project A\Library\ScriptAssemblies\Unity.VisualScripting.SettingsProvider.Editor.dll
Symbol file LoadedFromMemory is not a mono symbol file
Symbol file data-00000161A1CFC020 doesn't match image C:\Users\asdf\Desktop\unity\ReactiveTurnBase\My project A\Library\ScriptAssemblies\Unity.Performance.Profile-Analyzer.Editor.dll
Symbol file LoadedFromMemory is not a mono symbol file
Symbol file data-000001620FA2DB40 doesn't match image C:\Users\asdf\Desktop\unity\ReactiveTurnBase\My project A\Library\ScriptAssemblies\Unity.TestTools.CodeCoverage.Editor.dll
Symbol file LoadedFromMemory is not a mono symbol file
Symbol file data-00000161A14948A0 doesn't match image C:\Users\asdf\Desktop\unity\ReactiveTurnBase\My project A\Library\ScriptAssemblies\Unity.TestTools.CodeCoverage.Editor.OpenCover.Model.dll
Symbol file LoadedFromMemory is not a mono symbol file
Symbol file data-000001617F4FAAE0 doesn't match image C:\Users\asdf\Desktop\unity\ReactiveTurnBase\My project A\Library\ScriptAssemblies\Unity.VisualScripting.State.Editor.dll
Symbol file LoadedFromMemory is not a mono symbol file
Symbol file data-000001617F8AE450 doesn't match image C:\Users\asdf\Desktop\unity\ReactiveTurnBase\My project A\Library\ScriptAssemblies\Unity.Settings.Editor.dll
Symbol file LoadedFromMemory is not a mono symbol file
Symbol file data-00000161AB2BF040 doesn't match image C:\Users\asdf\Desktop\unity\ReactiveTurnBase\My project A\Library\ScriptAssemblies\Unity.CollabProxy.Editor.dll
Symbol file LoadedFromMemory is not a mono symbol file
Symbol file data-000001617F2E4020 doesn't match image C:\Users\asdf\Desktop\unity\ReactiveTurnBase\My project A\Library\ScriptAssemblies\Unity.TextMeshPro.dll
Symbol file LoadedFromMemory is not a mono symbol file
Symbol file data-00000161A1F70010 doesn't match image C:\Users\asdf\Desktop\unity\ReactiveTurnBase\My project A\Library\ScriptAssemblies\Unity.TextMeshPro.Editor.dll
Symbol file LoadedFromMemory is not a mono symbol file
Symbol file data-00000161ADF0D020 doesn't match image C:\Users\asdf\Desktop\unity\ReactiveTurnBase\My project A\Library\ScriptAssemblies\UniTask.dll
Symbol file LoadedFromMemory is not a mono symbol file
Symbol file data-00000161A14948A0 doesn't match image C:\Users\asdf\Desktop\unity\ReactiveTurnBase\My project A\Library\ScriptAssemblies\Unity.VisualScripting.State.dll
Symbol file LoadedFromMemory is not a mono symbol file
Symbol file data-00000161A14948A0 doesn't match image C:\Users\asdf\Desktop\unity\ReactiveTurnBase\My project A\Library\ScriptAssemblies\Unity.VSCode.Editor.dll
Symbol file LoadedFromMemory is not a mono symbol file
- Loaded All Assemblies, in  0.434 seconds
Native extension for WindowsStandalone target not found
Native extension for Android target not found
Mono: successfully reloaded assembly
- Finished resetting the current domain, in  1.125 seconds
Domain Reload Profiling: 1557ms
	BeginReloadAssembly (136ms)
		ExecutionOrderSort (0ms)
		DisableScriptedObjects (6ms)
		BackupInstance (0ms)
		ReleaseScriptingObjects (0ms)
		CreateAndSetChildDomain (32ms)
	RebuildCommonClasses (26ms)
	RebuildNativeTypeToScriptingClass (8ms)
	initialDomainReloadingComplete (27ms)
	LoadAllAssembliesAndSetupDomain (234ms)
		LoadAssemblies (289ms)
		RebuildTransferFunctionScriptingTraits (0ms)
		AnalyzeDomain (14ms)
			TypeCache.Refresh (5ms)
				TypeCache.ScanAssembly (0ms)
			ScanForSourceGeneratedMonoScriptInfo (0ms)
			ResolveRequiredComponents (7ms)
	FinalizeReload (1126ms)
		ReleaseScriptCaches (0ms)
		RebuildScriptCaches (0ms)
		SetupLoadedEditorAssemblies (616ms)
			LogAssemblyErrors (0ms)
			InitializePlatformSupportModulesInManaged (21ms)
			SetLoadedEditorAssemblies (5ms)
			RefreshPlugins (0ms)
			BeforeProcessingInitializeOnLoad (109ms)
			ProcessInitializeOnLoadAttributes (436ms)
			ProcessInitializeOnLoadMethodAttributes (38ms)
			AfterProcessingInitializeOnLoad (7ms)
			EditorAssembliesLoaded (0ms)
		ExecutionOrderSort2 (0ms)
		AwakeInstancesAfterBackupRestoration (7ms)
Refreshing native plugins compatible for Editor in 4.63 ms, found 3 plugins.
Preloading 0 native plugins for Editor in 0.00 ms.
Unloading 3941 Unused Serialized files (Serialized files now loaded: 0)
Unloading 22 unused Assets / (32.9 KB). Loaded Objects now: 4653.
Memory consumption went from 226.1 MB to 226.1 MB.
Total: 4.024100 ms (FindLiveObjects: 0.639400 ms CreateObjectMapping: 0.454400 ms MarkObjects: 2.880800 ms  DeleteObjects: 0.048000 ms)

Prepare: number of updated asset objects reloaded= 0
AssetImportParameters requested are different than current active one (requested -> active):
  custom:container-demuxer-ogg: 62fdf1f143b41e24485cea50d1cbac27 -> 
  custom:scripting/monoscript/fileName/GroggyBar.cs: 100a61dadfc5e32941fd0f737636facf -> 
  custom:video-decoder-ogg-theora: a1e56fd34408186e4bbccfd4996cb3dc -> 
  custom:framework-win-MediaFoundation: 216162199b28c13a410421893ffa2e32 -> 
  custom:CustomObjectIndexerAttribute: 9a22284fe3817be447336de3de66b15e -> 
  custom:container-demuxer-webm: 4f35f7cbe854078d1ac9338744f61a02 -> 
  custom:container-muxer-webm: aa71ff27fc2769a1b78a27578f13a17b -> 
  custom:video-decoder-webm-vp8: 9c59270c3fd7afecdb556c50c9e8de78 -> 
  custom:SearchIndexIgnoredProperties: e643bd26f0fe6173181afceb89e7c659 -> 
  custom:AudioImporter_EditorPlatform: d09bf68614088b80899f8185d706f6e7 -> 
  custom:video-encoder-webm-vp8: eb34c28f22e8b96e1ab97ce403110664 -> 
  custom:scripting/monoscript/fileName/GroggyBarFollower.cs: 819d994350b9b9cabf3c84cf4da82ff6 -> 
  custom:audio-decoder-ogg-vorbis: bf7c407c2cedff20999df2af8eb42d56 -> 
  custom:audio-encoder-webm-vorbis: bf7c407c2cedff20999df2af8eb42d56 -> 
  custom:scripting/precompiled-assembly-types:Assembly-CSharp: b46ac83b1ac601f3cf7a79e40a0cc39b -> 1476765af81e86739e20042d8f5f0532
========================================================================
Received Prepare
Caller must complete domain reload
Begin MonoManager ReloadAssembly
Symbol file data-00000161A2DC2570 doesn't match image C:\Users\asdf\Desktop\unity\ReactiveTurnBase\My project A\Library\ScriptAssemblies\Unity.EditorCoroutines.Editor.dll
Symbol file LoadedFromMemory is not a mono symbol file
Symbol file data-000001617F407020 doesn't match image C:\Users\asdf\Desktop\unity\ReactiveTurnBase\My project A\Library\ScriptAssemblies\UniTask.TextMeshPro.dll
Symbol file LoadedFromMemory is not a mono symbol file
Symbol file data-00000161A127F020 doesn't match image C:\Users\asdf\Desktop\unity\ReactiveTurnBase\My project A\Library\ScriptAssemblies\Unity.Timeline.Editor.dll
Symbol file LoadedFromMemory is not a mono symbol file
Symbol file data-000001617F407020 doesn't match image C:\Users\asdf\Desktop\unity\ReactiveTurnBase\My project A\Library\ScriptAssemblies\Unity.VisualScripting.Shared.Editor.dll
Symbol file LoadedFromMemory is not a mono symbol file
Symbol file data-00000161ACC15010 doesn't match image C:\Users\asdf\Desktop\unity\ReactiveTurnBase\My project A\Library\ScriptAssemblies\UniTask.DOTween.dll
Symbol file LoadedFromMemory is not a mono symbol file
Symbol file data-00000161ACC15010 doesn't match image C:\Users\asdf\Desktop\unity\ReactiveTurnBase\My project A\Library\ScriptAssemblies\UniTask.Addressables.dll
Symbol file LoadedFromMemory is not a mono symbol file
Symbol file data-000001617F4FAAE0 doesn't match image C:\Users\asdf\Desktop\unity\ReactiveTurnBase\My project A\Library\ScriptAssemblies\UnityEditor.UI.dll
Symbol file LoadedFromMemory is not a mono symbol file
Symbol file data-00000161A2781020 doesn't match image C:\Users\asdf\Desktop\unity\ReactiveTurnBase\My project A\Library\ScriptAssemblies\Unity.VisualScripting.Core.dll
Symbol file LoadedFromMemory is not a mono symbol file
Symbol file data-00000161ABE7C020 doesn't match image C:\Users\asdf\Desktop\unity\ReactiveTurnBase\My project A\Library\ScriptAssemblies\UnityEngine.UI.dll
Symbol file LoadedFromMemory is not a mono symbol file
Symbol file data-000001617F407020 doesn't match image C:\Users\asdf\Desktop\unity\ReactiveTurnBase\My project A\Library\ScriptAssemblies\UniTask.Editor.dll
Symbol file LoadedFromMemory is not a mono symbol file
Symbol file data-00000161A1869020 doesn't match image C:\Users\asdf\Desktop\unity\ReactiveTurnBase\My project A\Library\ScriptAssemblies\Unity.VisualScripting.Core.Editor.dll
Symbol file LoadedFromMemory is not a mono symbol file
Symbol file data-000001617F867240 doesn't match image C:\Users\asdf\Desktop\unity\ReactiveTurnBase\My project A\Library\ScriptAssemblies\UniTask.Linq.dll
Symbol file LoadedFromMemory is not a mono symbol file
Symbol file data-000001617F2E4020 doesn't match image C:\Users\asdf\Desktop\unity\ReactiveTurnBase\My project A\Library\ScriptAssemblies\Unity.VisualScripting.Flow.dll
Symbol file LoadedFromMemory is not a mono symbol file
Symbol file data-000001617FBD3030 doesn't match image C:\Users\asdf\Desktop\unity\ReactiveTurnBase\My project A\Library\ScriptAssemblies\Unity.VisualScripting.Flow.Editor.dll
Symbol file LoadedFromMemory is not a mono symbol file
Symbol file data-000001617F366010 doesn't match image C:\Users\asdf\Desktop\unity\ReactiveTurnBase\My project A\Library\ScriptAssemblies\Unity.Timeline.dll
Symbol file LoadedFromMemory is not a mono symbol file
Symbol file data-000001620FC95020 doesn't match image C:\Users\asdf\Desktop\unity\ReactiveTurnBase\My project A\Library\ScriptAssemblies\Unity.InputSystem.dll
Symbol file LoadedFromMemory is not a mono symbol file
Symbol file data-00000161A2DC2570 doesn't match image C:\Users\asdf\Desktop\unity\ReactiveTurnBase\My project A\Library\ScriptAssemblies\Unity.InputSystem.ForUI.dll
Symbol file LoadedFromMemory is not a mono symbol file
Symbol file data-000001620F80C040 doesn't match image C:\Users\asdf\Desktop\unity\ReactiveTurnBase\My project A\Library\ScriptAssemblies\Unity.TestTools.CodeCoverage.Editor.OpenCover.Mono.Reflection.dll
Symbol file LoadedFromMemory is not a mono symbol file
Symbol file data-000001620F80C040 doesn't match image C:\Users\asdf\Desktop\unity\ReactiveTurnBase\My project A\Library\ScriptAssemblies\Unity.VisualScripting.SettingsProvider.Editor.dll
Symbol file LoadedFromMemory is not a mono symbol file
Symbol file data-000001617F9C3010 doesn't match image C:\Users\asdf\Desktop\unity\ReactiveTurnBase\My project A\Library\ScriptAssemblies\Unity.Performance.Profile-Analyzer.Editor.dll
Symbol file LoadedFromMemory is not a mono symbol file
Symbol file data-00000161A2600090 doesn't match image C:\Users\asdf\Desktop\unity\ReactiveTurnBase\My project A\Library\ScriptAssemblies\Unity.TestTools.CodeCoverage.Editor.dll
Symbol file LoadedFromMemory is not a mono symbol file
Symbol file data-00000161A14948A0 doesn't match image C:\Users\asdf\Desktop\unity\ReactiveTurnBase\My project A\Library\ScriptAssemblies\Unity.TestTools.CodeCoverage.Editor.OpenCover.Model.dll
Symbol file LoadedFromMemory is not a mono symbol file
Symbol file data-000001617F4FAAE0 doesn't match image C:\Users\asdf\Desktop\unity\ReactiveTurnBase\My project A\Library\ScriptAssemblies\Unity.VisualScripting.State.Editor.dll
Symbol file LoadedFromMemory is not a mono symbol file
Symbol file data-00000161A3426AB0 doesn't match image C:\Users\asdf\Desktop\unity\ReactiveTurnBase\My project A\Library\ScriptAssemblies\Unity.Settings.Editor.dll
Symbol file LoadedFromMemory is not a mono symbol file
Symbol file data-000001617F407020 doesn't match image C:\Users\asdf\Desktop\unity\ReactiveTurnBase\My project A\Library\ScriptAssemblies\Unity.CollabProxy.Editor.dll
Symbol file LoadedFromMemory is not a mono symbol file
Symbol file data-000001617F2E4020 doesn't match image C:\Users\asdf\Desktop\unity\ReactiveTurnBase\My project A\Library\ScriptAssemblies\Unity.TextMeshPro.dll
Symbol file LoadedFromMemory is not a mono symbol file
Symbol file data-000001617F646010 doesn't match image C:\Users\asdf\Desktop\unity\ReactiveTurnBase\My project A\Library\ScriptAssemblies\Unity.TextMeshPro.Editor.dll
Symbol file LoadedFromMemory is not a mono symbol file
Symbol file data-00000161ABC42010 doesn't match image C:\Users\asdf\Desktop\unity\ReactiveTurnBase\My project A\Library\ScriptAssemblies\UniTask.dll
Symbol file LoadedFromMemory is not a mono symbol file
Symbol file data-00000161A14948A0 doesn't match image C:\Users\asdf\Desktop\unity\ReactiveTurnBase\My project A\Library\ScriptAssemblies\Unity.VisualScripting.State.dll
Symbol file LoadedFromMemory is not a mono symbol file
Symbol file data-00000161A14948A0 doesn't match image C:\Users\asdf\Desktop\unity\ReactiveTurnBase\My project A\Library\ScriptAssemblies\Unity.VSCode.Editor.dll
Symbol file LoadedFromMemory is not a mono symbol file
- Loaded All Assemblies, in  0.436 seconds
Native extension for WindowsStandalone target not found
Native extension for Android target not found
Mono: successfully reloaded assembly
- Finished resetting the current domain, in  1.033 seconds
Domain Reload Profiling: 1467ms
	BeginReloadAssembly (141ms)
		ExecutionOrderSort (0ms)
		DisableScriptedObjects (6ms)
		BackupInstance (0ms)
		ReleaseScriptingObjects (0ms)
		CreateAndSetChildDomain (33ms)
	RebuildCommonClasses (26ms)
	RebuildNativeTypeToScriptingClass (8ms)
	initialDomainReloadingComplete (32ms)
	LoadAllAssembliesAndSetupDomain (226ms)
		LoadAssemblies (283ms)
		RebuildTransferFunctionScriptingTraits (0ms)
		AnalyzeDomain (13ms)
			TypeCache.Refresh (5ms)
				TypeCache.ScanAssembly (0ms)
			ScanForSourceGeneratedMonoScriptInfo (0ms)
			ResolveRequiredComponents (7ms)
	FinalizeReload (1033ms)
		ReleaseScriptCaches (0ms)
		RebuildScriptCaches (0ms)
		SetupLoadedEditorAssemblies (581ms)
			LogAssemblyErrors (0ms)
			InitializePlatformSupportModulesInManaged (46ms)
			SetLoadedEditorAssemblies (5ms)
			RefreshPlugins (0ms)
			BeforeProcessingInitializeOnLoad (95ms)
			ProcessInitializeOnLoadAttributes (393ms)
			ProcessInitializeOnLoadMethodAttributes (34ms)
			AfterProcessingInitializeOnLoad (8ms)
			EditorAssembliesLoaded (0ms)
		ExecutionOrderSort2 (0ms)
		AwakeInstancesAfterBackupRestoration (8ms)
Refreshing native plugins compatible for Editor in 4.15 ms, found 3 plugins.
Preloading 0 native plugins for Editor in 0.00 ms.
Unloading 3941 Unused Serialized files (Serialized files now loaded: 0)
Unloading 22 unused Assets / (32.9 KB). Loaded Objects now: 4656.
Memory consumption went from 226.1 MB to 226.1 MB.
Total: 3.372100 ms (FindLiveObjects: 0.314600 ms CreateObjectMapping: 0.247100 ms MarkObjects: 2.757500 ms  DeleteObjects: 0.051900 ms)

Prepare: number of updated asset objects reloaded= 0
AssetImportParameters requested are different than current active one (requested -> active):
  custom:container-demuxer-ogg: 62fdf1f143b41e24485cea50d1cbac27 -> 
  custom:scripting/monoscript/fileName/GroggyBar.cs: 100a61dadfc5e32941fd0f737636facf -> 
  custom:video-decoder-ogg-theora: a1e56fd34408186e4bbccfd4996cb3dc -> 
  custom:framework-win-MediaFoundation: 216162199b28c13a410421893ffa2e32 -> 
  custom:CustomObjectIndexerAttribute: 9a22284fe3817be447336de3de66b15e -> 
  custom:container-demuxer-webm: 4f35f7cbe854078d1ac9338744f61a02 -> 
  custom:container-muxer-webm: aa71ff27fc2769a1b78a27578f13a17b -> 
  custom:video-decoder-webm-vp8: 9c59270c3fd7afecdb556c50c9e8de78 -> 
  custom:SearchIndexIgnoredProperties: e643bd26f0fe6173181afceb89e7c659 -> 
  custom:AudioImporter_EditorPlatform: d09bf68614088b80899f8185d706f6e7 -> 
  custom:video-encoder-webm-vp8: eb34c28f22e8b96e1ab97ce403110664 -> 
  custom:scripting/monoscript/fileName/GroggyBarFollower.cs: 819d994350b9b9cabf3c84cf4da82ff6 -> 
  custom:audio-decoder-ogg-vorbis: bf7c407c2cedff20999df2af8eb42d56 -> 
  custom:audio-encoder-webm-vorbis: bf7c407c2cedff20999df2af8eb42d56 -> 
  custom:scripting/precompiled-assembly-types:Assembly-CSharp: b46ac83b1ac601f3cf7a79e40a0cc39b -> 1476765af81e86739e20042d8f5f0532
========================================================================
Received Prepare
Caller must complete domain reload
Begin MonoManager ReloadAssembly
Symbol file data-00000161A2DC2570 doesn't match image C:\Users\asdf\Desktop\unity\ReactiveTurnBase\My project A\Library\ScriptAssemblies\Unity.EditorCoroutines.Editor.dll
Symbol file LoadedFromMemory is not a mono symbol file
Symbol file data-00000161ADB31020 doesn't match image C:\Users\asdf\Desktop\unity\ReactiveTurnBase\My project A\Library\ScriptAssemblies\UniTask.TextMeshPro.dll
Symbol file LoadedFromMemory is not a mono symbol file
Symbol file data-00000161A127F020 doesn't match image C:\Users\asdf\Desktop\unity\ReactiveTurnBase\My project A\Library\ScriptAssemblies\Unity.Timeline.Editor.dll
Symbol file LoadedFromMemory is not a mono symbol file
Symbol file data-00000161ADB31020 doesn't match image C:\Users\asdf\Desktop\unity\ReactiveTurnBase\My project A\Library\ScriptAssemblies\Unity.VisualScripting.Shared.Editor.dll
Symbol file LoadedFromMemory is not a mono symbol file
Symbol file data-00000161ADB31020 doesn't match image C:\Users\asdf\Desktop\unity\ReactiveTurnBase\My project A\Library\ScriptAssemblies\UniTask.DOTween.dll
Symbol file LoadedFromMemory is not a mono symbol file
Symbol file data-00000161ADB31020 doesn't match image C:\Users\asdf\Desktop\unity\ReactiveTurnBase\My project A\Library\ScriptAssemblies\UniTask.Addressables.dll
Symbol file LoadedFromMemory is not a mono symbol file
Symbol file data-000001617F4FAAE0 doesn't match image C:\Users\asdf\Desktop\unity\ReactiveTurnBase\My project A\Library\ScriptAssemblies\UnityEditor.UI.dll
Symbol file LoadedFromMemory is not a mono symbol file
Symbol file data-00000161A2781020 doesn't match image C:\Users\asdf\Desktop\unity\ReactiveTurnBase\My project A\Library\ScriptAssemblies\Unity.VisualScripting.Core.dll
Symbol file LoadedFromMemory is not a mono symbol file
Symbol file data-00000161ABE7C020 doesn't match image C:\Users\asdf\Desktop\unity\ReactiveTurnBase\My project A\Library\ScriptAssemblies\UnityEngine.UI.dll
Symbol file LoadedFromMemory is not a mono symbol file
Symbol file data-00000161AB2BF040 doesn't match image C:\Users\asdf\Desktop\unity\ReactiveTurnBase\My project A\Library\ScriptAssemblies\UniTask.Editor.dll
Symbol file LoadedFromMemory is not a mono symbol file
Symbol file data-00000161A1869020 doesn't match image C:\Users\asdf\Desktop\unity\ReactiveTurnBase\My project A\Library\ScriptAssemblies\Unity.VisualScripting.Core.Editor.dll
Symbol file LoadedFromMemory is not a mono symbol file
Symbol file data-000001617F867240 doesn't match image C:\Users\asdf\Desktop\unity\ReactiveTurnBase\My project A\Library\ScriptAssemblies\UniTask.Linq.dll
Symbol file LoadedFromMemory is not a mono symbol file
Symbol file data-000001617F2E4020 doesn't match image C:\Users\asdf\Desktop\unity\ReactiveTurnBase\My project A\Library\ScriptAssemblies\Unity.VisualScripting.Flow.dll
Symbol file LoadedFromMemory is not a mono symbol file
Symbol file data-00000161ABA3A010 doesn't match image C:\Users\asdf\Desktop\unity\ReactiveTurnBase\My project A\Library\ScriptAssemblies\Unity.VisualScripting.Flow.Editor.dll
Symbol file LoadedFromMemory is not a mono symbol file
Symbol file data-000001617F366010 doesn't match image C:\Users\asdf\Desktop\unity\ReactiveTurnBase\My project A\Library\ScriptAssemblies\Unity.Timeline.dll
Symbol file LoadedFromMemory is not a mono symbol file
Symbol file data-000001620FD17010 doesn't match image C:\Users\asdf\Desktop\unity\ReactiveTurnBase\My project A\Library\ScriptAssemblies\Unity.InputSystem.dll
Symbol file LoadedFromMemory is not a mono symbol file
Symbol file data-00000161AB2BF040 doesn't match image C:\Users\asdf\Desktop\unity\ReactiveTurnBase\My project A\Library\ScriptAssemblies\Unity.InputSystem.ForUI.dll
Symbol file LoadedFromMemory is not a mono symbol file
Symbol file data-00000161ADD601D0 doesn't match image C:\Users\asdf\Desktop\unity\ReactiveTurnBase\My project A\Library\ScriptAssemblies\Unity.TestTools.CodeCoverage.Editor.OpenCover.Mono.Reflection.dll
Symbol file LoadedFromMemory is not a mono symbol file
Symbol file data-00000161ADD601D0 doesn't match image C:\Users\asdf\Desktop\unity\ReactiveTurnBase\My project A\Library\ScriptAssemblies\Unity.VisualScripting.SettingsProvider.Editor.dll
Symbol file LoadedFromMemory is not a mono symbol file
Symbol file data-000001617F9C3010 doesn't match image C:\Users\asdf\Desktop\unity\ReactiveTurnBase\My project A\Library\ScriptAssemblies\Unity.Performance.Profile-Analyzer.Editor.dll
Symbol file LoadedFromMemory is not a mono symbol file
Symbol file data-00000161ACA9C030 doesn't match image C:\Users\asdf\Desktop\unity\ReactiveTurnBase\My project A\Library\ScriptAssemblies\Unity.TestTools.CodeCoverage.Editor.dll
Symbol file LoadedFromMemory is not a mono symbol file
Symbol file data-000001617FB77040 doesn't match image C:\Users\asdf\Desktop\unity\ReactiveTurnBase\My project A\Library\ScriptAssemblies\Unity.TestTools.CodeCoverage.Editor.OpenCover.Model.dll
Symbol file LoadedFromMemory is not a mono symbol file
Symbol file data-000001617F4FAAE0 doesn't match image C:\Users\asdf\Desktop\unity\ReactiveTurnBase\My project A\Library\ScriptAssemblies\Unity.VisualScripting.State.Editor.dll
Symbol file LoadedFromMemory is not a mono symbol file
Symbol file data-00000161AB83E040 doesn't match image C:\Users\asdf\Desktop\unity\ReactiveTurnBase\My project A\Library\ScriptAssemblies\Unity.Settings.Editor.dll
Symbol file LoadedFromMemory is not a mono symbol file
Symbol file data-00000161A31CF050 doesn't match image C:\Users\asdf\Desktop\unity\ReactiveTurnBase\My project A\Library\ScriptAssemblies\Unity.CollabProxy.Editor.dll
Symbol file LoadedFromMemory is not a mono symbol file
Symbol file data-000001617F2E4020 doesn't match image C:\Users\asdf\Desktop\unity\ReactiveTurnBase\My project A\Library\ScriptAssemblies\Unity.TextMeshPro.dll
Symbol file LoadedFromMemory is not a mono symbol file
Symbol file data-00000161ACACE030 doesn't match image C:\Users\asdf\Desktop\unity\ReactiveTurnBase\My project A\Library\ScriptAssemblies\Unity.TextMeshPro.Editor.dll
Symbol file LoadedFromMemory is not a mono symbol file
Symbol file data-00000161ABC42010 doesn't match image C:\Users\asdf\Desktop\unity\ReactiveTurnBase\My project A\Library\ScriptAssemblies\UniTask.dll
Symbol file LoadedFromMemory is not a mono symbol file
Symbol file data-000001617FB77040 doesn't match image C:\Users\asdf\Desktop\unity\ReactiveTurnBase\My project A\Library\ScriptAssemblies\Unity.VisualScripting.State.dll
Symbol file LoadedFromMemory is not a mono symbol file
Symbol file data-000001617FB77040 doesn't match image C:\Users\asdf\Desktop\unity\ReactiveTurnBase\My project A\Library\ScriptAssemblies\Unity.VSCode.Editor.dll
Symbol file LoadedFromMemory is not a mono symbol file
- Loaded All Assemblies, in  0.432 seconds
Native extension for WindowsStandalone target not found
Native extension for Android target not found
Mono: successfully reloaded assembly
- Finished resetting the current domain, in  1.156 seconds
Domain Reload Profiling: 1585ms
	BeginReloadAssembly (129ms)
		ExecutionOrderSort (0ms)
		DisableScriptedObjects (6ms)
		BackupInstance (0ms)
		ReleaseScriptingObjects (0ms)
		CreateAndSetChildDomain (30ms)
	RebuildCommonClasses (26ms)
	RebuildNativeTypeToScriptingClass (8ms)
	initialDomainReloadingComplete (27ms)
	LoadAllAssembliesAndSetupDomain (238ms)
		LoadAssemblies (290ms)
		RebuildTransferFunctionScriptingTraits (0ms)
		AnalyzeDomain (13ms)
			TypeCache.Refresh (5ms)
				TypeCache.ScanAssembly (0ms)
			ScanForSourceGeneratedMonoScriptInfo (0ms)
			ResolveRequiredComponents (7ms)
	FinalizeReload (1156ms)
		ReleaseScriptCaches (0ms)
		RebuildScriptCaches (0ms)
		SetupLoadedEditorAssemblies (610ms)
			LogAssemblyErrors (0ms)
			InitializePlatformSupportModulesInManaged (19ms)
			SetLoadedEditorAssemblies (4ms)
			RefreshPlugins (0ms)
			BeforeProcessingInitializeOnLoad (120ms)
			ProcessInitializeOnLoadAttributes (424ms)
			ProcessInitializeOnLoadMethodAttributes (36ms)
			AfterProcessingInitializeOnLoad (7ms)
			EditorAssembliesLoaded (0ms)
		ExecutionOrderSort2 (0ms)
		AwakeInstancesAfterBackupRestoration (7ms)
Refreshing native plugins compatible for Editor in 5.39 ms, found 3 plugins.
Preloading 0 native plugins for Editor in 0.00 ms.
Unloading 3941 Unused Serialized files (Serialized files now loaded: 0)
Unloading 22 unused Assets / (32.8 KB). Loaded Objects now: 4659.
Memory consumption went from 226.1 MB to 226.1 MB.
Total: 5.794900 ms (FindLiveObjects: 0.393500 ms CreateObjectMapping: 0.375200 ms MarkObjects: 4.976800 ms  DeleteObjects: 0.048500 ms)

Prepare: number of updated asset objects reloaded= 0
AssetImportParameters requested are different than current active one (requested -> active):
  custom:container-demuxer-ogg: 62fdf1f143b41e24485cea50d1cbac27 -> 
  custom:scripting/monoscript/fileName/GroggyBar.cs: 100a61dadfc5e32941fd0f737636facf -> 
  custom:video-decoder-ogg-theora: a1e56fd34408186e4bbccfd4996cb3dc -> 
  custom:framework-win-MediaFoundation: 216162199b28c13a410421893ffa2e32 -> 
  custom:CustomObjectIndexerAttribute: 9a22284fe3817be447336de3de66b15e -> 
  custom:container-demuxer-webm: 4f35f7cbe854078d1ac9338744f61a02 -> 
  custom:container-muxer-webm: aa71ff27fc2769a1b78a27578f13a17b -> 
  custom:video-decoder-webm-vp8: 9c59270c3fd7afecdb556c50c9e8de78 -> 
  custom:SearchIndexIgnoredProperties: e643bd26f0fe6173181afceb89e7c659 -> 
  custom:AudioImporter_EditorPlatform: d09bf68614088b80899f8185d706f6e7 -> 
  custom:video-encoder-webm-vp8: eb34c28f22e8b96e1ab97ce403110664 -> 
  custom:scripting/monoscript/fileName/GroggyBarFollower.cs: 819d994350b9b9cabf3c84cf4da82ff6 -> 
  custom:audio-decoder-ogg-vorbis: bf7c407c2cedff20999df2af8eb42d56 -> 
  custom:audio-encoder-webm-vorbis: bf7c407c2cedff20999df2af8eb42d56 -> 
  custom:scripting/precompiled-assembly-types:Assembly-CSharp: b46ac83b1ac601f3cf7a79e40a0cc39b -> 1476765af81e86739e20042d8f5f0532
========================================================================
Received Prepare
Caller must complete domain reload
Begin MonoManager ReloadAssembly
Symbol file data-00000161A2DC2570 doesn't match image C:\Users\asdf\Desktop\unity\ReactiveTurnBase\My project A\Library\ScriptAssemblies\Unity.EditorCoroutines.Editor.dll
Symbol file LoadedFromMemory is not a mono symbol file
Symbol file data-00000161A31CF050 doesn't match image C:\Users\asdf\Desktop\unity\ReactiveTurnBase\My project A\Library\ScriptAssemblies\UniTask.TextMeshPro.dll
Symbol file LoadedFromMemory is not a mono symbol file
Symbol file data-00000161A127F020 doesn't match image C:\Users\asdf\Desktop\unity\ReactiveTurnBase\My project A\Library\ScriptAssemblies\Unity.Timeline.Editor.dll
Symbol file LoadedFromMemory is not a mono symbol file
Symbol file data-00000161A31CF050 doesn't match image C:\Users\asdf\Desktop\unity\ReactiveTurnBase\My project A\Library\ScriptAssemblies\Unity.VisualScripting.Shared.Editor.dll
Symbol file LoadedFromMemory is not a mono symbol file
Symbol file data-00000161ACC15010 doesn't match image C:\Users\asdf\Desktop\unity\ReactiveTurnBase\My project A\Library\ScriptAssemblies\UniTask.DOTween.dll
Symbol file LoadedFromMemory is not a mono symbol file
Symbol file data-00000161ACC15010 doesn't match image C:\Users\asdf\Desktop\unity\ReactiveTurnBase\My project A\Library\ScriptAssemblies\UniTask.Addressables.dll
Symbol file LoadedFromMemory is not a mono symbol file
Symbol file data-000001617F4FAAE0 doesn't match image C:\Users\asdf\Desktop\unity\ReactiveTurnBase\My project A\Library\ScriptAssemblies\UnityEditor.UI.dll
Symbol file LoadedFromMemory is not a mono symbol file
Symbol file data-00000161ABC42010 doesn't match image C:\Users\asdf\Desktop\unity\ReactiveTurnBase\My project A\Library\ScriptAssemblies\Unity.VisualScripting.Core.dll
Symbol file LoadedFromMemory is not a mono symbol file
Symbol file data-00000161ABE7C020 doesn't match image C:\Users\asdf\Desktop\unity\ReactiveTurnBase\My project A\Library\ScriptAssemblies\UnityEngine.UI.dll
Symbol file LoadedFromMemory is not a mono symbol file
Symbol file data-00000161A31CF050 doesn't match image C:\Users\asdf\Desktop\unity\ReactiveTurnBase\My project A\Library\ScriptAssemblies\UniTask.Editor.dll
Symbol file LoadedFromMemory is not a mono symbol file
Symbol file data-00000161A1869020 doesn't match image C:\Users\asdf\Desktop\unity\ReactiveTurnBase\My project A\Library\ScriptAssemblies\Unity.VisualScripting.Core.Editor.dll
Symbol file LoadedFromMemory is not a mono symbol file
Symbol file data-000001617F867240 doesn't match image C:\Users\asdf\Desktop\unity\ReactiveTurnBase\My project A\Library\ScriptAssemblies\UniTask.Linq.dll
Symbol file LoadedFromMemory is not a mono symbol file
Symbol file data-000001617F2E4020 doesn't match image C:\Users\asdf\Desktop\unity\ReactiveTurnBase\My project A\Library\ScriptAssemblies\Unity.VisualScripting.Flow.dll
Symbol file LoadedFromMemory is not a mono symbol file
Symbol file data-000001617FBD3030 doesn't match image C:\Users\asdf\Desktop\unity\ReactiveTurnBase\My project A\Library\ScriptAssemblies\Unity.VisualScripting.Flow.Editor.dll
Symbol file LoadedFromMemory is not a mono symbol file
Symbol file data-000001617F366010 doesn't match image C:\Users\asdf\Desktop\unity\ReactiveTurnBase\My project A\Library\ScriptAssemblies\Unity.Timeline.dll
Symbol file LoadedFromMemory is not a mono symbol file
Symbol file data-000001620FD59020 doesn't match image C:\Users\asdf\Desktop\unity\ReactiveTurnBase\My project A\Library\ScriptAssemblies\Unity.InputSystem.dll
Symbol file LoadedFromMemory is not a mono symbol file
Symbol file data-00000161A2DC2570 doesn't match image C:\Users\asdf\Desktop\unity\ReactiveTurnBase\My project A\Library\ScriptAssemblies\Unity.InputSystem.ForUI.dll
Symbol file LoadedFromMemory is not a mono symbol file
Symbol file data-00000161A2AD8010 doesn't match image C:\Users\asdf\Desktop\unity\ReactiveTurnBase\My project A\Library\ScriptAssemblies\Unity.TestTools.CodeCoverage.Editor.OpenCover.Mono.Reflection.dll
Symbol file LoadedFromMemory is not a mono symbol file
Symbol file data-00000161A2AD8010 doesn't match image C:\Users\asdf\Desktop\unity\ReactiveTurnBase\My project A\Library\ScriptAssemblies\Unity.VisualScripting.SettingsProvider.Editor.dll
Symbol file LoadedFromMemory is not a mono symbol file
Symbol file data-00000161A1CFC020 doesn't match image C:\Users\asdf\Desktop\unity\ReactiveTurnBase\My project A\Library\ScriptAssemblies\Unity.Performance.Profile-Analyzer.Editor.dll
Symbol file LoadedFromMemory is not a mono symbol file
Symbol file data-00000161ACA9C030 doesn't match image C:\Users\asdf\Desktop\unity\ReactiveTurnBase\My project A\Library\ScriptAssemblies\Unity.TestTools.CodeCoverage.Editor.dll
Symbol file LoadedFromMemory is not a mono symbol file
Symbol file data-00000161A14948A0 doesn't match image C:\Users\asdf\Desktop\unity\ReactiveTurnBase\My project A\Library\ScriptAssemblies\Unity.TestTools.CodeCoverage.Editor.OpenCover.Model.dll
Symbol file LoadedFromMemory is not a mono symbol file
Symbol file data-000001617F4FAAE0 doesn't match image C:\Users\asdf\Desktop\unity\ReactiveTurnBase\My project A\Library\ScriptAssemblies\Unity.VisualScripting.State.Editor.dll
Symbol file LoadedFromMemory is not a mono symbol file
Symbol file data-000001617F8AE450 doesn't match image C:\Users\asdf\Desktop\unity\ReactiveTurnBase\My project A\Library\ScriptAssemblies\Unity.Settings.Editor.dll
Symbol file LoadedFromMemory is not a mono symbol file
Symbol file data-00000161A31CF050 doesn't match image C:\Users\asdf\Desktop\unity\ReactiveTurnBase\My project A\Library\ScriptAssemblies\Unity.CollabProxy.Editor.dll
Symbol file LoadedFromMemory is not a mono symbol file
Symbol file data-000001617F2E4020 doesn't match image C:\Users\asdf\Desktop\unity\ReactiveTurnBase\My project A\Library\ScriptAssemblies\Unity.TextMeshPro.dll
Symbol file LoadedFromMemory is not a mono symbol file
Symbol file data-00000161A1F70010 doesn't match image C:\Users\asdf\Desktop\unity\ReactiveTurnBase\My project A\Library\ScriptAssemblies\Unity.TextMeshPro.Editor.dll
Symbol file LoadedFromMemory is not a mono symbol file
Symbol file data-00000161ADF0D020 doesn't match image C:\Users\asdf\Desktop\unity\ReactiveTurnBase\My project A\Library\ScriptAssemblies\UniTask.dll
Symbol file LoadedFromMemory is not a mono symbol file
Symbol file data-00000161A14948A0 doesn't match image C:\Users\asdf\Desktop\unity\ReactiveTurnBase\My project A\Library\ScriptAssemblies\Unity.VisualScripting.State.dll
Symbol file LoadedFromMemory is not a mono symbol file
Symbol file data-00000161A14948A0 doesn't match image C:\Users\asdf\Desktop\unity\ReactiveTurnBase\My project A\Library\ScriptAssemblies\Unity.VSCode.Editor.dll
Symbol file LoadedFromMemory is not a mono symbol file
- Loaded All Assemblies, in  0.441 seconds
Native extension for WindowsStandalone target not found
Native extension for Android target not found
Mono: successfully reloaded assembly
- Finished resetting the current domain, in  1.128 seconds
Domain Reload Profiling: 1567ms
	BeginReloadAssembly (137ms)
		ExecutionOrderSort (0ms)
		DisableScriptedObjects (6ms)
		BackupInstance (0ms)
		ReleaseScriptingObjects (0ms)
		CreateAndSetChildDomain (32ms)
	RebuildCommonClasses (27ms)
	RebuildNativeTypeToScriptingClass (9ms)
	initialDomainReloadingComplete (26ms)
	LoadAllAssembliesAndSetupDomain (240ms)
		LoadAssemblies (296ms)
		RebuildTransferFunctionScriptingTraits (0ms)
		AnalyzeDomain (13ms)
			TypeCache.Refresh (5ms)
				TypeCache.ScanAssembly (0ms)
			ScanForSourceGeneratedMonoScriptInfo (0ms)
			ResolveRequiredComponents (7ms)
	FinalizeReload (1128ms)
		ReleaseScriptCaches (0ms)
		RebuildScriptCaches (0ms)
		SetupLoadedEditorAssemblies (627ms)
			LogAssemblyErrors (0ms)
			InitializePlatformSupportModulesInManaged (20ms)
			SetLoadedEditorAssemblies (5ms)
			RefreshPlugins (0ms)
			BeforeProcessingInitializeOnLoad (112ms)
			ProcessInitializeOnLoadAttributes (444ms)
			ProcessInitializeOnLoadMethodAttributes (38ms)
			AfterProcessingInitializeOnLoad (8ms)
			EditorAssembliesLoaded (0ms)
		ExecutionOrderSort2 (0ms)
		AwakeInstancesAfterBackupRestoration (7ms)
Refreshing native plugins compatible for Editor in 4.55 ms, found 3 plugins.
Preloading 0 native plugins for Editor in 0.00 ms.
Unloading 3941 Unused Serialized files (Serialized files now loaded: 0)
Unloading 22 unused Assets / (32.8 KB). Loaded Objects now: 4662.
Memory consumption went from 226.1 MB to 226.1 MB.
Total: 3.920300 ms (FindLiveObjects: 0.315300 ms CreateObjectMapping: 0.249100 ms MarkObjects: 3.259100 ms  DeleteObjects: 0.096000 ms)

Prepare: number of updated asset objects reloaded= 0
AssetImportParameters requested are different than current active one (requested -> active):
  custom:container-demuxer-ogg: 62fdf1f143b41e24485cea50d1cbac27 -> 
  custom:scripting/monoscript/fileName/GroggyBar.cs: 100a61dadfc5e32941fd0f737636facf -> 
  custom:video-decoder-ogg-theora: a1e56fd34408186e4bbccfd4996cb3dc -> 
  custom:framework-win-MediaFoundation: 216162199b28c13a410421893ffa2e32 -> 
  custom:CustomObjectIndexerAttribute: 9a22284fe3817be447336de3de66b15e -> 
  custom:container-demuxer-webm: 4f35f7cbe854078d1ac9338744f61a02 -> 
  custom:container-muxer-webm: aa71ff27fc2769a1b78a27578f13a17b -> 
  custom:video-decoder-webm-vp8: 9c59270c3fd7afecdb556c50c9e8de78 -> 
  custom:SearchIndexIgnoredProperties: e643bd26f0fe6173181afceb89e7c659 -> 
  custom:AudioImporter_EditorPlatform: d09bf68614088b80899f8185d706f6e7 -> 
  custom:video-encoder-webm-vp8: eb34c28f22e8b96e1ab97ce403110664 -> 
  custom:scripting/monoscript/fileName/GroggyBarFollower.cs: 819d994350b9b9cabf3c84cf4da82ff6 -> 
  custom:audio-decoder-ogg-vorbis: bf7c407c2cedff20999df2af8eb42d56 -> 
  custom:audio-encoder-webm-vorbis: bf7c407c2cedff20999df2af8eb42d56 -> 
  custom:scripting/precompiled-assembly-types:Assembly-CSharp: b46ac83b1ac601f3cf7a79e40a0cc39b -> 1476765af81e86739e20042d8f5f0532
========================================================================
Received Prepare
Caller must complete domain reload
Begin MonoManager ReloadAssembly
Symbol file data-00000161A2DC2570 doesn't match image C:\Users\asdf\Desktop\unity\ReactiveTurnBase\My project A\Library\ScriptAssemblies\Unity.EditorCoroutines.Editor.dll
Symbol file LoadedFromMemory is not a mono symbol file
Symbol file data-00000161ADB31020 doesn't match image C:\Users\asdf\Desktop\unity\ReactiveTurnBase\My project A\Library\ScriptAssemblies\UniTask.TextMeshPro.dll
Symbol file LoadedFromMemory is not a mono symbol file
Symbol file data-00000161A127F020 doesn't match image C:\Users\asdf\Desktop\unity\ReactiveTurnBase\My project A\Library\ScriptAssemblies\Unity.Timeline.Editor.dll
Symbol file LoadedFromMemory is not a mono symbol file
Symbol file data-00000161ADB31020 doesn't match image C:\Users\asdf\Desktop\unity\ReactiveTurnBase\My project A\Library\ScriptAssemblies\Unity.VisualScripting.Shared.Editor.dll
Symbol file LoadedFromMemory is not a mono symbol file
Symbol file data-00000161A2DC2570 doesn't match image C:\Users\asdf\Desktop\unity\ReactiveTurnBase\My project A\Library\ScriptAssemblies\UniTask.DOTween.dll
Symbol file LoadedFromMemory is not a mono symbol file
Symbol file data-00000161A2DC2570 doesn't match image C:\Users\asdf\Desktop\unity\ReactiveTurnBase\My project A\Library\ScriptAssemblies\UniTask.Addressables.dll
Symbol file LoadedFromMemory is not a mono symbol file
Symbol file data-000001617F4FAAE0 doesn't match image C:\Users\asdf\Desktop\unity\ReactiveTurnBase\My project A\Library\ScriptAssemblies\UnityEditor.UI.dll
Symbol file LoadedFromMemory is not a mono symbol file
Symbol file data-00000161A2781020 doesn't match image C:\Users\asdf\Desktop\unity\ReactiveTurnBase\My project A\Library\ScriptAssemblies\Unity.VisualScripting.Core.dll
Symbol file LoadedFromMemory is not a mono symbol file
Symbol file data-000001617FBD3030 doesn't match image C:\Users\asdf\Desktop\unity\ReactiveTurnBase\My project A\Library\ScriptAssemblies\UnityEngine.UI.dll
Symbol file LoadedFromMemory is not a mono symbol file
Symbol file data-00000161ADB31020 doesn't match image C:\Users\asdf\Desktop\unity\ReactiveTurnBase\My project A\Library\ScriptAssemblies\UniTask.Editor.dll
Symbol file LoadedFromMemory is not a mono symbol file
Symbol file data-00000161A1869020 doesn't match image C:\Users\asdf\Desktop\unity\ReactiveTurnBase\My project A\Library\ScriptAssemblies\Unity.VisualScripting.Core.Editor.dll
Symbol file LoadedFromMemory is not a mono symbol file
Symbol file data-000001617F867240 doesn't match image C:\Users\asdf\Desktop\unity\ReactiveTurnBase\My project A\Library\ScriptAssemblies\UniTask.Linq.dll
Symbol file LoadedFromMemory is not a mono symbol file
Symbol file data-000001617F2E4020 doesn't match image C:\Users\asdf\Desktop\unity\ReactiveTurnBase\My project A\Library\ScriptAssemblies\Unity.VisualScripting.Flow.dll
Symbol file LoadedFromMemory is not a mono symbol file
Symbol file data-00000161ABA3A010 doesn't match image C:\Users\asdf\Desktop\unity\ReactiveTurnBase\My project A\Library\ScriptAssemblies\Unity.VisualScripting.Flow.Editor.dll
Symbol file LoadedFromMemory is not a mono symbol file
Symbol file data-000001617F366010 doesn't match image C:\Users\asdf\Desktop\unity\ReactiveTurnBase\My project A\Library\ScriptAssemblies\Unity.Timeline.dll
Symbol file LoadedFromMemory is not a mono symbol file
Symbol file data-000001620FD9B010 doesn't match image C:\Users\asdf\Desktop\unity\ReactiveTurnBase\My project A\Library\ScriptAssemblies\Unity.InputSystem.dll
Symbol file LoadedFromMemory is not a mono symbol file
Symbol file data-00000161ADB31020 doesn't match image C:\Users\asdf\Desktop\unity\ReactiveTurnBase\My project A\Library\ScriptAssemblies\Unity.InputSystem.ForUI.dll
Symbol file LoadedFromMemory is not a mono symbol file
Symbol file data-00000161ABEA4040 doesn't match image C:\Users\asdf\Desktop\unity\ReactiveTurnBase\My project A\Library\ScriptAssemblies\Unity.TestTools.CodeCoverage.Editor.OpenCover.Mono.Reflection.dll
Symbol file LoadedFromMemory is not a mono symbol file
Symbol file data-00000161ABEA4040 doesn't match image C:\Users\asdf\Desktop\unity\ReactiveTurnBase\My project A\Library\ScriptAssemblies\Unity.VisualScripting.SettingsProvider.Editor.dll
Symbol file LoadedFromMemory is not a mono symbol file
Symbol file data-00000161AB96E030 doesn't match image C:\Users\asdf\Desktop\unity\ReactiveTurnBase\My project A\Library\ScriptAssemblies\Unity.Performance.Profile-Analyzer.Editor.dll
Symbol file LoadedFromMemory is not a mono symbol file
Symbol file data-000001620FA2DB40 doesn't match image C:\Users\asdf\Desktop\unity\ReactiveTurnBase\My project A\Library\ScriptAssemblies\Unity.TestTools.CodeCoverage.Editor.dll
Symbol file LoadedFromMemory is not a mono symbol file
Symbol file data-00000161AD948030 doesn't match image C:\Users\asdf\Desktop\unity\ReactiveTurnBase\My project A\Library\ScriptAssemblies\Unity.TestTools.CodeCoverage.Editor.OpenCover.Model.dll
Symbol file LoadedFromMemory is not a mono symbol file
Symbol file data-000001617F4FAAE0 doesn't match image C:\Users\asdf\Desktop\unity\ReactiveTurnBase\My project A\Library\ScriptAssemblies\Unity.VisualScripting.State.Editor.dll
Symbol file LoadedFromMemory is not a mono symbol file
Symbol file data-00000161ABE2E010 doesn't match image C:\Users\asdf\Desktop\unity\ReactiveTurnBase\My project A\Library\ScriptAssemblies\Unity.Settings.Editor.dll
Symbol file LoadedFromMemory is not a mono symbol file
Symbol file data-00000161A31CF050 doesn't match image C:\Users\asdf\Desktop\unity\ReactiveTurnBase\My project A\Library\ScriptAssemblies\Unity.CollabProxy.Editor.dll
Symbol file LoadedFromMemory is not a mono symbol file
Symbol file data-000001617F2E4020 doesn't match image C:\Users\asdf\Desktop\unity\ReactiveTurnBase\My project A\Library\ScriptAssemblies\Unity.TextMeshPro.dll
Symbol file LoadedFromMemory is not a mono symbol file
Symbol file data-000001617F646010 doesn't match image C:\Users\asdf\Desktop\unity\ReactiveTurnBase\My project A\Library\ScriptAssemblies\Unity.TextMeshPro.Editor.dll
Symbol file LoadedFromMemory is not a mono symbol file
Symbol file data-00000161ABC42010 doesn't match image C:\Users\asdf\Desktop\unity\ReactiveTurnBase\My project A\Library\ScriptAssemblies\UniTask.dll
Symbol file LoadedFromMemory is not a mono symbol file
Symbol file data-00000161AD948030 doesn't match image C:\Users\asdf\Desktop\unity\ReactiveTurnBase\My project A\Library\ScriptAssemblies\Unity.VisualScripting.State.dll
Symbol file LoadedFromMemory is not a mono symbol file
Symbol file data-00000161AD948030 doesn't match image C:\Users\asdf\Desktop\unity\ReactiveTurnBase\My project A\Library\ScriptAssemblies\Unity.VSCode.Editor.dll
Symbol file LoadedFromMemory is not a mono symbol file
- Loaded All Assemblies, in  0.432 seconds
Native extension for WindowsStandalone target not found
Native extension for Android target not found
Mono: successfully reloaded assembly
- Finished resetting the current domain, in  1.103 seconds
Domain Reload Profiling: 1533ms
	BeginReloadAssembly (135ms)
		ExecutionOrderSort (0ms)
		DisableScriptedObjects (6ms)
		BackupInstance (0ms)
		ReleaseScriptingObjects (0ms)
		CreateAndSetChildDomain (29ms)
	RebuildCommonClasses (26ms)
	RebuildNativeTypeToScriptingClass (8ms)
	initialDomainReloadingComplete (28ms)
	LoadAllAssembliesAndSetupDomain (232ms)
		LoadAssemblies (288ms)
		RebuildTransferFunctionScriptingTraits (0ms)
		AnalyzeDomain (15ms)
			TypeCache.Refresh (5ms)
				TypeCache.ScanAssembly (0ms)
			ScanForSourceGeneratedMonoScriptInfo (0ms)
			ResolveRequiredComponents (8ms)
	FinalizeReload (1104ms)
		ReleaseScriptCaches (0ms)
		RebuildScriptCaches (0ms)
		SetupLoadedEditorAssemblies (624ms)
			LogAssemblyErrors (0ms)
			InitializePlatformSupportModulesInManaged (17ms)
			SetLoadedEditorAssemblies (4ms)
			RefreshPlugins (0ms)
			BeforeProcessingInitializeOnLoad (96ms)
			ProcessInitializeOnLoadAttributes (461ms)
			ProcessInitializeOnLoadMethodAttributes (38ms)
			AfterProcessingInitializeOnLoad (8ms)
			EditorAssembliesLoaded (0ms)
		ExecutionOrderSort2 (0ms)
		AwakeInstancesAfterBackupRestoration (10ms)
Refreshing native plugins compatible for Editor in 5.48 ms, found 3 plugins.
Preloading 0 native plugins for Editor in 0.00 ms.
Unloading 3941 Unused Serialized files (Serialized files now loaded: 0)
Unloading 22 unused Assets / (32.8 KB). Loaded Objects now: 4665.
Memory consumption went from 226.1 MB to 226.1 MB.
Total: 7.353500 ms (FindLiveObjects: 0.684200 ms CreateObjectMapping: 0.508200 ms MarkObjects: 6.097900 ms  DeleteObjects: 0.061200 ms)

Prepare: number of updated asset objects reloaded= 0
AssetImportParameters requested are different than current active one (requested -> active):
  custom:container-demuxer-ogg: 62fdf1f143b41e24485cea50d1cbac27 -> 
  custom:scripting/monoscript/fileName/GroggyBar.cs: 100a61dadfc5e32941fd0f737636facf -> 
  custom:video-decoder-ogg-theora: a1e56fd34408186e4bbccfd4996cb3dc -> 
  custom:framework-win-MediaFoundation: 216162199b28c13a410421893ffa2e32 -> 
  custom:CustomObjectIndexerAttribute: 9a22284fe3817be447336de3de66b15e -> 
  custom:container-demuxer-webm: 4f35f7cbe854078d1ac9338744f61a02 -> 
  custom:container-muxer-webm: aa71ff27fc2769a1b78a27578f13a17b -> 
  custom:video-decoder-webm-vp8: 9c59270c3fd7afecdb556c50c9e8de78 -> 
  custom:SearchIndexIgnoredProperties: e643bd26f0fe6173181afceb89e7c659 -> 
  custom:AudioImporter_EditorPlatform: d09bf68614088b80899f8185d706f6e7 -> 
  custom:video-encoder-webm-vp8: eb34c28f22e8b96e1ab97ce403110664 -> 
  custom:scripting/monoscript/fileName/GroggyBarFollower.cs: 819d994350b9b9cabf3c84cf4da82ff6 -> 
  custom:audio-decoder-ogg-vorbis: bf7c407c2cedff20999df2af8eb42d56 -> 
  custom:audio-encoder-webm-vorbis: bf7c407c2cedff20999df2af8eb42d56 -> 
  custom:scripting/precompiled-assembly-types:Assembly-CSharp: b46ac83b1ac601f3cf7a79e40a0cc39b -> 1476765af81e86739e20042d8f5f0532
========================================================================
Received Prepare
Caller must complete domain reload
Begin MonoManager ReloadAssembly
Symbol file data-00000161A2DC2570 doesn't match image C:\Users\asdf\Desktop\unity\ReactiveTurnBase\My project A\Library\ScriptAssemblies\Unity.EditorCoroutines.Editor.dll
Symbol file LoadedFromMemory is not a mono symbol file
Symbol file data-00000161AB2BF040 doesn't match image C:\Users\asdf\Desktop\unity\ReactiveTurnBase\My project A\Library\ScriptAssemblies\UniTask.TextMeshPro.dll
Symbol file LoadedFromMemory is not a mono symbol file
Symbol file data-00000161A127F020 doesn't match image C:\Users\asdf\Desktop\unity\ReactiveTurnBase\My project A\Library\ScriptAssemblies\Unity.Timeline.Editor.dll
Symbol file LoadedFromMemory is not a mono symbol file
Symbol file data-00000161AB2BF040 doesn't match image C:\Users\asdf\Desktop\unity\ReactiveTurnBase\My project A\Library\ScriptAssemblies\Unity.VisualScripting.Shared.Editor.dll
Symbol file LoadedFromMemory is not a mono symbol file
Symbol file data-00000161A2DC2570 doesn't match image C:\Users\asdf\Desktop\unity\ReactiveTurnBase\My project A\Library\ScriptAssemblies\UniTask.DOTween.dll
Symbol file LoadedFromMemory is not a mono symbol file
Symbol file data-00000161A2DC2570 doesn't match image C:\Users\asdf\Desktop\unity\ReactiveTurnBase\My project A\Library\ScriptAssemblies\UniTask.Addressables.dll
Symbol file LoadedFromMemory is not a mono symbol file
Symbol file data-000001617F4FAAE0 doesn't match image C:\Users\asdf\Desktop\unity\ReactiveTurnBase\My project A\Library\ScriptAssemblies\UnityEditor.UI.dll
Symbol file LoadedFromMemory is not a mono symbol file
Symbol file data-00000161A2781020 doesn't match image C:\Users\asdf\Desktop\unity\ReactiveTurnBase\My project A\Library\ScriptAssemblies\Unity.VisualScripting.Core.dll
Symbol file LoadedFromMemory is not a mono symbol file
Symbol file data-000001617FBD3030 doesn't match image C:\Users\asdf\Desktop\unity\ReactiveTurnBase\My project A\Library\ScriptAssemblies\UnityEngine.UI.dll
Symbol file LoadedFromMemory is not a mono symbol file
Symbol file data-00000161AB2BF040 doesn't match image C:\Users\asdf\Desktop\unity\ReactiveTurnBase\My project A\Library\ScriptAssemblies\UniTask.Editor.dll
Symbol file LoadedFromMemory is not a mono symbol file
Symbol file data-00000161A1869020 doesn't match image C:\Users\asdf\Desktop\unity\ReactiveTurnBase\My project A\Library\ScriptAssemblies\Unity.VisualScripting.Core.Editor.dll
Symbol file LoadedFromMemory is not a mono symbol file
Symbol file data-00000161ABC42010 doesn't match image C:\Users\asdf\Desktop\unity\ReactiveTurnBase\My project A\Library\ScriptAssemblies\UniTask.Linq.dll
Symbol file LoadedFromMemory is not a mono symbol file
Symbol file data-000001617F2E4020 doesn't match image C:\Users\asdf\Desktop\unity\ReactiveTurnBase\My project A\Library\ScriptAssemblies\Unity.VisualScripting.Flow.dll
Symbol file LoadedFromMemory is not a mono symbol file
Symbol file data-000001617F9C3010 doesn't match image C:\Users\asdf\Desktop\unity\ReactiveTurnBase\My project A\Library\ScriptAssemblies\Unity.VisualScripting.Flow.Editor.dll
Symbol file LoadedFromMemory is not a mono symbol file
Symbol file data-000001617F366010 doesn't match image C:\Users\asdf\Desktop\unity\ReactiveTurnBase\My project A\Library\ScriptAssemblies\Unity.Timeline.dll
Symbol file LoadedFromMemory is not a mono symbol file
Symbol file data-000001620FD9B010 doesn't match image C:\Users\asdf\Desktop\unity\ReactiveTurnBase\My project A\Library\ScriptAssemblies\Unity.InputSystem.dll
Symbol file LoadedFromMemory is not a mono symbol file
Symbol file data-00000161AB2BF040 doesn't match image C:\Users\asdf\Desktop\unity\ReactiveTurnBase\My project A\Library\ScriptAssemblies\Unity.InputSystem.ForUI.dll
Symbol file LoadedFromMemory is not a mono symbol file
Symbol file data-00000161ACFE8040 doesn't match image C:\Users\asdf\Desktop\unity\ReactiveTurnBase\My project A\Library\ScriptAssemblies\Unity.TestTools.CodeCoverage.Editor.OpenCover.Mono.Reflection.dll
Symbol file LoadedFromMemory is not a mono symbol file
Symbol file data-00000161ACFE8040 doesn't match image C:\Users\asdf\Desktop\unity\ReactiveTurnBase\My project A\Library\ScriptAssemblies\Unity.VisualScripting.SettingsProvider.Editor.dll
Symbol file LoadedFromMemory is not a mono symbol file
Symbol file data-00000161A1CFC020 doesn't match image C:\Users\asdf\Desktop\unity\ReactiveTurnBase\My project A\Library\ScriptAssemblies\Unity.Performance.Profile-Analyzer.Editor.dll
Symbol file LoadedFromMemory is not a mono symbol file
Symbol file data-00000161A2600090 doesn't match image C:\Users\asdf\Desktop\unity\ReactiveTurnBase\My project A\Library\ScriptAssemblies\Unity.TestTools.CodeCoverage.Editor.dll
Symbol file LoadedFromMemory is not a mono symbol file
Symbol file data-00000161A14948A0 doesn't match image C:\Users\asdf\Desktop\unity\ReactiveTurnBase\My project A\Library\ScriptAssemblies\Unity.TestTools.CodeCoverage.Editor.OpenCover.Model.dll
Symbol file LoadedFromMemory is not a mono symbol file
Symbol file data-000001617F4FAAE0 doesn't match image C:\Users\asdf\Desktop\unity\ReactiveTurnBase\My project A\Library\ScriptAssemblies\Unity.VisualScripting.State.Editor.dll
Symbol file LoadedFromMemory is not a mono symbol file
Symbol file data-00000161ABE2E010 doesn't match image C:\Users\asdf\Desktop\unity\ReactiveTurnBase\My project A\Library\ScriptAssemblies\Unity.Settings.Editor.dll
Symbol file LoadedFromMemory is not a mono symbol file
Symbol file data-000001617F407020 doesn't match image C:\Users\asdf\Desktop\unity\ReactiveTurnBase\My project A\Library\ScriptAssemblies\Unity.CollabProxy.Editor.dll
Symbol file LoadedFromMemory is not a mono symbol file
Symbol file data-000001617F2E4020 doesn't match image C:\Users\asdf\Desktop\unity\ReactiveTurnBase\My project A\Library\ScriptAssemblies\Unity.TextMeshPro.dll
Symbol file LoadedFromMemory is not a mono symbol file
Symbol file data-00000161A3582330 doesn't match image C:\Users\asdf\Desktop\unity\ReactiveTurnBase\My project A\Library\ScriptAssemblies\Unity.TextMeshPro.Editor.dll
Symbol file LoadedFromMemory is not a mono symbol file
Symbol file data-000001617F867240 doesn't match image C:\Users\asdf\Desktop\unity\ReactiveTurnBase\My project A\Library\ScriptAssemblies\UniTask.dll
Symbol file LoadedFromMemory is not a mono symbol file
Symbol file data-00000161A14948A0 doesn't match image C:\Users\asdf\Desktop\unity\ReactiveTurnBase\My project A\Library\ScriptAssemblies\Unity.VisualScripting.State.dll
Symbol file LoadedFromMemory is not a mono symbol file
Symbol file data-00000161A14948A0 doesn't match image C:\Users\asdf\Desktop\unity\ReactiveTurnBase\My project A\Library\ScriptAssemblies\Unity.VSCode.Editor.dll
Symbol file LoadedFromMemory is not a mono symbol file
- Loaded All Assemblies, in  0.462 seconds
Native extension for WindowsStandalone target not found
Native extension for Android target not found
Mono: successfully reloaded assembly
- Finished resetting the current domain, in  0.942 seconds
Domain Reload Profiling: 1402ms
	BeginReloadAssembly (140ms)
		ExecutionOrderSort (0ms)
		DisableScriptedObjects (7ms)
		BackupInstance (0ms)
		ReleaseScriptingObjects (0ms)
		CreateAndSetChildDomain (33ms)
	RebuildCommonClasses (28ms)
	RebuildNativeTypeToScriptingClass (8ms)
	initialDomainReloadingComplete (27ms)
	LoadAllAssembliesAndSetupDomain (256ms)
		LoadAssemblies (293ms)
		RebuildTransferFunctionScriptingTraits (0ms)
		AnalyzeDomain (33ms)
			TypeCache.Refresh (11ms)
				TypeCache.ScanAssembly (3ms)
			ScanForSourceGeneratedMonoScriptInfo (12ms)
			ResolveRequiredComponents (8ms)
	FinalizeReload (942ms)
		ReleaseScriptCaches (0ms)
		RebuildScriptCaches (0ms)
		SetupLoadedEditorAssemblies (497ms)
			LogAssemblyErrors (0ms)
			InitializePlatformSupportModulesInManaged (17ms)
			SetLoadedEditorAssemblies (4ms)
			RefreshPlugins (0ms)
			BeforeProcessingInitializeOnLoad (87ms)
			ProcessInitializeOnLoadAttributes (353ms)
			ProcessInitializeOnLoadMethodAttributes (30ms)
			AfterProcessingInitializeOnLoad (6ms)
			EditorAssembliesLoaded (0ms)
		ExecutionOrderSort2 (0ms)
		AwakeInstancesAfterBackupRestoration (6ms)
Refreshing native plugins compatible for Editor in 4.38 ms, found 3 plugins.
Preloading 0 native plugins for Editor in 0.00 ms.
Unloading 3941 Unused Serialized files (Serialized files now loaded: 0)
Unloading 22 unused Assets / (32.8 KB). Loaded Objects now: 4668.
Memory consumption went from 226.1 MB to 226.1 MB.
Total: 3.158500 ms (FindLiveObjects: 0.286000 ms CreateObjectMapping: 0.204900 ms MarkObjects: 2.617200 ms  DeleteObjects: 0.049600 ms)

Prepare: number of updated asset objects reloaded= 0
AssetImportParameters requested are different than current active one (requested -> active):
  custom:container-demuxer-ogg: 62fdf1f143b41e24485cea50d1cbac27 -> 
  custom:scripting/monoscript/fileName/GroggyBar.cs: 100a61dadfc5e32941fd0f737636facf -> 
  custom:video-decoder-ogg-theora: a1e56fd34408186e4bbccfd4996cb3dc -> 
  custom:framework-win-MediaFoundation: 216162199b28c13a410421893ffa2e32 -> 
  custom:CustomObjectIndexerAttribute: 9a22284fe3817be447336de3de66b15e -> 
  custom:container-demuxer-webm: 4f35f7cbe854078d1ac9338744f61a02 -> 
  custom:container-muxer-webm: aa71ff27fc2769a1b78a27578f13a17b -> 
  custom:video-decoder-webm-vp8: 9c59270c3fd7afecdb556c50c9e8de78 -> 
  custom:SearchIndexIgnoredProperties: e643bd26f0fe6173181afceb89e7c659 -> 
  custom:AudioImporter_EditorPlatform: d09bf68614088b80899f8185d706f6e7 -> 
  custom:video-encoder-webm-vp8: eb34c28f22e8b96e1ab97ce403110664 -> 
  custom:scripting/monoscript/fileName/GroggyBarFollower.cs: 819d994350b9b9cabf3c84cf4da82ff6 -> 
  custom:audio-decoder-ogg-vorbis: bf7c407c2cedff20999df2af8eb42d56 -> 
  custom:audio-encoder-webm-vorbis: bf7c407c2cedff20999df2af8eb42d56 -> 
  custom:scripting/precompiled-assembly-types:Assembly-CSharp: b46ac83b1ac601f3cf7a79e40a0cc39b -> 1476765af81e86739e20042d8f5f0532
========================================================================
Received Prepare
Caller must complete domain reload
Begin MonoManager ReloadAssembly
Symbol file data-00000161A2DC2570 doesn't match image C:\Users\asdf\Desktop\unity\ReactiveTurnBase\My project A\Library\ScriptAssemblies\Unity.EditorCoroutines.Editor.dll
Symbol file LoadedFromMemory is not a mono symbol file
Symbol file data-00000161ACFE8040 doesn't match image C:\Users\asdf\Desktop\unity\ReactiveTurnBase\My project A\Library\ScriptAssemblies\UniTask.TextMeshPro.dll
Symbol file LoadedFromMemory is not a mono symbol file
Symbol file data-00000161A127F020 doesn't match image C:\Users\asdf\Desktop\unity\ReactiveTurnBase\My project A\Library\ScriptAssemblies\Unity.Timeline.Editor.dll
Symbol file LoadedFromMemory is not a mono symbol file
Symbol file data-00000161ACFE8040 doesn't match image C:\Users\asdf\Desktop\unity\ReactiveTurnBase\My project A\Library\ScriptAssemblies\Unity.VisualScripting.Shared.Editor.dll
Symbol file LoadedFromMemory is not a mono symbol file
Symbol file data-00000161ACC15010 doesn't match image C:\Users\asdf\Desktop\unity\ReactiveTurnBase\My project A\Library\ScriptAssemblies\UniTask.DOTween.dll
Symbol file LoadedFromMemory is not a mono symbol file
Symbol file data-00000161ACC15010 doesn't match image C:\Users\asdf\Desktop\unity\ReactiveTurnBase\My project A\Library\ScriptAssemblies\UniTask.Addressables.dll
Symbol file LoadedFromMemory is not a mono symbol file
Symbol file data-000001617F4FAAE0 doesn't match image C:\Users\asdf\Desktop\unity\ReactiveTurnBase\My project A\Library\ScriptAssemblies\UnityEditor.UI.dll
Symbol file LoadedFromMemory is not a mono symbol file
Symbol file data-00000161ABC42010 doesn't match image C:\Users\asdf\Desktop\unity\ReactiveTurnBase\My project A\Library\ScriptAssemblies\Unity.VisualScripting.Core.dll
Symbol file LoadedFromMemory is not a mono symbol file
Symbol file data-000001617FBD3030 doesn't match image C:\Users\asdf\Desktop\unity\ReactiveTurnBase\My project A\Library\ScriptAssemblies\UnityEngine.UI.dll
Symbol file LoadedFromMemory is not a mono symbol file
Symbol file data-00000161ACFE8040 doesn't match image C:\Users\asdf\Desktop\unity\ReactiveTurnBase\My project A\Library\ScriptAssemblies\UniTask.Editor.dll
Symbol file LoadedFromMemory is not a mono symbol file
Symbol file data-00000161A1869020 doesn't match image C:\Users\asdf\Desktop\unity\ReactiveTurnBase\My project A\Library\ScriptAssemblies\Unity.VisualScripting.Core.Editor.dll
Symbol file LoadedFromMemory is not a mono symbol file
Symbol file data-000001617F867240 doesn't match image C:\Users\asdf\Desktop\unity\ReactiveTurnBase\My project A\Library\ScriptAssemblies\UniTask.Linq.dll
Symbol file LoadedFromMemory is not a mono symbol file
Symbol file data-000001617F2E4020 doesn't match image C:\Users\asdf\Desktop\unity\ReactiveTurnBase\My project A\Library\ScriptAssemblies\Unity.VisualScripting.Flow.dll
Symbol file LoadedFromMemory is not a mono symbol file
Symbol file data-000001617F9C3010 doesn't match image C:\Users\asdf\Desktop\unity\ReactiveTurnBase\My project A\Library\ScriptAssemblies\Unity.VisualScripting.Flow.Editor.dll
Symbol file LoadedFromMemory is not a mono symbol file
Symbol file data-000001617F366010 doesn't match image C:\Users\asdf\Desktop\unity\ReactiveTurnBase\My project A\Library\ScriptAssemblies\Unity.Timeline.dll
Symbol file LoadedFromMemory is not a mono symbol file
Symbol file data-000001620FDFD010 doesn't match image C:\Users\asdf\Desktop\unity\ReactiveTurnBase\My project A\Library\ScriptAssemblies\Unity.InputSystem.dll
Symbol file LoadedFromMemory is not a mono symbol file
Symbol file data-00000161A2DC2570 doesn't match image C:\Users\asdf\Desktop\unity\ReactiveTurnBase\My project A\Library\ScriptAssemblies\Unity.InputSystem.ForUI.dll
Symbol file LoadedFromMemory is not a mono symbol file
Symbol file data-00000161ADD601D0 doesn't match image C:\Users\asdf\Desktop\unity\ReactiveTurnBase\My project A\Library\ScriptAssemblies\Unity.TestTools.CodeCoverage.Editor.OpenCover.Mono.Reflection.dll
Symbol file LoadedFromMemory is not a mono symbol file
Symbol file data-00000161ADD601D0 doesn't match image C:\Users\asdf\Desktop\unity\ReactiveTurnBase\My project A\Library\ScriptAssemblies\Unity.VisualScripting.SettingsProvider.Editor.dll
Symbol file LoadedFromMemory is not a mono symbol file
Symbol file data-00000161A1CFC020 doesn't match image C:\Users\asdf\Desktop\unity\ReactiveTurnBase\My project A\Library\ScriptAssemblies\Unity.Performance.Profile-Analyzer.Editor.dll
Symbol file LoadedFromMemory is not a mono symbol file
Symbol file data-00000161A2600090 doesn't match image C:\Users\asdf\Desktop\unity\ReactiveTurnBase\My project A\Library\ScriptAssemblies\Unity.TestTools.CodeCoverage.Editor.dll
Symbol file LoadedFromMemory is not a mono symbol file
Symbol file data-00000161A14948A0 doesn't match image C:\Users\asdf\Desktop\unity\ReactiveTurnBase\My project A\Library\ScriptAssemblies\Unity.TestTools.CodeCoverage.Editor.OpenCover.Model.dll
Symbol file LoadedFromMemory is not a mono symbol file
Symbol file data-000001617F4FAAE0 doesn't match image C:\Users\asdf\Desktop\unity\ReactiveTurnBase\My project A\Library\ScriptAssemblies\Unity.VisualScripting.State.Editor.dll
Symbol file LoadedFromMemory is not a mono symbol file
Symbol file data-000001617F8AE450 doesn't match image C:\Users\asdf\Desktop\unity\ReactiveTurnBase\My project A\Library\ScriptAssemblies\Unity.Settings.Editor.dll
Symbol file LoadedFromMemory is not a mono symbol file
Symbol file data-00000161ACFE8040 doesn't match image C:\Users\asdf\Desktop\unity\ReactiveTurnBase\My project A\Library\ScriptAssemblies\Unity.CollabProxy.Editor.dll
Symbol file LoadedFromMemory is not a mono symbol file
Symbol file data-000001617F2E4020 doesn't match image C:\Users\asdf\Desktop\unity\ReactiveTurnBase\My project A\Library\ScriptAssemblies\Unity.TextMeshPro.dll
Symbol file LoadedFromMemory is not a mono symbol file
Symbol file data-00000161AC250080 doesn't match image C:\Users\asdf\Desktop\unity\ReactiveTurnBase\My project A\Library\ScriptAssemblies\Unity.TextMeshPro.Editor.dll
Symbol file LoadedFromMemory is not a mono symbol file
Symbol file data-00000161ADF0D020 doesn't match image C:\Users\asdf\Desktop\unity\ReactiveTurnBase\My project A\Library\ScriptAssemblies\UniTask.dll
Symbol file LoadedFromMemory is not a mono symbol file
Symbol file data-00000161A14948A0 doesn't match image C:\Users\asdf\Desktop\unity\ReactiveTurnBase\My project A\Library\ScriptAssemblies\Unity.VisualScripting.State.dll
Symbol file LoadedFromMemory is not a mono symbol file
Symbol file data-00000161A14948A0 doesn't match image C:\Users\asdf\Desktop\unity\ReactiveTurnBase\My project A\Library\ScriptAssemblies\Unity.VSCode.Editor.dll
Symbol file LoadedFromMemory is not a mono symbol file
- Loaded All Assemblies, in  0.435 seconds
Native extension for WindowsStandalone target not found
Native extension for Android target not found
Mono: successfully reloaded assembly
- Finished resetting the current domain, in  1.082 seconds
Domain Reload Profiling: 1514ms
	BeginReloadAssembly (136ms)
		ExecutionOrderSort (0ms)
		DisableScriptedObjects (6ms)
		BackupInstance (0ms)
		ReleaseScriptingObjects (0ms)
		CreateAndSetChildDomain (30ms)
	RebuildCommonClasses (35ms)
	RebuildNativeTypeToScriptingClass (8ms)
	initialDomainReloadingComplete (27ms)
	LoadAllAssembliesAndSetupDomain (226ms)
		LoadAssemblies (282ms)
		RebuildTransferFunctionScriptingTraits (0ms)
		AnalyzeDomain (15ms)
			TypeCache.Refresh (5ms)
				TypeCache.ScanAssembly (0ms)
			ScanForSourceGeneratedMonoScriptInfo (0ms)
			ResolveRequiredComponents (7ms)
	FinalizeReload (1082ms)
		ReleaseScriptCaches (0ms)
		RebuildScriptCaches (0ms)
		SetupLoadedEditorAssemblies (611ms)
			LogAssemblyErrors (0ms)
			InitializePlatformSupportModulesInManaged (17ms)
			SetLoadedEditorAssemblies (4ms)
			RefreshPlugins (0ms)
			BeforeProcessingInitializeOnLoad (99ms)
			ProcessInitializeOnLoadAttributes (443ms)
			ProcessInitializeOnLoadMethodAttributes (39ms)
			AfterProcessingInitializeOnLoad (9ms)
			EditorAssembliesLoaded (0ms)
		ExecutionOrderSort2 (0ms)
		AwakeInstancesAfterBackupRestoration (7ms)
Refreshing native plugins compatible for Editor in 5.44 ms, found 3 plugins.
Preloading 0 native plugins for Editor in 0.00 ms.
Unloading 3941 Unused Serialized files (Serialized files now loaded: 0)
Unloading 22 unused Assets / (32.7 KB). Loaded Objects now: 4671.
Memory consumption went from 226.1 MB to 226.1 MB.
Total: 4.282600 ms (FindLiveObjects: 0.320000 ms CreateObjectMapping: 0.269400 ms MarkObjects: 3.549600 ms  DeleteObjects: 0.142800 ms)

Prepare: number of updated asset objects reloaded= 0
AssetImportParameters requested are different than current active one (requested -> active):
  custom:container-demuxer-ogg: 62fdf1f143b41e24485cea50d1cbac27 -> 
  custom:scripting/monoscript/fileName/GroggyBar.cs: 100a61dadfc5e32941fd0f737636facf -> 
  custom:video-decoder-ogg-theora: a1e56fd34408186e4bbccfd4996cb3dc -> 
  custom:framework-win-MediaFoundation: 216162199b28c13a410421893ffa2e32 -> 
  custom:CustomObjectIndexerAttribute: 9a22284fe3817be447336de3de66b15e -> 
  custom:container-demuxer-webm: 4f35f7cbe854078d1ac9338744f61a02 -> 
  custom:container-muxer-webm: aa71ff27fc2769a1b78a27578f13a17b -> 
  custom:video-decoder-webm-vp8: 9c59270c3fd7afecdb556c50c9e8de78 -> 
  custom:SearchIndexIgnoredProperties: e643bd26f0fe6173181afceb89e7c659 -> 
  custom:AudioImporter_EditorPlatform: d09bf68614088b80899f8185d706f6e7 -> 
  custom:video-encoder-webm-vp8: eb34c28f22e8b96e1ab97ce403110664 -> 
  custom:scripting/monoscript/fileName/GroggyBarFollower.cs: 819d994350b9b9cabf3c84cf4da82ff6 -> 
  custom:audio-decoder-ogg-vorbis: bf7c407c2cedff20999df2af8eb42d56 -> 
  custom:audio-encoder-webm-vorbis: bf7c407c2cedff20999df2af8eb42d56 -> 
  custom:scripting/precompiled-assembly-types:Assembly-CSharp: b46ac83b1ac601f3cf7a79e40a0cc39b -> 1476765af81e86739e20042d8f5f0532
========================================================================
Received Prepare
Caller must complete domain reload
Begin MonoManager ReloadAssembly
Symbol file data-00000161A2DC2570 doesn't match image C:\Users\asdf\Desktop\unity\ReactiveTurnBase\My project A\Library\ScriptAssemblies\Unity.EditorCoroutines.Editor.dll
Symbol file LoadedFromMemory is not a mono symbol file
Symbol file data-00000161A2AD8010 doesn't match image C:\Users\asdf\Desktop\unity\ReactiveTurnBase\My project A\Library\ScriptAssemblies\UniTask.TextMeshPro.dll
Symbol file LoadedFromMemory is not a mono symbol file
Symbol file data-00000161A127F020 doesn't match image C:\Users\asdf\Desktop\unity\ReactiveTurnBase\My project A\Library\ScriptAssemblies\Unity.Timeline.Editor.dll
Symbol file LoadedFromMemory is not a mono symbol file
Symbol file data-00000161A2AD8010 doesn't match image C:\Users\asdf\Desktop\unity\ReactiveTurnBase\My project A\Library\ScriptAssemblies\Unity.VisualScripting.Shared.Editor.dll
Symbol file LoadedFromMemory is not a mono symbol file
Symbol file data-00000161A2AD8010 doesn't match image C:\Users\asdf\Desktop\unity\ReactiveTurnBase\My project A\Library\ScriptAssemblies\UniTask.DOTween.dll
Symbol file LoadedFromMemory is not a mono symbol file
Symbol file data-00000161A2AD8010 doesn't match image C:\Users\asdf\Desktop\unity\ReactiveTurnBase\My project A\Library\ScriptAssemblies\UniTask.Addressables.dll
Symbol file LoadedFromMemory is not a mono symbol file
Symbol file data-000001617F4FAAE0 doesn't match image C:\Users\asdf\Desktop\unity\ReactiveTurnBase\My project A\Library\ScriptAssemblies\UnityEditor.UI.dll
Symbol file LoadedFromMemory is not a mono symbol file
Symbol file data-00000161ABC42010 doesn't match image C:\Users\asdf\Desktop\unity\ReactiveTurnBase\My project A\Library\ScriptAssemblies\Unity.VisualScripting.Core.dll
Symbol file LoadedFromMemory is not a mono symbol file
Symbol file data-00000161A15A6020 doesn't match image C:\Users\asdf\Desktop\unity\ReactiveTurnBase\My project A\Library\ScriptAssemblies\UnityEngine.UI.dll
Symbol file LoadedFromMemory is not a mono symbol file
Symbol file data-000001617F45D020 doesn't match image C:\Users\asdf\Desktop\unity\ReactiveTurnBase\My project A\Library\ScriptAssemblies\UniTask.Editor.dll
Symbol file LoadedFromMemory is not a mono symbol file
Symbol file data-00000161A1869020 doesn't match image C:\Users\asdf\Desktop\unity\ReactiveTurnBase\My project A\Library\ScriptAssemblies\Unity.VisualScripting.Core.Editor.dll
Symbol file LoadedFromMemory is not a mono symbol file
Symbol file data-000001617F867240 doesn't match image C:\Users\asdf\Desktop\unity\ReactiveTurnBase\My project A\Library\ScriptAssemblies\UniTask.Linq.dll
Symbol file LoadedFromMemory is not a mono symbol file
Symbol file data-00000161A1B7B030 doesn't match image C:\Users\asdf\Desktop\unity\ReactiveTurnBase\My project A\Library\ScriptAssemblies\Unity.VisualScripting.Flow.dll
Symbol file LoadedFromMemory is not a mono symbol file
Symbol file data-000001617F9C3010 doesn't match image C:\Users\asdf\Desktop\unity\ReactiveTurnBase\My project A\Library\ScriptAssemblies\Unity.VisualScripting.Flow.Editor.dll
Symbol file LoadedFromMemory is not a mono symbol file
Symbol file data-00000161A1F70010 doesn't match image C:\Users\asdf\Desktop\unity\ReactiveTurnBase\My project A\Library\ScriptAssemblies\Unity.Timeline.dll
Symbol file LoadedFromMemory is not a mono symbol file
Symbol file data-00000162100AB060 doesn't match image C:\Users\asdf\Desktop\unity\ReactiveTurnBase\My project A\Library\ScriptAssemblies\Unity.InputSystem.dll
Symbol file LoadedFromMemory is not a mono symbol file
Symbol file data-000001620FCCFC40 doesn't match image C:\Users\asdf\Desktop\unity\ReactiveTurnBase\My project A\Library\ScriptAssemblies\Unity.InputSystem.ForUI.dll
Symbol file LoadedFromMemory is not a mono symbol file
Symbol file data-000001617F45D020 doesn't match image C:\Users\asdf\Desktop\unity\ReactiveTurnBase\My project A\Library\ScriptAssemblies\Unity.TestTools.CodeCoverage.Editor.OpenCover.Mono.Reflection.dll
Symbol file LoadedFromMemory is not a mono symbol file
Symbol file data-000001617F45D020 doesn't match image C:\Users\asdf\Desktop\unity\ReactiveTurnBase\My project A\Library\ScriptAssemblies\Unity.VisualScripting.SettingsProvider.Editor.dll
Symbol file LoadedFromMemory is not a mono symbol file
Symbol file data-00000161AB96E030 doesn't match image C:\Users\asdf\Desktop\unity\ReactiveTurnBase\My project A\Library\ScriptAssemblies\Unity.Performance.Profile-Analyzer.Editor.dll
Symbol file LoadedFromMemory is not a mono symbol file
Symbol file data-00000161AC336030 doesn't match image C:\Users\asdf\Desktop\unity\ReactiveTurnBase\My project A\Library\ScriptAssemblies\Unity.TestTools.CodeCoverage.Editor.dll
Symbol file LoadedFromMemory is not a mono symbol file
Symbol file data-000001617F85F510 doesn't match image C:\Users\asdf\Desktop\unity\ReactiveTurnBase\My project A\Library\ScriptAssemblies\Unity.TestTools.CodeCoverage.Editor.OpenCover.Model.dll
Symbol file LoadedFromMemory is not a mono symbol file
Symbol file data-000001617F4FAAE0 doesn't match image C:\Users\asdf\Desktop\unity\ReactiveTurnBase\My project A\Library\ScriptAssemblies\Unity.VisualScripting.State.Editor.dll
Symbol file LoadedFromMemory is not a mono symbol file
Symbol file data-00000161AC26F470 doesn't match image C:\Users\asdf\Desktop\unity\ReactiveTurnBase\My project A\Library\ScriptAssemblies\Unity.Settings.Editor.dll
Symbol file LoadedFromMemory is not a mono symbol file
Symbol file data-000001617F85F510 doesn't match image C:\Users\asdf\Desktop\unity\ReactiveTurnBase\My project A\Library\ScriptAssemblies\Unity.CollabProxy.Editor.dll
Symbol file LoadedFromMemory is not a mono symbol file
Symbol file data-00000161A1B7B030 doesn't match image C:\Users\asdf\Desktop\unity\ReactiveTurnBase\My project A\Library\ScriptAssemblies\Unity.TextMeshPro.dll
Symbol file LoadedFromMemory is not a mono symbol file
Symbol file data-00000161AB297020 doesn't match image C:\Users\asdf\Desktop\unity\ReactiveTurnBase\My project A\Library\ScriptAssemblies\Unity.TextMeshPro.Editor.dll
Symbol file LoadedFromMemory is not a mono symbol file
Symbol file data-00000161AE1A4030 doesn't match image C:\Users\asdf\Desktop\unity\ReactiveTurnBase\My project A\Library\ScriptAssemblies\UniTask.dll
Symbol file LoadedFromMemory is not a mono symbol file
Symbol file data-000001617F85F510 doesn't match image C:\Users\asdf\Desktop\unity\ReactiveTurnBase\My project A\Library\ScriptAssemblies\Unity.VisualScripting.State.dll
Symbol file LoadedFromMemory is not a mono symbol file
Symbol file data-00000161A14948A0 doesn't match image C:\Users\asdf\Desktop\unity\ReactiveTurnBase\My project A\Library\ScriptAssemblies\Unity.VSCode.Editor.dll
Symbol file LoadedFromMemory is not a mono symbol file
- Loaded All Assemblies, in  0.435 seconds
Native extension for WindowsStandalone target not found
Native extension for Android target not found
Mono: successfully reloaded assembly
- Finished resetting the current domain, in  1.131 seconds
Domain Reload Profiling: 1564ms
	BeginReloadAssembly (134ms)
		ExecutionOrderSort (0ms)
		DisableScriptedObjects (7ms)
		BackupInstance (0ms)
		ReleaseScriptingObjects (0ms)
		CreateAndSetChildDomain (30ms)
	RebuildCommonClasses (27ms)
	RebuildNativeTypeToScriptingClass (8ms)
	initialDomainReloadingComplete (32ms)
	LoadAllAssembliesAndSetupDomain (232ms)
		LoadAssemblies (286ms)
		RebuildTransferFunctionScriptingTraits (0ms)
		AnalyzeDomain (14ms)
			TypeCache.Refresh (6ms)
				TypeCache.ScanAssembly (0ms)
			ScanForSourceGeneratedMonoScriptInfo (0ms)
			ResolveRequiredComponents (6ms)
	FinalizeReload (1132ms)
		ReleaseScriptCaches (0ms)
		RebuildScriptCaches (0ms)
		SetupLoadedEditorAssemblies (614ms)
			LogAssemblyErrors (0ms)
			InitializePlatformSupportModulesInManaged (21ms)
			SetLoadedEditorAssemblies (4ms)
			RefreshPlugins (0ms)
			BeforeProcessingInitializeOnLoad (115ms)
			ProcessInitializeOnLoadAttributes (430ms)
			ProcessInitializeOnLoadMethodAttributes (37ms)
			AfterProcessingInitializeOnLoad (7ms)
			EditorAssembliesLoaded (0ms)
		ExecutionOrderSort2 (0ms)
		AwakeInstancesAfterBackupRestoration (8ms)
Refreshing native plugins compatible for Editor in 5.57 ms, found 3 plugins.
Preloading 0 native plugins for Editor in 0.00 ms.
Unloading 3941 Unused Serialized files (Serialized files now loaded: 0)
Unloading 22 unused Assets / (32.8 KB). Loaded Objects now: 4674.
Memory consumption went from 226.1 MB to 226.1 MB.
Total: 3.314100 ms (FindLiveObjects: 0.300200 ms CreateObjectMapping: 0.226600 ms MarkObjects: 2.736700 ms  DeleteObjects: 0.049700 ms)

Prepare: number of updated asset objects reloaded= 0
AssetImportParameters requested are different than current active one (requested -> active):
  custom:container-demuxer-ogg: 62fdf1f143b41e24485cea50d1cbac27 -> 
  custom:scripting/monoscript/fileName/GroggyBar.cs: 100a61dadfc5e32941fd0f737636facf -> 
  custom:video-decoder-ogg-theora: a1e56fd34408186e4bbccfd4996cb3dc -> 
  custom:framework-win-MediaFoundation: 216162199b28c13a410421893ffa2e32 -> 
  custom:CustomObjectIndexerAttribute: 9a22284fe3817be447336de3de66b15e -> 
  custom:container-demuxer-webm: 4f35f7cbe854078d1ac9338744f61a02 -> 
  custom:container-muxer-webm: aa71ff27fc2769a1b78a27578f13a17b -> 
  custom:video-decoder-webm-vp8: 9c59270c3fd7afecdb556c50c9e8de78 -> 
  custom:SearchIndexIgnoredProperties: e643bd26f0fe6173181afceb89e7c659 -> 
  custom:AudioImporter_EditorPlatform: d09bf68614088b80899f8185d706f6e7 -> 
  custom:video-encoder-webm-vp8: eb34c28f22e8b96e1ab97ce403110664 -> 
  custom:scripting/monoscript/fileName/GroggyBarFollower.cs: 819d994350b9b9cabf3c84cf4da82ff6 -> 
  custom:audio-decoder-ogg-vorbis: bf7c407c2cedff20999df2af8eb42d56 -> 
  custom:audio-encoder-webm-vorbis: bf7c407c2cedff20999df2af8eb42d56 -> 
  custom:scripting/precompiled-assembly-types:Assembly-CSharp: b46ac83b1ac601f3cf7a79e40a0cc39b -> 1476765af81e86739e20042d8f5f0532
========================================================================
Received Prepare
Caller must complete domain reload
Begin MonoManager ReloadAssembly
Symbol file data-00000161A2DC2570 doesn't match image C:\Users\asdf\Desktop\unity\ReactiveTurnBase\My project A\Library\ScriptAssemblies\Unity.EditorCoroutines.Editor.dll
Symbol file LoadedFromMemory is not a mono symbol file
Symbol file data-00000161A2AD8010 doesn't match image C:\Users\asdf\Desktop\unity\ReactiveTurnBase\My project A\Library\ScriptAssemblies\UniTask.TextMeshPro.dll
Symbol file LoadedFromMemory is not a mono symbol file
Symbol file data-00000161A127F020 doesn't match image C:\Users\asdf\Desktop\unity\ReactiveTurnBase\My project A\Library\ScriptAssemblies\Unity.Timeline.Editor.dll
Symbol file LoadedFromMemory is not a mono symbol file
Symbol file data-00000161A2AD8010 doesn't match image C:\Users\asdf\Desktop\unity\ReactiveTurnBase\My project A\Library\ScriptAssemblies\Unity.VisualScripting.Shared.Editor.dll
Symbol file LoadedFromMemory is not a mono symbol file
Symbol file data-00000161A2DC2570 doesn't match image C:\Users\asdf\Desktop\unity\ReactiveTurnBase\My project A\Library\ScriptAssemblies\UniTask.DOTween.dll
Symbol file LoadedFromMemory is not a mono symbol file
Symbol file data-00000161A2DC2570 doesn't match image C:\Users\asdf\Desktop\unity\ReactiveTurnBase\My project A\Library\ScriptAssemblies\UniTask.Addressables.dll
Symbol file LoadedFromMemory is not a mono symbol file
Symbol file data-000001617F4FAAE0 doesn't match image C:\Users\asdf\Desktop\unity\ReactiveTurnBase\My project A\Library\ScriptAssemblies\UnityEditor.UI.dll
Symbol file LoadedFromMemory is not a mono symbol file
Symbol file data-00000161A2781020 doesn't match image C:\Users\asdf\Desktop\unity\ReactiveTurnBase\My project A\Library\ScriptAssemblies\Unity.VisualScripting.Core.dll
Symbol file LoadedFromMemory is not a mono symbol file
Symbol file data-00000161A15A6020 doesn't match image C:\Users\asdf\Desktop\unity\ReactiveTurnBase\My project A\Library\ScriptAssemblies\UnityEngine.UI.dll
Symbol file LoadedFromMemory is not a mono symbol file
Symbol file data-00000161A2AD8010 doesn't match image C:\Users\asdf\Desktop\unity\ReactiveTurnBase\My project A\Library\ScriptAssemblies\UniTask.Editor.dll
Symbol file LoadedFromMemory is not a mono symbol file
Symbol file data-00000161A1869020 doesn't match image C:\Users\asdf\Desktop\unity\ReactiveTurnBase\My project A\Library\ScriptAssemblies\Unity.VisualScripting.Core.Editor.dll
Symbol file LoadedFromMemory is not a mono symbol file
Symbol file data-000001617F867240 doesn't match image C:\Users\asdf\Desktop\unity\ReactiveTurnBase\My project A\Library\ScriptAssemblies\UniTask.Linq.dll
Symbol file LoadedFromMemory is not a mono symbol file
Symbol file data-00000161A1B7B030 doesn't match image C:\Users\asdf\Desktop\unity\ReactiveTurnBase\My project A\Library\ScriptAssemblies\Unity.VisualScripting.Flow.dll
Symbol file LoadedFromMemory is not a mono symbol file
Symbol file data-000001620FE81020 doesn't match image C:\Users\asdf\Desktop\unity\ReactiveTurnBase\My project A\Library\ScriptAssemblies\Unity.VisualScripting.Flow.Editor.dll
Symbol file LoadedFromMemory is not a mono symbol file
Symbol file data-000001617F646010 doesn't match image C:\Users\asdf\Desktop\unity\ReactiveTurnBase\My project A\Library\ScriptAssemblies\Unity.Timeline.dll
Symbol file LoadedFromMemory is not a mono symbol file
Symbol file data-0000016210177F90 doesn't match image C:\Users\asdf\Desktop\unity\ReactiveTurnBase\My project A\Library\ScriptAssemblies\Unity.InputSystem.dll
Symbol file LoadedFromMemory is not a mono symbol file
Symbol file data-00000161A2AD8010 doesn't match image C:\Users\asdf\Desktop\unity\ReactiveTurnBase\My project A\Library\ScriptAssemblies\Unity.InputSystem.ForUI.dll
Symbol file LoadedFromMemory is not a mono symbol file
Symbol file data-00000161A2AD8010 doesn't match image C:\Users\asdf\Desktop\unity\ReactiveTurnBase\My project A\Library\ScriptAssemblies\Unity.TestTools.CodeCoverage.Editor.OpenCover.Mono.Reflection.dll
Symbol file LoadedFromMemory is not a mono symbol file
Symbol file data-00000161ABA5A030 doesn't match image C:\Users\asdf\Desktop\unity\ReactiveTurnBase\My project A\Library\ScriptAssemblies\Unity.VisualScripting.SettingsProvider.Editor.dll
Symbol file LoadedFromMemory is not a mono symbol file
Symbol file data-000001620F8FA020 doesn't match image C:\Users\asdf\Desktop\unity\ReactiveTurnBase\My project A\Library\ScriptAssemblies\Unity.Performance.Profile-Analyzer.Editor.dll
Symbol file LoadedFromMemory is not a mono symbol file
Symbol file data-000001617FBE3040 doesn't match image C:\Users\asdf\Desktop\unity\ReactiveTurnBase\My project A\Library\ScriptAssemblies\Unity.TestTools.CodeCoverage.Editor.dll
Symbol file LoadedFromMemory is not a mono symbol file
Symbol file data-00000161ABEEF030 doesn't match image C:\Users\asdf\Desktop\unity\ReactiveTurnBase\My project A\Library\ScriptAssemblies\Unity.TestTools.CodeCoverage.Editor.OpenCover.Model.dll
Symbol file LoadedFromMemory is not a mono symbol file
Symbol file data-000001617F4FAAE0 doesn't match image C:\Users\asdf\Desktop\unity\ReactiveTurnBase\My project A\Library\ScriptAssemblies\Unity.VisualScripting.State.Editor.dll
Symbol file LoadedFromMemory is not a mono symbol file
Symbol file data-00000161A3426AB0 doesn't match image C:\Users\asdf\Desktop\unity\ReactiveTurnBase\My project A\Library\ScriptAssemblies\Unity.Settings.Editor.dll
Symbol file LoadedFromMemory is not a mono symbol file
Symbol file data-00000161ABA5A030 doesn't match image C:\Users\asdf\Desktop\unity\ReactiveTurnBase\My project A\Library\ScriptAssemblies\Unity.CollabProxy.Editor.dll
Symbol file LoadedFromMemory is not a mono symbol file
Symbol file data-00000161A1B7B030 doesn't match image C:\Users\asdf\Desktop\unity\ReactiveTurnBase\My project A\Library\ScriptAssemblies\Unity.TextMeshPro.dll
Symbol file LoadedFromMemory is not a mono symbol file
Symbol file data-00000161AB297020 doesn't match image C:\Users\asdf\Desktop\unity\ReactiveTurnBase\My project A\Library\ScriptAssemblies\Unity.TextMeshPro.Editor.dll
Symbol file LoadedFromMemory is not a mono symbol file
Symbol file data-00000161ABC42010 doesn't match image C:\Users\asdf\Desktop\unity\ReactiveTurnBase\My project A\Library\ScriptAssemblies\UniTask.dll
Symbol file LoadedFromMemory is not a mono symbol file
Symbol file data-000001617F85F510 doesn't match image C:\Users\asdf\Desktop\unity\ReactiveTurnBase\My project A\Library\ScriptAssemblies\Unity.VisualScripting.State.dll
Symbol file LoadedFromMemory is not a mono symbol file
Symbol file data-00000161A14948A0 doesn't match image C:\Users\asdf\Desktop\unity\ReactiveTurnBase\My project A\Library\ScriptAssemblies\Unity.VSCode.Editor.dll
Symbol file LoadedFromMemory is not a mono symbol file
- Loaded All Assemblies, in  0.495 seconds
Native extension for WindowsStandalone target not found
Native extension for Android target not found
Mono: successfully reloaded assembly
- Finished resetting the current domain, in  0.940 seconds
Domain Reload Profiling: 1433ms
	BeginReloadAssembly (156ms)
		ExecutionOrderSort (0ms)
		DisableScriptedObjects (6ms)
		BackupInstance (0ms)
		ReleaseScriptingObjects (0ms)
		CreateAndSetChildDomain (34ms)
	RebuildCommonClasses (33ms)
	RebuildNativeTypeToScriptingClass (9ms)
	initialDomainReloadingComplete (28ms)
	LoadAllAssembliesAndSetupDomain (268ms)
		LoadAssemblies (311ms)
		RebuildTransferFunctionScriptingTraits (0ms)
		AnalyzeDomain (36ms)
			TypeCache.Refresh (13ms)
				TypeCache.ScanAssembly (4ms)
			ScanForSourceGeneratedMonoScriptInfo (11ms)
			ResolveRequiredComponents (9ms)
	FinalizeReload (940ms)
		ReleaseScriptCaches (0ms)
		RebuildScriptCaches (0ms)
		SetupLoadedEditorAssemblies (492ms)
			LogAssemblyErrors (0ms)
			InitializePlatformSupportModulesInManaged (17ms)
			SetLoadedEditorAssemblies (4ms)
			RefreshPlugins (0ms)
			BeforeProcessingInitializeOnLoad (89ms)
			ProcessInitializeOnLoadAttributes (346ms)
			ProcessInitializeOnLoadMethodAttributes (31ms)
			AfterProcessingInitializeOnLoad (6ms)
			EditorAssembliesLoaded (0ms)
		ExecutionOrderSort2 (0ms)
		AwakeInstancesAfterBackupRestoration (5ms)
Refreshing native plugins compatible for Editor in 4.00 ms, found 3 plugins.
Preloading 0 native plugins for Editor in 0.00 ms.
Unloading 3941 Unused Serialized files (Serialized files now loaded: 0)
Unloading 22 unused Assets / (32.8 KB). Loaded Objects now: 4677.
Memory consumption went from 226.1 MB to 226.1 MB.
Total: 3.105100 ms (FindLiveObjects: 0.273300 ms CreateObjectMapping: 0.105800 ms MarkObjects: 2.676400 ms  DeleteObjects: 0.048900 ms)

Prepare: number of updated asset objects reloaded= 0
AssetImportParameters requested are different than current active one (requested -> active):
  custom:container-demuxer-ogg: 62fdf1f143b41e24485cea50d1cbac27 -> 
  custom:scripting/monoscript/fileName/GroggyBar.cs: 100a61dadfc5e32941fd0f737636facf -> 
  custom:video-decoder-ogg-theora: a1e56fd34408186e4bbccfd4996cb3dc -> 
  custom:framework-win-MediaFoundation: 216162199b28c13a410421893ffa2e32 -> 
  custom:CustomObjectIndexerAttribute: 9a22284fe3817be447336de3de66b15e -> 
  custom:container-demuxer-webm: 4f35f7cbe854078d1ac9338744f61a02 -> 
  custom:container-muxer-webm: aa71ff27fc2769a1b78a27578f13a17b -> 
  custom:video-decoder-webm-vp8: 9c59270c3fd7afecdb556c50c9e8de78 -> 
  custom:SearchIndexIgnoredProperties: e643bd26f0fe6173181afceb89e7c659 -> 
  custom:AudioImporter_EditorPlatform: d09bf68614088b80899f8185d706f6e7 -> 
  custom:video-encoder-webm-vp8: eb34c28f22e8b96e1ab97ce403110664 -> 
  custom:scripting/monoscript/fileName/GroggyBarFollower.cs: 819d994350b9b9cabf3c84cf4da82ff6 -> 
  custom:audio-decoder-ogg-vorbis: bf7c407c2cedff20999df2af8eb42d56 -> 
  custom:audio-encoder-webm-vorbis: bf7c407c2cedff20999df2af8eb42d56 -> 
  custom:scripting/precompiled-assembly-types:Assembly-CSharp: b46ac83b1ac601f3cf7a79e40a0cc39b -> 1476765af81e86739e20042d8f5f0532
========================================================================
Received Prepare
Caller must complete domain reload
Begin MonoManager ReloadAssembly
Symbol file data-000001620FEABAB0 doesn't match image C:\Users\asdf\Desktop\unity\ReactiveTurnBase\My project A\Library\ScriptAssemblies\Unity.EditorCoroutines.Editor.dll
Symbol file LoadedFromMemory is not a mono symbol file
Symbol file data-00000161A2AD8010 doesn't match image C:\Users\asdf\Desktop\unity\ReactiveTurnBase\My project A\Library\ScriptAssemblies\UniTask.TextMeshPro.dll
Symbol file LoadedFromMemory is not a mono symbol file
Symbol file data-00000161A127F020 doesn't match image C:\Users\asdf\Desktop\unity\ReactiveTurnBase\My project A\Library\ScriptAssemblies\Unity.Timeline.Editor.dll
Symbol file LoadedFromMemory is not a mono symbol file
Symbol file data-00000161A2AD8010 doesn't match image C:\Users\asdf\Desktop\unity\ReactiveTurnBase\My project A\Library\ScriptAssemblies\Unity.VisualScripting.Shared.Editor.dll
Symbol file LoadedFromMemory is not a mono symbol file
Symbol file data-0000016138A76950 doesn't match image C:\Users\asdf\Desktop\unity\ReactiveTurnBase\My project A\Library\ScriptAssemblies\UniTask.DOTween.dll
Symbol file LoadedFromMemory is not a mono symbol file
Symbol file data-0000016138A76950 doesn't match image C:\Users\asdf\Desktop\unity\ReactiveTurnBase\My project A\Library\ScriptAssemblies\UniTask.Addressables.dll
Symbol file LoadedFromMemory is not a mono symbol file
Symbol file data-000001617F4FAAE0 doesn't match image C:\Users\asdf\Desktop\unity\ReactiveTurnBase\My project A\Library\ScriptAssemblies\UnityEditor.UI.dll
Symbol file LoadedFromMemory is not a mono symbol file
Symbol file data-00000161ABC42010 doesn't match image C:\Users\asdf\Desktop\unity\ReactiveTurnBase\My project A\Library\ScriptAssemblies\Unity.VisualScripting.Core.dll
Symbol file LoadedFromMemory is not a mono symbol file
Symbol file data-000001620FFC1010 doesn't match image C:\Users\asdf\Desktop\unity\ReactiveTurnBase\My project A\Library\ScriptAssemblies\UnityEngine.UI.dll
Symbol file LoadedFromMemory is not a mono symbol file
Symbol file data-00000161A2AD8010 doesn't match image C:\Users\asdf\Desktop\unity\ReactiveTurnBase\My project A\Library\ScriptAssemblies\UniTask.Editor.dll
Symbol file LoadedFromMemory is not a mono symbol file
Symbol file data-00000161A1869020 doesn't match image C:\Users\asdf\Desktop\unity\ReactiveTurnBase\My project A\Library\ScriptAssemblies\Unity.VisualScripting.Core.Editor.dll
Symbol file LoadedFromMemory is not a mono symbol file
Symbol file data-0000016210171010 doesn't match image C:\Users\asdf\Desktop\unity\ReactiveTurnBase\My project A\Library\ScriptAssemblies\UniTask.Linq.dll
Symbol file LoadedFromMemory is not a mono symbol file
Symbol file data-00000161A1B7B030 doesn't match image C:\Users\asdf\Desktop\unity\ReactiveTurnBase\My project A\Library\ScriptAssemblies\Unity.VisualScripting.Flow.dll
Symbol file LoadedFromMemory is not a mono symbol file
Symbol file data-000001620FF59020 doesn't match image C:\Users\asdf\Desktop\unity\ReactiveTurnBase\My project A\Library\ScriptAssemblies\Unity.VisualScripting.Flow.Editor.dll
Symbol file LoadedFromMemory is not a mono symbol file
Symbol file data-000001617F646010 doesn't match image C:\Users\asdf\Desktop\unity\ReactiveTurnBase\My project A\Library\ScriptAssemblies\Unity.Timeline.dll
Symbol file LoadedFromMemory is not a mono symbol file
Symbol file data-0000016210283010 doesn't match image C:\Users\asdf\Desktop\unity\ReactiveTurnBase\My project A\Library\ScriptAssemblies\Unity.InputSystem.dll
Symbol file LoadedFromMemory is not a mono symbol file
Symbol file data-00000161ACC15010 doesn't match image C:\Users\asdf\Desktop\unity\ReactiveTurnBase\My project A\Library\ScriptAssemblies\Unity.InputSystem.ForUI.dll
Symbol file LoadedFromMemory is not a mono symbol file
Symbol file data-00000161A2AD8010 doesn't match image C:\Users\asdf\Desktop\unity\ReactiveTurnBase\My project A\Library\ScriptAssemblies\Unity.TestTools.CodeCoverage.Editor.OpenCover.Mono.Reflection.dll
Symbol file LoadedFromMemory is not a mono symbol file
Symbol file data-00000161A2AD8010 doesn't match image C:\Users\asdf\Desktop\unity\ReactiveTurnBase\My project A\Library\ScriptAssemblies\Unity.VisualScripting.SettingsProvider.Editor.dll
Symbol file LoadedFromMemory is not a mono symbol file
Symbol file data-000001620F8FA020 doesn't match image C:\Users\asdf\Desktop\unity\ReactiveTurnBase\My project A\Library\ScriptAssemblies\Unity.Performance.Profile-Analyzer.Editor.dll
Symbol file LoadedFromMemory is not a mono symbol file
Symbol file data-000001617FBE3040 doesn't match image C:\Users\asdf\Desktop\unity\ReactiveTurnBase\My project A\Library\ScriptAssemblies\Unity.TestTools.CodeCoverage.Editor.dll
Symbol file LoadedFromMemory is not a mono symbol file
Symbol file data-000001617F85F510 doesn't match image C:\Users\asdf\Desktop\unity\ReactiveTurnBase\My project A\Library\ScriptAssemblies\Unity.TestTools.CodeCoverage.Editor.OpenCover.Model.dll
Symbol file LoadedFromMemory is not a mono symbol file
Symbol file data-000001617F4FAAE0 doesn't match image C:\Users\asdf\Desktop\unity\ReactiveTurnBase\My project A\Library\ScriptAssemblies\Unity.VisualScripting.State.Editor.dll
Symbol file LoadedFromMemory is not a mono symbol file
Symbol file data-00000161AC26F470 doesn't match image C:\Users\asdf\Desktop\unity\ReactiveTurnBase\My project A\Library\ScriptAssemblies\Unity.Settings.Editor.dll
Symbol file LoadedFromMemory is not a mono symbol file
Symbol file data-000001620FEABAB0 doesn't match image C:\Users\asdf\Desktop\unity\ReactiveTurnBase\My project A\Library\ScriptAssemblies\Unity.CollabProxy.Editor.dll
Symbol file LoadedFromMemory is not a mono symbol file
Symbol file data-00000161A1B7B030 doesn't match image C:\Users\asdf\Desktop\unity\ReactiveTurnBase\My project A\Library\ScriptAssemblies\Unity.TextMeshPro.dll
Symbol file LoadedFromMemory is not a mono symbol file
Symbol file data-00000161ACACE030 doesn't match image C:\Users\asdf\Desktop\unity\ReactiveTurnBase\My project A\Library\ScriptAssemblies\Unity.TextMeshPro.Editor.dll
Symbol file LoadedFromMemory is not a mono symbol file
Symbol file data-000001617F867240 doesn't match image C:\Users\asdf\Desktop\unity\ReactiveTurnBase\My project A\Library\ScriptAssemblies\UniTask.dll
Symbol file LoadedFromMemory is not a mono symbol file
Symbol file data-000001617F85F510 doesn't match image C:\Users\asdf\Desktop\unity\ReactiveTurnBase\My project A\Library\ScriptAssemblies\Unity.VisualScripting.State.dll
Symbol file LoadedFromMemory is not a mono symbol file
Symbol file data-00000161A14948A0 doesn't match image C:\Users\asdf\Desktop\unity\ReactiveTurnBase\My project A\Library\ScriptAssemblies\Unity.VSCode.Editor.dll
Symbol file LoadedFromMemory is not a mono symbol file
- Loaded All Assemblies, in  0.457 seconds
Native extension for WindowsStandalone target not found
Native extension for Android target not found
Mono: successfully reloaded assembly
- Finished resetting the current domain, in  0.942 seconds
Domain Reload Profiling: 1397ms
	BeginReloadAssembly (134ms)
		ExecutionOrderSort (0ms)
		DisableScriptedObjects (7ms)
		BackupInstance (0ms)
		ReleaseScriptingObjects (0ms)
		CreateAndSetChildDomain (30ms)
	RebuildCommonClasses (28ms)
	RebuildNativeTypeToScriptingClass (9ms)
	initialDomainReloadingComplete (30ms)
	LoadAllAssembliesAndSetupDomain (253ms)
		LoadAssemblies (288ms)
		RebuildTransferFunctionScriptingTraits (0ms)
		AnalyzeDomain (32ms)
			TypeCache.Refresh (10ms)
				TypeCache.ScanAssembly (3ms)
			ScanForSourceGeneratedMonoScriptInfo (13ms)
			ResolveRequiredComponents (6ms)
	FinalizeReload (942ms)
		ReleaseScriptCaches (0ms)
		RebuildScriptCaches (0ms)
		SetupLoadedEditorAssemblies (519ms)
			LogAssemblyErrors (0ms)
			InitializePlatformSupportModulesInManaged (17ms)
			SetLoadedEditorAssemblies (5ms)
			RefreshPlugins (0ms)
			BeforeProcessingInitializeOnLoad (91ms)
			ProcessInitializeOnLoadAttributes (369ms)
			ProcessInitializeOnLoadMethodAttributes (30ms)
			AfterProcessingInitializeOnLoad (7ms)
			EditorAssembliesLoaded (0ms)
		ExecutionOrderSort2 (0ms)
		AwakeInstancesAfterBackupRestoration (6ms)
Refreshing native plugins compatible for Editor in 3.77 ms, found 3 plugins.
Preloading 0 native plugins for Editor in 0.00 ms.
Unloading 3941 Unused Serialized files (Serialized files now loaded: 0)
Unloading 22 unused Assets / (32.8 KB). Loaded Objects now: 4680.
Memory consumption went from 226.1 MB to 226.1 MB.
Total: 3.222600 ms (FindLiveObjects: 0.286900 ms CreateObjectMapping: 0.235900 ms MarkObjects: 2.650000 ms  DeleteObjects: 0.049100 ms)

Prepare: number of updated asset objects reloaded= 0
AssetImportParameters requested are different than current active one (requested -> active):
  custom:container-demuxer-ogg: 62fdf1f143b41e24485cea50d1cbac27 -> 
  custom:scripting/monoscript/fileName/GroggyBar.cs: 100a61dadfc5e32941fd0f737636facf -> 
  custom:video-decoder-ogg-theora: a1e56fd34408186e4bbccfd4996cb3dc -> 
  custom:framework-win-MediaFoundation: 216162199b28c13a410421893ffa2e32 -> 
  custom:CustomObjectIndexerAttribute: 9a22284fe3817be447336de3de66b15e -> 
  custom:container-demuxer-webm: 4f35f7cbe854078d1ac9338744f61a02 -> 
  custom:container-muxer-webm: aa71ff27fc2769a1b78a27578f13a17b -> 
  custom:video-decoder-webm-vp8: 9c59270c3fd7afecdb556c50c9e8de78 -> 
  custom:SearchIndexIgnoredProperties: e643bd26f0fe6173181afceb89e7c659 -> 
  custom:AudioImporter_EditorPlatform: d09bf68614088b80899f8185d706f6e7 -> 
  custom:video-encoder-webm-vp8: eb34c28f22e8b96e1ab97ce403110664 -> 
  custom:scripting/monoscript/fileName/GroggyBarFollower.cs: 819d994350b9b9cabf3c84cf4da82ff6 -> 
  custom:audio-decoder-ogg-vorbis: bf7c407c2cedff20999df2af8eb42d56 -> 
  custom:audio-encoder-webm-vorbis: bf7c407c2cedff20999df2af8eb42d56 -> 
  custom:scripting/precompiled-assembly-types:Assembly-CSharp: b46ac83b1ac601f3cf7a79e40a0cc39b -> 1476765af81e86739e20042d8f5f0532
========================================================================
Received Prepare
Caller must complete domain reload
Begin MonoManager ReloadAssembly
Symbol file data-000001620FEABAB0 doesn't match image C:\Users\asdf\Desktop\unity\ReactiveTurnBase\My project A\Library\ScriptAssemblies\Unity.EditorCoroutines.Editor.dll
Symbol file LoadedFromMemory is not a mono symbol file
Symbol file data-000001617FB77040 doesn't match image C:\Users\asdf\Desktop\unity\ReactiveTurnBase\My project A\Library\ScriptAssemblies\UniTask.TextMeshPro.dll
Symbol file LoadedFromMemory is not a mono symbol file
Symbol file data-00000161A127F020 doesn't match image C:\Users\asdf\Desktop\unity\ReactiveTurnBase\My project A\Library\ScriptAssemblies\Unity.Timeline.Editor.dll
Symbol file LoadedFromMemory is not a mono symbol file
Symbol file data-000001617FB77040 doesn't match image C:\Users\asdf\Desktop\unity\ReactiveTurnBase\My project A\Library\ScriptAssemblies\Unity.VisualScripting.Shared.Editor.dll
Symbol file LoadedFromMemory is not a mono symbol file
Symbol file data-0000016138A76950 doesn't match image C:\Users\asdf\Desktop\unity\ReactiveTurnBase\My project A\Library\ScriptAssemblies\UniTask.DOTween.dll
Symbol file LoadedFromMemory is not a mono symbol file
Symbol file data-0000016138A76950 doesn't match image C:\Users\asdf\Desktop\unity\ReactiveTurnBase\My project A\Library\ScriptAssemblies\UniTask.Addressables.dll
Symbol file LoadedFromMemory is not a mono symbol file
Symbol file data-00000161A1A61010 doesn't match image C:\Users\asdf\Desktop\unity\ReactiveTurnBase\My project A\Library\ScriptAssemblies\UnityEditor.UI.dll
Symbol file LoadedFromMemory is not a mono symbol file
Symbol file data-00000161ABC42010 doesn't match image C:\Users\asdf\Desktop\unity\ReactiveTurnBase\My project A\Library\ScriptAssemblies\Unity.VisualScripting.Core.dll
Symbol file LoadedFromMemory is not a mono symbol file
Symbol file data-0000016210203030 doesn't match image C:\Users\asdf\Desktop\unity\ReactiveTurnBase\My project A\Library\ScriptAssemblies\UnityEngine.UI.dll
Symbol file LoadedFromMemory is not a mono symbol file
Symbol file data-000001617FB77040 doesn't match image C:\Users\asdf\Desktop\unity\ReactiveTurnBase\My project A\Library\ScriptAssemblies\UniTask.Editor.dll
Symbol file LoadedFromMemory is not a mono symbol file
Symbol file data-00000161A1869020 doesn't match image C:\Users\asdf\Desktop\unity\ReactiveTurnBase\My project A\Library\ScriptAssemblies\Unity.VisualScripting.Core.Editor.dll
Symbol file LoadedFromMemory is not a mono symbol file
Symbol file data-0000016210171010 doesn't match image C:\Users\asdf\Desktop\unity\ReactiveTurnBase\My project A\Library\ScriptAssemblies\UniTask.Linq.dll
Symbol file LoadedFromMemory is not a mono symbol file
Symbol file data-0000016210203030 doesn't match image C:\Users\asdf\Desktop\unity\ReactiveTurnBase\My project A\Library\ScriptAssemblies\Unity.VisualScripting.Flow.dll
Symbol file LoadedFromMemory is not a mono symbol file
Symbol file data-000001620FF59020 doesn't match image C:\Users\asdf\Desktop\unity\ReactiveTurnBase\My project A\Library\ScriptAssemblies\Unity.VisualScripting.Flow.Editor.dll
Symbol file LoadedFromMemory is not a mono symbol file
Symbol file data-000001617F366010 doesn't match image C:\Users\asdf\Desktop\unity\ReactiveTurnBase\My project A\Library\ScriptAssemblies\Unity.Timeline.dll
Symbol file LoadedFromMemory is not a mono symbol file
Symbol file data-0000016210283010 doesn't match image C:\Users\asdf\Desktop\unity\ReactiveTurnBase\My project A\Library\ScriptAssemblies\Unity.InputSystem.dll
Symbol file LoadedFromMemory is not a mono symbol file
Symbol file data-00000161ACC15010 doesn't match image C:\Users\asdf\Desktop\unity\ReactiveTurnBase\My project A\Library\ScriptAssemblies\Unity.InputSystem.ForUI.dll
Symbol file LoadedFromMemory is not a mono symbol file
Symbol file data-00000161ADD601D0 doesn't match image C:\Users\asdf\Desktop\unity\ReactiveTurnBase\My project A\Library\ScriptAssemblies\Unity.TestTools.CodeCoverage.Editor.OpenCover.Mono.Reflection.dll
Symbol file LoadedFromMemory is not a mono symbol file
Symbol file data-00000161ADD601D0 doesn't match image C:\Users\asdf\Desktop\unity\ReactiveTurnBase\My project A\Library\ScriptAssemblies\Unity.VisualScripting.SettingsProvider.Editor.dll
Symbol file LoadedFromMemory is not a mono symbol file
Symbol file data-00000161AB96E030 doesn't match image C:\Users\asdf\Desktop\unity\ReactiveTurnBase\My project A\Library\ScriptAssemblies\Unity.Performance.Profile-Analyzer.Editor.dll
Symbol file LoadedFromMemory is not a mono symbol file
Symbol file data-00000161A2600090 doesn't match image C:\Users\asdf\Desktop\unity\ReactiveTurnBase\My project A\Library\ScriptAssemblies\Unity.TestTools.CodeCoverage.Editor.dll
Symbol file LoadedFromMemory is not a mono symbol file
Symbol file data-000001617F6EBAA0 doesn't match image C:\Users\asdf\Desktop\unity\ReactiveTurnBase\My project A\Library\ScriptAssemblies\Unity.TestTools.CodeCoverage.Editor.OpenCover.Model.dll
Symbol file LoadedFromMemory is not a mono symbol file
Symbol file data-00000161A1A61010 doesn't match image C:\Users\asdf\Desktop\unity\ReactiveTurnBase\My project A\Library\ScriptAssemblies\Unity.VisualScripting.State.Editor.dll
Symbol file LoadedFromMemory is not a mono symbol file
Symbol file data-00000161A3592350 doesn't match image C:\Users\asdf\Desktop\unity\ReactiveTurnBase\My project A\Library\ScriptAssemblies\Unity.Settings.Editor.dll
Symbol file LoadedFromMemory is not a mono symbol file
Symbol file data-000001620FEABAB0 doesn't match image C:\Users\asdf\Desktop\unity\ReactiveTurnBase\My project A\Library\ScriptAssemblies\Unity.CollabProxy.Editor.dll
Symbol file LoadedFromMemory is not a mono symbol file
Symbol file data-00000161A1B7B030 doesn't match image C:\Users\asdf\Desktop\unity\ReactiveTurnBase\My project A\Library\ScriptAssemblies\Unity.TextMeshPro.dll
Symbol file LoadedFromMemory is not a mono symbol file
Symbol file data-000001620F8FA020 doesn't match image C:\Users\asdf\Desktop\unity\ReactiveTurnBase\My project A\Library\ScriptAssemblies\Unity.TextMeshPro.Editor.dll
Symbol file LoadedFromMemory is not a mono symbol file
Symbol file data-000001617F867240 doesn't match image C:\Users\asdf\Desktop\unity\ReactiveTurnBase\My project A\Library\ScriptAssemblies\UniTask.dll
Symbol file LoadedFromMemory is not a mono symbol file
Symbol file data-000001617F85F510 doesn't match image C:\Users\asdf\Desktop\unity\ReactiveTurnBase\My project A\Library\ScriptAssemblies\Unity.VisualScripting.State.dll
Symbol file LoadedFromMemory is not a mono symbol file
Symbol file data-00000161A14948A0 doesn't match image C:\Users\asdf\Desktop\unity\ReactiveTurnBase\My project A\Library\ScriptAssemblies\Unity.VSCode.Editor.dll
Symbol file LoadedFromMemory is not a mono symbol file
- Loaded All Assemblies, in  0.428 seconds
Native extension for WindowsStandalone target not found
Native extension for Android target not found
Mono: successfully reloaded assembly
- Finished resetting the current domain, in  1.091 seconds
Domain Reload Profiling: 1517ms
	BeginReloadAssembly (138ms)
		ExecutionOrderSort (0ms)
		DisableScriptedObjects (6ms)
		BackupInstance (0ms)
		ReleaseScriptingObjects (0ms)
		CreateAndSetChildDomain (31ms)
	RebuildCommonClasses (27ms)
	RebuildNativeTypeToScriptingClass (8ms)
	initialDomainReloadingComplete (27ms)
	LoadAllAssembliesAndSetupDomain (225ms)
		LoadAssemblies (279ms)
		RebuildTransferFunctionScriptingTraits (0ms)
		AnalyzeDomain (14ms)
			TypeCache.Refresh (5ms)
				TypeCache.ScanAssembly (0ms)
			ScanForSourceGeneratedMonoScriptInfo (0ms)
			ResolveRequiredComponents (7ms)
	FinalizeReload (1092ms)
		ReleaseScriptCaches (0ms)
		RebuildScriptCaches (0ms)
		SetupLoadedEditorAssemblies (607ms)
			LogAssemblyErrors (0ms)
			InitializePlatformSupportModulesInManaged (16ms)
			SetLoadedEditorAssemblies (4ms)
			RefreshPlugins (0ms)
			BeforeProcessingInitializeOnLoad (94ms)
			ProcessInitializeOnLoadAttributes (450ms)
			ProcessInitializeOnLoadMethodAttributes (35ms)
			AfterProcessingInitializeOnLoad (7ms)
			EditorAssembliesLoaded (0ms)
		ExecutionOrderSort2 (0ms)
		AwakeInstancesAfterBackupRestoration (8ms)
Refreshing native plugins compatible for Editor in 5.29 ms, found 3 plugins.
Preloading 0 native plugins for Editor in 0.00 ms.
Unloading 3941 Unused Serialized files (Serialized files now loaded: 0)
Unloading 22 unused Assets / (32.9 KB). Loaded Objects now: 4683.
Memory consumption went from 226.1 MB to 226.1 MB.
Total: 3.722900 ms (FindLiveObjects: 0.319300 ms CreateObjectMapping: 0.248600 ms MarkObjects: 3.041300 ms  DeleteObjects: 0.112800 ms)

Prepare: number of updated asset objects reloaded= 0
AssetImportParameters requested are different than current active one (requested -> active):
  custom:container-demuxer-ogg: 62fdf1f143b41e24485cea50d1cbac27 -> 
  custom:scripting/monoscript/fileName/GroggyBar.cs: 100a61dadfc5e32941fd0f737636facf -> 
  custom:video-decoder-ogg-theora: a1e56fd34408186e4bbccfd4996cb3dc -> 
  custom:framework-win-MediaFoundation: 216162199b28c13a410421893ffa2e32 -> 
  custom:CustomObjectIndexerAttribute: 9a22284fe3817be447336de3de66b15e -> 
  custom:container-demuxer-webm: 4f35f7cbe854078d1ac9338744f61a02 -> 
  custom:container-muxer-webm: aa71ff27fc2769a1b78a27578f13a17b -> 
  custom:video-decoder-webm-vp8: 9c59270c3fd7afecdb556c50c9e8de78 -> 
  custom:SearchIndexIgnoredProperties: e643bd26f0fe6173181afceb89e7c659 -> 
  custom:AudioImporter_EditorPlatform: d09bf68614088b80899f8185d706f6e7 -> 
  custom:video-encoder-webm-vp8: eb34c28f22e8b96e1ab97ce403110664 -> 
  custom:scripting/monoscript/fileName/GroggyBarFollower.cs: 819d994350b9b9cabf3c84cf4da82ff6 -> 
  custom:audio-decoder-ogg-vorbis: bf7c407c2cedff20999df2af8eb42d56 -> 
  custom:audio-encoder-webm-vorbis: bf7c407c2cedff20999df2af8eb42d56 -> 
  custom:scripting/precompiled-assembly-types:Assembly-CSharp: b46ac83b1ac601f3cf7a79e40a0cc39b -> 1476765af81e86739e20042d8f5f0532
========================================================================
Received Prepare
Caller must complete domain reload
Begin MonoManager ReloadAssembly
Symbol file data-000001620FEABAB0 doesn't match image C:\Users\asdf\Desktop\unity\ReactiveTurnBase\My project A\Library\ScriptAssemblies\Unity.EditorCoroutines.Editor.dll
Symbol file LoadedFromMemory is not a mono symbol file
Symbol file data-00000161ABEA4060 doesn't match image C:\Users\asdf\Desktop\unity\ReactiveTurnBase\My project A\Library\ScriptAssemblies\UniTask.TextMeshPro.dll
Symbol file LoadedFromMemory is not a mono symbol file
Symbol file data-00000161A127F020 doesn't match image C:\Users\asdf\Desktop\unity\ReactiveTurnBase\My project A\Library\ScriptAssemblies\Unity.Timeline.Editor.dll
Symbol file LoadedFromMemory is not a mono symbol file
Symbol file data-00000161ABEA4060 doesn't match image C:\Users\asdf\Desktop\unity\ReactiveTurnBase\My project A\Library\ScriptAssemblies\Unity.VisualScripting.Shared.Editor.dll
Symbol file LoadedFromMemory is not a mono symbol file
Symbol file data-0000016138A76950 doesn't match image C:\Users\asdf\Desktop\unity\ReactiveTurnBase\My project A\Library\ScriptAssemblies\UniTask.DOTween.dll
Symbol file LoadedFromMemory is not a mono symbol file
Symbol file data-0000016138A76950 doesn't match image C:\Users\asdf\Desktop\unity\ReactiveTurnBase\My project A\Library\ScriptAssemblies\UniTask.Addressables.dll
Symbol file LoadedFromMemory is not a mono symbol file
Symbol file data-000001617F4FAAE0 doesn't match image C:\Users\asdf\Desktop\unity\ReactiveTurnBase\My project A\Library\ScriptAssemblies\UnityEditor.UI.dll
Symbol file LoadedFromMemory is not a mono symbol file
Symbol file data-00000161ABC42010 doesn't match image C:\Users\asdf\Desktop\unity\ReactiveTurnBase\My project A\Library\ScriptAssemblies\Unity.VisualScripting.Core.dll
Symbol file LoadedFromMemory is not a mono symbol file
Symbol file data-00000161A15A6020 doesn't match image C:\Users\asdf\Desktop\unity\ReactiveTurnBase\My project A\Library\ScriptAssemblies\UnityEngine.UI.dll
Symbol file LoadedFromMemory is not a mono symbol file
Symbol file data-00000161ABEA4060 doesn't match image C:\Users\asdf\Desktop\unity\ReactiveTurnBase\My project A\Library\ScriptAssemblies\UniTask.Editor.dll
Symbol file LoadedFromMemory is not a mono symbol file
Symbol file data-00000161A1869020 doesn't match image C:\Users\asdf\Desktop\unity\ReactiveTurnBase\My project A\Library\ScriptAssemblies\Unity.VisualScripting.Core.Editor.dll
Symbol file LoadedFromMemory is not a mono symbol file
Symbol file data-0000016210171010 doesn't match image C:\Users\asdf\Desktop\unity\ReactiveTurnBase\My project A\Library\ScriptAssemblies\UniTask.Linq.dll
Symbol file LoadedFromMemory is not a mono symbol file
Symbol file data-00000161A1B7B030 doesn't match image C:\Users\asdf\Desktop\unity\ReactiveTurnBase\My project A\Library\ScriptAssemblies\Unity.VisualScripting.Flow.dll
Symbol file LoadedFromMemory is not a mono symbol file
Symbol file data-000001620FF59020 doesn't match image C:\Users\asdf\Desktop\unity\ReactiveTurnBase\My project A\Library\ScriptAssemblies\Unity.VisualScripting.Flow.Editor.dll
Symbol file LoadedFromMemory is not a mono symbol file
Symbol file data-000001617F366010 doesn't match image C:\Users\asdf\Desktop\unity\ReactiveTurnBase\My project A\Library\ScriptAssemblies\Unity.Timeline.dll
Symbol file LoadedFromMemory is not a mono symbol file
Symbol file data-00000162102C5020 doesn't match image C:\Users\asdf\Desktop\unity\ReactiveTurnBase\My project A\Library\ScriptAssemblies\Unity.InputSystem.dll
Symbol file LoadedFromMemory is not a mono symbol file
Symbol file data-00000161ACC15010 doesn't match image C:\Users\asdf\Desktop\unity\ReactiveTurnBase\My project A\Library\ScriptAssemblies\Unity.InputSystem.ForUI.dll
Symbol file LoadedFromMemory is not a mono symbol file
Symbol file data-00000161ABEA4060 doesn't match image C:\Users\asdf\Desktop\unity\ReactiveTurnBase\My project A\Library\ScriptAssemblies\Unity.TestTools.CodeCoverage.Editor.OpenCover.Mono.Reflection.dll
Symbol file LoadedFromMemory is not a mono symbol file
Symbol file data-00000161ABEA4060 doesn't match image C:\Users\asdf\Desktop\unity\ReactiveTurnBase\My project A\Library\ScriptAssemblies\Unity.VisualScripting.SettingsProvider.Editor.dll
Symbol file LoadedFromMemory is not a mono symbol file
Symbol file data-00000161AB96E030 doesn't match image C:\Users\asdf\Desktop\unity\ReactiveTurnBase\My project A\Library\ScriptAssemblies\Unity.Performance.Profile-Analyzer.Editor.dll
Symbol file LoadedFromMemory is not a mono symbol file
Symbol file data-000001620FA2DB40 doesn't match image C:\Users\asdf\Desktop\unity\ReactiveTurnBase\My project A\Library\ScriptAssemblies\Unity.TestTools.CodeCoverage.Editor.dll
Symbol file LoadedFromMemory is not a mono symbol file
Symbol file data-000001617F6EBAA0 doesn't match image C:\Users\asdf\Desktop\unity\ReactiveTurnBase\My project A\Library\ScriptAssemblies\Unity.TestTools.CodeCoverage.Editor.OpenCover.Model.dll
Symbol file LoadedFromMemory is not a mono symbol file
Symbol file data-000001617F4FAAE0 doesn't match image C:\Users\asdf\Desktop\unity\ReactiveTurnBase\My project A\Library\ScriptAssemblies\Unity.VisualScripting.State.Editor.dll
Symbol file LoadedFromMemory is not a mono symbol file
Symbol file data-00000161AD8CA020 doesn't match image C:\Users\asdf\Desktop\unity\ReactiveTurnBase\My project A\Library\ScriptAssemblies\Unity.Settings.Editor.dll
Symbol file LoadedFromMemory is not a mono symbol file
Symbol file data-000001620FEABAB0 doesn't match image C:\Users\asdf\Desktop\unity\ReactiveTurnBase\My project A\Library\ScriptAssemblies\Unity.CollabProxy.Editor.dll
Symbol file LoadedFromMemory is not a mono symbol file
Symbol file data-00000161A1B7B030 doesn't match image C:\Users\asdf\Desktop\unity\ReactiveTurnBase\My project A\Library\ScriptAssemblies\Unity.TextMeshPro.dll
Symbol file LoadedFromMemory is not a mono symbol file
Symbol file data-00000161ACACE030 doesn't match image C:\Users\asdf\Desktop\unity\ReactiveTurnBase\My project A\Library\ScriptAssemblies\Unity.TextMeshPro.Editor.dll
Symbol file LoadedFromMemory is not a mono symbol file
Symbol file data-00000161ACEF7420 doesn't match image C:\Users\asdf\Desktop\unity\ReactiveTurnBase\My project A\Library\ScriptAssemblies\UniTask.dll
Symbol file LoadedFromMemory is not a mono symbol file
Symbol file data-000001617F85F510 doesn't match image C:\Users\asdf\Desktop\unity\ReactiveTurnBase\My project A\Library\ScriptAssemblies\Unity.VisualScripting.State.dll
Symbol file LoadedFromMemory is not a mono symbol file
Symbol file data-00000161A14948A0 doesn't match image C:\Users\asdf\Desktop\unity\ReactiveTurnBase\My project A\Library\ScriptAssemblies\Unity.VSCode.Editor.dll
Symbol file LoadedFromMemory is not a mono symbol file
- Loaded All Assemblies, in  0.440 seconds
Native extension for WindowsStandalone target not found
Native extension for Android target not found
Mono: successfully reloaded assembly
- Finished resetting the current domain, in  1.103 seconds
Domain Reload Profiling: 1542ms
	BeginReloadAssembly (134ms)
		ExecutionOrderSort (0ms)
		DisableScriptedObjects (6ms)
		BackupInstance (0ms)
		ReleaseScriptingObjects (0ms)
		CreateAndSetChildDomain (30ms)
	RebuildCommonClasses (34ms)
	RebuildNativeTypeToScriptingClass (8ms)
	initialDomainReloadingComplete (27ms)
	LoadAllAssembliesAndSetupDomain (235ms)
		LoadAssemblies (289ms)
		RebuildTransferFunctionScriptingTraits (0ms)
		AnalyzeDomain (14ms)
			TypeCache.Refresh (5ms)
				TypeCache.ScanAssembly (0ms)
			ScanForSourceGeneratedMonoScriptInfo (0ms)
			ResolveRequiredComponents (6ms)
	FinalizeReload (1104ms)
		ReleaseScriptCaches (0ms)
		RebuildScriptCaches (0ms)
		SetupLoadedEditorAssemblies (609ms)
			LogAssemblyErrors (0ms)
			InitializePlatformSupportModulesInManaged (21ms)
			SetLoadedEditorAssemblies (5ms)
			RefreshPlugins (0ms)
			BeforeProcessingInitializeOnLoad (107ms)
			ProcessInitializeOnLoadAttributes (433ms)
			ProcessInitializeOnLoadMethodAttributes (36ms)
			AfterProcessingInitializeOnLoad (7ms)
			EditorAssembliesLoaded (0ms)
		ExecutionOrderSort2 (0ms)
		AwakeInstancesAfterBackupRestoration (8ms)
Refreshing native plugins compatible for Editor in 4.37 ms, found 3 plugins.
Preloading 0 native plugins for Editor in 0.00 ms.
Unloading 3941 Unused Serialized files (Serialized files now loaded: 0)
Unloading 22 unused Assets / (32.7 KB). Loaded Objects now: 4686.
Memory consumption went from 226.1 MB to 226.1 MB.
Total: 4.484100 ms (FindLiveObjects: 0.752900 ms CreateObjectMapping: 0.469800 ms MarkObjects: 3.176100 ms  DeleteObjects: 0.083600 ms)

Prepare: number of updated asset objects reloaded= 0
AssetImportParameters requested are different than current active one (requested -> active):
  custom:container-demuxer-ogg: 62fdf1f143b41e24485cea50d1cbac27 -> 
  custom:scripting/monoscript/fileName/GroggyBar.cs: 100a61dadfc5e32941fd0f737636facf -> 
  custom:video-decoder-ogg-theora: a1e56fd34408186e4bbccfd4996cb3dc -> 
  custom:framework-win-MediaFoundation: 216162199b28c13a410421893ffa2e32 -> 
  custom:CustomObjectIndexerAttribute: 9a22284fe3817be447336de3de66b15e -> 
  custom:container-demuxer-webm: 4f35f7cbe854078d1ac9338744f61a02 -> 
  custom:container-muxer-webm: aa71ff27fc2769a1b78a27578f13a17b -> 
  custom:video-decoder-webm-vp8: 9c59270c3fd7afecdb556c50c9e8de78 -> 
  custom:SearchIndexIgnoredProperties: e643bd26f0fe6173181afceb89e7c659 -> 
  custom:AudioImporter_EditorPlatform: d09bf68614088b80899f8185d706f6e7 -> 
  custom:video-encoder-webm-vp8: eb34c28f22e8b96e1ab97ce403110664 -> 
  custom:scripting/monoscript/fileName/GroggyBarFollower.cs: 819d994350b9b9cabf3c84cf4da82ff6 -> 
  custom:audio-decoder-ogg-vorbis: bf7c407c2cedff20999df2af8eb42d56 -> 
  custom:audio-encoder-webm-vorbis: bf7c407c2cedff20999df2af8eb42d56 -> 
  custom:scripting/precompiled-assembly-types:Assembly-CSharp: b46ac83b1ac601f3cf7a79e40a0cc39b -> 1476765af81e86739e20042d8f5f0532
========================================================================
Received Prepare
Caller must complete domain reload
Begin MonoManager ReloadAssembly
Symbol file data-000001620FEABAB0 doesn't match image C:\Users\asdf\Desktop\unity\ReactiveTurnBase\My project A\Library\ScriptAssemblies\Unity.EditorCoroutines.Editor.dll
Symbol file LoadedFromMemory is not a mono symbol file
Symbol file data-000001617FB77040 doesn't match image C:\Users\asdf\Desktop\unity\ReactiveTurnBase\My project A\Library\ScriptAssemblies\UniTask.TextMeshPro.dll
Symbol file LoadedFromMemory is not a mono symbol file
Symbol file data-00000161A127F020 doesn't match image C:\Users\asdf\Desktop\unity\ReactiveTurnBase\My project A\Library\ScriptAssemblies\Unity.Timeline.Editor.dll
Symbol file LoadedFromMemory is not a mono symbol file
Symbol file data-000001617FB77040 doesn't match image C:\Users\asdf\Desktop\unity\ReactiveTurnBase\My project A\Library\ScriptAssemblies\Unity.VisualScripting.Shared.Editor.dll
Symbol file LoadedFromMemory is not a mono symbol file
Symbol file data-0000016138A76950 doesn't match image C:\Users\asdf\Desktop\unity\ReactiveTurnBase\My project A\Library\ScriptAssemblies\UniTask.DOTween.dll
Symbol file LoadedFromMemory is not a mono symbol file
Symbol file data-0000016138A76950 doesn't match image C:\Users\asdf\Desktop\unity\ReactiveTurnBase\My project A\Library\ScriptAssemblies\UniTask.Addressables.dll
Symbol file LoadedFromMemory is not a mono symbol file
Symbol file data-000001617F4FAAE0 doesn't match image C:\Users\asdf\Desktop\unity\ReactiveTurnBase\My project A\Library\ScriptAssemblies\UnityEditor.UI.dll
Symbol file LoadedFromMemory is not a mono symbol file
Symbol file data-00000161ABC42010 doesn't match image C:\Users\asdf\Desktop\unity\ReactiveTurnBase\My project A\Library\ScriptAssemblies\Unity.VisualScripting.Core.dll
Symbol file LoadedFromMemory is not a mono symbol file
Symbol file data-00000161A15A6020 doesn't match image C:\Users\asdf\Desktop\unity\ReactiveTurnBase\My project A\Library\ScriptAssemblies\UnityEngine.UI.dll
Symbol file LoadedFromMemory is not a mono symbol file
Symbol file data-000001617FB77040 doesn't match image C:\Users\asdf\Desktop\unity\ReactiveTurnBase\My project A\Library\ScriptAssemblies\UniTask.Editor.dll
Symbol file LoadedFromMemory is not a mono symbol file
Symbol file data-00000161A1869020 doesn't match image C:\Users\asdf\Desktop\unity\ReactiveTurnBase\My project A\Library\ScriptAssemblies\Unity.VisualScripting.Core.Editor.dll
Symbol file LoadedFromMemory is not a mono symbol file
Symbol file data-0000016210171010 doesn't match image C:\Users\asdf\Desktop\unity\ReactiveTurnBase\My project A\Library\ScriptAssemblies\UniTask.Linq.dll
Symbol file LoadedFromMemory is not a mono symbol file
Symbol file data-00000161A1B7B030 doesn't match image C:\Users\asdf\Desktop\unity\ReactiveTurnBase\My project A\Library\ScriptAssemblies\Unity.VisualScripting.Flow.dll
Symbol file LoadedFromMemory is not a mono symbol file
Symbol file data-000001620FF59020 doesn't match image C:\Users\asdf\Desktop\unity\ReactiveTurnBase\My project A\Library\ScriptAssemblies\Unity.VisualScripting.Flow.Editor.dll
Symbol file LoadedFromMemory is not a mono symbol file
Symbol file data-000001617F366010 doesn't match image C:\Users\asdf\Desktop\unity\ReactiveTurnBase\My project A\Library\ScriptAssemblies\Unity.Timeline.dll
Symbol file LoadedFromMemory is not a mono symbol file
Symbol file data-00000162102C5020 doesn't match image C:\Users\asdf\Desktop\unity\ReactiveTurnBase\My project A\Library\ScriptAssemblies\Unity.InputSystem.dll
Symbol file LoadedFromMemory is not a mono symbol file
Symbol file data-00000161ACC15010 doesn't match image C:\Users\asdf\Desktop\unity\ReactiveTurnBase\My project A\Library\ScriptAssemblies\Unity.InputSystem.ForUI.dll
Symbol file LoadedFromMemory is not a mono symbol file
Symbol file data-00000161AD788040 doesn't match image C:\Users\asdf\Desktop\unity\ReactiveTurnBase\My project A\Library\ScriptAssemblies\Unity.TestTools.CodeCoverage.Editor.OpenCover.Mono.Reflection.dll
Symbol file LoadedFromMemory is not a mono symbol file
Symbol file data-00000161AD788040 doesn't match image C:\Users\asdf\Desktop\unity\ReactiveTurnBase\My project A\Library\ScriptAssemblies\Unity.VisualScripting.SettingsProvider.Editor.dll
Symbol file LoadedFromMemory is not a mono symbol file
Symbol file data-00000161AB96E030 doesn't match image C:\Users\asdf\Desktop\unity\ReactiveTurnBase\My project A\Library\ScriptAssemblies\Unity.Performance.Profile-Analyzer.Editor.dll
Symbol file LoadedFromMemory is not a mono symbol file
Symbol file data-000001620FA2DB40 doesn't match image C:\Users\asdf\Desktop\unity\ReactiveTurnBase\My project A\Library\ScriptAssemblies\Unity.TestTools.CodeCoverage.Editor.dll
Symbol file LoadedFromMemory is not a mono symbol file
Symbol file data-000001617F6EBAA0 doesn't match image C:\Users\asdf\Desktop\unity\ReactiveTurnBase\My project A\Library\ScriptAssemblies\Unity.TestTools.CodeCoverage.Editor.OpenCover.Model.dll
Symbol file LoadedFromMemory is not a mono symbol file
Symbol file data-000001617F4FAAE0 doesn't match image C:\Users\asdf\Desktop\unity\ReactiveTurnBase\My project A\Library\ScriptAssemblies\Unity.VisualScripting.State.Editor.dll
Symbol file LoadedFromMemory is not a mono symbol file
Symbol file data-00000161AE0FD050 doesn't match image C:\Users\asdf\Desktop\unity\ReactiveTurnBase\My project A\Library\ScriptAssemblies\Unity.Settings.Editor.dll
Symbol file LoadedFromMemory is not a mono symbol file
Symbol file data-000001620FEABAB0 doesn't match image C:\Users\asdf\Desktop\unity\ReactiveTurnBase\My project A\Library\ScriptAssemblies\Unity.CollabProxy.Editor.dll
Symbol file LoadedFromMemory is not a mono symbol file
Symbol file data-00000161A1B7B030 doesn't match image C:\Users\asdf\Desktop\unity\ReactiveTurnBase\My project A\Library\ScriptAssemblies\Unity.TextMeshPro.dll
Symbol file LoadedFromMemory is not a mono symbol file
Symbol file data-00000161AB297020 doesn't match image C:\Users\asdf\Desktop\unity\ReactiveTurnBase\My project A\Library\ScriptAssemblies\Unity.TextMeshPro.Editor.dll
Symbol file LoadedFromMemory is not a mono symbol file
Symbol file data-00000161ACEF7420 doesn't match image C:\Users\asdf\Desktop\unity\ReactiveTurnBase\My project A\Library\ScriptAssemblies\UniTask.dll
Symbol file LoadedFromMemory is not a mono symbol file
Symbol file data-000001617F85F510 doesn't match image C:\Users\asdf\Desktop\unity\ReactiveTurnBase\My project A\Library\ScriptAssemblies\Unity.VisualScripting.State.dll
Symbol file LoadedFromMemory is not a mono symbol file
Symbol file data-00000161A14948A0 doesn't match image C:\Users\asdf\Desktop\unity\ReactiveTurnBase\My project A\Library\ScriptAssemblies\Unity.VSCode.Editor.dll
Symbol file LoadedFromMemory is not a mono symbol file
- Loaded All Assemblies, in  0.508 seconds
Native extension for WindowsStandalone target not found
Native extension for Android target not found
Mono: successfully reloaded assembly
- Finished resetting the current domain, in  0.976 seconds
Domain Reload Profiling: 1481ms
	BeginReloadAssembly (154ms)
		ExecutionOrderSort (0ms)
		DisableScriptedObjects (6ms)
		BackupInstance (0ms)
		ReleaseScriptingObjects (0ms)
		CreateAndSetChildDomain (32ms)
	RebuildCommonClasses (28ms)
	RebuildNativeTypeToScriptingClass (9ms)
	initialDomainReloadingComplete (29ms)
	LoadAllAssembliesAndSetupDomain (286ms)
		LoadAssemblies (339ms)
		RebuildTransferFunctionScriptingTraits (0ms)
		AnalyzeDomain (31ms)
			TypeCache.Refresh (9ms)
				TypeCache.ScanAssembly (2ms)
			ScanForSourceGeneratedMonoScriptInfo (11ms)
			ResolveRequiredComponents (8ms)
	FinalizeReload (976ms)
		ReleaseScriptCaches (0ms)
		RebuildScriptCaches (0ms)
		SetupLoadedEditorAssemblies (485ms)
			LogAssemblyErrors (0ms)
			InitializePlatformSupportModulesInManaged (17ms)
			SetLoadedEditorAssemblies (4ms)
			RefreshPlugins (0ms)
			BeforeProcessingInitializeOnLoad (89ms)
			ProcessInitializeOnLoadAttributes (338ms)
			ProcessInitializeOnLoadMethodAttributes (30ms)
			AfterProcessingInitializeOnLoad (6ms)
			EditorAssembliesLoaded (0ms)
		ExecutionOrderSort2 (0ms)
		AwakeInstancesAfterBackupRestoration (6ms)
Refreshing native plugins compatible for Editor in 3.79 ms, found 3 plugins.
Preloading 0 native plugins for Editor in 0.00 ms.
Unloading 3941 Unused Serialized files (Serialized files now loaded: 0)
Unloading 22 unused Assets / (32.7 KB). Loaded Objects now: 4689.
Memory consumption went from 226.1 MB to 226.1 MB.
Total: 3.319600 ms (FindLiveObjects: 0.286600 ms CreateObjectMapping: 0.206000 ms MarkObjects: 2.779900 ms  DeleteObjects: 0.046500 ms)

Prepare: number of updated asset objects reloaded= 0
AssetImportParameters requested are different than current active one (requested -> active):
  custom:container-demuxer-ogg: 62fdf1f143b41e24485cea50d1cbac27 -> 
  custom:scripting/monoscript/fileName/GroggyBar.cs: 100a61dadfc5e32941fd0f737636facf -> 
  custom:video-decoder-ogg-theora: a1e56fd34408186e4bbccfd4996cb3dc -> 
  custom:framework-win-MediaFoundation: 216162199b28c13a410421893ffa2e32 -> 
  custom:CustomObjectIndexerAttribute: 9a22284fe3817be447336de3de66b15e -> 
  custom:container-demuxer-webm: 4f35f7cbe854078d1ac9338744f61a02 -> 
  custom:container-muxer-webm: aa71ff27fc2769a1b78a27578f13a17b -> 
  custom:video-decoder-webm-vp8: 9c59270c3fd7afecdb556c50c9e8de78 -> 
  custom:SearchIndexIgnoredProperties: e643bd26f0fe6173181afceb89e7c659 -> 
  custom:AudioImporter_EditorPlatform: d09bf68614088b80899f8185d706f6e7 -> 
  custom:video-encoder-webm-vp8: eb34c28f22e8b96e1ab97ce403110664 -> 
  custom:scripting/monoscript/fileName/GroggyBarFollower.cs: 819d994350b9b9cabf3c84cf4da82ff6 -> 
  custom:audio-decoder-ogg-vorbis: bf7c407c2cedff20999df2af8eb42d56 -> 
  custom:audio-encoder-webm-vorbis: bf7c407c2cedff20999df2af8eb42d56 -> 
  custom:scripting/precompiled-assembly-types:Assembly-CSharp: b46ac83b1ac601f3cf7a79e40a0cc39b -> 1476765af81e86739e20042d8f5f0532
========================================================================
Received Prepare
Caller must complete domain reload
Begin MonoManager ReloadAssembly
Symbol file data-000001620FEABAB0 doesn't match image C:\Users\asdf\Desktop\unity\ReactiveTurnBase\My project A\Library\ScriptAssemblies\Unity.EditorCoroutines.Editor.dll
Symbol file LoadedFromMemory is not a mono symbol file
Symbol file data-00000161AE1DE020 doesn't match image C:\Users\asdf\Desktop\unity\ReactiveTurnBase\My project A\Library\ScriptAssemblies\UniTask.TextMeshPro.dll
Symbol file LoadedFromMemory is not a mono symbol file
Symbol file data-00000161A127F020 doesn't match image C:\Users\asdf\Desktop\unity\ReactiveTurnBase\My project A\Library\ScriptAssemblies\Unity.Timeline.Editor.dll
Symbol file LoadedFromMemory is not a mono symbol file
Symbol file data-00000161AE1DE020 doesn't match image C:\Users\asdf\Desktop\unity\ReactiveTurnBase\My project A\Library\ScriptAssemblies\Unity.VisualScripting.Shared.Editor.dll
Symbol file LoadedFromMemory is not a mono symbol file
Symbol file data-0000016138A76950 doesn't match image C:\Users\asdf\Desktop\unity\ReactiveTurnBase\My project A\Library\ScriptAssemblies\UniTask.DOTween.dll
Symbol file LoadedFromMemory is not a mono symbol file
Symbol file data-0000016138A76950 doesn't match image C:\Users\asdf\Desktop\unity\ReactiveTurnBase\My project A\Library\ScriptAssemblies\UniTask.Addressables.dll
Symbol file LoadedFromMemory is not a mono symbol file
Symbol file data-00000161ABE9C050 doesn't match image C:\Users\asdf\Desktop\unity\ReactiveTurnBase\My project A\Library\ScriptAssemblies\UnityEditor.UI.dll
Symbol file LoadedFromMemory is not a mono symbol file
Symbol file data-00000161ABC42010 doesn't match image C:\Users\asdf\Desktop\unity\ReactiveTurnBase\My project A\Library\ScriptAssemblies\Unity.VisualScripting.Core.dll
Symbol file LoadedFromMemory is not a mono symbol file
Symbol file data-00000161A15A6020 doesn't match image C:\Users\asdf\Desktop\unity\ReactiveTurnBase\My project A\Library\ScriptAssemblies\UnityEngine.UI.dll
Symbol file LoadedFromMemory is not a mono symbol file
Symbol file data-00000161AE1DE020 doesn't match image C:\Users\asdf\Desktop\unity\ReactiveTurnBase\My project A\Library\ScriptAssemblies\UniTask.Editor.dll
Symbol file LoadedFromMemory is not a mono symbol file
Symbol file data-00000161A1869020 doesn't match image C:\Users\asdf\Desktop\unity\ReactiveTurnBase\My project A\Library\ScriptAssemblies\Unity.VisualScripting.Core.Editor.dll
Symbol file LoadedFromMemory is not a mono symbol file
Symbol file data-0000016210171010 doesn't match image C:\Users\asdf\Desktop\unity\ReactiveTurnBase\My project A\Library\ScriptAssemblies\UniTask.Linq.dll
Symbol file LoadedFromMemory is not a mono symbol file
Symbol file data-00000161A1B7B030 doesn't match image C:\Users\asdf\Desktop\unity\ReactiveTurnBase\My project A\Library\ScriptAssemblies\Unity.VisualScripting.Flow.dll
Symbol file LoadedFromMemory is not a mono symbol file
Symbol file data-000001617F9C3010 doesn't match image C:\Users\asdf\Desktop\unity\ReactiveTurnBase\My project A\Library\ScriptAssemblies\Unity.VisualScripting.Flow.Editor.dll
Symbol file LoadedFromMemory is not a mono symbol file
Symbol file data-000001617F366010 doesn't match image C:\Users\asdf\Desktop\unity\ReactiveTurnBase\My project A\Library\ScriptAssemblies\Unity.Timeline.dll
Symbol file LoadedFromMemory is not a mono symbol file
Symbol file data-00000162102C5020 doesn't match image C:\Users\asdf\Desktop\unity\ReactiveTurnBase\My project A\Library\ScriptAssemblies\Unity.InputSystem.dll
Symbol file LoadedFromMemory is not a mono symbol file
Symbol file data-00000161ACC15010 doesn't match image C:\Users\asdf\Desktop\unity\ReactiveTurnBase\My project A\Library\ScriptAssemblies\Unity.InputSystem.ForUI.dll
Symbol file LoadedFromMemory is not a mono symbol file
Symbol file data-00000161AE1DE020 doesn't match image C:\Users\asdf\Desktop\unity\ReactiveTurnBase\My project A\Library\ScriptAssemblies\Unity.TestTools.CodeCoverage.Editor.OpenCover.Mono.Reflection.dll
Symbol file LoadedFromMemory is not a mono symbol file
Symbol file data-00000161AE1DE020 doesn't match image C:\Users\asdf\Desktop\unity\ReactiveTurnBase\My project A\Library\ScriptAssemblies\Unity.VisualScripting.SettingsProvider.Editor.dll
Symbol file LoadedFromMemory is not a mono symbol file
Symbol file data-00000161AB96E030 doesn't match image C:\Users\asdf\Desktop\unity\ReactiveTurnBase\My project A\Library\ScriptAssemblies\Unity.Performance.Profile-Analyzer.Editor.dll
Symbol file LoadedFromMemory is not a mono symbol file
Symbol file data-000001620FA2DB40 doesn't match image C:\Users\asdf\Desktop\unity\ReactiveTurnBase\My project A\Library\ScriptAssemblies\Unity.TestTools.CodeCoverage.Editor.dll
Symbol file LoadedFromMemory is not a mono symbol file
Symbol file data-00000161ABEC4010 doesn't match image C:\Users\asdf\Desktop\unity\ReactiveTurnBase\My project A\Library\ScriptAssemblies\Unity.TestTools.CodeCoverage.Editor.OpenCover.Model.dll
Symbol file LoadedFromMemory is not a mono symbol file
Symbol file data-00000161ABE9C050 doesn't match image C:\Users\asdf\Desktop\unity\ReactiveTurnBase\My project A\Library\ScriptAssemblies\Unity.VisualScripting.State.Editor.dll
Symbol file LoadedFromMemory is not a mono symbol file
Symbol file data-00000161AC26F470 doesn't match image C:\Users\asdf\Desktop\unity\ReactiveTurnBase\My project A\Library\ScriptAssemblies\Unity.Settings.Editor.dll
Symbol file LoadedFromMemory is not a mono symbol file
Symbol file data-000001620FEABAB0 doesn't match image C:\Users\asdf\Desktop\unity\ReactiveTurnBase\My project A\Library\ScriptAssemblies\Unity.CollabProxy.Editor.dll
Symbol file LoadedFromMemory is not a mono symbol file
Symbol file data-00000161A1B7B030 doesn't match image C:\Users\asdf\Desktop\unity\ReactiveTurnBase\My project A\Library\ScriptAssemblies\Unity.TextMeshPro.dll
Symbol file LoadedFromMemory is not a mono symbol file
Symbol file data-000001620FF59020 doesn't match image C:\Users\asdf\Desktop\unity\ReactiveTurnBase\My project A\Library\ScriptAssemblies\Unity.TextMeshPro.Editor.dll
Symbol file LoadedFromMemory is not a mono symbol file
Symbol file data-000001617F867240 doesn't match image C:\Users\asdf\Desktop\unity\ReactiveTurnBase\My project A\Library\ScriptAssemblies\UniTask.dll
Symbol file LoadedFromMemory is not a mono symbol file
Symbol file data-00000161ABEC4010 doesn't match image C:\Users\asdf\Desktop\unity\ReactiveTurnBase\My project A\Library\ScriptAssemblies\Unity.VisualScripting.State.dll
Symbol file LoadedFromMemory is not a mono symbol file
Symbol file data-00000161A14948A0 doesn't match image C:\Users\asdf\Desktop\unity\ReactiveTurnBase\My project A\Library\ScriptAssemblies\Unity.VSCode.Editor.dll
Symbol file LoadedFromMemory is not a mono symbol file
- Loaded All Assemblies, in  0.461 seconds
Native extension for WindowsStandalone target not found
Native extension for Android target not found
Mono: successfully reloaded assembly
- Finished resetting the current domain, in  1.062 seconds
Domain Reload Profiling: 1522ms
	BeginReloadAssembly (133ms)
		ExecutionOrderSort (0ms)
		DisableScriptedObjects (6ms)
		BackupInstance (0ms)
		ReleaseScriptingObjects (0ms)
		CreateAndSetChildDomain (29ms)
	RebuildCommonClasses (29ms)
	RebuildNativeTypeToScriptingClass (14ms)
	initialDomainReloadingComplete (29ms)
	LoadAllAssembliesAndSetupDomain (254ms)
		LoadAssemblies (295ms)
		RebuildTransferFunctionScriptingTraits (0ms)
		AnalyzeDomain (28ms)
			TypeCache.Refresh (9ms)
				TypeCache.ScanAssembly (2ms)
			ScanForSourceGeneratedMonoScriptInfo (11ms)
			ResolveRequiredComponents (6ms)
	FinalizeReload (1063ms)
		ReleaseScriptCaches (0ms)
		RebuildScriptCaches (0ms)
		SetupLoadedEditorAssemblies (596ms)
			LogAssemblyErrors (0ms)
			InitializePlatformSupportModulesInManaged (16ms)
			SetLoadedEditorAssemblies (4ms)
			RefreshPlugins (0ms)
			BeforeProcessingInitializeOnLoad (95ms)
			ProcessInitializeOnLoadAttributes (434ms)
			ProcessInitializeOnLoadMethodAttributes (38ms)
			AfterProcessingInitializeOnLoad (9ms)
			EditorAssembliesLoaded (0ms)
		ExecutionOrderSort2 (0ms)
		AwakeInstancesAfterBackupRestoration (6ms)
Refreshing native plugins compatible for Editor in 5.67 ms, found 3 plugins.
Preloading 0 native plugins for Editor in 0.00 ms.
Unloading 3941 Unused Serialized files (Serialized files now loaded: 0)
Unloading 22 unused Assets / (32.8 KB). Loaded Objects now: 4692.
Memory consumption went from 226.1 MB to 226.1 MB.
Total: 5.898800 ms (FindLiveObjects: 0.283600 ms CreateObjectMapping: 0.236300 ms MarkObjects: 5.321100 ms  DeleteObjects: 0.056200 ms)

Prepare: number of updated asset objects reloaded= 0
AssetImportParameters requested are different than current active one (requested -> active):
  custom:container-demuxer-ogg: 62fdf1f143b41e24485cea50d1cbac27 -> 
  custom:scripting/monoscript/fileName/GroggyBar.cs: 100a61dadfc5e32941fd0f737636facf -> 
  custom:video-decoder-ogg-theora: a1e56fd34408186e4bbccfd4996cb3dc -> 
  custom:framework-win-MediaFoundation: 216162199b28c13a410421893ffa2e32 -> 
  custom:CustomObjectIndexerAttribute: 9a22284fe3817be447336de3de66b15e -> 
  custom:container-demuxer-webm: 4f35f7cbe854078d1ac9338744f61a02 -> 
  custom:container-muxer-webm: aa71ff27fc2769a1b78a27578f13a17b -> 
  custom:video-decoder-webm-vp8: 9c59270c3fd7afecdb556c50c9e8de78 -> 
  custom:SearchIndexIgnoredProperties: e643bd26f0fe6173181afceb89e7c659 -> 
  custom:AudioImporter_EditorPlatform: d09bf68614088b80899f8185d706f6e7 -> 
  custom:video-encoder-webm-vp8: eb34c28f22e8b96e1ab97ce403110664 -> 
  custom:scripting/monoscript/fileName/GroggyBarFollower.cs: 819d994350b9b9cabf3c84cf4da82ff6 -> 
  custom:audio-decoder-ogg-vorbis: bf7c407c2cedff20999df2af8eb42d56 -> 
  custom:audio-encoder-webm-vorbis: bf7c407c2cedff20999df2af8eb42d56 -> 
  custom:scripting/precompiled-assembly-types:Assembly-CSharp: b46ac83b1ac601f3cf7a79e40a0cc39b -> 1476765af81e86739e20042d8f5f0532
========================================================================
Received Prepare
Caller must complete domain reload
Begin MonoManager ReloadAssembly
Symbol file data-000001620FEABAB0 doesn't match image C:\Users\asdf\Desktop\unity\ReactiveTurnBase\My project A\Library\ScriptAssemblies\Unity.EditorCoroutines.Editor.dll
Symbol file LoadedFromMemory is not a mono symbol file
Symbol file data-00000161ABA5A030 doesn't match image C:\Users\asdf\Desktop\unity\ReactiveTurnBase\My project A\Library\ScriptAssemblies\UniTask.TextMeshPro.dll
Symbol file LoadedFromMemory is not a mono symbol file
Symbol file data-00000161A127F020 doesn't match image C:\Users\asdf\Desktop\unity\ReactiveTurnBase\My project A\Library\ScriptAssemblies\Unity.Timeline.Editor.dll
Symbol file LoadedFromMemory is not a mono symbol file
Symbol file data-00000161ABA5A030 doesn't match image C:\Users\asdf\Desktop\unity\ReactiveTurnBase\My project A\Library\ScriptAssemblies\Unity.VisualScripting.Shared.Editor.dll
Symbol file LoadedFromMemory is not a mono symbol file
Symbol file data-0000016138A76950 doesn't match image C:\Users\asdf\Desktop\unity\ReactiveTurnBase\My project A\Library\ScriptAssemblies\UniTask.DOTween.dll
Symbol file LoadedFromMemory is not a mono symbol file
Symbol file data-0000016138A76950 doesn't match image C:\Users\asdf\Desktop\unity\ReactiveTurnBase\My project A\Library\ScriptAssemblies\UniTask.Addressables.dll
Symbol file LoadedFromMemory is not a mono symbol file
Symbol file data-00000161AE1D6010 doesn't match image C:\Users\asdf\Desktop\unity\ReactiveTurnBase\My project A\Library\ScriptAssemblies\UnityEditor.UI.dll
Symbol file LoadedFromMemory is not a mono symbol file
Symbol file data-00000161ABC42010 doesn't match image C:\Users\asdf\Desktop\unity\ReactiveTurnBase\My project A\Library\ScriptAssemblies\Unity.VisualScripting.Core.dll
Symbol file LoadedFromMemory is not a mono symbol file
Symbol file data-00000161A15A6020 doesn't match image C:\Users\asdf\Desktop\unity\ReactiveTurnBase\My project A\Library\ScriptAssemblies\UnityEngine.UI.dll
Symbol file LoadedFromMemory is not a mono symbol file
Symbol file data-00000161ABA5A030 doesn't match image C:\Users\asdf\Desktop\unity\ReactiveTurnBase\My project A\Library\ScriptAssemblies\UniTask.Editor.dll
Symbol file LoadedFromMemory is not a mono symbol file
Symbol file data-00000161A1869020 doesn't match image C:\Users\asdf\Desktop\unity\ReactiveTurnBase\My project A\Library\ScriptAssemblies\Unity.VisualScripting.Core.Editor.dll
Symbol file LoadedFromMemory is not a mono symbol file
Symbol file data-0000016210171010 doesn't match image C:\Users\asdf\Desktop\unity\ReactiveTurnBase\My project A\Library\ScriptAssemblies\UniTask.Linq.dll
Symbol file LoadedFromMemory is not a mono symbol file
Symbol file data-00000161A1B7B030 doesn't match image C:\Users\asdf\Desktop\unity\ReactiveTurnBase\My project A\Library\ScriptAssemblies\Unity.VisualScripting.Flow.dll
Symbol file LoadedFromMemory is not a mono symbol file
Symbol file data-000001617F9C3010 doesn't match image C:\Users\asdf\Desktop\unity\ReactiveTurnBase\My project A\Library\ScriptAssemblies\Unity.VisualScripting.Flow.Editor.dll
Symbol file LoadedFromMemory is not a mono symbol file
Symbol file data-000001617F366010 doesn't match image C:\Users\asdf\Desktop\unity\ReactiveTurnBase\My project A\Library\ScriptAssemblies\Unity.Timeline.dll
Symbol file LoadedFromMemory is not a mono symbol file
Symbol file data-0000016210327010 doesn't match image C:\Users\asdf\Desktop\unity\ReactiveTurnBase\My project A\Library\ScriptAssemblies\Unity.InputSystem.dll
Symbol file LoadedFromMemory is not a mono symbol file
Symbol file data-00000161ACC15010 doesn't match image C:\Users\asdf\Desktop\unity\ReactiveTurnBase\My project A\Library\ScriptAssemblies\Unity.InputSystem.ForUI.dll
Symbol file LoadedFromMemory is not a mono symbol file
Symbol file data-00000161ABA5A030 doesn't match image C:\Users\asdf\Desktop\unity\ReactiveTurnBase\My project A\Library\ScriptAssemblies\Unity.TestTools.CodeCoverage.Editor.OpenCover.Mono.Reflection.dll
Symbol file LoadedFromMemory is not a mono symbol file
Symbol file data-00000161ABA5A030 doesn't match image C:\Users\asdf\Desktop\unity\ReactiveTurnBase\My project A\Library\ScriptAssemblies\Unity.VisualScripting.SettingsProvider.Editor.dll
Symbol file LoadedFromMemory is not a mono symbol file
Symbol file data-00000161AB96E030 doesn't match image C:\Users\asdf\Desktop\unity\ReactiveTurnBase\My project A\Library\ScriptAssemblies\Unity.Performance.Profile-Analyzer.Editor.dll
Symbol file LoadedFromMemory is not a mono symbol file
Symbol file data-00000161AC0FC260 doesn't match image C:\Users\asdf\Desktop\unity\ReactiveTurnBase\My project A\Library\ScriptAssemblies\Unity.TestTools.CodeCoverage.Editor.dll
Symbol file LoadedFromMemory is not a mono symbol file
Symbol file data-000001617F85F510 doesn't match image C:\Users\asdf\Desktop\unity\ReactiveTurnBase\My project A\Library\ScriptAssemblies\Unity.TestTools.CodeCoverage.Editor.OpenCover.Model.dll
Symbol file LoadedFromMemory is not a mono symbol file
Symbol file data-00000161AE1D6010 doesn't match image C:\Users\asdf\Desktop\unity\ReactiveTurnBase\My project A\Library\ScriptAssemblies\Unity.VisualScripting.State.Editor.dll
Symbol file LoadedFromMemory is not a mono symbol file
Symbol file data-00000161AC26F470 doesn't match image C:\Users\asdf\Desktop\unity\ReactiveTurnBase\My project A\Library\ScriptAssemblies\Unity.Settings.Editor.dll
Symbol file LoadedFromMemory is not a mono symbol file
Symbol file data-000001620FEABAB0 doesn't match image C:\Users\asdf\Desktop\unity\ReactiveTurnBase\My project A\Library\ScriptAssemblies\Unity.CollabProxy.Editor.dll
Symbol file LoadedFromMemory is not a mono symbol file
Symbol file data-00000161A1B7B030 doesn't match image C:\Users\asdf\Desktop\unity\ReactiveTurnBase\My project A\Library\ScriptAssemblies\Unity.TextMeshPro.dll
Symbol file LoadedFromMemory is not a mono symbol file
Symbol file data-00000161AB297020 doesn't match image C:\Users\asdf\Desktop\unity\ReactiveTurnBase\My project A\Library\ScriptAssemblies\Unity.TextMeshPro.Editor.dll
Symbol file LoadedFromMemory is not a mono symbol file
Symbol file data-000001617F867240 doesn't match image C:\Users\asdf\Desktop\unity\ReactiveTurnBase\My project A\Library\ScriptAssemblies\UniTask.dll
Symbol file LoadedFromMemory is not a mono symbol file
Symbol file data-000001617F85F510 doesn't match image C:\Users\asdf\Desktop\unity\ReactiveTurnBase\My project A\Library\ScriptAssemblies\Unity.VisualScripting.State.dll
Symbol file LoadedFromMemory is not a mono symbol file
Symbol file data-00000161A14948A0 doesn't match image C:\Users\asdf\Desktop\unity\ReactiveTurnBase\My project A\Library\ScriptAssemblies\Unity.VSCode.Editor.dll
Symbol file LoadedFromMemory is not a mono symbol file
- Loaded All Assemblies, in  0.442 seconds
Native extension for WindowsStandalone target not found
Native extension for Android target not found
Mono: successfully reloaded assembly
- Finished resetting the current domain, in  1.136 seconds
Domain Reload Profiling: 1575ms
	BeginReloadAssembly (137ms)
		ExecutionOrderSort (0ms)
		DisableScriptedObjects (6ms)
		BackupInstance (0ms)
		ReleaseScriptingObjects (0ms)
		CreateAndSetChildDomain (30ms)
	RebuildCommonClasses (25ms)
	RebuildNativeTypeToScriptingClass (8ms)
	initialDomainReloadingComplete (26ms)
	LoadAllAssembliesAndSetupDomain (242ms)
		LoadAssemblies (301ms)
		RebuildTransferFunctionScriptingTraits (0ms)
		AnalyzeDomain (14ms)
			TypeCache.Refresh (5ms)
				TypeCache.ScanAssembly (0ms)
			ScanForSourceGeneratedMonoScriptInfo (0ms)
			ResolveRequiredComponents (7ms)
	FinalizeReload (1136ms)
		ReleaseScriptCaches (0ms)
		RebuildScriptCaches (0ms)
		SetupLoadedEditorAssemblies (640ms)
			LogAssemblyErrors (0ms)
			InitializePlatformSupportModulesInManaged (21ms)
			SetLoadedEditorAssemblies (6ms)
			RefreshPlugins (0ms)
			BeforeProcessingInitializeOnLoad (113ms)
			ProcessInitializeOnLoadAttributes (455ms)
			ProcessInitializeOnLoadMethodAttributes (38ms)
			AfterProcessingInitializeOnLoad (7ms)
			EditorAssembliesLoaded (0ms)
		ExecutionOrderSort2 (0ms)
		AwakeInstancesAfterBackupRestoration (8ms)
Refreshing native plugins compatible for Editor in 4.43 ms, found 3 plugins.
Preloading 0 native plugins for Editor in 0.00 ms.
Unloading 3941 Unused Serialized files (Serialized files now loaded: 0)
Unloading 22 unused Assets / (32.8 KB). Loaded Objects now: 4695.
Memory consumption went from 226.1 MB to 226.1 MB.
Total: 5.158900 ms (FindLiveObjects: 0.809400 ms CreateObjectMapping: 0.412500 ms MarkObjects: 3.883600 ms  DeleteObjects: 0.051900 ms)

Prepare: number of updated asset objects reloaded= 0
AssetImportParameters requested are different than current active one (requested -> active):
  custom:container-demuxer-ogg: 62fdf1f143b41e24485cea50d1cbac27 -> 
  custom:scripting/monoscript/fileName/GroggyBar.cs: 100a61dadfc5e32941fd0f737636facf -> 
  custom:video-decoder-ogg-theora: a1e56fd34408186e4bbccfd4996cb3dc -> 
  custom:framework-win-MediaFoundation: 216162199b28c13a410421893ffa2e32 -> 
  custom:CustomObjectIndexerAttribute: 9a22284fe3817be447336de3de66b15e -> 
  custom:container-demuxer-webm: 4f35f7cbe854078d1ac9338744f61a02 -> 
  custom:container-muxer-webm: aa71ff27fc2769a1b78a27578f13a17b -> 
  custom:video-decoder-webm-vp8: 9c59270c3fd7afecdb556c50c9e8de78 -> 
  custom:SearchIndexIgnoredProperties: e643bd26f0fe6173181afceb89e7c659 -> 
  custom:AudioImporter_EditorPlatform: d09bf68614088b80899f8185d706f6e7 -> 
  custom:video-encoder-webm-vp8: eb34c28f22e8b96e1ab97ce403110664 -> 
  custom:scripting/monoscript/fileName/GroggyBarFollower.cs: 819d994350b9b9cabf3c84cf4da82ff6 -> 
  custom:audio-decoder-ogg-vorbis: bf7c407c2cedff20999df2af8eb42d56 -> 
  custom:audio-encoder-webm-vorbis: bf7c407c2cedff20999df2af8eb42d56 -> 
  custom:scripting/precompiled-assembly-types:Assembly-CSharp: b46ac83b1ac601f3cf7a79e40a0cc39b -> 1476765af81e86739e20042d8f5f0532
========================================================================
Received Prepare
Caller must complete domain reload
Begin MonoManager ReloadAssembly
Symbol file data-000001620FEABAB0 doesn't match image C:\Users\asdf\Desktop\unity\ReactiveTurnBase\My project A\Library\ScriptAssemblies\Unity.EditorCoroutines.Editor.dll
Symbol file LoadedFromMemory is not a mono symbol file
Symbol file data-00000161A2AD8010 doesn't match image C:\Users\asdf\Desktop\unity\ReactiveTurnBase\My project A\Library\ScriptAssemblies\UniTask.TextMeshPro.dll
Symbol file LoadedFromMemory is not a mono symbol file
Symbol file data-00000161A127F020 doesn't match image C:\Users\asdf\Desktop\unity\ReactiveTurnBase\My project A\Library\ScriptAssemblies\Unity.Timeline.Editor.dll
Symbol file LoadedFromMemory is not a mono symbol file
Symbol file data-00000161A2AD8010 doesn't match image C:\Users\asdf\Desktop\unity\ReactiveTurnBase\My project A\Library\ScriptAssemblies\Unity.VisualScripting.Shared.Editor.dll
Symbol file LoadedFromMemory is not a mono symbol file
Symbol file data-0000016138A76950 doesn't match image C:\Users\asdf\Desktop\unity\ReactiveTurnBase\My project A\Library\ScriptAssemblies\UniTask.DOTween.dll
Symbol file LoadedFromMemory is not a mono symbol file
Symbol file data-0000016138A76950 doesn't match image C:\Users\asdf\Desktop\unity\ReactiveTurnBase\My project A\Library\ScriptAssemblies\UniTask.Addressables.dll
Symbol file LoadedFromMemory is not a mono symbol file
Symbol file data-00000161AE1D6010 doesn't match image C:\Users\asdf\Desktop\unity\ReactiveTurnBase\My project A\Library\ScriptAssemblies\UnityEditor.UI.dll
Symbol file LoadedFromMemory is not a mono symbol file
Symbol file data-00000161ABC42010 doesn't match image C:\Users\asdf\Desktop\unity\ReactiveTurnBase\My project A\Library\ScriptAssemblies\Unity.VisualScripting.Core.dll
Symbol file LoadedFromMemory is not a mono symbol file
Symbol file data-00000161A15A6020 doesn't match image C:\Users\asdf\Desktop\unity\ReactiveTurnBase\My project A\Library\ScriptAssemblies\UnityEngine.UI.dll
Symbol file LoadedFromMemory is not a mono symbol file
Symbol file data-00000161A2AD8010 doesn't match image C:\Users\asdf\Desktop\unity\ReactiveTurnBase\My project A\Library\ScriptAssemblies\UniTask.Editor.dll
Symbol file LoadedFromMemory is not a mono symbol file
Symbol file data-00000161A1869020 doesn't match image C:\Users\asdf\Desktop\unity\ReactiveTurnBase\My project A\Library\ScriptAssemblies\Unity.VisualScripting.Core.Editor.dll
Symbol file LoadedFromMemory is not a mono symbol file
Symbol file data-0000016210171010 doesn't match image C:\Users\asdf\Desktop\unity\ReactiveTurnBase\My project A\Library\ScriptAssemblies\UniTask.Linq.dll
Symbol file LoadedFromMemory is not a mono symbol file
Symbol file data-00000161A1B7B030 doesn't match image C:\Users\asdf\Desktop\unity\ReactiveTurnBase\My project A\Library\ScriptAssemblies\Unity.VisualScripting.Flow.dll
Symbol file LoadedFromMemory is not a mono symbol file
Symbol file data-000001617F9C3010 doesn't match image C:\Users\asdf\Desktop\unity\ReactiveTurnBase\My project A\Library\ScriptAssemblies\Unity.VisualScripting.Flow.Editor.dll
Symbol file LoadedFromMemory is not a mono symbol file
Symbol file data-000001617F366010 doesn't match image C:\Users\asdf\Desktop\unity\ReactiveTurnBase\My project A\Library\ScriptAssemblies\Unity.Timeline.dll
Symbol file LoadedFromMemory is not a mono symbol file
Symbol file data-0000016210369020 doesn't match image C:\Users\asdf\Desktop\unity\ReactiveTurnBase\My project A\Library\ScriptAssemblies\Unity.InputSystem.dll
Symbol file LoadedFromMemory is not a mono symbol file
Symbol file data-00000161ACC15010 doesn't match image C:\Users\asdf\Desktop\unity\ReactiveTurnBase\My project A\Library\ScriptAssemblies\Unity.InputSystem.ForUI.dll
Symbol file LoadedFromMemory is not a mono symbol file
Symbol file data-00000161A2AD8010 doesn't match image C:\Users\asdf\Desktop\unity\ReactiveTurnBase\My project A\Library\ScriptAssemblies\Unity.TestTools.CodeCoverage.Editor.OpenCover.Mono.Reflection.dll
Symbol file LoadedFromMemory is not a mono symbol file
Symbol file data-00000161A2AD8010 doesn't match image C:\Users\asdf\Desktop\unity\ReactiveTurnBase\My project A\Library\ScriptAssemblies\Unity.VisualScripting.SettingsProvider.Editor.dll
Symbol file LoadedFromMemory is not a mono symbol file
Symbol file data-00000161A2E0EE00 doesn't match image C:\Users\asdf\Desktop\unity\ReactiveTurnBase\My project A\Library\ScriptAssemblies\Unity.Performance.Profile-Analyzer.Editor.dll
Symbol file LoadedFromMemory is not a mono symbol file
Symbol file data-000001620FD9B010 doesn't match image C:\Users\asdf\Desktop\unity\ReactiveTurnBase\My project A\Library\ScriptAssemblies\Unity.TestTools.CodeCoverage.Editor.dll
Symbol file LoadedFromMemory is not a mono symbol file
Symbol file data-000001617FB77040 doesn't match image C:\Users\asdf\Desktop\unity\ReactiveTurnBase\My project A\Library\ScriptAssemblies\Unity.TestTools.CodeCoverage.Editor.OpenCover.Model.dll
Symbol file LoadedFromMemory is not a mono symbol file
Symbol file data-00000161AE1D6010 doesn't match image C:\Users\asdf\Desktop\unity\ReactiveTurnBase\My project A\Library\ScriptAssemblies\Unity.VisualScripting.State.Editor.dll
Symbol file LoadedFromMemory is not a mono symbol file
Symbol file data-00000161AE1B4040 doesn't match image C:\Users\asdf\Desktop\unity\ReactiveTurnBase\My project A\Library\ScriptAssemblies\Unity.Settings.Editor.dll
Symbol file LoadedFromMemory is not a mono symbol file
Symbol file data-000001620FEABAB0 doesn't match image C:\Users\asdf\Desktop\unity\ReactiveTurnBase\My project A\Library\ScriptAssemblies\Unity.CollabProxy.Editor.dll
Symbol file LoadedFromMemory is not a mono symbol file
Symbol file data-00000161A1B7B030 doesn't match image C:\Users\asdf\Desktop\unity\ReactiveTurnBase\My project A\Library\ScriptAssemblies\Unity.TextMeshPro.dll
Symbol file LoadedFromMemory is not a mono symbol file
Symbol file data-00000161ABE8C030 doesn't match image C:\Users\asdf\Desktop\unity\ReactiveTurnBase\My project A\Library\ScriptAssemblies\Unity.TextMeshPro.Editor.dll
Symbol file LoadedFromMemory is not a mono symbol file
Symbol file data-000001617F867240 doesn't match image C:\Users\asdf\Desktop\unity\ReactiveTurnBase\My project A\Library\ScriptAssemblies\UniTask.dll
Symbol file LoadedFromMemory is not a mono symbol file
Symbol file data-000001617F85F510 doesn't match image C:\Users\asdf\Desktop\unity\ReactiveTurnBase\My project A\Library\ScriptAssemblies\Unity.VisualScripting.State.dll
Symbol file LoadedFromMemory is not a mono symbol file
Symbol file data-00000161A14948A0 doesn't match image C:\Users\asdf\Desktop\unity\ReactiveTurnBase\My project A\Library\ScriptAssemblies\Unity.VSCode.Editor.dll
Symbol file LoadedFromMemory is not a mono symbol file
- Loaded All Assemblies, in  0.477 seconds
Native extension for WindowsStandalone target not found
Native extension for Android target not found
Mono: successfully reloaded assembly
- Finished resetting the current domain, in  0.946 seconds
Domain Reload Profiling: 1421ms
	BeginReloadAssembly (143ms)
		ExecutionOrderSort (0ms)
		DisableScriptedObjects (6ms)
		BackupInstance (0ms)
		ReleaseScriptingObjects (0ms)
		CreateAndSetChildDomain (34ms)
	RebuildCommonClasses (27ms)
	RebuildNativeTypeToScriptingClass (9ms)
	initialDomainReloadingComplete (27ms)
	LoadAllAssembliesAndSetupDomain (268ms)
		LoadAssemblies (307ms)
		RebuildTransferFunctionScriptingTraits (0ms)
		AnalyzeDomain (33ms)
			TypeCache.Refresh (12ms)
				TypeCache.ScanAssembly (3ms)
			ScanForSourceGeneratedMonoScriptInfo (12ms)
			ResolveRequiredComponents (7ms)
	FinalizeReload (946ms)
		ReleaseScriptCaches (0ms)
		RebuildScriptCaches (0ms)
		SetupLoadedEditorAssemblies (488ms)
			LogAssemblyErrors (0ms)
			InitializePlatformSupportModulesInManaged (16ms)
			SetLoadedEditorAssemblies (4ms)
			RefreshPlugins (0ms)
			BeforeProcessingInitializeOnLoad (86ms)
			ProcessInitializeOnLoadAttributes (345ms)
			ProcessInitializeOnLoadMethodAttributes (30ms)
			AfterProcessingInitializeOnLoad (6ms)
			EditorAssembliesLoaded (0ms)
		ExecutionOrderSort2 (0ms)
		AwakeInstancesAfterBackupRestoration (5ms)
Refreshing native plugins compatible for Editor in 3.69 ms, found 3 plugins.
Preloading 0 native plugins for Editor in 0.00 ms.
Unloading 3941 Unused Serialized files (Serialized files now loaded: 0)
Unloading 22 unused Assets / (32.8 KB). Loaded Objects now: 4698.
Memory consumption went from 226.1 MB to 226.1 MB.
Total: 3.057400 ms (FindLiveObjects: 0.326300 ms CreateObjectMapping: 0.226700 ms MarkObjects: 2.453200 ms  DeleteObjects: 0.050500 ms)

Prepare: number of updated asset objects reloaded= 0
AssetImportParameters requested are different than current active one (requested -> active):
  custom:container-demuxer-ogg: 62fdf1f143b41e24485cea50d1cbac27 -> 
  custom:scripting/monoscript/fileName/GroggyBar.cs: 100a61dadfc5e32941fd0f737636facf -> 
  custom:video-decoder-ogg-theora: a1e56fd34408186e4bbccfd4996cb3dc -> 
  custom:framework-win-MediaFoundation: 216162199b28c13a410421893ffa2e32 -> 
  custom:CustomObjectIndexerAttribute: 9a22284fe3817be447336de3de66b15e -> 
  custom:container-demuxer-webm: 4f35f7cbe854078d1ac9338744f61a02 -> 
  custom:container-muxer-webm: aa71ff27fc2769a1b78a27578f13a17b -> 
  custom:video-decoder-webm-vp8: 9c59270c3fd7afecdb556c50c9e8de78 -> 
  custom:SearchIndexIgnoredProperties: e643bd26f0fe6173181afceb89e7c659 -> 
  custom:AudioImporter_EditorPlatform: d09bf68614088b80899f8185d706f6e7 -> 
  custom:video-encoder-webm-vp8: eb34c28f22e8b96e1ab97ce403110664 -> 
  custom:scripting/monoscript/fileName/GroggyBarFollower.cs: 819d994350b9b9cabf3c84cf4da82ff6 -> 
  custom:audio-decoder-ogg-vorbis: bf7c407c2cedff20999df2af8eb42d56 -> 
  custom:audio-encoder-webm-vorbis: bf7c407c2cedff20999df2af8eb42d56 -> 
  custom:scripting/precompiled-assembly-types:Assembly-CSharp: b46ac83b1ac601f3cf7a79e40a0cc39b -> 1476765af81e86739e20042d8f5f0532
========================================================================
Received Prepare
Caller must complete domain reload
Begin MonoManager ReloadAssembly
Symbol file data-000001620FEABAB0 doesn't match image C:\Users\asdf\Desktop\unity\ReactiveTurnBase\My project A\Library\ScriptAssemblies\Unity.EditorCoroutines.Editor.dll
Symbol file LoadedFromMemory is not a mono symbol file
Symbol file data-00000161A2AD8010 doesn't match image C:\Users\asdf\Desktop\unity\ReactiveTurnBase\My project A\Library\ScriptAssemblies\UniTask.TextMeshPro.dll
Symbol file LoadedFromMemory is not a mono symbol file
Symbol file data-00000161A127F020 doesn't match image C:\Users\asdf\Desktop\unity\ReactiveTurnBase\My project A\Library\ScriptAssemblies\Unity.Timeline.Editor.dll
Symbol file LoadedFromMemory is not a mono symbol file
Symbol file data-00000161A2AD8010 doesn't match image C:\Users\asdf\Desktop\unity\ReactiveTurnBase\My project A\Library\ScriptAssemblies\Unity.VisualScripting.Shared.Editor.dll
Symbol file LoadedFromMemory is not a mono symbol file
Symbol file data-0000016138A76950 doesn't match image C:\Users\asdf\Desktop\unity\ReactiveTurnBase\My project A\Library\ScriptAssemblies\UniTask.DOTween.dll
Symbol file LoadedFromMemory is not a mono symbol file
Symbol file data-0000016138A76950 doesn't match image C:\Users\asdf\Desktop\unity\ReactiveTurnBase\My project A\Library\ScriptAssemblies\UniTask.Addressables.dll
Symbol file LoadedFromMemory is not a mono symbol file
Symbol file data-00000161AE1D6010 doesn't match image C:\Users\asdf\Desktop\unity\ReactiveTurnBase\My project A\Library\ScriptAssemblies\UnityEditor.UI.dll
Symbol file LoadedFromMemory is not a mono symbol file
Symbol file data-00000161ABC42010 doesn't match image C:\Users\asdf\Desktop\unity\ReactiveTurnBase\My project A\Library\ScriptAssemblies\Unity.VisualScripting.Core.dll
Symbol file LoadedFromMemory is not a mono symbol file
Symbol file data-00000161A15A6020 doesn't match image C:\Users\asdf\Desktop\unity\ReactiveTurnBase\My project A\Library\ScriptAssemblies\UnityEngine.UI.dll
Symbol file LoadedFromMemory is not a mono symbol file
Symbol file data-00000161A2AD8010 doesn't match image C:\Users\asdf\Desktop\unity\ReactiveTurnBase\My project A\Library\ScriptAssemblies\UniTask.Editor.dll
Symbol file LoadedFromMemory is not a mono symbol file
Symbol file data-00000161A1869020 doesn't match image C:\Users\asdf\Desktop\unity\ReactiveTurnBase\My project A\Library\ScriptAssemblies\Unity.VisualScripting.Core.Editor.dll
Symbol file LoadedFromMemory is not a mono symbol file
Symbol file data-0000016210171010 doesn't match image C:\Users\asdf\Desktop\unity\ReactiveTurnBase\My project A\Library\ScriptAssemblies\UniTask.Linq.dll
Symbol file LoadedFromMemory is not a mono symbol file
Symbol file data-00000161A1B7B030 doesn't match image C:\Users\asdf\Desktop\unity\ReactiveTurnBase\My project A\Library\ScriptAssemblies\Unity.VisualScripting.Flow.dll
Symbol file LoadedFromMemory is not a mono symbol file
Symbol file data-000001617F9C3010 doesn't match image C:\Users\asdf\Desktop\unity\ReactiveTurnBase\My project A\Library\ScriptAssemblies\Unity.VisualScripting.Flow.Editor.dll
Symbol file LoadedFromMemory is not a mono symbol file
Symbol file data-000001617F366010 doesn't match image C:\Users\asdf\Desktop\unity\ReactiveTurnBase\My project A\Library\ScriptAssemblies\Unity.Timeline.dll
Symbol file LoadedFromMemory is not a mono symbol file
Symbol file data-00000162103AB010 doesn't match image C:\Users\asdf\Desktop\unity\ReactiveTurnBase\My project A\Library\ScriptAssemblies\Unity.InputSystem.dll
Symbol file LoadedFromMemory is not a mono symbol file
Symbol file data-00000161ACC15010 doesn't match image C:\Users\asdf\Desktop\unity\ReactiveTurnBase\My project A\Library\ScriptAssemblies\Unity.InputSystem.ForUI.dll
Symbol file LoadedFromMemory is not a mono symbol file
Symbol file data-00000161A2AD8010 doesn't match image C:\Users\asdf\Desktop\unity\ReactiveTurnBase\My project A\Library\ScriptAssemblies\Unity.TestTools.CodeCoverage.Editor.OpenCover.Mono.Reflection.dll
Symbol file LoadedFromMemory is not a mono symbol file
Symbol file data-00000161A2AD8010 doesn't match image C:\Users\asdf\Desktop\unity\ReactiveTurnBase\My project A\Library\ScriptAssemblies\Unity.VisualScripting.SettingsProvider.Editor.dll
Symbol file LoadedFromMemory is not a mono symbol file
Symbol file data-00000161AB96E030 doesn't match image C:\Users\asdf\Desktop\unity\ReactiveTurnBase\My project A\Library\ScriptAssemblies\Unity.Performance.Profile-Analyzer.Editor.dll
Symbol file LoadedFromMemory is not a mono symbol file
Symbol file data-000001620FD9B010 doesn't match image C:\Users\asdf\Desktop\unity\ReactiveTurnBase\My project A\Library\ScriptAssemblies\Unity.TestTools.CodeCoverage.Editor.dll
Symbol file LoadedFromMemory is not a mono symbol file
Symbol file data-000001617FB77040 doesn't match image C:\Users\asdf\Desktop\unity\ReactiveTurnBase\My project A\Library\ScriptAssemblies\Unity.TestTools.CodeCoverage.Editor.OpenCover.Model.dll
Symbol file LoadedFromMemory is not a mono symbol file
Symbol file data-00000161AE1D6010 doesn't match image C:\Users\asdf\Desktop\unity\ReactiveTurnBase\My project A\Library\ScriptAssemblies\Unity.VisualScripting.State.Editor.dll
Symbol file LoadedFromMemory is not a mono symbol file
Symbol file data-00000161AC26F470 doesn't match image C:\Users\asdf\Desktop\unity\ReactiveTurnBase\My project A\Library\ScriptAssemblies\Unity.Settings.Editor.dll
Symbol file LoadedFromMemory is not a mono symbol file
Symbol file data-000001620FEABAB0 doesn't match image C:\Users\asdf\Desktop\unity\ReactiveTurnBase\My project A\Library\ScriptAssemblies\Unity.CollabProxy.Editor.dll
Symbol file LoadedFromMemory is not a mono symbol file
Symbol file data-00000161A1B7B030 doesn't match image C:\Users\asdf\Desktop\unity\ReactiveTurnBase\My project A\Library\ScriptAssemblies\Unity.TextMeshPro.dll
Symbol file LoadedFromMemory is not a mono symbol file
Symbol file data-00000161AB297020 doesn't match image C:\Users\asdf\Desktop\unity\ReactiveTurnBase\My project A\Library\ScriptAssemblies\Unity.TextMeshPro.Editor.dll
Symbol file LoadedFromMemory is not a mono symbol file
Symbol file data-000001617F867240 doesn't match image C:\Users\asdf\Desktop\unity\ReactiveTurnBase\My project A\Library\ScriptAssemblies\UniTask.dll
Symbol file LoadedFromMemory is not a mono symbol file
Symbol file data-000001617F85F510 doesn't match image C:\Users\asdf\Desktop\unity\ReactiveTurnBase\My project A\Library\ScriptAssemblies\Unity.VisualScripting.State.dll
Symbol file LoadedFromMemory is not a mono symbol file
Symbol file data-00000161A14948A0 doesn't match image C:\Users\asdf\Desktop\unity\ReactiveTurnBase\My project A\Library\ScriptAssemblies\Unity.VSCode.Editor.dll
Symbol file LoadedFromMemory is not a mono symbol file
- Loaded All Assemblies, in  0.436 seconds
Native extension for WindowsStandalone target not found
Native extension for Android target not found
Mono: successfully reloaded assembly
- Finished resetting the current domain, in  1.138 seconds
Domain Reload Profiling: 1571ms
	BeginReloadAssembly (135ms)
		ExecutionOrderSort (0ms)
		DisableScriptedObjects (6ms)
		BackupInstance (0ms)
		ReleaseScriptingObjects (0ms)
		CreateAndSetChildDomain (31ms)
	RebuildCommonClasses (31ms)
	RebuildNativeTypeToScriptingClass (8ms)
	initialDomainReloadingComplete (32ms)
	LoadAllAssembliesAndSetupDomain (227ms)
		LoadAssemblies (282ms)
		RebuildTransferFunctionScriptingTraits (0ms)
		AnalyzeDomain (13ms)
			TypeCache.Refresh (5ms)
				TypeCache.ScanAssembly (0ms)
			ScanForSourceGeneratedMonoScriptInfo (0ms)
			ResolveRequiredComponents (7ms)
	FinalizeReload (1138ms)
		ReleaseScriptCaches (0ms)
		RebuildScriptCaches (0ms)
		SetupLoadedEditorAssemblies (642ms)
			LogAssemblyErrors (0ms)
			InitializePlatformSupportModulesInManaged (23ms)
			SetLoadedEditorAssemblies (6ms)
			RefreshPlugins (0ms)
			BeforeProcessingInitializeOnLoad (124ms)
			ProcessInitializeOnLoadAttributes (443ms)
			ProcessInitializeOnLoadMethodAttributes (38ms)
			AfterProcessingInitializeOnLoad (8ms)
			EditorAssembliesLoaded (0ms)
		ExecutionOrderSort2 (0ms)
		AwakeInstancesAfterBackupRestoration (9ms)
Refreshing native plugins compatible for Editor in 5.33 ms, found 3 plugins.
Preloading 0 native plugins for Editor in 0.00 ms.
Unloading 3941 Unused Serialized files (Serialized files now loaded: 0)
Unloading 22 unused Assets / (32.7 KB). Loaded Objects now: 4701.
Memory consumption went from 226.1 MB to 226.1 MB.
Total: 5.194000 ms (FindLiveObjects: 0.840300 ms CreateObjectMapping: 0.486000 ms MarkObjects: 3.810700 ms  DeleteObjects: 0.055600 ms)

Prepare: number of updated asset objects reloaded= 0
AssetImportParameters requested are different than current active one (requested -> active):
  custom:container-demuxer-ogg: 62fdf1f143b41e24485cea50d1cbac27 -> 
  custom:scripting/monoscript/fileName/GroggyBar.cs: 100a61dadfc5e32941fd0f737636facf -> 
  custom:video-decoder-ogg-theora: a1e56fd34408186e4bbccfd4996cb3dc -> 
  custom:framework-win-MediaFoundation: 216162199b28c13a410421893ffa2e32 -> 
  custom:CustomObjectIndexerAttribute: 9a22284fe3817be447336de3de66b15e -> 
  custom:container-demuxer-webm: 4f35f7cbe854078d1ac9338744f61a02 -> 
  custom:container-muxer-webm: aa71ff27fc2769a1b78a27578f13a17b -> 
  custom:video-decoder-webm-vp8: 9c59270c3fd7afecdb556c50c9e8de78 -> 
  custom:SearchIndexIgnoredProperties: e643bd26f0fe6173181afceb89e7c659 -> 
  custom:AudioImporter_EditorPlatform: d09bf68614088b80899f8185d706f6e7 -> 
  custom:video-encoder-webm-vp8: eb34c28f22e8b96e1ab97ce403110664 -> 
  custom:scripting/monoscript/fileName/GroggyBarFollower.cs: 819d994350b9b9cabf3c84cf4da82ff6 -> 
  custom:audio-decoder-ogg-vorbis: bf7c407c2cedff20999df2af8eb42d56 -> 
  custom:audio-encoder-webm-vorbis: bf7c407c2cedff20999df2af8eb42d56 -> 
  custom:scripting/precompiled-assembly-types:Assembly-CSharp: b46ac83b1ac601f3cf7a79e40a0cc39b -> 1476765af81e86739e20042d8f5f0532
========================================================================
Received Prepare
Caller must complete domain reload
Begin MonoManager ReloadAssembly
Symbol file data-000001620FEABAB0 doesn't match image C:\Users\asdf\Desktop\unity\ReactiveTurnBase\My project A\Library\ScriptAssemblies\Unity.EditorCoroutines.Editor.dll
Symbol file LoadedFromMemory is not a mono symbol file
Symbol file data-00000161ABA5A030 doesn't match image C:\Users\asdf\Desktop\unity\ReactiveTurnBase\My project A\Library\ScriptAssemblies\UniTask.TextMeshPro.dll
Symbol file LoadedFromMemory is not a mono symbol file
Symbol file data-00000161A127F020 doesn't match image C:\Users\asdf\Desktop\unity\ReactiveTurnBase\My project A\Library\ScriptAssemblies\Unity.Timeline.Editor.dll
Symbol file LoadedFromMemory is not a mono symbol file
Symbol file data-00000161ABA5A030 doesn't match image C:\Users\asdf\Desktop\unity\ReactiveTurnBase\My project A\Library\ScriptAssemblies\Unity.VisualScripting.Shared.Editor.dll
Symbol file LoadedFromMemory is not a mono symbol file
Symbol file data-0000016138A76950 doesn't match image C:\Users\asdf\Desktop\unity\ReactiveTurnBase\My project A\Library\ScriptAssemblies\UniTask.DOTween.dll
Symbol file LoadedFromMemory is not a mono symbol file
Symbol file data-0000016138A76950 doesn't match image C:\Users\asdf\Desktop\unity\ReactiveTurnBase\My project A\Library\ScriptAssemblies\UniTask.Addressables.dll
Symbol file LoadedFromMemory is not a mono symbol file
Symbol file data-00000161AE1D6010 doesn't match image C:\Users\asdf\Desktop\unity\ReactiveTurnBase\My project A\Library\ScriptAssemblies\UnityEditor.UI.dll
Symbol file LoadedFromMemory is not a mono symbol file
Symbol file data-00000161ABC42010 doesn't match image C:\Users\asdf\Desktop\unity\ReactiveTurnBase\My project A\Library\ScriptAssemblies\Unity.VisualScripting.Core.dll
Symbol file LoadedFromMemory is not a mono symbol file
Symbol file data-00000161A15A6020 doesn't match image C:\Users\asdf\Desktop\unity\ReactiveTurnBase\My project A\Library\ScriptAssemblies\UnityEngine.UI.dll
Symbol file LoadedFromMemory is not a mono symbol file
Symbol file data-00000161ABA5A030 doesn't match image C:\Users\asdf\Desktop\unity\ReactiveTurnBase\My project A\Library\ScriptAssemblies\UniTask.Editor.dll
Symbol file LoadedFromMemory is not a mono symbol file
Symbol file data-00000161A1869020 doesn't match image C:\Users\asdf\Desktop\unity\ReactiveTurnBase\My project A\Library\ScriptAssemblies\Unity.VisualScripting.Core.Editor.dll
Symbol file LoadedFromMemory is not a mono symbol file
Symbol file data-0000016210171010 doesn't match image C:\Users\asdf\Desktop\unity\ReactiveTurnBase\My project A\Library\ScriptAssemblies\UniTask.Linq.dll
Symbol file LoadedFromMemory is not a mono symbol file
Symbol file data-00000161A1B7B030 doesn't match image C:\Users\asdf\Desktop\unity\ReactiveTurnBase\My project A\Library\ScriptAssemblies\Unity.VisualScripting.Flow.dll
Symbol file LoadedFromMemory is not a mono symbol file
Symbol file data-000001617F9C3010 doesn't match image C:\Users\asdf\Desktop\unity\ReactiveTurnBase\My project A\Library\ScriptAssemblies\Unity.VisualScripting.Flow.Editor.dll
Symbol file LoadedFromMemory is not a mono symbol file
Symbol file data-000001617F366010 doesn't match image C:\Users\asdf\Desktop\unity\ReactiveTurnBase\My project A\Library\ScriptAssemblies\Unity.Timeline.dll
Symbol file LoadedFromMemory is not a mono symbol file
Symbol file data-00000162103AB010 doesn't match image C:\Users\asdf\Desktop\unity\ReactiveTurnBase\My project A\Library\ScriptAssemblies\Unity.InputSystem.dll
Symbol file LoadedFromMemory is not a mono symbol file
Symbol file data-00000161ACC15010 doesn't match image C:\Users\asdf\Desktop\unity\ReactiveTurnBase\My project A\Library\ScriptAssemblies\Unity.InputSystem.ForUI.dll
Symbol file LoadedFromMemory is not a mono symbol file
Symbol file data-00000161ABA5A030 doesn't match image C:\Users\asdf\Desktop\unity\ReactiveTurnBase\My project A\Library\ScriptAssemblies\Unity.TestTools.CodeCoverage.Editor.OpenCover.Mono.Reflection.dll
Symbol file LoadedFromMemory is not a mono symbol file
Symbol file data-00000161ABA5A030 doesn't match image C:\Users\asdf\Desktop\unity\ReactiveTurnBase\My project A\Library\ScriptAssemblies\Unity.VisualScripting.SettingsProvider.Editor.dll
Symbol file LoadedFromMemory is not a mono symbol file
Symbol file data-00000161AB96E030 doesn't match image C:\Users\asdf\Desktop\unity\ReactiveTurnBase\My project A\Library\ScriptAssemblies\Unity.Performance.Profile-Analyzer.Editor.dll
Symbol file LoadedFromMemory is not a mono symbol file
Symbol file data-000001620FD9B010 doesn't match image C:\Users\asdf\Desktop\unity\ReactiveTurnBase\My project A\Library\ScriptAssemblies\Unity.TestTools.CodeCoverage.Editor.dll
Symbol file LoadedFromMemory is not a mono symbol file
Symbol file data-000001617FB77040 doesn't match image C:\Users\asdf\Desktop\unity\ReactiveTurnBase\My project A\Library\ScriptAssemblies\Unity.TestTools.CodeCoverage.Editor.OpenCover.Model.dll
Symbol file LoadedFromMemory is not a mono symbol file
Symbol file data-00000161AE1D6010 doesn't match image C:\Users\asdf\Desktop\unity\ReactiveTurnBase\My project A\Library\ScriptAssemblies\Unity.VisualScripting.State.Editor.dll
Symbol file LoadedFromMemory is not a mono symbol file
Symbol file data-00000161A2004020 doesn't match image C:\Users\asdf\Desktop\unity\ReactiveTurnBase\My project A\Library\ScriptAssemblies\Unity.Settings.Editor.dll
Symbol file LoadedFromMemory is not a mono symbol file
Symbol file data-000001620FEABAB0 doesn't match image C:\Users\asdf\Desktop\unity\ReactiveTurnBase\My project A\Library\ScriptAssemblies\Unity.CollabProxy.Editor.dll
Symbol file LoadedFromMemory is not a mono symbol file
Symbol file data-00000161A1B7B030 doesn't match image C:\Users\asdf\Desktop\unity\ReactiveTurnBase\My project A\Library\ScriptAssemblies\Unity.TextMeshPro.dll
Symbol file LoadedFromMemory is not a mono symbol file
Symbol file data-00000161A2E0EE00 doesn't match image C:\Users\asdf\Desktop\unity\ReactiveTurnBase\My project A\Library\ScriptAssemblies\Unity.TextMeshPro.Editor.dll
Symbol file LoadedFromMemory is not a mono symbol file
Symbol file data-000001617F867240 doesn't match image C:\Users\asdf\Desktop\unity\ReactiveTurnBase\My project A\Library\ScriptAssemblies\UniTask.dll
Symbol file LoadedFromMemory is not a mono symbol file
Symbol file data-000001617F85F510 doesn't match image C:\Users\asdf\Desktop\unity\ReactiveTurnBase\My project A\Library\ScriptAssemblies\Unity.VisualScripting.State.dll
Symbol file LoadedFromMemory is not a mono symbol file
Symbol file data-00000161A14948A0 doesn't match image C:\Users\asdf\Desktop\unity\ReactiveTurnBase\My project A\Library\ScriptAssemblies\Unity.VSCode.Editor.dll
Symbol file LoadedFromMemory is not a mono symbol file
- Loaded All Assemblies, in  0.437 seconds
Native extension for WindowsStandalone target not found
Native extension for Android target not found
Mono: successfully reloaded assembly
- Finished resetting the current domain, in  1.094 seconds
Domain Reload Profiling: 1530ms
	BeginReloadAssembly (142ms)
		ExecutionOrderSort (0ms)
		DisableScriptedObjects (6ms)
		BackupInstance (0ms)
		ReleaseScriptingObjects (0ms)
		CreateAndSetChildDomain (30ms)
	RebuildCommonClasses (31ms)
	RebuildNativeTypeToScriptingClass (8ms)
	initialDomainReloadingComplete (26ms)
	LoadAllAssembliesAndSetupDomain (228ms)
		LoadAssemblies (291ms)
		RebuildTransferFunctionScriptingTraits (0ms)
		AnalyzeDomain (13ms)
			TypeCache.Refresh (4ms)
				TypeCache.ScanAssembly (0ms)
			ScanForSourceGeneratedMonoScriptInfo (0ms)
			ResolveRequiredComponents (6ms)
	FinalizeReload (1095ms)
		ReleaseScriptCaches (0ms)
		RebuildScriptCaches (0ms)
		SetupLoadedEditorAssemblies (607ms)
			LogAssemblyErrors (0ms)
			InitializePlatformSupportModulesInManaged (22ms)
			SetLoadedEditorAssemblies (4ms)
			RefreshPlugins (0ms)
			BeforeProcessingInitializeOnLoad (113ms)
			ProcessInitializeOnLoadAttributes (427ms)
			ProcessInitializeOnLoadMethodAttributes (33ms)
			AfterProcessingInitializeOnLoad (8ms)
			EditorAssembliesLoaded (0ms)
		ExecutionOrderSort2 (0ms)
		AwakeInstancesAfterBackupRestoration (8ms)
Refreshing native plugins compatible for Editor in 4.36 ms, found 3 plugins.
Preloading 0 native plugins for Editor in 0.00 ms.
Unloading 3941 Unused Serialized files (Serialized files now loaded: 0)
Unloading 22 unused Assets / (32.9 KB). Loaded Objects now: 4704.
Memory consumption went from 226.1 MB to 226.1 MB.
Total: 4.150300 ms (FindLiveObjects: 0.767900 ms CreateObjectMapping: 0.380200 ms MarkObjects: 2.952500 ms  DeleteObjects: 0.048200 ms)

Prepare: number of updated asset objects reloaded= 0
AssetImportParameters requested are different than current active one (requested -> active):
  custom:container-demuxer-ogg: 62fdf1f143b41e24485cea50d1cbac27 -> 
  custom:scripting/monoscript/fileName/GroggyBar.cs: 100a61dadfc5e32941fd0f737636facf -> 
  custom:video-decoder-ogg-theora: a1e56fd34408186e4bbccfd4996cb3dc -> 
  custom:framework-win-MediaFoundation: 216162199b28c13a410421893ffa2e32 -> 
  custom:CustomObjectIndexerAttribute: 9a22284fe3817be447336de3de66b15e -> 
  custom:container-demuxer-webm: 4f35f7cbe854078d1ac9338744f61a02 -> 
  custom:container-muxer-webm: aa71ff27fc2769a1b78a27578f13a17b -> 
  custom:video-decoder-webm-vp8: 9c59270c3fd7afecdb556c50c9e8de78 -> 
  custom:SearchIndexIgnoredProperties: e643bd26f0fe6173181afceb89e7c659 -> 
  custom:AudioImporter_EditorPlatform: d09bf68614088b80899f8185d706f6e7 -> 
  custom:video-encoder-webm-vp8: eb34c28f22e8b96e1ab97ce403110664 -> 
  custom:scripting/monoscript/fileName/GroggyBarFollower.cs: 819d994350b9b9cabf3c84cf4da82ff6 -> 
  custom:audio-decoder-ogg-vorbis: bf7c407c2cedff20999df2af8eb42d56 -> 
  custom:audio-encoder-webm-vorbis: bf7c407c2cedff20999df2af8eb42d56 -> 
  custom:scripting/precompiled-assembly-types:Assembly-CSharp: b46ac83b1ac601f3cf7a79e40a0cc39b -> 1476765af81e86739e20042d8f5f0532
========================================================================
Received Prepare
Caller must complete domain reload
Begin MonoManager ReloadAssembly
Symbol file data-000001620FEABAB0 doesn't match image C:\Users\asdf\Desktop\unity\ReactiveTurnBase\My project A\Library\ScriptAssemblies\Unity.EditorCoroutines.Editor.dll
Symbol file LoadedFromMemory is not a mono symbol file
Symbol file data-00000161ABA5A030 doesn't match image C:\Users\asdf\Desktop\unity\ReactiveTurnBase\My project A\Library\ScriptAssemblies\UniTask.TextMeshPro.dll
Symbol file LoadedFromMemory is not a mono symbol file
Symbol file data-00000161A127F020 doesn't match image C:\Users\asdf\Desktop\unity\ReactiveTurnBase\My project A\Library\ScriptAssemblies\Unity.Timeline.Editor.dll
Symbol file LoadedFromMemory is not a mono symbol file
Symbol file data-00000161ABA5A030 doesn't match image C:\Users\asdf\Desktop\unity\ReactiveTurnBase\My project A\Library\ScriptAssemblies\Unity.VisualScripting.Shared.Editor.dll
Symbol file LoadedFromMemory is not a mono symbol file
Symbol file data-0000016138A76950 doesn't match image C:\Users\asdf\Desktop\unity\ReactiveTurnBase\My project A\Library\ScriptAssemblies\UniTask.DOTween.dll
Symbol file LoadedFromMemory is not a mono symbol file
Symbol file data-0000016138A76950 doesn't match image C:\Users\asdf\Desktop\unity\ReactiveTurnBase\My project A\Library\ScriptAssemblies\UniTask.Addressables.dll
Symbol file LoadedFromMemory is not a mono symbol file
Symbol file data-00000161AE1D6010 doesn't match image C:\Users\asdf\Desktop\unity\ReactiveTurnBase\My project A\Library\ScriptAssemblies\UnityEditor.UI.dll
Symbol file LoadedFromMemory is not a mono symbol file
Symbol file data-00000161ABC42010 doesn't match image C:\Users\asdf\Desktop\unity\ReactiveTurnBase\My project A\Library\ScriptAssemblies\Unity.VisualScripting.Core.dll
Symbol file LoadedFromMemory is not a mono symbol file
Symbol file data-00000161A15A6020 doesn't match image C:\Users\asdf\Desktop\unity\ReactiveTurnBase\My project A\Library\ScriptAssemblies\UnityEngine.UI.dll
Symbol file LoadedFromMemory is not a mono symbol file
Symbol file data-00000161ABA5A030 doesn't match image C:\Users\asdf\Desktop\unity\ReactiveTurnBase\My project A\Library\ScriptAssemblies\UniTask.Editor.dll
Symbol file LoadedFromMemory is not a mono symbol file
Symbol file data-00000161A1869020 doesn't match image C:\Users\asdf\Desktop\unity\ReactiveTurnBase\My project A\Library\ScriptAssemblies\Unity.VisualScripting.Core.Editor.dll
Symbol file LoadedFromMemory is not a mono symbol file
Symbol file data-0000016210171010 doesn't match image C:\Users\asdf\Desktop\unity\ReactiveTurnBase\My project A\Library\ScriptAssemblies\UniTask.Linq.dll
Symbol file LoadedFromMemory is not a mono symbol file
Symbol file data-00000161A1B7B030 doesn't match image C:\Users\asdf\Desktop\unity\ReactiveTurnBase\My project A\Library\ScriptAssemblies\Unity.VisualScripting.Flow.dll
Symbol file LoadedFromMemory is not a mono symbol file
Symbol file data-000001617F9C3010 doesn't match image C:\Users\asdf\Desktop\unity\ReactiveTurnBase\My project A\Library\ScriptAssemblies\Unity.VisualScripting.Flow.Editor.dll
Symbol file LoadedFromMemory is not a mono symbol file
Symbol file data-000001617F366010 doesn't match image C:\Users\asdf\Desktop\unity\ReactiveTurnBase\My project A\Library\ScriptAssemblies\Unity.Timeline.dll
Symbol file LoadedFromMemory is not a mono symbol file
Symbol file data-00000162103ED020 doesn't match image C:\Users\asdf\Desktop\unity\ReactiveTurnBase\My project A\Library\ScriptAssemblies\Unity.InputSystem.dll
Symbol file LoadedFromMemory is not a mono symbol file
Symbol file data-00000161ACC15010 doesn't match image C:\Users\asdf\Desktop\unity\ReactiveTurnBase\My project A\Library\ScriptAssemblies\Unity.InputSystem.ForUI.dll
Symbol file LoadedFromMemory is not a mono symbol file
Symbol file data-00000161ABA5A030 doesn't match image C:\Users\asdf\Desktop\unity\ReactiveTurnBase\My project A\Library\ScriptAssemblies\Unity.TestTools.CodeCoverage.Editor.OpenCover.Mono.Reflection.dll
Symbol file LoadedFromMemory is not a mono symbol file
Symbol file data-00000161ABA5A030 doesn't match image C:\Users\asdf\Desktop\unity\ReactiveTurnBase\My project A\Library\ScriptAssemblies\Unity.VisualScripting.SettingsProvider.Editor.dll
Symbol file LoadedFromMemory is not a mono symbol file
Symbol file data-00000161A2E0EE00 doesn't match image C:\Users\asdf\Desktop\unity\ReactiveTurnBase\My project A\Library\ScriptAssemblies\Unity.Performance.Profile-Analyzer.Editor.dll
Symbol file LoadedFromMemory is not a mono symbol file
Symbol file data-000001620FD9B010 doesn't match image C:\Users\asdf\Desktop\unity\ReactiveTurnBase\My project A\Library\ScriptAssemblies\Unity.TestTools.CodeCoverage.Editor.dll
Symbol file LoadedFromMemory is not a mono symbol file
Symbol file data-000001617FB77040 doesn't match image C:\Users\asdf\Desktop\unity\ReactiveTurnBase\My project A\Library\ScriptAssemblies\Unity.TestTools.CodeCoverage.Editor.OpenCover.Model.dll
Symbol file LoadedFromMemory is not a mono symbol file
Symbol file data-00000161AE1D6010 doesn't match image C:\Users\asdf\Desktop\unity\ReactiveTurnBase\My project A\Library\ScriptAssemblies\Unity.VisualScripting.State.Editor.dll
Symbol file LoadedFromMemory is not a mono symbol file
Symbol file data-00000161AD780030 doesn't match image C:\Users\asdf\Desktop\unity\ReactiveTurnBase\My project A\Library\ScriptAssemblies\Unity.Settings.Editor.dll
Symbol file LoadedFromMemory is not a mono symbol file
Symbol file data-000001620FEABAB0 doesn't match image C:\Users\asdf\Desktop\unity\ReactiveTurnBase\My project A\Library\ScriptAssemblies\Unity.CollabProxy.Editor.dll
Symbol file LoadedFromMemory is not a mono symbol file
Symbol file data-00000161A1B7B030 doesn't match image C:\Users\asdf\Desktop\unity\ReactiveTurnBase\My project A\Library\ScriptAssemblies\Unity.TextMeshPro.dll
Symbol file LoadedFromMemory is not a mono symbol file
Symbol file data-00000161AB297020 doesn't match image C:\Users\asdf\Desktop\unity\ReactiveTurnBase\My project A\Library\ScriptAssemblies\Unity.TextMeshPro.Editor.dll
Symbol file LoadedFromMemory is not a mono symbol file
Symbol file data-000001617F867240 doesn't match image C:\Users\asdf\Desktop\unity\ReactiveTurnBase\My project A\Library\ScriptAssemblies\UniTask.dll
Symbol file LoadedFromMemory is not a mono symbol file
Symbol file data-000001617F85F510 doesn't match image C:\Users\asdf\Desktop\unity\ReactiveTurnBase\My project A\Library\ScriptAssemblies\Unity.VisualScripting.State.dll
Symbol file LoadedFromMemory is not a mono symbol file
Symbol file data-00000161A14948A0 doesn't match image C:\Users\asdf\Desktop\unity\ReactiveTurnBase\My project A\Library\ScriptAssemblies\Unity.VSCode.Editor.dll
Symbol file LoadedFromMemory is not a mono symbol file
- Loaded All Assemblies, in  0.464 seconds
Native extension for WindowsStandalone target not found
Native extension for Android target not found
Mono: successfully reloaded assembly
- Finished resetting the current domain, in  0.960 seconds
Domain Reload Profiling: 1422ms
	BeginReloadAssembly (140ms)
		ExecutionOrderSort (0ms)
		DisableScriptedObjects (8ms)
		BackupInstance (0ms)
		ReleaseScriptingObjects (0ms)
		CreateAndSetChildDomain (30ms)
	RebuildCommonClasses (29ms)
	RebuildNativeTypeToScriptingClass (10ms)
	initialDomainReloadingComplete (29ms)
	LoadAllAssembliesAndSetupDomain (253ms)
		LoadAssemblies (288ms)
		RebuildTransferFunctionScriptingTraits (0ms)
		AnalyzeDomain (37ms)
			TypeCache.Refresh (10ms)
				TypeCache.ScanAssembly (2ms)
			ScanForSourceGeneratedMonoScriptInfo (15ms)
			ResolveRequiredComponents (9ms)
	FinalizeReload (961ms)
		ReleaseScriptCaches (0ms)
		RebuildScriptCaches (0ms)
		SetupLoadedEditorAssemblies (508ms)
			LogAssemblyErrors (0ms)
			InitializePlatformSupportModulesInManaged (16ms)
			SetLoadedEditorAssemblies (4ms)
			RefreshPlugins (0ms)
			BeforeProcessingInitializeOnLoad (89ms)
			ProcessInitializeOnLoadAttributes (362ms)
			ProcessInitializeOnLoadMethodAttributes (30ms)
			AfterProcessingInitializeOnLoad (6ms)
			EditorAssembliesLoaded (0ms)
		ExecutionOrderSort2 (0ms)
		AwakeInstancesAfterBackupRestoration (6ms)
Refreshing native plugins compatible for Editor in 3.79 ms, found 3 plugins.
Preloading 0 native plugins for Editor in 0.00 ms.
Unloading 3941 Unused Serialized files (Serialized files now loaded: 0)
Unloading 22 unused Assets / (32.7 KB). Loaded Objects now: 4707.
Memory consumption went from 226.1 MB to 226.1 MB.
Total: 3.279700 ms (FindLiveObjects: 0.290800 ms CreateObjectMapping: 0.237600 ms MarkObjects: 2.701700 ms  DeleteObjects: 0.048300 ms)

Prepare: number of updated asset objects reloaded= 0
AssetImportParameters requested are different than current active one (requested -> active):
  custom:container-demuxer-ogg: 62fdf1f143b41e24485cea50d1cbac27 -> 
  custom:scripting/monoscript/fileName/GroggyBar.cs: 100a61dadfc5e32941fd0f737636facf -> 
  custom:video-decoder-ogg-theora: a1e56fd34408186e4bbccfd4996cb3dc -> 
  custom:framework-win-MediaFoundation: 216162199b28c13a410421893ffa2e32 -> 
  custom:CustomObjectIndexerAttribute: 9a22284fe3817be447336de3de66b15e -> 
  custom:container-demuxer-webm: 4f35f7cbe854078d1ac9338744f61a02 -> 
  custom:container-muxer-webm: aa71ff27fc2769a1b78a27578f13a17b -> 
  custom:video-decoder-webm-vp8: 9c59270c3fd7afecdb556c50c9e8de78 -> 
  custom:SearchIndexIgnoredProperties: e643bd26f0fe6173181afceb89e7c659 -> 
  custom:AudioImporter_EditorPlatform: d09bf68614088b80899f8185d706f6e7 -> 
  custom:video-encoder-webm-vp8: eb34c28f22e8b96e1ab97ce403110664 -> 
  custom:scripting/monoscript/fileName/GroggyBarFollower.cs: 819d994350b9b9cabf3c84cf4da82ff6 -> 
  custom:audio-decoder-ogg-vorbis: bf7c407c2cedff20999df2af8eb42d56 -> 
  custom:audio-encoder-webm-vorbis: bf7c407c2cedff20999df2af8eb42d56 -> 
  custom:scripting/precompiled-assembly-types:Assembly-CSharp: b46ac83b1ac601f3cf7a79e40a0cc39b -> 1476765af81e86739e20042d8f5f0532
========================================================================
Received Prepare
Caller must complete domain reload
Begin MonoManager ReloadAssembly
Symbol file data-000001620FEABAB0 doesn't match image C:\Users\asdf\Desktop\unity\ReactiveTurnBase\My project A\Library\ScriptAssemblies\Unity.EditorCoroutines.Editor.dll
Symbol file LoadedFromMemory is not a mono symbol file
Symbol file data-00000161ABA5A030 doesn't match image C:\Users\asdf\Desktop\unity\ReactiveTurnBase\My project A\Library\ScriptAssemblies\UniTask.TextMeshPro.dll
Symbol file LoadedFromMemory is not a mono symbol file
Symbol file data-00000161A127F020 doesn't match image C:\Users\asdf\Desktop\unity\ReactiveTurnBase\My project A\Library\ScriptAssemblies\Unity.Timeline.Editor.dll
Symbol file LoadedFromMemory is not a mono symbol file
Symbol file data-00000161ABA5A030 doesn't match image C:\Users\asdf\Desktop\unity\ReactiveTurnBase\My project A\Library\ScriptAssemblies\Unity.VisualScripting.Shared.Editor.dll
Symbol file LoadedFromMemory is not a mono symbol file
Symbol file data-00000161ACAE0510 doesn't match image C:\Users\asdf\Desktop\unity\ReactiveTurnBase\My project A\Library\ScriptAssemblies\UniTask.DOTween.dll
Symbol file LoadedFromMemory is not a mono symbol file
Symbol file data-00000161ACAE0510 doesn't match image C:\Users\asdf\Desktop\unity\ReactiveTurnBase\My project A\Library\ScriptAssemblies\UniTask.Addressables.dll
Symbol file LoadedFromMemory is not a mono symbol file
Symbol file data-00000161AE1D6010 doesn't match image C:\Users\asdf\Desktop\unity\ReactiveTurnBase\My project A\Library\ScriptAssemblies\UnityEditor.UI.dll
Symbol file LoadedFromMemory is not a mono symbol file
Symbol file data-00000161ABC42010 doesn't match image C:\Users\asdf\Desktop\unity\ReactiveTurnBase\My project A\Library\ScriptAssemblies\Unity.VisualScripting.Core.dll
Symbol file LoadedFromMemory is not a mono symbol file
Symbol file data-000001620FAD4030 doesn't match image C:\Users\asdf\Desktop\unity\ReactiveTurnBase\My project A\Library\ScriptAssemblies\UnityEngine.UI.dll
Symbol file LoadedFromMemory is not a mono symbol file
Symbol file data-00000161ABA5A030 doesn't match image C:\Users\asdf\Desktop\unity\ReactiveTurnBase\My project A\Library\ScriptAssemblies\UniTask.Editor.dll
Symbol file LoadedFromMemory is not a mono symbol file
Symbol file data-00000161A1869020 doesn't match image C:\Users\asdf\Desktop\unity\ReactiveTurnBase\My project A\Library\ScriptAssemblies\Unity.VisualScripting.Core.Editor.dll
Symbol file LoadedFromMemory is not a mono symbol file
Symbol file data-0000016210171010 doesn't match image C:\Users\asdf\Desktop\unity\ReactiveTurnBase\My project A\Library\ScriptAssemblies\UniTask.Linq.dll
Symbol file LoadedFromMemory is not a mono symbol file
Symbol file data-00000161A1B7B030 doesn't match image C:\Users\asdf\Desktop\unity\ReactiveTurnBase\My project A\Library\ScriptAssemblies\Unity.VisualScripting.Flow.dll
Symbol file LoadedFromMemory is not a mono symbol file
Symbol file data-000001617F9C3010 doesn't match image C:\Users\asdf\Desktop\unity\ReactiveTurnBase\My project A\Library\ScriptAssemblies\Unity.VisualScripting.Flow.Editor.dll
Symbol file LoadedFromMemory is not a mono symbol file
Symbol file data-000001617F366010 doesn't match image C:\Users\asdf\Desktop\unity\ReactiveTurnBase\My project A\Library\ScriptAssemblies\Unity.Timeline.dll
Symbol file LoadedFromMemory is not a mono symbol file
Symbol file data-000001621042F010 doesn't match image C:\Users\asdf\Desktop\unity\ReactiveTurnBase\My project A\Library\ScriptAssemblies\Unity.InputSystem.dll
Symbol file LoadedFromMemory is not a mono symbol file
Symbol file data-00000161ACAE0510 doesn't match image C:\Users\asdf\Desktop\unity\ReactiveTurnBase\My project A\Library\ScriptAssemblies\Unity.InputSystem.ForUI.dll
Symbol file LoadedFromMemory is not a mono symbol file
Symbol file data-00000161ABA5A030 doesn't match image C:\Users\asdf\Desktop\unity\ReactiveTurnBase\My project A\Library\ScriptAssemblies\Unity.TestTools.CodeCoverage.Editor.OpenCover.Mono.Reflection.dll
Symbol file LoadedFromMemory is not a mono symbol file
Symbol file data-00000161ABA5A030 doesn't match image C:\Users\asdf\Desktop\unity\ReactiveTurnBase\My project A\Library\ScriptAssemblies\Unity.VisualScripting.SettingsProvider.Editor.dll
Symbol file LoadedFromMemory is not a mono symbol file
Symbol file data-00000161AB96E030 doesn't match image C:\Users\asdf\Desktop\unity\ReactiveTurnBase\My project A\Library\ScriptAssemblies\Unity.Performance.Profile-Analyzer.Editor.dll
Symbol file LoadedFromMemory is not a mono symbol file
Symbol file data-00000161AD4D6020 doesn't match image C:\Users\asdf\Desktop\unity\ReactiveTurnBase\My project A\Library\ScriptAssemblies\Unity.TestTools.CodeCoverage.Editor.dll
Symbol file LoadedFromMemory is not a mono symbol file
Symbol file data-000001617FB77040 doesn't match image C:\Users\asdf\Desktop\unity\ReactiveTurnBase\My project A\Library\ScriptAssemblies\Unity.TestTools.CodeCoverage.Editor.OpenCover.Model.dll
Symbol file LoadedFromMemory is not a mono symbol file
Symbol file data-00000161AE1D6010 doesn't match image C:\Users\asdf\Desktop\unity\ReactiveTurnBase\My project A\Library\ScriptAssemblies\Unity.VisualScripting.State.Editor.dll
Symbol file LoadedFromMemory is not a mono symbol file
Symbol file data-00000161ACF39010 doesn't match image C:\Users\asdf\Desktop\unity\ReactiveTurnBase\My project A\Library\ScriptAssemblies\Unity.Settings.Editor.dll
Symbol file LoadedFromMemory is not a mono symbol file
Symbol file data-000001620FEABAB0 doesn't match image C:\Users\asdf\Desktop\unity\ReactiveTurnBase\My project A\Library\ScriptAssemblies\Unity.CollabProxy.Editor.dll
Symbol file LoadedFromMemory is not a mono symbol file
Symbol file data-00000161A1B7B030 doesn't match image C:\Users\asdf\Desktop\unity\ReactiveTurnBase\My project A\Library\ScriptAssemblies\Unity.TextMeshPro.dll
Symbol file LoadedFromMemory is not a mono symbol file
Symbol file data-00000161A2E0EE00 doesn't match image C:\Users\asdf\Desktop\unity\ReactiveTurnBase\My project A\Library\ScriptAssemblies\Unity.TextMeshPro.Editor.dll
Symbol file LoadedFromMemory is not a mono symbol file
Symbol file data-000001617F867240 doesn't match image C:\Users\asdf\Desktop\unity\ReactiveTurnBase\My project A\Library\ScriptAssemblies\UniTask.dll
Symbol file LoadedFromMemory is not a mono symbol file
Symbol file data-000001617F85F510 doesn't match image C:\Users\asdf\Desktop\unity\ReactiveTurnBase\My project A\Library\ScriptAssemblies\Unity.VisualScripting.State.dll
Symbol file LoadedFromMemory is not a mono symbol file
Symbol file data-00000161A14948A0 doesn't match image C:\Users\asdf\Desktop\unity\ReactiveTurnBase\My project A\Library\ScriptAssemblies\Unity.VSCode.Editor.dll
Symbol file LoadedFromMemory is not a mono symbol file
- Loaded All Assemblies, in  0.448 seconds
Native extension for WindowsStandalone target not found
Native extension for Android target not found
Mono: successfully reloaded assembly
- Finished resetting the current domain, in  1.132 seconds
Domain Reload Profiling: 1578ms
	BeginReloadAssembly (134ms)
		ExecutionOrderSort (0ms)
		DisableScriptedObjects (6ms)
		BackupInstance (0ms)
		ReleaseScriptingObjects (0ms)
		CreateAndSetChildDomain (30ms)
	RebuildCommonClasses (26ms)
	RebuildNativeTypeToScriptingClass (13ms)
	initialDomainReloadingComplete (31ms)
	LoadAllAssembliesAndSetupDomain (242ms)
		LoadAssemblies (295ms)
		RebuildTransferFunctionScriptingTraits (0ms)
		AnalyzeDomain (14ms)
			TypeCache.Refresh (5ms)
				TypeCache.ScanAssembly (0ms)
			ScanForSourceGeneratedMonoScriptInfo (0ms)
			ResolveRequiredComponents (7ms)
	FinalizeReload (1133ms)
		ReleaseScriptCaches (0ms)
		RebuildScriptCaches (0ms)
		SetupLoadedEditorAssemblies (622ms)
			LogAssemblyErrors (0ms)
			InitializePlatformSupportModulesInManaged (23ms)
			SetLoadedEditorAssemblies (4ms)
			RefreshPlugins (0ms)
			BeforeProcessingInitializeOnLoad (116ms)
			ProcessInitializeOnLoadAttributes (433ms)
			ProcessInitializeOnLoadMethodAttributes (38ms)
			AfterProcessingInitializeOnLoad (7ms)
			EditorAssembliesLoaded (0ms)
		ExecutionOrderSort2 (0ms)
		AwakeInstancesAfterBackupRestoration (8ms)
Refreshing native plugins compatible for Editor in 4.62 ms, found 3 plugins.
Preloading 0 native plugins for Editor in 0.00 ms.
Unloading 3941 Unused Serialized files (Serialized files now loaded: 0)
Unloading 22 unused Assets / (32.8 KB). Loaded Objects now: 4710.
Memory consumption went from 226.1 MB to 226.1 MB.
Total: 4.624600 ms (FindLiveObjects: 0.330300 ms CreateObjectMapping: 0.236700 ms MarkObjects: 3.921100 ms  DeleteObjects: 0.135400 ms)

Prepare: number of updated asset objects reloaded= 0
AssetImportParameters requested are different than current active one (requested -> active):
  custom:container-demuxer-ogg: 62fdf1f143b41e24485cea50d1cbac27 -> 
  custom:scripting/monoscript/fileName/GroggyBar.cs: 100a61dadfc5e32941fd0f737636facf -> 
  custom:video-decoder-ogg-theora: a1e56fd34408186e4bbccfd4996cb3dc -> 
  custom:framework-win-MediaFoundation: 216162199b28c13a410421893ffa2e32 -> 
  custom:CustomObjectIndexerAttribute: 9a22284fe3817be447336de3de66b15e -> 
  custom:container-demuxer-webm: 4f35f7cbe854078d1ac9338744f61a02 -> 
  custom:container-muxer-webm: aa71ff27fc2769a1b78a27578f13a17b -> 
  custom:video-decoder-webm-vp8: 9c59270c3fd7afecdb556c50c9e8de78 -> 
  custom:SearchIndexIgnoredProperties: e643bd26f0fe6173181afceb89e7c659 -> 
  custom:AudioImporter_EditorPlatform: d09bf68614088b80899f8185d706f6e7 -> 
  custom:video-encoder-webm-vp8: eb34c28f22e8b96e1ab97ce403110664 -> 
  custom:scripting/monoscript/fileName/GroggyBarFollower.cs: 819d994350b9b9cabf3c84cf4da82ff6 -> 
  custom:audio-decoder-ogg-vorbis: bf7c407c2cedff20999df2af8eb42d56 -> 
  custom:audio-encoder-webm-vorbis: bf7c407c2cedff20999df2af8eb42d56 -> 
  custom:scripting/precompiled-assembly-types:Assembly-CSharp: b46ac83b1ac601f3cf7a79e40a0cc39b -> 1476765af81e86739e20042d8f5f0532
========================================================================
Received Prepare
Caller must complete domain reload
Begin MonoManager ReloadAssembly
Symbol file data-000001620FEABAB0 doesn't match image C:\Users\asdf\Desktop\unity\ReactiveTurnBase\My project A\Library\ScriptAssemblies\Unity.EditorCoroutines.Editor.dll
Symbol file LoadedFromMemory is not a mono symbol file
Symbol file data-00000161A2AD8010 doesn't match image C:\Users\asdf\Desktop\unity\ReactiveTurnBase\My project A\Library\ScriptAssemblies\UniTask.TextMeshPro.dll
Symbol file LoadedFromMemory is not a mono symbol file
Symbol file data-00000161A127F020 doesn't match image C:\Users\asdf\Desktop\unity\ReactiveTurnBase\My project A\Library\ScriptAssemblies\Unity.Timeline.Editor.dll
Symbol file LoadedFromMemory is not a mono symbol file
Symbol file data-00000161A2AD8010 doesn't match image C:\Users\asdf\Desktop\unity\ReactiveTurnBase\My project A\Library\ScriptAssemblies\Unity.VisualScripting.Shared.Editor.dll
Symbol file LoadedFromMemory is not a mono symbol file
Symbol file data-00000161ACAE0510 doesn't match image C:\Users\asdf\Desktop\unity\ReactiveTurnBase\My project A\Library\ScriptAssemblies\UniTask.DOTween.dll
Symbol file LoadedFromMemory is not a mono symbol file
Symbol file data-00000161ACAE0510 doesn't match image C:\Users\asdf\Desktop\unity\ReactiveTurnBase\My project A\Library\ScriptAssemblies\UniTask.Addressables.dll
Symbol file LoadedFromMemory is not a mono symbol file
Symbol file data-00000161AE1D6010 doesn't match image C:\Users\asdf\Desktop\unity\ReactiveTurnBase\My project A\Library\ScriptAssemblies\UnityEditor.UI.dll
Symbol file LoadedFromMemory is not a mono symbol file
Symbol file data-00000161ABC42010 doesn't match image C:\Users\asdf\Desktop\unity\ReactiveTurnBase\My project A\Library\ScriptAssemblies\Unity.VisualScripting.Core.dll
Symbol file LoadedFromMemory is not a mono symbol file
Symbol file data-000001620FAD4030 doesn't match image C:\Users\asdf\Desktop\unity\ReactiveTurnBase\My project A\Library\ScriptAssemblies\UnityEngine.UI.dll
Symbol file LoadedFromMemory is not a mono symbol file
Symbol file data-00000161A2AD8010 doesn't match image C:\Users\asdf\Desktop\unity\ReactiveTurnBase\My project A\Library\ScriptAssemblies\UniTask.Editor.dll
Symbol file LoadedFromMemory is not a mono symbol file
Symbol file data-00000161A1869020 doesn't match image C:\Users\asdf\Desktop\unity\ReactiveTurnBase\My project A\Library\ScriptAssemblies\Unity.VisualScripting.Core.Editor.dll
Symbol file LoadedFromMemory is not a mono symbol file
Symbol file data-0000016210171010 doesn't match image C:\Users\asdf\Desktop\unity\ReactiveTurnBase\My project A\Library\ScriptAssemblies\UniTask.Linq.dll
Symbol file LoadedFromMemory is not a mono symbol file
Symbol file data-00000161A1B7B030 doesn't match image C:\Users\asdf\Desktop\unity\ReactiveTurnBase\My project A\Library\ScriptAssemblies\Unity.VisualScripting.Flow.dll
Symbol file LoadedFromMemory is not a mono symbol file
Symbol file data-000001617F9C3010 doesn't match image C:\Users\asdf\Desktop\unity\ReactiveTurnBase\My project A\Library\ScriptAssemblies\Unity.VisualScripting.Flow.Editor.dll
Symbol file LoadedFromMemory is not a mono symbol file
Symbol file data-000001617F366010 doesn't match image C:\Users\asdf\Desktop\unity\ReactiveTurnBase\My project A\Library\ScriptAssemblies\Unity.Timeline.dll
Symbol file LoadedFromMemory is not a mono symbol file
Symbol file data-0000016210471020 doesn't match image C:\Users\asdf\Desktop\unity\ReactiveTurnBase\My project A\Library\ScriptAssemblies\Unity.InputSystem.dll
Symbol file LoadedFromMemory is not a mono symbol file
Symbol file data-00000161ACAE0510 doesn't match image C:\Users\asdf\Desktop\unity\ReactiveTurnBase\My project A\Library\ScriptAssemblies\Unity.InputSystem.ForUI.dll
Symbol file LoadedFromMemory is not a mono symbol file
Symbol file data-00000161A2AD8010 doesn't match image C:\Users\asdf\Desktop\unity\ReactiveTurnBase\My project A\Library\ScriptAssemblies\Unity.TestTools.CodeCoverage.Editor.OpenCover.Mono.Reflection.dll
Symbol file LoadedFromMemory is not a mono symbol file
Symbol file data-00000161A2AD8010 doesn't match image C:\Users\asdf\Desktop\unity\ReactiveTurnBase\My project A\Library\ScriptAssemblies\Unity.VisualScripting.SettingsProvider.Editor.dll
Symbol file LoadedFromMemory is not a mono symbol file
Symbol file data-00000161AB96E030 doesn't match image C:\Users\asdf\Desktop\unity\ReactiveTurnBase\My project A\Library\ScriptAssemblies\Unity.Performance.Profile-Analyzer.Editor.dll
Symbol file LoadedFromMemory is not a mono symbol file
Symbol file data-000001620FD9B010 doesn't match image C:\Users\asdf\Desktop\unity\ReactiveTurnBase\My project A\Library\ScriptAssemblies\Unity.TestTools.CodeCoverage.Editor.dll
Symbol file LoadedFromMemory is not a mono symbol file
Symbol file data-000001617FB77040 doesn't match image C:\Users\asdf\Desktop\unity\ReactiveTurnBase\My project A\Library\ScriptAssemblies\Unity.TestTools.CodeCoverage.Editor.OpenCover.Model.dll
Symbol file LoadedFromMemory is not a mono symbol file
Symbol file data-00000161AE1D6010 doesn't match image C:\Users\asdf\Desktop\unity\ReactiveTurnBase\My project A\Library\ScriptAssemblies\Unity.VisualScripting.State.Editor.dll
Symbol file LoadedFromMemory is not a mono symbol file
Symbol file data-00000161AD4DE030 doesn't match image C:\Users\asdf\Desktop\unity\ReactiveTurnBase\My project A\Library\ScriptAssemblies\Unity.Settings.Editor.dll
Symbol file LoadedFromMemory is not a mono symbol file
Symbol file data-000001620FEABAB0 doesn't match image C:\Users\asdf\Desktop\unity\ReactiveTurnBase\My project A\Library\ScriptAssemblies\Unity.CollabProxy.Editor.dll
Symbol file LoadedFromMemory is not a mono symbol file
Symbol file data-00000161A1B7B030 doesn't match image C:\Users\asdf\Desktop\unity\ReactiveTurnBase\My project A\Library\ScriptAssemblies\Unity.TextMeshPro.dll
Symbol file LoadedFromMemory is not a mono symbol file
Symbol file data-00000161AB297020 doesn't match image C:\Users\asdf\Desktop\unity\ReactiveTurnBase\My project A\Library\ScriptAssemblies\Unity.TextMeshPro.Editor.dll
Symbol file LoadedFromMemory is not a mono symbol file
Symbol file data-000001617F867240 doesn't match image C:\Users\asdf\Desktop\unity\ReactiveTurnBase\My project A\Library\ScriptAssemblies\UniTask.dll
Symbol file LoadedFromMemory is not a mono symbol file
Symbol file data-000001617F85F510 doesn't match image C:\Users\asdf\Desktop\unity\ReactiveTurnBase\My project A\Library\ScriptAssemblies\Unity.VisualScripting.State.dll
Symbol file LoadedFromMemory is not a mono symbol file
Symbol file data-00000161A14948A0 doesn't match image C:\Users\asdf\Desktop\unity\ReactiveTurnBase\My project A\Library\ScriptAssemblies\Unity.VSCode.Editor.dll
Symbol file LoadedFromMemory is not a mono symbol file
- Loaded All Assemblies, in  0.463 seconds
Native extension for WindowsStandalone target not found
Native extension for Android target not found
Mono: successfully reloaded assembly
- Finished resetting the current domain, in  0.970 seconds
Domain Reload Profiling: 1430ms
	BeginReloadAssembly (146ms)
		ExecutionOrderSort (0ms)
		DisableScriptedObjects (6ms)
		BackupInstance (0ms)
		ReleaseScriptingObjects (0ms)
		CreateAndSetChildDomain (39ms)
	RebuildCommonClasses (28ms)
	RebuildNativeTypeToScriptingClass (9ms)
	initialDomainReloadingComplete (27ms)
	LoadAllAssembliesAndSetupDomain (250ms)
		LoadAssemblies (286ms)
		RebuildTransferFunctionScriptingTraits (0ms)
		AnalyzeDomain (33ms)
			TypeCache.Refresh (13ms)
				TypeCache.ScanAssembly (4ms)
			ScanForSourceGeneratedMonoScriptInfo (11ms)
			ResolveRequiredComponents (6ms)
	FinalizeReload (970ms)
		ReleaseScriptCaches (0ms)
		RebuildScriptCaches (0ms)
		SetupLoadedEditorAssemblies (517ms)
			LogAssemblyErrors (0ms)
			InitializePlatformSupportModulesInManaged (17ms)
			SetLoadedEditorAssemblies (4ms)
			RefreshPlugins (0ms)
			BeforeProcessingInitializeOnLoad (107ms)
			ProcessInitializeOnLoadAttributes (351ms)
			ProcessInitializeOnLoadMethodAttributes (31ms)
			AfterProcessingInitializeOnLoad (6ms)
			EditorAssembliesLoaded (0ms)
		ExecutionOrderSort2 (0ms)
		AwakeInstancesAfterBackupRestoration (5ms)
Refreshing native plugins compatible for Editor in 3.88 ms, found 3 plugins.
Preloading 0 native plugins for Editor in 0.00 ms.
Unloading 3941 Unused Serialized files (Serialized files now loaded: 0)
Unloading 22 unused Assets / (32.7 KB). Loaded Objects now: 4713.
Memory consumption went from 226.1 MB to 226.1 MB.
Total: 3.180600 ms (FindLiveObjects: 0.292700 ms CreateObjectMapping: 0.224200 ms MarkObjects: 2.614100 ms  DeleteObjects: 0.049100 ms)

Prepare: number of updated asset objects reloaded= 0
AssetImportParameters requested are different than current active one (requested -> active):
  custom:container-demuxer-ogg: 62fdf1f143b41e24485cea50d1cbac27 -> 
  custom:scripting/monoscript/fileName/GroggyBar.cs: 100a61dadfc5e32941fd0f737636facf -> 
  custom:video-decoder-ogg-theora: a1e56fd34408186e4bbccfd4996cb3dc -> 
  custom:framework-win-MediaFoundation: 216162199b28c13a410421893ffa2e32 -> 
  custom:CustomObjectIndexerAttribute: 9a22284fe3817be447336de3de66b15e -> 
  custom:container-demuxer-webm: 4f35f7cbe854078d1ac9338744f61a02 -> 
  custom:container-muxer-webm: aa71ff27fc2769a1b78a27578f13a17b -> 
  custom:video-decoder-webm-vp8: 9c59270c3fd7afecdb556c50c9e8de78 -> 
  custom:SearchIndexIgnoredProperties: e643bd26f0fe6173181afceb89e7c659 -> 
  custom:AudioImporter_EditorPlatform: d09bf68614088b80899f8185d706f6e7 -> 
  custom:video-encoder-webm-vp8: eb34c28f22e8b96e1ab97ce403110664 -> 
  custom:scripting/monoscript/fileName/GroggyBarFollower.cs: 819d994350b9b9cabf3c84cf4da82ff6 -> 
  custom:audio-decoder-ogg-vorbis: bf7c407c2cedff20999df2af8eb42d56 -> 
  custom:audio-encoder-webm-vorbis: bf7c407c2cedff20999df2af8eb42d56 -> 
  custom:scripting/precompiled-assembly-types:Assembly-CSharp: b46ac83b1ac601f3cf7a79e40a0cc39b -> 1476765af81e86739e20042d8f5f0532
========================================================================
Received Prepare
Caller must complete domain reload
Begin MonoManager ReloadAssembly
Symbol file data-000001620FEABAB0 doesn't match image C:\Users\asdf\Desktop\unity\ReactiveTurnBase\My project A\Library\ScriptAssemblies\Unity.EditorCoroutines.Editor.dll
Symbol file LoadedFromMemory is not a mono symbol file
Symbol file data-00000161ABA5A030 doesn't match image C:\Users\asdf\Desktop\unity\ReactiveTurnBase\My project A\Library\ScriptAssemblies\UniTask.TextMeshPro.dll
Symbol file LoadedFromMemory is not a mono symbol file
Symbol file data-00000161A127F020 doesn't match image C:\Users\asdf\Desktop\unity\ReactiveTurnBase\My project A\Library\ScriptAssemblies\Unity.Timeline.Editor.dll
Symbol file LoadedFromMemory is not a mono symbol file
Symbol file data-00000161ABA5A030 doesn't match image C:\Users\asdf\Desktop\unity\ReactiveTurnBase\My project A\Library\ScriptAssemblies\Unity.VisualScripting.Shared.Editor.dll
Symbol file LoadedFromMemory is not a mono symbol file
Symbol file data-00000161ACAE0510 doesn't match image C:\Users\asdf\Desktop\unity\ReactiveTurnBase\My project A\Library\ScriptAssemblies\UniTask.DOTween.dll
Symbol file LoadedFromMemory is not a mono symbol file
Symbol file data-00000161ACAE0510 doesn't match image C:\Users\asdf\Desktop\unity\ReactiveTurnBase\My project A\Library\ScriptAssemblies\UniTask.Addressables.dll
Symbol file LoadedFromMemory is not a mono symbol file
Symbol file data-00000161A1A61010 doesn't match image C:\Users\asdf\Desktop\unity\ReactiveTurnBase\My project A\Library\ScriptAssemblies\UnityEditor.UI.dll
Symbol file LoadedFromMemory is not a mono symbol file
Symbol file data-00000161ABC42010 doesn't match image C:\Users\asdf\Desktop\unity\ReactiveTurnBase\My project A\Library\ScriptAssemblies\Unity.VisualScripting.Core.dll
Symbol file LoadedFromMemory is not a mono symbol file
Symbol file data-00000161A15A6020 doesn't match image C:\Users\asdf\Desktop\unity\ReactiveTurnBase\My project A\Library\ScriptAssemblies\UnityEngine.UI.dll
Symbol file LoadedFromMemory is not a mono symbol file
Symbol file data-00000161ABA5A030 doesn't match image C:\Users\asdf\Desktop\unity\ReactiveTurnBase\My project A\Library\ScriptAssemblies\UniTask.Editor.dll
Symbol file LoadedFromMemory is not a mono symbol file
Symbol file data-00000161A1869020 doesn't match image C:\Users\asdf\Desktop\unity\ReactiveTurnBase\My project A\Library\ScriptAssemblies\Unity.VisualScripting.Core.Editor.dll
Symbol file LoadedFromMemory is not a mono symbol file
Symbol file data-0000016210171010 doesn't match image C:\Users\asdf\Desktop\unity\ReactiveTurnBase\My project A\Library\ScriptAssemblies\UniTask.Linq.dll
Symbol file LoadedFromMemory is not a mono symbol file
Symbol file data-00000161A1B7B030 doesn't match image C:\Users\asdf\Desktop\unity\ReactiveTurnBase\My project A\Library\ScriptAssemblies\Unity.VisualScripting.Flow.dll
Symbol file LoadedFromMemory is not a mono symbol file
Symbol file data-000001617F9C3010 doesn't match image C:\Users\asdf\Desktop\unity\ReactiveTurnBase\My project A\Library\ScriptAssemblies\Unity.VisualScripting.Flow.Editor.dll
Symbol file LoadedFromMemory is not a mono symbol file
Symbol file data-000001617F366010 doesn't match image C:\Users\asdf\Desktop\unity\ReactiveTurnBase\My project A\Library\ScriptAssemblies\Unity.Timeline.dll
Symbol file LoadedFromMemory is not a mono symbol file
Symbol file data-00000162104B3010 doesn't match image C:\Users\asdf\Desktop\unity\ReactiveTurnBase\My project A\Library\ScriptAssemblies\Unity.InputSystem.dll
Symbol file LoadedFromMemory is not a mono symbol file
Symbol file data-00000161ACAE0510 doesn't match image C:\Users\asdf\Desktop\unity\ReactiveTurnBase\My project A\Library\ScriptAssemblies\Unity.InputSystem.ForUI.dll
Symbol file LoadedFromMemory is not a mono symbol file
Symbol file data-00000161ABA5A030 doesn't match image C:\Users\asdf\Desktop\unity\ReactiveTurnBase\My project A\Library\ScriptAssemblies\Unity.TestTools.CodeCoverage.Editor.OpenCover.Mono.Reflection.dll
Symbol file LoadedFromMemory is not a mono symbol file
Symbol file data-00000161ABA5A030 doesn't match image C:\Users\asdf\Desktop\unity\ReactiveTurnBase\My project A\Library\ScriptAssemblies\Unity.VisualScripting.SettingsProvider.Editor.dll
Symbol file LoadedFromMemory is not a mono symbol file
Symbol file data-00000161AB96E030 doesn't match image C:\Users\asdf\Desktop\unity\ReactiveTurnBase\My project A\Library\ScriptAssemblies\Unity.Performance.Profile-Analyzer.Editor.dll
Symbol file LoadedFromMemory is not a mono symbol file
Symbol file data-000001620FD9B010 doesn't match image C:\Users\asdf\Desktop\unity\ReactiveTurnBase\My project A\Library\ScriptAssemblies\Unity.TestTools.CodeCoverage.Editor.dll
Symbol file LoadedFromMemory is not a mono symbol file
Symbol file data-000001617FB77040 doesn't match image C:\Users\asdf\Desktop\unity\ReactiveTurnBase\My project A\Library\ScriptAssemblies\Unity.TestTools.CodeCoverage.Editor.OpenCover.Model.dll
Symbol file LoadedFromMemory is not a mono symbol file
Symbol file data-00000161AE1D6010 doesn't match image C:\Users\asdf\Desktop\unity\ReactiveTurnBase\My project A\Library\ScriptAssemblies\Unity.VisualScripting.State.Editor.dll
Symbol file LoadedFromMemory is not a mono symbol file
Symbol file data-000001620FDB1500 doesn't match image C:\Users\asdf\Desktop\unity\ReactiveTurnBase\My project A\Library\ScriptAssemblies\Unity.Settings.Editor.dll
Symbol file LoadedFromMemory is not a mono symbol file
Symbol file data-000001620FEABAB0 doesn't match image C:\Users\asdf\Desktop\unity\ReactiveTurnBase\My project A\Library\ScriptAssemblies\Unity.CollabProxy.Editor.dll
Symbol file LoadedFromMemory is not a mono symbol file
Symbol file data-00000161A1B7B030 doesn't match image C:\Users\asdf\Desktop\unity\ReactiveTurnBase\My project A\Library\ScriptAssemblies\Unity.TextMeshPro.dll
Symbol file LoadedFromMemory is not a mono symbol file
Symbol file data-00000161A2E0EE00 doesn't match image C:\Users\asdf\Desktop\unity\ReactiveTurnBase\My project A\Library\ScriptAssemblies\Unity.TextMeshPro.Editor.dll
Symbol file LoadedFromMemory is not a mono symbol file
Symbol file data-000001617F867240 doesn't match image C:\Users\asdf\Desktop\unity\ReactiveTurnBase\My project A\Library\ScriptAssemblies\UniTask.dll
Symbol file LoadedFromMemory is not a mono symbol file
Symbol file data-000001617F85F510 doesn't match image C:\Users\asdf\Desktop\unity\ReactiveTurnBase\My project A\Library\ScriptAssemblies\Unity.VisualScripting.State.dll
Symbol file LoadedFromMemory is not a mono symbol file
Symbol file data-00000161A14948A0 doesn't match image C:\Users\asdf\Desktop\unity\ReactiveTurnBase\My project A\Library\ScriptAssemblies\Unity.VSCode.Editor.dll
Symbol file LoadedFromMemory is not a mono symbol file
- Loaded All Assemblies, in  0.434 seconds
Native extension for WindowsStandalone target not found
Native extension for Android target not found
Mono: successfully reloaded assembly
- Finished resetting the current domain, in  1.203 seconds
Domain Reload Profiling: 1634ms
	BeginReloadAssembly (132ms)
		ExecutionOrderSort (0ms)
		DisableScriptedObjects (6ms)
		BackupInstance (0ms)
		ReleaseScriptingObjects (0ms)
		CreateAndSetChildDomain (30ms)
	RebuildCommonClasses (25ms)
	RebuildNativeTypeToScriptingClass (9ms)
	initialDomainReloadingComplete (27ms)
	LoadAllAssembliesAndSetupDomain (238ms)
		LoadAssemblies (291ms)
		RebuildTransferFunctionScriptingTraits (0ms)
		AnalyzeDomain (14ms)
			TypeCache.Refresh (5ms)
				TypeCache.ScanAssembly (0ms)
			ScanForSourceGeneratedMonoScriptInfo (0ms)
			ResolveRequiredComponents (7ms)
	FinalizeReload (1203ms)
		ReleaseScriptCaches (0ms)
		RebuildScriptCaches (0ms)
		SetupLoadedEditorAssemblies (696ms)
			LogAssemblyErrors (0ms)
			InitializePlatformSupportModulesInManaged (21ms)
			SetLoadedEditorAssemblies (5ms)
			RefreshPlugins (0ms)
			BeforeProcessingInitializeOnLoad (113ms)
			ProcessInitializeOnLoadAttributes (512ms)
			ProcessInitializeOnLoadMethodAttributes (37ms)
			AfterProcessingInitializeOnLoad (8ms)
			EditorAssembliesLoaded (0ms)
		ExecutionOrderSort2 (0ms)
		AwakeInstancesAfterBackupRestoration (8ms)
Refreshing native plugins compatible for Editor in 4.85 ms, found 3 plugins.
Preloading 0 native plugins for Editor in 0.00 ms.
Unloading 3941 Unused Serialized files (Serialized files now loaded: 0)
Unloading 22 unused Assets / (32.8 KB). Loaded Objects now: 4716.
Memory consumption went from 226.1 MB to 226.1 MB.
Total: 4.174900 ms (FindLiveObjects: 0.318600 ms CreateObjectMapping: 0.244200 ms MarkObjects: 3.490800 ms  DeleteObjects: 0.120200 ms)

Prepare: number of updated asset objects reloaded= 0
AssetImportParameters requested are different than current active one (requested -> active):
  custom:container-demuxer-ogg: 62fdf1f143b41e24485cea50d1cbac27 -> 
  custom:scripting/monoscript/fileName/GroggyBar.cs: 100a61dadfc5e32941fd0f737636facf -> 
  custom:video-decoder-ogg-theora: a1e56fd34408186e4bbccfd4996cb3dc -> 
  custom:framework-win-MediaFoundation: 216162199b28c13a410421893ffa2e32 -> 
  custom:CustomObjectIndexerAttribute: 9a22284fe3817be447336de3de66b15e -> 
  custom:container-demuxer-webm: 4f35f7cbe854078d1ac9338744f61a02 -> 
  custom:container-muxer-webm: aa71ff27fc2769a1b78a27578f13a17b -> 
  custom:video-decoder-webm-vp8: 9c59270c3fd7afecdb556c50c9e8de78 -> 
  custom:SearchIndexIgnoredProperties: e643bd26f0fe6173181afceb89e7c659 -> 
  custom:AudioImporter_EditorPlatform: d09bf68614088b80899f8185d706f6e7 -> 
  custom:video-encoder-webm-vp8: eb34c28f22e8b96e1ab97ce403110664 -> 
  custom:scripting/monoscript/fileName/GroggyBarFollower.cs: 819d994350b9b9cabf3c84cf4da82ff6 -> 
  custom:audio-decoder-ogg-vorbis: bf7c407c2cedff20999df2af8eb42d56 -> 
  custom:audio-encoder-webm-vorbis: bf7c407c2cedff20999df2af8eb42d56 -> 
  custom:scripting/precompiled-assembly-types:Assembly-CSharp: b46ac83b1ac601f3cf7a79e40a0cc39b -> 1476765af81e86739e20042d8f5f0532
========================================================================
Received Prepare
Caller must complete domain reload
Begin MonoManager ReloadAssembly
Symbol file data-000001620FEABAB0 doesn't match image C:\Users\asdf\Desktop\unity\ReactiveTurnBase\My project A\Library\ScriptAssemblies\Unity.EditorCoroutines.Editor.dll
Symbol file LoadedFromMemory is not a mono symbol file
Symbol file data-00000161A2AD8010 doesn't match image C:\Users\asdf\Desktop\unity\ReactiveTurnBase\My project A\Library\ScriptAssemblies\UniTask.TextMeshPro.dll
Symbol file LoadedFromMemory is not a mono symbol file
Symbol file data-00000161A127F020 doesn't match image C:\Users\asdf\Desktop\unity\ReactiveTurnBase\My project A\Library\ScriptAssemblies\Unity.Timeline.Editor.dll
Symbol file LoadedFromMemory is not a mono symbol file
Symbol file data-00000161A2AD8010 doesn't match image C:\Users\asdf\Desktop\unity\ReactiveTurnBase\My project A\Library\ScriptAssemblies\Unity.VisualScripting.Shared.Editor.dll
Symbol file LoadedFromMemory is not a mono symbol file
Symbol file data-00000161ACAE0510 doesn't match image C:\Users\asdf\Desktop\unity\ReactiveTurnBase\My project A\Library\ScriptAssemblies\UniTask.DOTween.dll
Symbol file LoadedFromMemory is not a mono symbol file
Symbol file data-00000161ACAE0510 doesn't match image C:\Users\asdf\Desktop\unity\ReactiveTurnBase\My project A\Library\ScriptAssemblies\UniTask.Addressables.dll
Symbol file LoadedFromMemory is not a mono symbol file
Symbol file data-00000161A1A61010 doesn't match image C:\Users\asdf\Desktop\unity\ReactiveTurnBase\My project A\Library\ScriptAssemblies\UnityEditor.UI.dll
Symbol file LoadedFromMemory is not a mono symbol file
Symbol file data-00000161ABC42010 doesn't match image C:\Users\asdf\Desktop\unity\ReactiveTurnBase\My project A\Library\ScriptAssemblies\Unity.VisualScripting.Core.dll
Symbol file LoadedFromMemory is not a mono symbol file
Symbol file data-00000161A15A6020 doesn't match image C:\Users\asdf\Desktop\unity\ReactiveTurnBase\My project A\Library\ScriptAssemblies\UnityEngine.UI.dll
Symbol file LoadedFromMemory is not a mono symbol file
Symbol file data-00000161A2AD8010 doesn't match image C:\Users\asdf\Desktop\unity\ReactiveTurnBase\My project A\Library\ScriptAssemblies\UniTask.Editor.dll
Symbol file LoadedFromMemory is not a mono symbol file
Symbol file data-00000161A1869020 doesn't match image C:\Users\asdf\Desktop\unity\ReactiveTurnBase\My project A\Library\ScriptAssemblies\Unity.VisualScripting.Core.Editor.dll
Symbol file LoadedFromMemory is not a mono symbol file
Symbol file data-0000016210171010 doesn't match image C:\Users\asdf\Desktop\unity\ReactiveTurnBase\My project A\Library\ScriptAssemblies\UniTask.Linq.dll
Symbol file LoadedFromMemory is not a mono symbol file
Symbol file data-00000161A1B7B030 doesn't match image C:\Users\asdf\Desktop\unity\ReactiveTurnBase\My project A\Library\ScriptAssemblies\Unity.VisualScripting.Flow.dll
Symbol file LoadedFromMemory is not a mono symbol file
Symbol file data-000001617F9C3010 doesn't match image C:\Users\asdf\Desktop\unity\ReactiveTurnBase\My project A\Library\ScriptAssemblies\Unity.VisualScripting.Flow.Editor.dll
Symbol file LoadedFromMemory is not a mono symbol file
Symbol file data-000001617F366010 doesn't match image C:\Users\asdf\Desktop\unity\ReactiveTurnBase\My project A\Library\ScriptAssemblies\Unity.Timeline.dll
Symbol file LoadedFromMemory is not a mono symbol file
Symbol file data-00000162104B3010 doesn't match image C:\Users\asdf\Desktop\unity\ReactiveTurnBase\My project A\Library\ScriptAssemblies\Unity.InputSystem.dll
Symbol file LoadedFromMemory is not a mono symbol file
Symbol file data-00000161ACAE0510 doesn't match image C:\Users\asdf\Desktop\unity\ReactiveTurnBase\My project A\Library\ScriptAssemblies\Unity.InputSystem.ForUI.dll
Symbol file LoadedFromMemory is not a mono symbol file
Symbol file data-00000161A2AD8010 doesn't match image C:\Users\asdf\Desktop\unity\ReactiveTurnBase\My project A\Library\ScriptAssemblies\Unity.TestTools.CodeCoverage.Editor.OpenCover.Mono.Reflection.dll
Symbol file LoadedFromMemory is not a mono symbol file
Symbol file data-00000161A2AD8010 doesn't match image C:\Users\asdf\Desktop\unity\ReactiveTurnBase\My project A\Library\ScriptAssemblies\Unity.VisualScripting.SettingsProvider.Editor.dll
Symbol file LoadedFromMemory is not a mono symbol file
Symbol file data-00000161AB96E030 doesn't match image C:\Users\asdf\Desktop\unity\ReactiveTurnBase\My project A\Library\ScriptAssemblies\Unity.Performance.Profile-Analyzer.Editor.dll
Symbol file LoadedFromMemory is not a mono symbol file
Symbol file data-000001620FD9B010 doesn't match image C:\Users\asdf\Desktop\unity\ReactiveTurnBase\My project A\Library\ScriptAssemblies\Unity.TestTools.CodeCoverage.Editor.dll
Symbol file LoadedFromMemory is not a mono symbol file
Symbol file data-000001617FB77040 doesn't match image C:\Users\asdf\Desktop\unity\ReactiveTurnBase\My project A\Library\ScriptAssemblies\Unity.TestTools.CodeCoverage.Editor.OpenCover.Model.dll
Symbol file LoadedFromMemory is not a mono symbol file
Symbol file data-00000161AE1D6010 doesn't match image C:\Users\asdf\Desktop\unity\ReactiveTurnBase\My project A\Library\ScriptAssemblies\Unity.VisualScripting.State.Editor.dll
Symbol file LoadedFromMemory is not a mono symbol file
Symbol file data-00000161A2004020 doesn't match image C:\Users\asdf\Desktop\unity\ReactiveTurnBase\My project A\Library\ScriptAssemblies\Unity.Settings.Editor.dll
Symbol file LoadedFromMemory is not a mono symbol file
Symbol file data-000001620FEABAB0 doesn't match image C:\Users\asdf\Desktop\unity\ReactiveTurnBase\My project A\Library\ScriptAssemblies\Unity.CollabProxy.Editor.dll
Symbol file LoadedFromMemory is not a mono symbol file
Symbol file data-00000161A1B7B030 doesn't match image C:\Users\asdf\Desktop\unity\ReactiveTurnBase\My project A\Library\ScriptAssemblies\Unity.TextMeshPro.dll
Symbol file LoadedFromMemory is not a mono symbol file
Symbol file data-00000161AB297020 doesn't match image C:\Users\asdf\Desktop\unity\ReactiveTurnBase\My project A\Library\ScriptAssemblies\Unity.TextMeshPro.Editor.dll
Symbol file LoadedFromMemory is not a mono symbol file
Symbol file data-00000161ADF0D020 doesn't match image C:\Users\asdf\Desktop\unity\ReactiveTurnBase\My project A\Library\ScriptAssemblies\UniTask.dll
Symbol file LoadedFromMemory is not a mono symbol file
Symbol file data-000001617F85F510 doesn't match image C:\Users\asdf\Desktop\unity\ReactiveTurnBase\My project A\Library\ScriptAssemblies\Unity.VisualScripting.State.dll
Symbol file LoadedFromMemory is not a mono symbol file
Symbol file data-00000161A14948A0 doesn't match image C:\Users\asdf\Desktop\unity\ReactiveTurnBase\My project A\Library\ScriptAssemblies\Unity.VSCode.Editor.dll
Symbol file LoadedFromMemory is not a mono symbol file
- Loaded All Assemblies, in  0.474 seconds
Native extension for WindowsStandalone target not found
Native extension for Android target not found
Mono: successfully reloaded assembly
- Finished resetting the current domain, in  1.019 seconds
Domain Reload Profiling: 1491ms
	BeginReloadAssembly (136ms)
		ExecutionOrderSort (0ms)
		DisableScriptedObjects (6ms)
		BackupInstance (0ms)
		ReleaseScriptingObjects (0ms)
		CreateAndSetChildDomain (29ms)
	RebuildCommonClasses (33ms)
	RebuildNativeTypeToScriptingClass (8ms)
	initialDomainReloadingComplete (27ms)
	LoadAllAssembliesAndSetupDomain (267ms)
		LoadAssemblies (304ms)
		RebuildTransferFunctionScriptingTraits (0ms)
		AnalyzeDomain (35ms)
			TypeCache.Refresh (11ms)
				TypeCache.ScanAssembly (3ms)
			ScanForSourceGeneratedMonoScriptInfo (16ms)
			ResolveRequiredComponents (6ms)
	FinalizeReload (1019ms)
		ReleaseScriptCaches (0ms)
		RebuildScriptCaches (0ms)
		SetupLoadedEditorAssemblies (551ms)
			LogAssemblyErrors (0ms)
			InitializePlatformSupportModulesInManaged (17ms)
			SetLoadedEditorAssemblies (4ms)
			RefreshPlugins (0ms)
			BeforeProcessingInitializeOnLoad (88ms)
			ProcessInitializeOnLoadAttributes (403ms)
			ProcessInitializeOnLoadMethodAttributes (34ms)
			AfterProcessingInitializeOnLoad (6ms)
			EditorAssembliesLoaded (0ms)
		ExecutionOrderSort2 (0ms)
		AwakeInstancesAfterBackupRestoration (6ms)
Refreshing native plugins compatible for Editor in 3.74 ms, found 3 plugins.
Preloading 0 native plugins for Editor in 0.00 ms.
Unloading 3941 Unused Serialized files (Serialized files now loaded: 0)
Unloading 22 unused Assets / (32.8 KB). Loaded Objects now: 4719.
Memory consumption went from 226.1 MB to 226.1 MB.
Total: 3.232900 ms (FindLiveObjects: 0.286600 ms CreateObjectMapping: 0.203300 ms MarkObjects: 2.697100 ms  DeleteObjects: 0.045200 ms)

Prepare: number of updated asset objects reloaded= 0
AssetImportParameters requested are different than current active one (requested -> active):
  custom:container-demuxer-ogg: 62fdf1f143b41e24485cea50d1cbac27 -> 
  custom:scripting/monoscript/fileName/GroggyBar.cs: 100a61dadfc5e32941fd0f737636facf -> 
  custom:video-decoder-ogg-theora: a1e56fd34408186e4bbccfd4996cb3dc -> 
  custom:framework-win-MediaFoundation: 216162199b28c13a410421893ffa2e32 -> 
  custom:CustomObjectIndexerAttribute: 9a22284fe3817be447336de3de66b15e -> 
  custom:container-demuxer-webm: 4f35f7cbe854078d1ac9338744f61a02 -> 
  custom:container-muxer-webm: aa71ff27fc2769a1b78a27578f13a17b -> 
  custom:video-decoder-webm-vp8: 9c59270c3fd7afecdb556c50c9e8de78 -> 
  custom:SearchIndexIgnoredProperties: e643bd26f0fe6173181afceb89e7c659 -> 
  custom:AudioImporter_EditorPlatform: d09bf68614088b80899f8185d706f6e7 -> 
  custom:video-encoder-webm-vp8: eb34c28f22e8b96e1ab97ce403110664 -> 
  custom:scripting/monoscript/fileName/GroggyBarFollower.cs: 819d994350b9b9cabf3c84cf4da82ff6 -> 
  custom:audio-decoder-ogg-vorbis: bf7c407c2cedff20999df2af8eb42d56 -> 
  custom:audio-encoder-webm-vorbis: bf7c407c2cedff20999df2af8eb42d56 -> 
  custom:scripting/precompiled-assembly-types:Assembly-CSharp: b46ac83b1ac601f3cf7a79e40a0cc39b -> 1476765af81e86739e20042d8f5f0532
========================================================================
Received Prepare
Caller must complete domain reload
Begin MonoManager ReloadAssembly
Symbol file data-000001620FEABAB0 doesn't match image C:\Users\asdf\Desktop\unity\ReactiveTurnBase\My project A\Library\ScriptAssemblies\Unity.EditorCoroutines.Editor.dll
Symbol file LoadedFromMemory is not a mono symbol file
Symbol file data-00000161ABA5A030 doesn't match image C:\Users\asdf\Desktop\unity\ReactiveTurnBase\My project A\Library\ScriptAssemblies\UniTask.TextMeshPro.dll
Symbol file LoadedFromMemory is not a mono symbol file
Symbol file data-00000161A127F020 doesn't match image C:\Users\asdf\Desktop\unity\ReactiveTurnBase\My project A\Library\ScriptAssemblies\Unity.Timeline.Editor.dll
Symbol file LoadedFromMemory is not a mono symbol file
Symbol file data-00000161ABA5A030 doesn't match image C:\Users\asdf\Desktop\unity\ReactiveTurnBase\My project A\Library\ScriptAssemblies\Unity.VisualScripting.Shared.Editor.dll
Symbol file LoadedFromMemory is not a mono symbol file
Symbol file data-00000161ACAE0510 doesn't match image C:\Users\asdf\Desktop\unity\ReactiveTurnBase\My project A\Library\ScriptAssemblies\UniTask.DOTween.dll
Symbol file LoadedFromMemory is not a mono symbol file
Symbol file data-00000161ACAE0510 doesn't match image C:\Users\asdf\Desktop\unity\ReactiveTurnBase\My project A\Library\ScriptAssemblies\UniTask.Addressables.dll
Symbol file LoadedFromMemory is not a mono symbol file
Symbol file data-00000161A1A61010 doesn't match image C:\Users\asdf\Desktop\unity\ReactiveTurnBase\My project A\Library\ScriptAssemblies\UnityEditor.UI.dll
Symbol file LoadedFromMemory is not a mono symbol file
Symbol file data-00000161ABC42010 doesn't match image C:\Users\asdf\Desktop\unity\ReactiveTurnBase\My project A\Library\ScriptAssemblies\Unity.VisualScripting.Core.dll
Symbol file LoadedFromMemory is not a mono symbol file
Symbol file data-00000161A15A6020 doesn't match image C:\Users\asdf\Desktop\unity\ReactiveTurnBase\My project A\Library\ScriptAssemblies\UnityEngine.UI.dll
Symbol file LoadedFromMemory is not a mono symbol file
Symbol file data-00000161ABA5A030 doesn't match image C:\Users\asdf\Desktop\unity\ReactiveTurnBase\My project A\Library\ScriptAssemblies\UniTask.Editor.dll
Symbol file LoadedFromMemory is not a mono symbol file
Symbol file data-00000161A1869020 doesn't match image C:\Users\asdf\Desktop\unity\ReactiveTurnBase\My project A\Library\ScriptAssemblies\Unity.VisualScripting.Core.Editor.dll
Symbol file LoadedFromMemory is not a mono symbol file
Symbol file data-0000016210171010 doesn't match image C:\Users\asdf\Desktop\unity\ReactiveTurnBase\My project A\Library\ScriptAssemblies\UniTask.Linq.dll
Symbol file LoadedFromMemory is not a mono symbol file
Symbol file data-00000161A1B7B030 doesn't match image C:\Users\asdf\Desktop\unity\ReactiveTurnBase\My project A\Library\ScriptAssemblies\Unity.VisualScripting.Flow.dll
Symbol file LoadedFromMemory is not a mono symbol file
Symbol file data-000001617F9C3010 doesn't match image C:\Users\asdf\Desktop\unity\ReactiveTurnBase\My project A\Library\ScriptAssemblies\Unity.VisualScripting.Flow.Editor.dll
Symbol file LoadedFromMemory is not a mono symbol file
Symbol file data-000001617F366010 doesn't match image C:\Users\asdf\Desktop\unity\ReactiveTurnBase\My project A\Library\ScriptAssemblies\Unity.Timeline.dll
Symbol file LoadedFromMemory is not a mono symbol file
Symbol file data-00000162104B3010 doesn't match image C:\Users\asdf\Desktop\unity\ReactiveTurnBase\My project A\Library\ScriptAssemblies\Unity.InputSystem.dll
Symbol file LoadedFromMemory is not a mono symbol file
Symbol file data-00000161ACAE0510 doesn't match image C:\Users\asdf\Desktop\unity\ReactiveTurnBase\My project A\Library\ScriptAssemblies\Unity.InputSystem.ForUI.dll
Symbol file LoadedFromMemory is not a mono symbol file
Symbol file data-00000161ABA5A030 doesn't match image C:\Users\asdf\Desktop\unity\ReactiveTurnBase\My project A\Library\ScriptAssemblies\Unity.TestTools.CodeCoverage.Editor.OpenCover.Mono.Reflection.dll
Symbol file LoadedFromMemory is not a mono symbol file
Symbol file data-00000161ABA5A030 doesn't match image C:\Users\asdf\Desktop\unity\ReactiveTurnBase\My project A\Library\ScriptAssemblies\Unity.VisualScripting.SettingsProvider.Editor.dll
Symbol file LoadedFromMemory is not a mono symbol file
Symbol file data-00000161AB96E030 doesn't match image C:\Users\asdf\Desktop\unity\ReactiveTurnBase\My project A\Library\ScriptAssemblies\Unity.Performance.Profile-Analyzer.Editor.dll
Symbol file LoadedFromMemory is not a mono symbol file
Symbol file data-000001620FD9B010 doesn't match image C:\Users\asdf\Desktop\unity\ReactiveTurnBase\My project A\Library\ScriptAssemblies\Unity.TestTools.CodeCoverage.Editor.dll
Symbol file LoadedFromMemory is not a mono symbol file
Symbol file data-000001617FB77040 doesn't match image C:\Users\asdf\Desktop\unity\ReactiveTurnBase\My project A\Library\ScriptAssemblies\Unity.TestTools.CodeCoverage.Editor.OpenCover.Model.dll
Symbol file LoadedFromMemory is not a mono symbol file
Symbol file data-00000161AE1D6010 doesn't match image C:\Users\asdf\Desktop\unity\ReactiveTurnBase\My project A\Library\ScriptAssemblies\Unity.VisualScripting.State.Editor.dll
Symbol file LoadedFromMemory is not a mono symbol file
Symbol file data-00000161ACF39010 doesn't match image C:\Users\asdf\Desktop\unity\ReactiveTurnBase\My project A\Library\ScriptAssemblies\Unity.Settings.Editor.dll
Symbol file LoadedFromMemory is not a mono symbol file
Symbol file data-000001620FEABAB0 doesn't match image C:\Users\asdf\Desktop\unity\ReactiveTurnBase\My project A\Library\ScriptAssemblies\Unity.CollabProxy.Editor.dll
Symbol file LoadedFromMemory is not a mono symbol file
Symbol file data-00000161A1B7B030 doesn't match image C:\Users\asdf\Desktop\unity\ReactiveTurnBase\My project A\Library\ScriptAssemblies\Unity.TextMeshPro.dll
Symbol file LoadedFromMemory is not a mono symbol file
Symbol file data-00000161A2E0EE00 doesn't match image C:\Users\asdf\Desktop\unity\ReactiveTurnBase\My project A\Library\ScriptAssemblies\Unity.TextMeshPro.Editor.dll
Symbol file LoadedFromMemory is not a mono symbol file
Symbol file data-000001617F867240 doesn't match image C:\Users\asdf\Desktop\unity\ReactiveTurnBase\My project A\Library\ScriptAssemblies\UniTask.dll
Symbol file LoadedFromMemory is not a mono symbol file
Symbol file data-000001617F85F510 doesn't match image C:\Users\asdf\Desktop\unity\ReactiveTurnBase\My project A\Library\ScriptAssemblies\Unity.VisualScripting.State.dll
Symbol file LoadedFromMemory is not a mono symbol file
Symbol file data-00000161A14948A0 doesn't match image C:\Users\asdf\Desktop\unity\ReactiveTurnBase\My project A\Library\ScriptAssemblies\Unity.VSCode.Editor.dll
Symbol file LoadedFromMemory is not a mono symbol file
- Loaded All Assemblies, in  0.441 seconds
Native extension for WindowsStandalone target not found
Native extension for Android target not found
Mono: successfully reloaded assembly
- Finished resetting the current domain, in  1.158 seconds
Domain Reload Profiling: 1597ms
	BeginReloadAssembly (135ms)
		ExecutionOrderSort (0ms)
		DisableScriptedObjects (6ms)
		BackupInstance (0ms)
		ReleaseScriptingObjects (0ms)
		CreateAndSetChildDomain (30ms)
	RebuildCommonClasses (32ms)
	RebuildNativeTypeToScriptingClass (8ms)
	initialDomainReloadingComplete (27ms)
	LoadAllAssembliesAndSetupDomain (236ms)
		LoadAssemblies (291ms)
		RebuildTransferFunctionScriptingTraits (0ms)
		AnalyzeDomain (14ms)
			TypeCache.Refresh (5ms)
				TypeCache.ScanAssembly (0ms)
			ScanForSourceGeneratedMonoScriptInfo (0ms)
			ResolveRequiredComponents (7ms)
	FinalizeReload (1159ms)
		ReleaseScriptCaches (0ms)
		RebuildScriptCaches (0ms)
		SetupLoadedEditorAssemblies (656ms)
			LogAssemblyErrors (0ms)
			InitializePlatformSupportModulesInManaged (22ms)
			SetLoadedEditorAssemblies (6ms)
			RefreshPlugins (0ms)
			BeforeProcessingInitializeOnLoad (117ms)
			ProcessInitializeOnLoadAttributes (462ms)
			ProcessInitializeOnLoadMethodAttributes (41ms)
			AfterProcessingInitializeOnLoad (7ms)
			EditorAssembliesLoaded (0ms)
		ExecutionOrderSort2 (0ms)
		AwakeInstancesAfterBackupRestoration (8ms)
Refreshing native plugins compatible for Editor in 4.86 ms, found 3 plugins.
Preloading 0 native plugins for Editor in 0.00 ms.
Unloading 3941 Unused Serialized files (Serialized files now loaded: 0)
Unloading 22 unused Assets / (32.8 KB). Loaded Objects now: 4722.
Memory consumption went from 226.1 MB to 226.1 MB.
Total: 5.819500 ms (FindLiveObjects: 0.749800 ms CreateObjectMapping: 0.417700 ms MarkObjects: 4.592700 ms  DeleteObjects: 0.058000 ms)

Prepare: number of updated asset objects reloaded= 0
AssetImportParameters requested are different than current active one (requested -> active):
  custom:container-demuxer-ogg: 62fdf1f143b41e24485cea50d1cbac27 -> 
  custom:scripting/monoscript/fileName/GroggyBar.cs: 100a61dadfc5e32941fd0f737636facf -> 
  custom:video-decoder-ogg-theora: a1e56fd34408186e4bbccfd4996cb3dc -> 
  custom:framework-win-MediaFoundation: 216162199b28c13a410421893ffa2e32 -> 
  custom:CustomObjectIndexerAttribute: 9a22284fe3817be447336de3de66b15e -> 
  custom:container-demuxer-webm: 4f35f7cbe854078d1ac9338744f61a02 -> 
  custom:container-muxer-webm: aa71ff27fc2769a1b78a27578f13a17b -> 
  custom:video-decoder-webm-vp8: 9c59270c3fd7afecdb556c50c9e8de78 -> 
  custom:SearchIndexIgnoredProperties: e643bd26f0fe6173181afceb89e7c659 -> 
  custom:AudioImporter_EditorPlatform: d09bf68614088b80899f8185d706f6e7 -> 
  custom:video-encoder-webm-vp8: eb34c28f22e8b96e1ab97ce403110664 -> 
  custom:scripting/monoscript/fileName/GroggyBarFollower.cs: 819d994350b9b9cabf3c84cf4da82ff6 -> 
  custom:audio-decoder-ogg-vorbis: bf7c407c2cedff20999df2af8eb42d56 -> 
  custom:audio-encoder-webm-vorbis: bf7c407c2cedff20999df2af8eb42d56 -> 
  custom:scripting/precompiled-assembly-types:Assembly-CSharp: b46ac83b1ac601f3cf7a79e40a0cc39b -> 1476765af81e86739e20042d8f5f0532
========================================================================
Received Prepare
Caller must complete domain reload
Begin MonoManager ReloadAssembly
Symbol file data-000001620FEABAB0 doesn't match image C:\Users\asdf\Desktop\unity\ReactiveTurnBase\My project A\Library\ScriptAssemblies\Unity.EditorCoroutines.Editor.dll
Symbol file LoadedFromMemory is not a mono symbol file
Symbol file data-00000161A2AD8010 doesn't match image C:\Users\asdf\Desktop\unity\ReactiveTurnBase\My project A\Library\ScriptAssemblies\UniTask.TextMeshPro.dll
Symbol file LoadedFromMemory is not a mono symbol file
Symbol file data-00000161A127F020 doesn't match image C:\Users\asdf\Desktop\unity\ReactiveTurnBase\My project A\Library\ScriptAssemblies\Unity.Timeline.Editor.dll
Symbol file LoadedFromMemory is not a mono symbol file
Symbol file data-00000161A2AD8010 doesn't match image C:\Users\asdf\Desktop\unity\ReactiveTurnBase\My project A\Library\ScriptAssemblies\Unity.VisualScripting.Shared.Editor.dll
Symbol file LoadedFromMemory is not a mono symbol file
Symbol file data-00000161ACAE0510 doesn't match image C:\Users\asdf\Desktop\unity\ReactiveTurnBase\My project A\Library\ScriptAssemblies\UniTask.DOTween.dll
Symbol file LoadedFromMemory is not a mono symbol file
Symbol file data-00000161ACAE0510 doesn't match image C:\Users\asdf\Desktop\unity\ReactiveTurnBase\My project A\Library\ScriptAssemblies\UniTask.Addressables.dll
Symbol file LoadedFromMemory is not a mono symbol file
Symbol file data-00000161A1A61010 doesn't match image C:\Users\asdf\Desktop\unity\ReactiveTurnBase\My project A\Library\ScriptAssemblies\UnityEditor.UI.dll
Symbol file LoadedFromMemory is not a mono symbol file
Symbol file data-00000162104B3010 doesn't match image C:\Users\asdf\Desktop\unity\ReactiveTurnBase\My project A\Library\ScriptAssemblies\Unity.VisualScripting.Core.dll
Symbol file LoadedFromMemory is not a mono symbol file
Symbol file data-00000161A15A6020 doesn't match image C:\Users\asdf\Desktop\unity\ReactiveTurnBase\My project A\Library\ScriptAssemblies\UnityEngine.UI.dll
Symbol file LoadedFromMemory is not a mono symbol file
Symbol file data-00000161A2AD8010 doesn't match image C:\Users\asdf\Desktop\unity\ReactiveTurnBase\My project A\Library\ScriptAssemblies\UniTask.Editor.dll
Symbol file LoadedFromMemory is not a mono symbol file
Symbol file data-00000161A1869020 doesn't match image C:\Users\asdf\Desktop\unity\ReactiveTurnBase\My project A\Library\ScriptAssemblies\Unity.VisualScripting.Core.Editor.dll
Symbol file LoadedFromMemory is not a mono symbol file
Symbol file data-0000016210171010 doesn't match image C:\Users\asdf\Desktop\unity\ReactiveTurnBase\My project A\Library\ScriptAssemblies\UniTask.Linq.dll
Symbol file LoadedFromMemory is not a mono symbol file
Symbol file data-00000161A1B7B030 doesn't match image C:\Users\asdf\Desktop\unity\ReactiveTurnBase\My project A\Library\ScriptAssemblies\Unity.VisualScripting.Flow.dll
Symbol file LoadedFromMemory is not a mono symbol file
Symbol file data-000001617F9C3010 doesn't match image C:\Users\asdf\Desktop\unity\ReactiveTurnBase\My project A\Library\ScriptAssemblies\Unity.VisualScripting.Flow.Editor.dll
Symbol file LoadedFromMemory is not a mono symbol file
Symbol file data-000001617F366010 doesn't match image C:\Users\asdf\Desktop\unity\ReactiveTurnBase\My project A\Library\ScriptAssemblies\Unity.Timeline.dll
Symbol file LoadedFromMemory is not a mono symbol file
Symbol file data-000001621055E020 doesn't match image C:\Users\asdf\Desktop\unity\ReactiveTurnBase\My project A\Library\ScriptAssemblies\Unity.InputSystem.dll
Symbol file LoadedFromMemory is not a mono symbol file
Symbol file data-00000161ACAE0510 doesn't match image C:\Users\asdf\Desktop\unity\ReactiveTurnBase\My project A\Library\ScriptAssemblies\Unity.InputSystem.ForUI.dll
Symbol file LoadedFromMemory is not a mono symbol file
Symbol file data-00000161A2AD8010 doesn't match image C:\Users\asdf\Desktop\unity\ReactiveTurnBase\My project A\Library\ScriptAssemblies\Unity.TestTools.CodeCoverage.Editor.OpenCover.Mono.Reflection.dll
Symbol file LoadedFromMemory is not a mono symbol file
Symbol file data-00000161A2AD8010 doesn't match image C:\Users\asdf\Desktop\unity\ReactiveTurnBase\My project A\Library\ScriptAssemblies\Unity.VisualScripting.SettingsProvider.Editor.dll
Symbol file LoadedFromMemory is not a mono symbol file
Symbol file data-00000161AB96E030 doesn't match image C:\Users\asdf\Desktop\unity\ReactiveTurnBase\My project A\Library\ScriptAssemblies\Unity.Performance.Profile-Analyzer.Editor.dll
Symbol file LoadedFromMemory is not a mono symbol file
Symbol file data-000001620FD9B010 doesn't match image C:\Users\asdf\Desktop\unity\ReactiveTurnBase\My project A\Library\ScriptAssemblies\Unity.TestTools.CodeCoverage.Editor.dll
Symbol file LoadedFromMemory is not a mono symbol file
Symbol file data-000001617FB77040 doesn't match image C:\Users\asdf\Desktop\unity\ReactiveTurnBase\My project A\Library\ScriptAssemblies\Unity.TestTools.CodeCoverage.Editor.OpenCover.Model.dll
Symbol file LoadedFromMemory is not a mono symbol file
Symbol file data-00000161A1A61010 doesn't match image C:\Users\asdf\Desktop\unity\ReactiveTurnBase\My project A\Library\ScriptAssemblies\Unity.VisualScripting.State.Editor.dll
Symbol file LoadedFromMemory is not a mono symbol file
Symbol file data-000001620FDB1500 doesn't match image C:\Users\asdf\Desktop\unity\ReactiveTurnBase\My project A\Library\ScriptAssemblies\Unity.Settings.Editor.dll
Symbol file LoadedFromMemory is not a mono symbol file
Symbol file data-000001620FEABAB0 doesn't match image C:\Users\asdf\Desktop\unity\ReactiveTurnBase\My project A\Library\ScriptAssemblies\Unity.CollabProxy.Editor.dll
Symbol file LoadedFromMemory is not a mono symbol file
Symbol file data-00000161A1B7B030 doesn't match image C:\Users\asdf\Desktop\unity\ReactiveTurnBase\My project A\Library\ScriptAssemblies\Unity.TextMeshPro.dll
Symbol file LoadedFromMemory is not a mono symbol file
Symbol file data-00000161AB297020 doesn't match image C:\Users\asdf\Desktop\unity\ReactiveTurnBase\My project A\Library\ScriptAssemblies\Unity.TextMeshPro.Editor.dll
Symbol file LoadedFromMemory is not a mono symbol file
Symbol file data-000001617F867240 doesn't match image C:\Users\asdf\Desktop\unity\ReactiveTurnBase\My project A\Library\ScriptAssemblies\UniTask.dll
Symbol file LoadedFromMemory is not a mono symbol file
Symbol file data-000001617F85F510 doesn't match image C:\Users\asdf\Desktop\unity\ReactiveTurnBase\My project A\Library\ScriptAssemblies\Unity.VisualScripting.State.dll
Symbol file LoadedFromMemory is not a mono symbol file
Symbol file data-00000161A14948A0 doesn't match image C:\Users\asdf\Desktop\unity\ReactiveTurnBase\My project A\Library\ScriptAssemblies\Unity.VSCode.Editor.dll
Symbol file LoadedFromMemory is not a mono symbol file
- Loaded All Assemblies, in  0.446 seconds
Native extension for WindowsStandalone target not found
Native extension for Android target not found
Mono: successfully reloaded assembly
- Finished resetting the current domain, in  1.005 seconds
Domain Reload Profiling: 1449ms
	BeginReloadAssembly (133ms)
		ExecutionOrderSort (0ms)
		DisableScriptedObjects (6ms)
		BackupInstance (0ms)
		ReleaseScriptingObjects (0ms)
		CreateAndSetChildDomain (30ms)
	RebuildCommonClasses (30ms)
	RebuildNativeTypeToScriptingClass (8ms)
	initialDomainReloadingComplete (27ms)
	LoadAllAssembliesAndSetupDomain (244ms)
		LoadAssemblies (284ms)
		RebuildTransferFunctionScriptingTraits (0ms)
		AnalyzeDomain (28ms)
			TypeCache.Refresh (9ms)
				TypeCache.ScanAssembly (2ms)
			ScanForSourceGeneratedMonoScriptInfo (11ms)
			ResolveRequiredComponents (6ms)
	FinalizeReload (1006ms)
		ReleaseScriptCaches (0ms)
		RebuildScriptCaches (0ms)
		SetupLoadedEditorAssemblies (495ms)
			LogAssemblyErrors (0ms)
			InitializePlatformSupportModulesInManaged (20ms)
			SetLoadedEditorAssemblies (4ms)
			RefreshPlugins (0ms)
			BeforeProcessingInitializeOnLoad (89ms)
			ProcessInitializeOnLoadAttributes (345ms)
			ProcessInitializeOnLoadMethodAttributes (30ms)
			AfterProcessingInitializeOnLoad (6ms)
			EditorAssembliesLoaded (0ms)
		ExecutionOrderSort2 (0ms)
		AwakeInstancesAfterBackupRestoration (6ms)
Refreshing native plugins compatible for Editor in 3.68 ms, found 3 plugins.
Preloading 0 native plugins for Editor in 0.00 ms.
Unloading 3941 Unused Serialized files (Serialized files now loaded: 0)
Unloading 22 unused Assets / (32.8 KB). Loaded Objects now: 4725.
Memory consumption went from 226.1 MB to 226.1 MB.
Total: 3.219000 ms (FindLiveObjects: 0.295500 ms CreateObjectMapping: 0.239300 ms MarkObjects: 2.636300 ms  DeleteObjects: 0.046900 ms)

Prepare: number of updated asset objects reloaded= 0
AssetImportParameters requested are different than current active one (requested -> active):
  custom:container-demuxer-ogg: 62fdf1f143b41e24485cea50d1cbac27 -> 
  custom:scripting/monoscript/fileName/GroggyBar.cs: 100a61dadfc5e32941fd0f737636facf -> 
  custom:video-decoder-ogg-theora: a1e56fd34408186e4bbccfd4996cb3dc -> 
  custom:framework-win-MediaFoundation: 216162199b28c13a410421893ffa2e32 -> 
  custom:CustomObjectIndexerAttribute: 9a22284fe3817be447336de3de66b15e -> 
  custom:container-demuxer-webm: 4f35f7cbe854078d1ac9338744f61a02 -> 
  custom:container-muxer-webm: aa71ff27fc2769a1b78a27578f13a17b -> 
  custom:video-decoder-webm-vp8: 9c59270c3fd7afecdb556c50c9e8de78 -> 
  custom:SearchIndexIgnoredProperties: e643bd26f0fe6173181afceb89e7c659 -> 
  custom:AudioImporter_EditorPlatform: d09bf68614088b80899f8185d706f6e7 -> 
  custom:video-encoder-webm-vp8: eb34c28f22e8b96e1ab97ce403110664 -> 
  custom:scripting/monoscript/fileName/GroggyBarFollower.cs: 819d994350b9b9cabf3c84cf4da82ff6 -> 
  custom:audio-decoder-ogg-vorbis: bf7c407c2cedff20999df2af8eb42d56 -> 
  custom:audio-encoder-webm-vorbis: bf7c407c2cedff20999df2af8eb42d56 -> 
  custom:scripting/precompiled-assembly-types:Assembly-CSharp: b46ac83b1ac601f3cf7a79e40a0cc39b -> 1476765af81e86739e20042d8f5f0532
========================================================================
Received Prepare
Caller must complete domain reload
Begin MonoManager ReloadAssembly
Symbol file data-000001620FEABAB0 doesn't match image C:\Users\asdf\Desktop\unity\ReactiveTurnBase\My project A\Library\ScriptAssemblies\Unity.EditorCoroutines.Editor.dll
Symbol file LoadedFromMemory is not a mono symbol file
Symbol file data-000001617F85F510 doesn't match image C:\Users\asdf\Desktop\unity\ReactiveTurnBase\My project A\Library\ScriptAssemblies\UniTask.TextMeshPro.dll
Symbol file LoadedFromMemory is not a mono symbol file
Symbol file data-00000161A127F020 doesn't match image C:\Users\asdf\Desktop\unity\ReactiveTurnBase\My project A\Library\ScriptAssemblies\Unity.Timeline.Editor.dll
Symbol file LoadedFromMemory is not a mono symbol file
Symbol file data-000001617F85F510 doesn't match image C:\Users\asdf\Desktop\unity\ReactiveTurnBase\My project A\Library\ScriptAssemblies\Unity.VisualScripting.Shared.Editor.dll
Symbol file LoadedFromMemory is not a mono symbol file
Symbol file data-00000161ACAE0510 doesn't match image C:\Users\asdf\Desktop\unity\ReactiveTurnBase\My project A\Library\ScriptAssemblies\UniTask.DOTween.dll
Symbol file LoadedFromMemory is not a mono symbol file
Symbol file data-00000161ACAE0510 doesn't match image C:\Users\asdf\Desktop\unity\ReactiveTurnBase\My project A\Library\ScriptAssemblies\UniTask.Addressables.dll
Symbol file LoadedFromMemory is not a mono symbol file
Symbol file data-00000161A1A61010 doesn't match image C:\Users\asdf\Desktop\unity\ReactiveTurnBase\My project A\Library\ScriptAssemblies\UnityEditor.UI.dll
Symbol file LoadedFromMemory is not a mono symbol file
Symbol file data-00000161ABC42010 doesn't match image C:\Users\asdf\Desktop\unity\ReactiveTurnBase\My project A\Library\ScriptAssemblies\Unity.VisualScripting.Core.dll
Symbol file LoadedFromMemory is not a mono symbol file
Symbol file data-00000162105B2010 doesn't match image C:\Users\asdf\Desktop\unity\ReactiveTurnBase\My project A\Library\ScriptAssemblies\UnityEngine.UI.dll
Symbol file LoadedFromMemory is not a mono symbol file
Symbol file data-000001617F85F510 doesn't match image C:\Users\asdf\Desktop\unity\ReactiveTurnBase\My project A\Library\ScriptAssemblies\UniTask.Editor.dll
Symbol file LoadedFromMemory is not a mono symbol file
Symbol file data-00000161A1869020 doesn't match image C:\Users\asdf\Desktop\unity\ReactiveTurnBase\My project A\Library\ScriptAssemblies\Unity.VisualScripting.Core.Editor.dll
Symbol file LoadedFromMemory is not a mono symbol file
Symbol file data-0000016210171010 doesn't match image C:\Users\asdf\Desktop\unity\ReactiveTurnBase\My project A\Library\ScriptAssemblies\UniTask.Linq.dll
Symbol file LoadedFromMemory is not a mono symbol file
Symbol file data-00000161A1B7B030 doesn't match image C:\Users\asdf\Desktop\unity\ReactiveTurnBase\My project A\Library\ScriptAssemblies\Unity.VisualScripting.Flow.dll
Symbol file LoadedFromMemory is not a mono symbol file
Symbol file data-000001617F9C3010 doesn't match image C:\Users\asdf\Desktop\unity\ReactiveTurnBase\My project A\Library\ScriptAssemblies\Unity.VisualScripting.Flow.Editor.dll
Symbol file LoadedFromMemory is not a mono symbol file
Symbol file data-000001617F366010 doesn't match image C:\Users\asdf\Desktop\unity\ReactiveTurnBase\My project A\Library\ScriptAssemblies\Unity.Timeline.dll
Symbol file LoadedFromMemory is not a mono symbol file
Symbol file data-000001621064BE20 doesn't match image C:\Users\asdf\Desktop\unity\ReactiveTurnBase\My project A\Library\ScriptAssemblies\Unity.InputSystem.dll
Symbol file LoadedFromMemory is not a mono symbol file
Symbol file data-00000161ACAE0510 doesn't match image C:\Users\asdf\Desktop\unity\ReactiveTurnBase\My project A\Library\ScriptAssemblies\Unity.InputSystem.ForUI.dll
Symbol file LoadedFromMemory is not a mono symbol file
Symbol file data-00000161ABA5A030 doesn't match image C:\Users\asdf\Desktop\unity\ReactiveTurnBase\My project A\Library\ScriptAssemblies\Unity.TestTools.CodeCoverage.Editor.OpenCover.Mono.Reflection.dll
Symbol file LoadedFromMemory is not a mono symbol file
Symbol file data-00000161ABA5A030 doesn't match image C:\Users\asdf\Desktop\unity\ReactiveTurnBase\My project A\Library\ScriptAssemblies\Unity.VisualScripting.SettingsProvider.Editor.dll
Symbol file LoadedFromMemory is not a mono symbol file
Symbol file data-00000161AB96E030 doesn't match image C:\Users\asdf\Desktop\unity\ReactiveTurnBase\My project A\Library\ScriptAssemblies\Unity.Performance.Profile-Analyzer.Editor.dll
Symbol file LoadedFromMemory is not a mono symbol file
Symbol file data-000001620FD9B010 doesn't match image C:\Users\asdf\Desktop\unity\ReactiveTurnBase\My project A\Library\ScriptAssemblies\Unity.TestTools.CodeCoverage.Editor.dll
Symbol file LoadedFromMemory is not a mono symbol file
Symbol file data-000001617FB77040 doesn't match image C:\Users\asdf\Desktop\unity\ReactiveTurnBase\My project A\Library\ScriptAssemblies\Unity.TestTools.CodeCoverage.Editor.OpenCover.Model.dll
Symbol file LoadedFromMemory is not a mono symbol file
Symbol file data-00000161A1A61010 doesn't match image C:\Users\asdf\Desktop\unity\ReactiveTurnBase\My project A\Library\ScriptAssemblies\Unity.VisualScripting.State.Editor.dll
Symbol file LoadedFromMemory is not a mono symbol file
Symbol file data-00000161ACF39010 doesn't match image C:\Users\asdf\Desktop\unity\ReactiveTurnBase\My project A\Library\ScriptAssemblies\Unity.Settings.Editor.dll
Symbol file LoadedFromMemory is not a mono symbol file
Symbol file data-000001620FEABAB0 doesn't match image C:\Users\asdf\Desktop\unity\ReactiveTurnBase\My project A\Library\ScriptAssemblies\Unity.CollabProxy.Editor.dll
Symbol file LoadedFromMemory is not a mono symbol file
Symbol file data-00000161A1B7B030 doesn't match image C:\Users\asdf\Desktop\unity\ReactiveTurnBase\My project A\Library\ScriptAssemblies\Unity.TextMeshPro.dll
Symbol file LoadedFromMemory is not a mono symbol file
Symbol file data-00000161AB3C2010 doesn't match image C:\Users\asdf\Desktop\unity\ReactiveTurnBase\My project A\Library\ScriptAssemblies\Unity.TextMeshPro.Editor.dll
Symbol file LoadedFromMemory is not a mono symbol file
Symbol file data-000001617F867240 doesn't match image C:\Users\asdf\Desktop\unity\ReactiveTurnBase\My project A\Library\ScriptAssemblies\UniTask.dll
Symbol file LoadedFromMemory is not a mono symbol file
Symbol file data-00000161A14948A0 doesn't match image C:\Users\asdf\Desktop\unity\ReactiveTurnBase\My project A\Library\ScriptAssemblies\Unity.VisualScripting.State.dll
Symbol file LoadedFromMemory is not a mono symbol file
Symbol file data-00000161A14948A0 doesn't match image C:\Users\asdf\Desktop\unity\ReactiveTurnBase\My project A\Library\ScriptAssemblies\Unity.VSCode.Editor.dll
Symbol file LoadedFromMemory is not a mono symbol file
- Loaded All Assemblies, in  0.438 seconds
Native extension for WindowsStandalone target not found
Native extension for Android target not found
Mono: successfully reloaded assembly
- Finished resetting the current domain, in  1.115 seconds
Domain Reload Profiling: 1551ms
	BeginReloadAssembly (140ms)
		ExecutionOrderSort (0ms)
		DisableScriptedObjects (6ms)
		BackupInstance (0ms)
		ReleaseScriptingObjects (0ms)
		CreateAndSetChildDomain (30ms)
	RebuildCommonClasses (32ms)
	RebuildNativeTypeToScriptingClass (8ms)
	initialDomainReloadingComplete (28ms)
	LoadAllAssembliesAndSetupDomain (227ms)
		LoadAssemblies (287ms)
		RebuildTransferFunctionScriptingTraits (0ms)
		AnalyzeDomain (14ms)
			TypeCache.Refresh (5ms)
				TypeCache.ScanAssembly (0ms)
			ScanForSourceGeneratedMonoScriptInfo (0ms)
			ResolveRequiredComponents (7ms)
	FinalizeReload (1115ms)
		ReleaseScriptCaches (0ms)
		RebuildScriptCaches (0ms)
		SetupLoadedEditorAssemblies (638ms)
			LogAssemblyErrors (0ms)
			InitializePlatformSupportModulesInManaged (21ms)
			SetLoadedEditorAssemblies (5ms)
			RefreshPlugins (0ms)
			BeforeProcessingInitializeOnLoad (116ms)
			ProcessInitializeOnLoadAttributes (449ms)
			ProcessInitializeOnLoadMethodAttributes (38ms)
			AfterProcessingInitializeOnLoad (8ms)
			EditorAssembliesLoaded (0ms)
		ExecutionOrderSort2 (0ms)
		AwakeInstancesAfterBackupRestoration (7ms)
Refreshing native plugins compatible for Editor in 4.63 ms, found 3 plugins.
Preloading 0 native plugins for Editor in 0.00 ms.
Unloading 3941 Unused Serialized files (Serialized files now loaded: 0)
Unloading 22 unused Assets / (32.8 KB). Loaded Objects now: 4728.
Memory consumption went from 226.1 MB to 226.1 MB.
Total: 5.882000 ms (FindLiveObjects: 0.586000 ms CreateObjectMapping: 0.455200 ms MarkObjects: 4.793400 ms  DeleteObjects: 0.046500 ms)

Prepare: number of updated asset objects reloaded= 0
AssetImportParameters requested are different than current active one (requested -> active):
  custom:container-demuxer-ogg: 62fdf1f143b41e24485cea50d1cbac27 -> 
  custom:scripting/monoscript/fileName/GroggyBar.cs: 100a61dadfc5e32941fd0f737636facf -> 
  custom:video-decoder-ogg-theora: a1e56fd34408186e4bbccfd4996cb3dc -> 
  custom:framework-win-MediaFoundation: 216162199b28c13a410421893ffa2e32 -> 
  custom:CustomObjectIndexerAttribute: 9a22284fe3817be447336de3de66b15e -> 
  custom:container-demuxer-webm: 4f35f7cbe854078d1ac9338744f61a02 -> 
  custom:container-muxer-webm: aa71ff27fc2769a1b78a27578f13a17b -> 
  custom:video-decoder-webm-vp8: 9c59270c3fd7afecdb556c50c9e8de78 -> 
  custom:SearchIndexIgnoredProperties: e643bd26f0fe6173181afceb89e7c659 -> 
  custom:AudioImporter_EditorPlatform: d09bf68614088b80899f8185d706f6e7 -> 
  custom:video-encoder-webm-vp8: eb34c28f22e8b96e1ab97ce403110664 -> 
  custom:scripting/monoscript/fileName/GroggyBarFollower.cs: 819d994350b9b9cabf3c84cf4da82ff6 -> 
  custom:audio-decoder-ogg-vorbis: bf7c407c2cedff20999df2af8eb42d56 -> 
  custom:audio-encoder-webm-vorbis: bf7c407c2cedff20999df2af8eb42d56 -> 
  custom:scripting/precompiled-assembly-types:Assembly-CSharp: b46ac83b1ac601f3cf7a79e40a0cc39b -> 1476765af81e86739e20042d8f5f0532
========================================================================
Received Prepare
Caller must complete domain reload
Begin MonoManager ReloadAssembly
Symbol file data-000001620FEABAB0 doesn't match image C:\Users\asdf\Desktop\unity\ReactiveTurnBase\My project A\Library\ScriptAssemblies\Unity.EditorCoroutines.Editor.dll
Symbol file LoadedFromMemory is not a mono symbol file
Symbol file data-00000161ADD601D0 doesn't match image C:\Users\asdf\Desktop\unity\ReactiveTurnBase\My project A\Library\ScriptAssemblies\UniTask.TextMeshPro.dll
Symbol file LoadedFromMemory is not a mono symbol file
Symbol file data-00000161A127F020 doesn't match image C:\Users\asdf\Desktop\unity\ReactiveTurnBase\My project A\Library\ScriptAssemblies\Unity.Timeline.Editor.dll
Symbol file LoadedFromMemory is not a mono symbol file
Symbol file data-00000161ADD601D0 doesn't match image C:\Users\asdf\Desktop\unity\ReactiveTurnBase\My project A\Library\ScriptAssemblies\Unity.VisualScripting.Shared.Editor.dll
Symbol file LoadedFromMemory is not a mono symbol file
Symbol file data-00000161ACAE0510 doesn't match image C:\Users\asdf\Desktop\unity\ReactiveTurnBase\My project A\Library\ScriptAssemblies\UniTask.DOTween.dll
Symbol file LoadedFromMemory is not a mono symbol file
Symbol file data-00000161ACAE0510 doesn't match image C:\Users\asdf\Desktop\unity\ReactiveTurnBase\My project A\Library\ScriptAssemblies\UniTask.Addressables.dll
Symbol file LoadedFromMemory is not a mono symbol file
Symbol file data-00000161A1A61010 doesn't match image C:\Users\asdf\Desktop\unity\ReactiveTurnBase\My project A\Library\ScriptAssemblies\UnityEditor.UI.dll
Symbol file LoadedFromMemory is not a mono symbol file
Symbol file data-00000162104B3010 doesn't match image C:\Users\asdf\Desktop\unity\ReactiveTurnBase\My project A\Library\ScriptAssemblies\Unity.VisualScripting.Core.dll
Symbol file LoadedFromMemory is not a mono symbol file
Symbol file data-00000161A15A6020 doesn't match image C:\Users\asdf\Desktop\unity\ReactiveTurnBase\My project A\Library\ScriptAssemblies\UnityEngine.UI.dll
Symbol file LoadedFromMemory is not a mono symbol file
Symbol file data-00000161ADD601D0 doesn't match image C:\Users\asdf\Desktop\unity\ReactiveTurnBase\My project A\Library\ScriptAssemblies\UniTask.Editor.dll
Symbol file LoadedFromMemory is not a mono symbol file
Symbol file data-00000161A1869020 doesn't match image C:\Users\asdf\Desktop\unity\ReactiveTurnBase\My project A\Library\ScriptAssemblies\Unity.VisualScripting.Core.Editor.dll
Symbol file LoadedFromMemory is not a mono symbol file
Symbol file data-0000016210171010 doesn't match image C:\Users\asdf\Desktop\unity\ReactiveTurnBase\My project A\Library\ScriptAssemblies\UniTask.Linq.dll
Symbol file LoadedFromMemory is not a mono symbol file
Symbol file data-00000161A1B7B030 doesn't match image C:\Users\asdf\Desktop\unity\ReactiveTurnBase\My project A\Library\ScriptAssemblies\Unity.VisualScripting.Flow.dll
Symbol file LoadedFromMemory is not a mono symbol file
Symbol file data-000001617F9C3010 doesn't match image C:\Users\asdf\Desktop\unity\ReactiveTurnBase\My project A\Library\ScriptAssemblies\Unity.VisualScripting.Flow.Editor.dll
Symbol file LoadedFromMemory is not a mono symbol file
Symbol file data-000001617F366010 doesn't match image C:\Users\asdf\Desktop\unity\ReactiveTurnBase\My project A\Library\ScriptAssemblies\Unity.Timeline.dll
Symbol file LoadedFromMemory is not a mono symbol file
Symbol file data-0000016211B30080 doesn't match image C:\Users\asdf\Desktop\unity\ReactiveTurnBase\My project A\Library\ScriptAssemblies\Unity.InputSystem.dll
Symbol file LoadedFromMemory is not a mono symbol file
Symbol file data-00000161ACAE0510 doesn't match image C:\Users\asdf\Desktop\unity\ReactiveTurnBase\My project A\Library\ScriptAssemblies\Unity.InputSystem.ForUI.dll
Symbol file LoadedFromMemory is not a mono symbol file
Symbol file data-00000161ABA5A030 doesn't match image C:\Users\asdf\Desktop\unity\ReactiveTurnBase\My project A\Library\ScriptAssemblies\Unity.TestTools.CodeCoverage.Editor.OpenCover.Mono.Reflection.dll
Symbol file LoadedFromMemory is not a mono symbol file
Symbol file data-00000161ABA5A030 doesn't match image C:\Users\asdf\Desktop\unity\ReactiveTurnBase\My project A\Library\ScriptAssemblies\Unity.VisualScripting.SettingsProvider.Editor.dll
Symbol file LoadedFromMemory is not a mono symbol file
Symbol file data-00000161A2E0EE00 doesn't match image C:\Users\asdf\Desktop\unity\ReactiveTurnBase\My project A\Library\ScriptAssemblies\Unity.Performance.Profile-Analyzer.Editor.dll
Symbol file LoadedFromMemory is not a mono symbol file
Symbol file data-000001620FD9B010 doesn't match image C:\Users\asdf\Desktop\unity\ReactiveTurnBase\My project A\Library\ScriptAssemblies\Unity.TestTools.CodeCoverage.Editor.dll
Symbol file LoadedFromMemory is not a mono symbol file
Symbol file data-000001617FB77040 doesn't match image C:\Users\asdf\Desktop\unity\ReactiveTurnBase\My project A\Library\ScriptAssemblies\Unity.TestTools.CodeCoverage.Editor.OpenCover.Model.dll
Symbol file LoadedFromMemory is not a mono symbol file
Symbol file data-00000161A1A61010 doesn't match image C:\Users\asdf\Desktop\unity\ReactiveTurnBase\My project A\Library\ScriptAssemblies\Unity.VisualScripting.State.Editor.dll
Symbol file LoadedFromMemory is not a mono symbol file
Symbol file data-00000161ACF39010 doesn't match image C:\Users\asdf\Desktop\unity\ReactiveTurnBase\My project A\Library\ScriptAssemblies\Unity.Settings.Editor.dll
Symbol file LoadedFromMemory is not a mono symbol file
Symbol file data-000001620FEABAB0 doesn't match image C:\Users\asdf\Desktop\unity\ReactiveTurnBase\My project A\Library\ScriptAssemblies\Unity.CollabProxy.Editor.dll
Symbol file LoadedFromMemory is not a mono symbol file
Symbol file data-00000161A1B7B030 doesn't match image C:\Users\asdf\Desktop\unity\ReactiveTurnBase\My project A\Library\ScriptAssemblies\Unity.TextMeshPro.dll
Symbol file LoadedFromMemory is not a mono symbol file
Symbol file data-00000162105B2010 doesn't match image C:\Users\asdf\Desktop\unity\ReactiveTurnBase\My project A\Library\ScriptAssemblies\Unity.TextMeshPro.Editor.dll
Symbol file LoadedFromMemory is not a mono symbol file
Symbol file data-000001617F867240 doesn't match image C:\Users\asdf\Desktop\unity\ReactiveTurnBase\My project A\Library\ScriptAssemblies\UniTask.dll
Symbol file LoadedFromMemory is not a mono symbol file
Symbol file data-00000161A14948A0 doesn't match image C:\Users\asdf\Desktop\unity\ReactiveTurnBase\My project A\Library\ScriptAssemblies\Unity.VisualScripting.State.dll
Symbol file LoadedFromMemory is not a mono symbol file
Symbol file data-00000161A14948A0 doesn't match image C:\Users\asdf\Desktop\unity\ReactiveTurnBase\My project A\Library\ScriptAssemblies\Unity.VSCode.Editor.dll
Symbol file LoadedFromMemory is not a mono symbol file
- Loaded All Assemblies, in  0.462 seconds
Native extension for WindowsStandalone target not found
Native extension for Android target not found
Mono: successfully reloaded assembly
- Finished resetting the current domain, in  1.130 seconds
Domain Reload Profiling: 1590ms
	BeginReloadAssembly (144ms)
		ExecutionOrderSort (0ms)
		DisableScriptedObjects (6ms)
		BackupInstance (0ms)
		ReleaseScriptingObjects (0ms)
		CreateAndSetChildDomain (30ms)
	RebuildCommonClasses (32ms)
	RebuildNativeTypeToScriptingClass (10ms)
	initialDomainReloadingComplete (36ms)
	LoadAllAssembliesAndSetupDomain (237ms)
		LoadAssemblies (296ms)
		RebuildTransferFunctionScriptingTraits (0ms)
		AnalyzeDomain (18ms)
			TypeCache.Refresh (5ms)
				TypeCache.ScanAssembly (0ms)
			ScanForSourceGeneratedMonoScriptInfo (0ms)
			ResolveRequiredComponents (10ms)
	FinalizeReload (1131ms)
		ReleaseScriptCaches (0ms)
		RebuildScriptCaches (0ms)
		SetupLoadedEditorAssemblies (634ms)
			LogAssemblyErrors (0ms)
			InitializePlatformSupportModulesInManaged (20ms)
			SetLoadedEditorAssemblies (4ms)
			RefreshPlugins (0ms)
			BeforeProcessingInitializeOnLoad (120ms)
			ProcessInitializeOnLoadAttributes (442ms)
			ProcessInitializeOnLoadMethodAttributes (39ms)
			AfterProcessingInitializeOnLoad (8ms)
			EditorAssembliesLoaded (0ms)
		ExecutionOrderSort2 (0ms)
		AwakeInstancesAfterBackupRestoration (7ms)
Refreshing native plugins compatible for Editor in 5.01 ms, found 3 plugins.
Preloading 0 native plugins for Editor in 0.00 ms.
Unloading 3941 Unused Serialized files (Serialized files now loaded: 0)
Unloading 22 unused Assets / (32.8 KB). Loaded Objects now: 4731.
Memory consumption went from 226.1 MB to 226.1 MB.
Total: 4.059800 ms (FindLiveObjects: 0.370700 ms CreateObjectMapping: 0.241200 ms MarkObjects: 3.342000 ms  DeleteObjects: 0.104700 ms)

Prepare: number of updated asset objects reloaded= 0
AssetImportParameters requested are different than current active one (requested -> active):
  custom:container-demuxer-ogg: 62fdf1f143b41e24485cea50d1cbac27 -> 
  custom:scripting/monoscript/fileName/GroggyBar.cs: 100a61dadfc5e32941fd0f737636facf -> 
  custom:video-decoder-ogg-theora: a1e56fd34408186e4bbccfd4996cb3dc -> 
  custom:framework-win-MediaFoundation: 216162199b28c13a410421893ffa2e32 -> 
  custom:CustomObjectIndexerAttribute: 9a22284fe3817be447336de3de66b15e -> 
  custom:container-demuxer-webm: 4f35f7cbe854078d1ac9338744f61a02 -> 
  custom:container-muxer-webm: aa71ff27fc2769a1b78a27578f13a17b -> 
  custom:video-decoder-webm-vp8: 9c59270c3fd7afecdb556c50c9e8de78 -> 
  custom:SearchIndexIgnoredProperties: e643bd26f0fe6173181afceb89e7c659 -> 
  custom:AudioImporter_EditorPlatform: d09bf68614088b80899f8185d706f6e7 -> 
  custom:video-encoder-webm-vp8: eb34c28f22e8b96e1ab97ce403110664 -> 
  custom:scripting/monoscript/fileName/GroggyBarFollower.cs: 819d994350b9b9cabf3c84cf4da82ff6 -> 
  custom:audio-decoder-ogg-vorbis: bf7c407c2cedff20999df2af8eb42d56 -> 
  custom:audio-encoder-webm-vorbis: bf7c407c2cedff20999df2af8eb42d56 -> 
  custom:scripting/precompiled-assembly-types:Assembly-CSharp: b46ac83b1ac601f3cf7a79e40a0cc39b -> 1476765af81e86739e20042d8f5f0532
========================================================================
Received Prepare
Caller must complete domain reload
Begin MonoManager ReloadAssembly
Symbol file data-000001620FEABAB0 doesn't match image C:\Users\asdf\Desktop\unity\ReactiveTurnBase\My project A\Library\ScriptAssemblies\Unity.EditorCoroutines.Editor.dll
Symbol file LoadedFromMemory is not a mono symbol file
Symbol file data-000001617F85F510 doesn't match image C:\Users\asdf\Desktop\unity\ReactiveTurnBase\My project A\Library\ScriptAssemblies\UniTask.TextMeshPro.dll
Symbol file LoadedFromMemory is not a mono symbol file
Symbol file data-00000161A127F020 doesn't match image C:\Users\asdf\Desktop\unity\ReactiveTurnBase\My project A\Library\ScriptAssemblies\Unity.Timeline.Editor.dll
Symbol file LoadedFromMemory is not a mono symbol file
Symbol file data-000001617F85F510 doesn't match image C:\Users\asdf\Desktop\unity\ReactiveTurnBase\My project A\Library\ScriptAssemblies\Unity.VisualScripting.Shared.Editor.dll
Symbol file LoadedFromMemory is not a mono symbol file
Symbol file data-00000161ACAE0510 doesn't match image C:\Users\asdf\Desktop\unity\ReactiveTurnBase\My project A\Library\ScriptAssemblies\UniTask.DOTween.dll
Symbol file LoadedFromMemory is not a mono symbol file
Symbol file data-00000161ACAE0510 doesn't match image C:\Users\asdf\Desktop\unity\ReactiveTurnBase\My project A\Library\ScriptAssemblies\UniTask.Addressables.dll
Symbol file LoadedFromMemory is not a mono symbol file
Symbol file data-00000161A1A61010 doesn't match image C:\Users\asdf\Desktop\unity\ReactiveTurnBase\My project A\Library\ScriptAssemblies\UnityEditor.UI.dll
Symbol file LoadedFromMemory is not a mono symbol file
Symbol file data-00000161ABC42010 doesn't match image C:\Users\asdf\Desktop\unity\ReactiveTurnBase\My project A\Library\ScriptAssemblies\Unity.VisualScripting.Core.dll
Symbol file LoadedFromMemory is not a mono symbol file
Symbol file data-00000161A15A6020 doesn't match image C:\Users\asdf\Desktop\unity\ReactiveTurnBase\My project A\Library\ScriptAssemblies\UnityEngine.UI.dll
Symbol file LoadedFromMemory is not a mono symbol file
Symbol file data-000001617F85F510 doesn't match image C:\Users\asdf\Desktop\unity\ReactiveTurnBase\My project A\Library\ScriptAssemblies\UniTask.Editor.dll
Symbol file LoadedFromMemory is not a mono symbol file
Symbol file data-00000161A1869020 doesn't match image C:\Users\asdf\Desktop\unity\ReactiveTurnBase\My project A\Library\ScriptAssemblies\Unity.VisualScripting.Core.Editor.dll
Symbol file LoadedFromMemory is not a mono symbol file
Symbol file data-0000016210171010 doesn't match image C:\Users\asdf\Desktop\unity\ReactiveTurnBase\My project A\Library\ScriptAssemblies\UniTask.Linq.dll
Symbol file LoadedFromMemory is not a mono symbol file
Symbol file data-00000161A1B7B030 doesn't match image C:\Users\asdf\Desktop\unity\ReactiveTurnBase\My project A\Library\ScriptAssemblies\Unity.VisualScripting.Flow.dll
Symbol file LoadedFromMemory is not a mono symbol file
Symbol file data-000001617F9C3010 doesn't match image C:\Users\asdf\Desktop\unity\ReactiveTurnBase\My project A\Library\ScriptAssemblies\Unity.VisualScripting.Flow.Editor.dll
Symbol file LoadedFromMemory is not a mono symbol file
Symbol file data-000001617F366010 doesn't match image C:\Users\asdf\Desktop\unity\ReactiveTurnBase\My project A\Library\ScriptAssemblies\Unity.Timeline.dll
Symbol file LoadedFromMemory is not a mono symbol file
Symbol file data-0000016211B30080 doesn't match image C:\Users\asdf\Desktop\unity\ReactiveTurnBase\My project A\Library\ScriptAssemblies\Unity.InputSystem.dll
Symbol file LoadedFromMemory is not a mono symbol file
Symbol file data-00000161ACAE0510 doesn't match image C:\Users\asdf\Desktop\unity\ReactiveTurnBase\My project A\Library\ScriptAssemblies\Unity.InputSystem.ForUI.dll
Symbol file LoadedFromMemory is not a mono symbol file
Symbol file data-00000161ABA5A030 doesn't match image C:\Users\asdf\Desktop\unity\ReactiveTurnBase\My project A\Library\ScriptAssemblies\Unity.TestTools.CodeCoverage.Editor.OpenCover.Mono.Reflection.dll
Symbol file LoadedFromMemory is not a mono symbol file
Symbol file data-00000161ABA5A030 doesn't match image C:\Users\asdf\Desktop\unity\ReactiveTurnBase\My project A\Library\ScriptAssemblies\Unity.VisualScripting.SettingsProvider.Editor.dll
Symbol file LoadedFromMemory is not a mono symbol file
Symbol file data-00000161AB96E030 doesn't match image C:\Users\asdf\Desktop\unity\ReactiveTurnBase\My project A\Library\ScriptAssemblies\Unity.Performance.Profile-Analyzer.Editor.dll
Symbol file LoadedFromMemory is not a mono symbol file
Symbol file data-000001620FD9B010 doesn't match image C:\Users\asdf\Desktop\unity\ReactiveTurnBase\My project A\Library\ScriptAssemblies\Unity.TestTools.CodeCoverage.Editor.dll
Symbol file LoadedFromMemory is not a mono symbol file
Symbol file data-000001617FB77040 doesn't match image C:\Users\asdf\Desktop\unity\ReactiveTurnBase\My project A\Library\ScriptAssemblies\Unity.TestTools.CodeCoverage.Editor.OpenCover.Model.dll
Symbol file LoadedFromMemory is not a mono symbol file
Symbol file data-00000161A1A61010 doesn't match image C:\Users\asdf\Desktop\unity\ReactiveTurnBase\My project A\Library\ScriptAssemblies\Unity.VisualScripting.State.Editor.dll
Symbol file LoadedFromMemory is not a mono symbol file
Symbol file data-00000161ACF39010 doesn't match image C:\Users\asdf\Desktop\unity\ReactiveTurnBase\My project A\Library\ScriptAssemblies\Unity.Settings.Editor.dll
Symbol file LoadedFromMemory is not a mono symbol file
Symbol file data-000001620FEABAB0 doesn't match image C:\Users\asdf\Desktop\unity\ReactiveTurnBase\My project A\Library\ScriptAssemblies\Unity.CollabProxy.Editor.dll
Symbol file LoadedFromMemory is not a mono symbol file
Symbol file data-00000161A1B7B030 doesn't match image C:\Users\asdf\Desktop\unity\ReactiveTurnBase\My project A\Library\ScriptAssemblies\Unity.TextMeshPro.dll
Symbol file LoadedFromMemory is not a mono symbol file
Symbol file data-00000161AB297020 doesn't match image C:\Users\asdf\Desktop\unity\ReactiveTurnBase\My project A\Library\ScriptAssemblies\Unity.TextMeshPro.Editor.dll
Symbol file LoadedFromMemory is not a mono symbol file
Symbol file data-000001617F867240 doesn't match image C:\Users\asdf\Desktop\unity\ReactiveTurnBase\My project A\Library\ScriptAssemblies\UniTask.dll
Symbol file LoadedFromMemory is not a mono symbol file
Symbol file data-00000161A14948A0 doesn't match image C:\Users\asdf\Desktop\unity\ReactiveTurnBase\My project A\Library\ScriptAssemblies\Unity.VisualScripting.State.dll
Symbol file LoadedFromMemory is not a mono symbol file
Symbol file data-00000161A14948A0 doesn't match image C:\Users\asdf\Desktop\unity\ReactiveTurnBase\My project A\Library\ScriptAssemblies\Unity.VSCode.Editor.dll
Symbol file LoadedFromMemory is not a mono symbol file
- Loaded All Assemblies, in  0.452 seconds
Native extension for WindowsStandalone target not found
Native extension for Android target not found
Mono: successfully reloaded assembly
- Finished resetting the current domain, in  1.131 seconds
Domain Reload Profiling: 1580ms
	BeginReloadAssembly (150ms)
		ExecutionOrderSort (0ms)
		DisableScriptedObjects (7ms)
		BackupInstance (0ms)
		ReleaseScriptingObjects (0ms)
		CreateAndSetChildDomain (29ms)
	RebuildCommonClasses (26ms)
	RebuildNativeTypeToScriptingClass (8ms)
	initialDomainReloadingComplete (28ms)
	LoadAllAssembliesAndSetupDomain (238ms)
		LoadAssemblies (308ms)
		RebuildTransferFunctionScriptingTraits (0ms)
		AnalyzeDomain (14ms)
			TypeCache.Refresh (5ms)
				TypeCache.ScanAssembly (0ms)
			ScanForSourceGeneratedMonoScriptInfo (0ms)
			ResolveRequiredComponents (7ms)
	FinalizeReload (1131ms)
		ReleaseScriptCaches (0ms)
		RebuildScriptCaches (0ms)
		SetupLoadedEditorAssemblies (646ms)
			LogAssemblyErrors (0ms)
			InitializePlatformSupportModulesInManaged (22ms)
			SetLoadedEditorAssemblies (4ms)
			RefreshPlugins (0ms)
			BeforeProcessingInitializeOnLoad (123ms)
			ProcessInitializeOnLoadAttributes (450ms)
			ProcessInitializeOnLoadMethodAttributes (37ms)
			AfterProcessingInitializeOnLoad (8ms)
			EditorAssembliesLoaded (1ms)
		ExecutionOrderSort2 (0ms)
		AwakeInstancesAfterBackupRestoration (7ms)
Refreshing native plugins compatible for Editor in 3.78 ms, found 3 plugins.
Preloading 0 native plugins for Editor in 0.00 ms.
Unloading 3941 Unused Serialized files (Serialized files now loaded: 0)
Unloading 22 unused Assets / (32.8 KB). Loaded Objects now: 4734.
Memory consumption went from 226.1 MB to 226.1 MB.
Total: 3.361500 ms (FindLiveObjects: 0.327800 ms CreateObjectMapping: 0.248900 ms MarkObjects: 2.721200 ms  DeleteObjects: 0.062500 ms)

Prepare: number of updated asset objects reloaded= 0
AssetImportParameters requested are different than current active one (requested -> active):
  custom:container-demuxer-ogg: 62fdf1f143b41e24485cea50d1cbac27 -> 
  custom:scripting/monoscript/fileName/GroggyBar.cs: 100a61dadfc5e32941fd0f737636facf -> 
  custom:video-decoder-ogg-theora: a1e56fd34408186e4bbccfd4996cb3dc -> 
  custom:framework-win-MediaFoundation: 216162199b28c13a410421893ffa2e32 -> 
  custom:CustomObjectIndexerAttribute: 9a22284fe3817be447336de3de66b15e -> 
  custom:container-demuxer-webm: 4f35f7cbe854078d1ac9338744f61a02 -> 
  custom:container-muxer-webm: aa71ff27fc2769a1b78a27578f13a17b -> 
  custom:video-decoder-webm-vp8: 9c59270c3fd7afecdb556c50c9e8de78 -> 
  custom:SearchIndexIgnoredProperties: e643bd26f0fe6173181afceb89e7c659 -> 
  custom:AudioImporter_EditorPlatform: d09bf68614088b80899f8185d706f6e7 -> 
  custom:video-encoder-webm-vp8: eb34c28f22e8b96e1ab97ce403110664 -> 
  custom:scripting/monoscript/fileName/GroggyBarFollower.cs: 819d994350b9b9cabf3c84cf4da82ff6 -> 
  custom:audio-decoder-ogg-vorbis: bf7c407c2cedff20999df2af8eb42d56 -> 
  custom:audio-encoder-webm-vorbis: bf7c407c2cedff20999df2af8eb42d56 -> 
  custom:scripting/precompiled-assembly-types:Assembly-CSharp: b46ac83b1ac601f3cf7a79e40a0cc39b -> 1476765af81e86739e20042d8f5f0532
========================================================================
Received Prepare
Caller must complete domain reload
Begin MonoManager ReloadAssembly
Symbol file data-000001620FEABAB0 doesn't match image C:\Users\asdf\Desktop\unity\ReactiveTurnBase\My project A\Library\ScriptAssemblies\Unity.EditorCoroutines.Editor.dll
Symbol file LoadedFromMemory is not a mono symbol file
Symbol file data-000001620F932050 doesn't match image C:\Users\asdf\Desktop\unity\ReactiveTurnBase\My project A\Library\ScriptAssemblies\UniTask.TextMeshPro.dll
Symbol file LoadedFromMemory is not a mono symbol file
Symbol file data-00000161A127F020 doesn't match image C:\Users\asdf\Desktop\unity\ReactiveTurnBase\My project A\Library\ScriptAssemblies\Unity.Timeline.Editor.dll
Symbol file LoadedFromMemory is not a mono symbol file
Symbol file data-000001620F932050 doesn't match image C:\Users\asdf\Desktop\unity\ReactiveTurnBase\My project A\Library\ScriptAssemblies\Unity.VisualScripting.Shared.Editor.dll
Symbol file LoadedFromMemory is not a mono symbol file
Symbol file data-00000161ACAE0510 doesn't match image C:\Users\asdf\Desktop\unity\ReactiveTurnBase\My project A\Library\ScriptAssemblies\UniTask.DOTween.dll
Symbol file LoadedFromMemory is not a mono symbol file
Symbol file data-00000161ACAE0510 doesn't match image C:\Users\asdf\Desktop\unity\ReactiveTurnBase\My project A\Library\ScriptAssemblies\UniTask.Addressables.dll
Symbol file LoadedFromMemory is not a mono symbol file
Symbol file data-00000161A1A61010 doesn't match image C:\Users\asdf\Desktop\unity\ReactiveTurnBase\My project A\Library\ScriptAssemblies\UnityEditor.UI.dll
Symbol file LoadedFromMemory is not a mono symbol file
Symbol file data-00000162104B3010 doesn't match image C:\Users\asdf\Desktop\unity\ReactiveTurnBase\My project A\Library\ScriptAssemblies\Unity.VisualScripting.Core.dll
Symbol file LoadedFromMemory is not a mono symbol file
Symbol file data-000001621068D010 doesn't match image C:\Users\asdf\Desktop\unity\ReactiveTurnBase\My project A\Library\ScriptAssemblies\UnityEngine.UI.dll
Symbol file LoadedFromMemory is not a mono symbol file
Symbol file data-000001620F932050 doesn't match image C:\Users\asdf\Desktop\unity\ReactiveTurnBase\My project A\Library\ScriptAssemblies\UniTask.Editor.dll
Symbol file LoadedFromMemory is not a mono symbol file
Symbol file data-00000161A1869020 doesn't match image C:\Users\asdf\Desktop\unity\ReactiveTurnBase\My project A\Library\ScriptAssemblies\Unity.VisualScripting.Core.Editor.dll
Symbol file LoadedFromMemory is not a mono symbol file
Symbol file data-000001617F867240 doesn't match image C:\Users\asdf\Desktop\unity\ReactiveTurnBase\My project A\Library\ScriptAssemblies\UniTask.Linq.dll
Symbol file LoadedFromMemory is not a mono symbol file
Symbol file data-00000161A1B7B030 doesn't match image C:\Users\asdf\Desktop\unity\ReactiveTurnBase\My project A\Library\ScriptAssemblies\Unity.VisualScripting.Flow.dll
Symbol file LoadedFromMemory is not a mono symbol file
Symbol file data-000001617F9C3010 doesn't match image C:\Users\asdf\Desktop\unity\ReactiveTurnBase\My project A\Library\ScriptAssemblies\Unity.VisualScripting.Flow.Editor.dll
Symbol file LoadedFromMemory is not a mono symbol file
Symbol file data-00000162106FF010 doesn't match image C:\Users\asdf\Desktop\unity\ReactiveTurnBase\My project A\Library\ScriptAssemblies\Unity.Timeline.dll
Symbol file LoadedFromMemory is not a mono symbol file
Symbol file data-0000016211B30080 doesn't match image C:\Users\asdf\Desktop\unity\ReactiveTurnBase\My project A\Library\ScriptAssemblies\Unity.InputSystem.dll
Symbol file LoadedFromMemory is not a mono symbol file
Symbol file data-00000161ACAE0510 doesn't match image C:\Users\asdf\Desktop\unity\ReactiveTurnBase\My project A\Library\ScriptAssemblies\Unity.InputSystem.ForUI.dll
Symbol file LoadedFromMemory is not a mono symbol file
Symbol file data-00000161ABA5A030 doesn't match image C:\Users\asdf\Desktop\unity\ReactiveTurnBase\My project A\Library\ScriptAssemblies\Unity.TestTools.CodeCoverage.Editor.OpenCover.Mono.Reflection.dll
Symbol file LoadedFromMemory is not a mono symbol file
Symbol file data-00000161ABA5A030 doesn't match image C:\Users\asdf\Desktop\unity\ReactiveTurnBase\My project A\Library\ScriptAssemblies\Unity.VisualScripting.SettingsProvider.Editor.dll
Symbol file LoadedFromMemory is not a mono symbol file
Symbol file data-00000161A2E0EE00 doesn't match image C:\Users\asdf\Desktop\unity\ReactiveTurnBase\My project A\Library\ScriptAssemblies\Unity.Performance.Profile-Analyzer.Editor.dll
Symbol file LoadedFromMemory is not a mono symbol file
Symbol file data-000001620FD9B010 doesn't match image C:\Users\asdf\Desktop\unity\ReactiveTurnBase\My project A\Library\ScriptAssemblies\Unity.TestTools.CodeCoverage.Editor.dll
Symbol file LoadedFromMemory is not a mono symbol file
Symbol file data-000001617FB77040 doesn't match image C:\Users\asdf\Desktop\unity\ReactiveTurnBase\My project A\Library\ScriptAssemblies\Unity.TestTools.CodeCoverage.Editor.OpenCover.Model.dll
Symbol file LoadedFromMemory is not a mono symbol file
Symbol file data-00000161A1A61010 doesn't match image C:\Users\asdf\Desktop\unity\ReactiveTurnBase\My project A\Library\ScriptAssemblies\Unity.VisualScripting.State.Editor.dll
Symbol file LoadedFromMemory is not a mono symbol file
Symbol file data-000001617F8AE450 doesn't match image C:\Users\asdf\Desktop\unity\ReactiveTurnBase\My project A\Library\ScriptAssemblies\Unity.Settings.Editor.dll
Symbol file LoadedFromMemory is not a mono symbol file
Symbol file data-000001620FEABAB0 doesn't match image C:\Users\asdf\Desktop\unity\ReactiveTurnBase\My project A\Library\ScriptAssemblies\Unity.CollabProxy.Editor.dll
Symbol file LoadedFromMemory is not a mono symbol file
Symbol file data-00000161A1B7B030 doesn't match image C:\Users\asdf\Desktop\unity\ReactiveTurnBase\My project A\Library\ScriptAssemblies\Unity.TextMeshPro.dll
Symbol file LoadedFromMemory is not a mono symbol file
Symbol file data-00000162105B2010 doesn't match image C:\Users\asdf\Desktop\unity\ReactiveTurnBase\My project A\Library\ScriptAssemblies\Unity.TextMeshPro.Editor.dll
Symbol file LoadedFromMemory is not a mono symbol file
Symbol file data-00000162104B3010 doesn't match image C:\Users\asdf\Desktop\unity\ReactiveTurnBase\My project A\Library\ScriptAssemblies\UniTask.dll
Symbol file LoadedFromMemory is not a mono symbol file
Symbol file data-00000161A14948A0 doesn't match image C:\Users\asdf\Desktop\unity\ReactiveTurnBase\My project A\Library\ScriptAssemblies\Unity.VisualScripting.State.dll
Symbol file LoadedFromMemory is not a mono symbol file
Symbol file data-00000161A14948A0 doesn't match image C:\Users\asdf\Desktop\unity\ReactiveTurnBase\My project A\Library\ScriptAssemblies\Unity.VSCode.Editor.dll
Symbol file LoadedFromMemory is not a mono symbol file
- Loaded All Assemblies, in  0.475 seconds
Native extension for WindowsStandalone target not found
Native extension for Android target not found
Mono: successfully reloaded assembly
- Finished resetting the current domain, in  0.931 seconds
Domain Reload Profiling: 1404ms
	BeginReloadAssembly (142ms)
		ExecutionOrderSort (0ms)
		DisableScriptedObjects (6ms)
		BackupInstance (0ms)
		ReleaseScriptingObjects (0ms)
		CreateAndSetChildDomain (33ms)
	RebuildCommonClasses (29ms)
	RebuildNativeTypeToScriptingClass (13ms)
	initialDomainReloadingComplete (27ms)
	LoadAllAssembliesAndSetupDomain (261ms)
		LoadAssemblies (302ms)
		RebuildTransferFunctionScriptingTraits (0ms)
		AnalyzeDomain (31ms)
			TypeCache.Refresh (10ms)
				TypeCache.ScanAssembly (3ms)
			ScanForSourceGeneratedMonoScriptInfo (12ms)
			ResolveRequiredComponents (7ms)
	FinalizeReload (932ms)
		ReleaseScriptCaches (0ms)
		RebuildScriptCaches (0ms)
		SetupLoadedEditorAssemblies (493ms)
			LogAssemblyErrors (0ms)
			InitializePlatformSupportModulesInManaged (19ms)
			SetLoadedEditorAssemblies (5ms)
			RefreshPlugins (0ms)
			BeforeProcessingInitializeOnLoad (87ms)
			ProcessInitializeOnLoadAttributes (345ms)
			ProcessInitializeOnLoadMethodAttributes (30ms)
			AfterProcessingInitializeOnLoad (6ms)
			EditorAssembliesLoaded (0ms)
		ExecutionOrderSort2 (0ms)
		AwakeInstancesAfterBackupRestoration (6ms)
Refreshing native plugins compatible for Editor in 3.78 ms, found 3 plugins.
Preloading 0 native plugins for Editor in 0.00 ms.
Unloading 3941 Unused Serialized files (Serialized files now loaded: 0)
Unloading 22 unused Assets / (32.8 KB). Loaded Objects now: 4737.
Memory consumption went from 226.1 MB to 226.1 MB.
Total: 3.209300 ms (FindLiveObjects: 0.269600 ms CreateObjectMapping: 0.188500 ms MarkObjects: 2.702600 ms  DeleteObjects: 0.047900 ms)

Prepare: number of updated asset objects reloaded= 0
AssetImportParameters requested are different than current active one (requested -> active):
  custom:container-demuxer-ogg: 62fdf1f143b41e24485cea50d1cbac27 -> 
  custom:scripting/monoscript/fileName/GroggyBar.cs: 100a61dadfc5e32941fd0f737636facf -> 
  custom:video-decoder-ogg-theora: a1e56fd34408186e4bbccfd4996cb3dc -> 
  custom:framework-win-MediaFoundation: 216162199b28c13a410421893ffa2e32 -> 
  custom:CustomObjectIndexerAttribute: 9a22284fe3817be447336de3de66b15e -> 
  custom:container-demuxer-webm: 4f35f7cbe854078d1ac9338744f61a02 -> 
  custom:container-muxer-webm: aa71ff27fc2769a1b78a27578f13a17b -> 
  custom:video-decoder-webm-vp8: 9c59270c3fd7afecdb556c50c9e8de78 -> 
  custom:SearchIndexIgnoredProperties: e643bd26f0fe6173181afceb89e7c659 -> 
  custom:AudioImporter_EditorPlatform: d09bf68614088b80899f8185d706f6e7 -> 
  custom:video-encoder-webm-vp8: eb34c28f22e8b96e1ab97ce403110664 -> 
  custom:scripting/monoscript/fileName/GroggyBarFollower.cs: 819d994350b9b9cabf3c84cf4da82ff6 -> 
  custom:audio-decoder-ogg-vorbis: bf7c407c2cedff20999df2af8eb42d56 -> 
  custom:audio-encoder-webm-vorbis: bf7c407c2cedff20999df2af8eb42d56 -> 
  custom:scripting/precompiled-assembly-types:Assembly-CSharp: b46ac83b1ac601f3cf7a79e40a0cc39b -> 1476765af81e86739e20042d8f5f0532
========================================================================
Received Prepare
Caller must complete domain reload
Begin MonoManager ReloadAssembly
Symbol file data-000001620FEABAB0 doesn't match image C:\Users\asdf\Desktop\unity\ReactiveTurnBase\My project A\Library\ScriptAssemblies\Unity.EditorCoroutines.Editor.dll
Symbol file LoadedFromMemory is not a mono symbol file
Symbol file data-000001617F85F510 doesn't match image C:\Users\asdf\Desktop\unity\ReactiveTurnBase\My project A\Library\ScriptAssemblies\UniTask.TextMeshPro.dll
Symbol file LoadedFromMemory is not a mono symbol file
Symbol file data-00000161A127F020 doesn't match image C:\Users\asdf\Desktop\unity\ReactiveTurnBase\My project A\Library\ScriptAssemblies\Unity.Timeline.Editor.dll
Symbol file LoadedFromMemory is not a mono symbol file
Symbol file data-000001617F85F510 doesn't match image C:\Users\asdf\Desktop\unity\ReactiveTurnBase\My project A\Library\ScriptAssemblies\Unity.VisualScripting.Shared.Editor.dll
Symbol file LoadedFromMemory is not a mono symbol file
Symbol file data-00000161ACAE0510 doesn't match image C:\Users\asdf\Desktop\unity\ReactiveTurnBase\My project A\Library\ScriptAssemblies\UniTask.DOTween.dll
Symbol file LoadedFromMemory is not a mono symbol file
Symbol file data-00000161ACAE0510 doesn't match image C:\Users\asdf\Desktop\unity\ReactiveTurnBase\My project A\Library\ScriptAssemblies\UniTask.Addressables.dll
Symbol file LoadedFromMemory is not a mono symbol file
Symbol file data-00000161A1A61010 doesn't match image C:\Users\asdf\Desktop\unity\ReactiveTurnBase\My project A\Library\ScriptAssemblies\UnityEditor.UI.dll
Symbol file LoadedFromMemory is not a mono symbol file
Symbol file data-00000162104B3010 doesn't match image C:\Users\asdf\Desktop\unity\ReactiveTurnBase\My project A\Library\ScriptAssemblies\Unity.VisualScripting.Core.dll
Symbol file LoadedFromMemory is not a mono symbol file
Symbol file data-000001621068D010 doesn't match image C:\Users\asdf\Desktop\unity\ReactiveTurnBase\My project A\Library\ScriptAssemblies\UnityEngine.UI.dll
Symbol file LoadedFromMemory is not a mono symbol file
Symbol file data-000001617F85F510 doesn't match image C:\Users\asdf\Desktop\unity\ReactiveTurnBase\My project A\Library\ScriptAssemblies\UniTask.Editor.dll
Symbol file LoadedFromMemory is not a mono symbol file
Symbol file data-00000161A1869020 doesn't match image C:\Users\asdf\Desktop\unity\ReactiveTurnBase\My project A\Library\ScriptAssemblies\Unity.VisualScripting.Core.Editor.dll
Symbol file LoadedFromMemory is not a mono symbol file
Symbol file data-000001617F867240 doesn't match image C:\Users\asdf\Desktop\unity\ReactiveTurnBase\My project A\Library\ScriptAssemblies\UniTask.Linq.dll
Symbol file LoadedFromMemory is not a mono symbol file
Symbol file data-00000161ADD89D10 doesn't match image C:\Users\asdf\Desktop\unity\ReactiveTurnBase\My project A\Library\ScriptAssemblies\Unity.VisualScripting.Flow.dll
Symbol file LoadedFromMemory is not a mono symbol file
Symbol file data-000001617F9C3010 doesn't match image C:\Users\asdf\Desktop\unity\ReactiveTurnBase\My project A\Library\ScriptAssemblies\Unity.VisualScripting.Flow.Editor.dll
Symbol file LoadedFromMemory is not a mono symbol file
Symbol file data-00000162106FF010 doesn't match image C:\Users\asdf\Desktop\unity\ReactiveTurnBase\My project A\Library\ScriptAssemblies\Unity.Timeline.dll
Symbol file LoadedFromMemory is not a mono symbol file
Symbol file data-0000016211B30080 doesn't match image C:\Users\asdf\Desktop\unity\ReactiveTurnBase\My project A\Library\ScriptAssemblies\Unity.InputSystem.dll
Symbol file LoadedFromMemory is not a mono symbol file
Symbol file data-00000161ACAE0510 doesn't match image C:\Users\asdf\Desktop\unity\ReactiveTurnBase\My project A\Library\ScriptAssemblies\Unity.InputSystem.ForUI.dll
Symbol file LoadedFromMemory is not a mono symbol file
Symbol file data-00000161ABA5A030 doesn't match image C:\Users\asdf\Desktop\unity\ReactiveTurnBase\My project A\Library\ScriptAssemblies\Unity.TestTools.CodeCoverage.Editor.OpenCover.Mono.Reflection.dll
Symbol file LoadedFromMemory is not a mono symbol file
Symbol file data-00000161ABA5A030 doesn't match image C:\Users\asdf\Desktop\unity\ReactiveTurnBase\My project A\Library\ScriptAssemblies\Unity.VisualScripting.SettingsProvider.Editor.dll
Symbol file LoadedFromMemory is not a mono symbol file
Symbol file data-00000161A2E0EE00 doesn't match image C:\Users\asdf\Desktop\unity\ReactiveTurnBase\My project A\Library\ScriptAssemblies\Unity.Performance.Profile-Analyzer.Editor.dll
Symbol file LoadedFromMemory is not a mono symbol file
Symbol file data-000001620FD9B010 doesn't match image C:\Users\asdf\Desktop\unity\ReactiveTurnBase\My project A\Library\ScriptAssemblies\Unity.TestTools.CodeCoverage.Editor.dll
Symbol file LoadedFromMemory is not a mono symbol file
Symbol file data-000001617FB77040 doesn't match image C:\Users\asdf\Desktop\unity\ReactiveTurnBase\My project A\Library\ScriptAssemblies\Unity.TestTools.CodeCoverage.Editor.OpenCover.Model.dll
Symbol file LoadedFromMemory is not a mono symbol file
Symbol file data-00000161A1A61010 doesn't match image C:\Users\asdf\Desktop\unity\ReactiveTurnBase\My project A\Library\ScriptAssemblies\Unity.VisualScripting.State.Editor.dll
Symbol file LoadedFromMemory is not a mono symbol file
Symbol file data-000001617F376020 doesn't match image C:\Users\asdf\Desktop\unity\ReactiveTurnBase\My project A\Library\ScriptAssemblies\Unity.Settings.Editor.dll
Symbol file LoadedFromMemory is not a mono symbol file
Symbol file data-000001620FEABAB0 doesn't match image C:\Users\asdf\Desktop\unity\ReactiveTurnBase\My project A\Library\ScriptAssemblies\Unity.CollabProxy.Editor.dll
Symbol file LoadedFromMemory is not a mono symbol file
Symbol file data-00000161ADD89D10 doesn't match image C:\Users\asdf\Desktop\unity\ReactiveTurnBase\My project A\Library\ScriptAssemblies\Unity.TextMeshPro.dll
Symbol file LoadedFromMemory is not a mono symbol file
Symbol file data-00000162105B2010 doesn't match image C:\Users\asdf\Desktop\unity\ReactiveTurnBase\My project A\Library\ScriptAssemblies\Unity.TextMeshPro.Editor.dll
Symbol file LoadedFromMemory is not a mono symbol file
Symbol file data-00000162104B3010 doesn't match image C:\Users\asdf\Desktop\unity\ReactiveTurnBase\My project A\Library\ScriptAssemblies\UniTask.dll
Symbol file LoadedFromMemory is not a mono symbol file
Symbol file data-00000161A14948A0 doesn't match image C:\Users\asdf\Desktop\unity\ReactiveTurnBase\My project A\Library\ScriptAssemblies\Unity.VisualScripting.State.dll
Symbol file LoadedFromMemory is not a mono symbol file
Symbol file data-00000161A14948A0 doesn't match image C:\Users\asdf\Desktop\unity\ReactiveTurnBase\My project A\Library\ScriptAssemblies\Unity.VSCode.Editor.dll
Symbol file LoadedFromMemory is not a mono symbol file
- Loaded All Assemblies, in  0.459 seconds
Native extension for WindowsStandalone target not found
Native extension for Android target not found
Mono: successfully reloaded assembly
- Finished resetting the current domain, in  1.150 seconds
Domain Reload Profiling: 1607ms
	BeginReloadAssembly (137ms)
		ExecutionOrderSort (0ms)
		DisableScriptedObjects (6ms)
		BackupInstance (0ms)
		ReleaseScriptingObjects (0ms)
		CreateAndSetChildDomain (32ms)
	RebuildCommonClasses (27ms)
	RebuildNativeTypeToScriptingClass (8ms)
	initialDomainReloadingComplete (29ms)
	LoadAllAssembliesAndSetupDomain (255ms)
		LoadAssemblies (292ms)
		RebuildTransferFunctionScriptingTraits (0ms)
		AnalyzeDomain (33ms)
			TypeCache.Refresh (10ms)
				TypeCache.ScanAssembly (2ms)
			ScanForSourceGeneratedMonoScriptInfo (12ms)
			ResolveRequiredComponents (8ms)
	FinalizeReload (1151ms)
		ReleaseScriptCaches (0ms)
		RebuildScriptCaches (0ms)
		SetupLoadedEditorAssemblies (617ms)
			LogAssemblyErrors (0ms)
			InitializePlatformSupportModulesInManaged (23ms)
			SetLoadedEditorAssemblies (6ms)
			RefreshPlugins (0ms)
			BeforeProcessingInitializeOnLoad (117ms)
			ProcessInitializeOnLoadAttributes (434ms)
			ProcessInitializeOnLoadMethodAttributes (30ms)
			AfterProcessingInitializeOnLoad (6ms)
			EditorAssembliesLoaded (0ms)
		ExecutionOrderSort2 (0ms)
		AwakeInstancesAfterBackupRestoration (6ms)
Refreshing native plugins compatible for Editor in 4.20 ms, found 3 plugins.
Preloading 0 native plugins for Editor in 0.00 ms.
Unloading 3941 Unused Serialized files (Serialized files now loaded: 0)
Unloading 22 unused Assets / (32.8 KB). Loaded Objects now: 4740.
Memory consumption went from 226.2 MB to 226.1 MB.
Total: 3.335100 ms (FindLiveObjects: 0.326200 ms CreateObjectMapping: 0.249100 ms MarkObjects: 2.710500 ms  DeleteObjects: 0.048300 ms)

Prepare: number of updated asset objects reloaded= 0
AssetImportParameters requested are different than current active one (requested -> active):
  custom:container-demuxer-ogg: 62fdf1f143b41e24485cea50d1cbac27 -> 
  custom:scripting/monoscript/fileName/GroggyBar.cs: 100a61dadfc5e32941fd0f737636facf -> 
  custom:video-decoder-ogg-theora: a1e56fd34408186e4bbccfd4996cb3dc -> 
  custom:framework-win-MediaFoundation: 216162199b28c13a410421893ffa2e32 -> 
  custom:CustomObjectIndexerAttribute: 9a22284fe3817be447336de3de66b15e -> 
  custom:container-demuxer-webm: 4f35f7cbe854078d1ac9338744f61a02 -> 
  custom:container-muxer-webm: aa71ff27fc2769a1b78a27578f13a17b -> 
  custom:video-decoder-webm-vp8: 9c59270c3fd7afecdb556c50c9e8de78 -> 
  custom:SearchIndexIgnoredProperties: e643bd26f0fe6173181afceb89e7c659 -> 
  custom:AudioImporter_EditorPlatform: d09bf68614088b80899f8185d706f6e7 -> 
  custom:video-encoder-webm-vp8: eb34c28f22e8b96e1ab97ce403110664 -> 
  custom:scripting/monoscript/fileName/GroggyBarFollower.cs: 819d994350b9b9cabf3c84cf4da82ff6 -> 
  custom:audio-decoder-ogg-vorbis: bf7c407c2cedff20999df2af8eb42d56 -> 
  custom:audio-encoder-webm-vorbis: bf7c407c2cedff20999df2af8eb42d56 -> 
  custom:scripting/precompiled-assembly-types:Assembly-CSharp: b46ac83b1ac601f3cf7a79e40a0cc39b -> 1476765af81e86739e20042d8f5f0532
