Using pre-set license
Built from '2022.3/staging' branch; Version is '2022.3.62f1 (4af31df58517) revision 4911901'; Using compiler version '192829333'; Build Type 'Release'
OS: 'Windows 10  (10.0.19045) 64bit Professional' Language: 'ko' Physical Memory: 16318 MB
BatchMode: 1, IsHumanControllingUs: 0, StartBugReporterOnCrash: 0, Is64bit: 1, IsPro: 1

COMMAND LINE ARGUMENTS:
C:\Program Files\Unity\Hub\Editor\2022.3.62f1\Editor\Unity.exe
-adb2
-batchMode
-noUpm
-name
AssetImportWorker4
-projectPath
C:/Users/KGA/Desktop/UnityEdit/Project/ReactiveTurnBase/My project A
-logFile
Logs/AssetImportWorker4.log
-srvPort
50569
Successfully changed project path to: C:/Users/KGA/Desktop/UnityEdit/Project/ReactiveTurnBase/My project A
C:/Users/KGA/Desktop/UnityEdit/Project/ReactiveTurnBase/My project A
[UnityMemory] Configuration Parameters - Can be set up in boot.config
    "memorysetup-bucket-allocator-granularity=16"
    "memorysetup-bucket-allocator-bucket-count=8"
    "memorysetup-bucket-allocator-block-size=33554432"
    "memorysetup-bucket-allocator-block-count=8"
    "memorysetup-main-allocator-block-size=16777216"
    "memorysetup-thread-allocator-block-size=16777216"
    "memorysetup-gfx-main-allocator-block-size=16777216"
    "memorysetup-gfx-thread-allocator-block-size=16777216"
    "memorysetup-cache-allocator-block-size=4194304"
    "memorysetup-typetree-allocator-block-size=2097152"
    "memorysetup-profiler-bucket-allocator-granularity=16"
    "memorysetup-profiler-bucket-allocator-bucket-count=8"
    "memorysetup-profiler-bucket-allocator-block-size=33554432"
    "memorysetup-profiler-bucket-allocator-block-count=8"
    "memorysetup-profiler-allocator-block-size=16777216"
    "memorysetup-profiler-editor-allocator-block-size=1048576"
    "memorysetup-temp-allocator-size-main=16777216"
    "memorysetup-job-temp-allocator-block-size=2097152"
    "memorysetup-job-temp-allocator-block-size-background=1048576"
    "memorysetup-job-temp-allocator-reduction-small-platforms=262144"
    "memorysetup-allocator-temp-initial-block-size-main=262144"
    "memorysetup-allocator-temp-initial-block-size-worker=262144"
    "memorysetup-temp-allocator-size-background-worker=32768"
    "memorysetup-temp-allocator-size-job-worker=262144"
    "memorysetup-temp-allocator-size-preload-manager=33554432"
    "memorysetup-temp-allocator-size-nav-mesh-worker=65536"
    "memorysetup-temp-allocator-size-audio-worker=65536"
    "memorysetup-temp-allocator-size-cloud-worker=32768"
    "memorysetup-temp-allocator-size-gi-baking-worker=262144"
    "memorysetup-temp-allocator-size-gfx=262144"
Player connection [14308]  Target information:

Player connection [14308]  * "[IP] 172.30.1.97 [Port] 0 [Flags] 2 [Guid] 2573146321 [EditorId] 2573146321 [Version] 1048832 [Id] WindowsEditor(7,DESKTOP-C9NGJI9) [Debug] 1 [PackageName] WindowsEditor [ProjectName] Editor" 

Player connection [14308] Host joined multi-casting on [225.0.0.222:54997]...
Player connection [14308] Host joined alternative multi-casting on [225.0.0.222:34997]...
Input System module state changed to: Initialized.
[PhysX] Initialized MultithreadedTaskDispatcher with 12 workers.
Refreshing native plugins compatible for Editor in 10.73 ms, found 3 plugins.
Preloading 0 native plugins for Editor in 0.00 ms.
Initialize engine version: 2022.3.62f1 (4af31df58517)
[Subsystems] Discovering subsystems at path C:/Program Files/Unity/Hub/Editor/2022.3.62f1/Editor/Data/Resources/UnitySubsystems
[Subsystems] Discovering subsystems at path C:/Users/KGA/Desktop/UnityEdit/Project/ReactiveTurnBase/My project A/Assets
GfxDevice: creating device client; threaded=0; jobified=0
Direct3D:
    Version:  Direct3D 11.0 [level 11.1]
    Renderer: NVIDIA GeForce RTX 3050 (ID=0x2584)
    Vendor:   NVIDIA
    VRAM:     6002 MB
    Driver:   32.0.15.6094
Initialize mono
Mono path[0] = 'C:/Program Files/Unity/Hub/Editor/2022.3.62f1/Editor/Data/Managed'
Mono path[1] = 'C:/Program Files/Unity/Hub/Editor/2022.3.62f1/Editor/Data/MonoBleedingEdge/lib/mono/unityjit-win32'
Mono config path = 'C:/Program Files/Unity/Hub/Editor/2022.3.62f1/Editor/Data/MonoBleedingEdge/etc'
Using monoOptions --debugger-agent=transport=dt_socket,embedding=1,server=y,suspend=n,address=127.0.0.1:56252
Begin MonoManager ReloadAssembly
Registering precompiled unity dll's ...
Register platform support module: C:/Program Files/Unity/Hub/Editor/2022.3.62f1/Editor/Data/PlaybackEngines/AndroidPlayer/UnityEditor.Android.Extensions.dll
Register platform support module: C:/Program Files/Unity/Hub/Editor/2022.3.62f1/Editor/Data/PlaybackEngines/WindowsStandaloneSupport/UnityEditor.WindowsStandalone.Extensions.dll
Registered in 0.008088 seconds.
- Loaded All Assemblies, in  0.348 seconds
Native extension for WindowsStandalone target not found
Native extension for Android target not found
Android Extension - Scanning For ADB Devices 184 ms
Mono: successfully reloaded assembly
- Finished resetting the current domain, in  0.491 seconds
Domain Reload Profiling: 838ms
	BeginReloadAssembly (97ms)
		ExecutionOrderSort (0ms)
		DisableScriptedObjects (0ms)
		BackupInstance (0ms)
		ReleaseScriptingObjects (0ms)
		CreateAndSetChildDomain (1ms)
	RebuildCommonClasses (32ms)
	RebuildNativeTypeToScriptingClass (11ms)
	initialDomainReloadingComplete (56ms)
	LoadAllAssembliesAndSetupDomain (151ms)
		LoadAssemblies (96ms)
		RebuildTransferFunctionScriptingTraits (0ms)
		AnalyzeDomain (149ms)
			TypeCache.Refresh (147ms)
				TypeCache.ScanAssembly (134ms)
			ScanForSourceGeneratedMonoScriptInfo (0ms)
			ResolveRequiredComponents (0ms)
	FinalizeReload (492ms)
		ReleaseScriptCaches (0ms)
		RebuildScriptCaches (0ms)
		SetupLoadedEditorAssemblies (443ms)
			LogAssemblyErrors (0ms)
			InitializePlatformSupportModulesInManaged (281ms)
			SetLoadedEditorAssemblies (4ms)
			RefreshPlugins (0ms)
			BeforeProcessingInitializeOnLoad (2ms)
			ProcessInitializeOnLoadAttributes (114ms)
			ProcessInitializeOnLoadMethodAttributes (42ms)
			AfterProcessingInitializeOnLoad (0ms)
			EditorAssembliesLoaded (0ms)
		ExecutionOrderSort2 (0ms)
		AwakeInstancesAfterBackupRestoration (0ms)
========================================================================
Worker process is ready to serve import requests
Caller must complete domain reload
Begin MonoManager ReloadAssembly
- Loaded All Assemblies, in  0.691 seconds
Native extension for WindowsStandalone target not found
Native extension for Android target not found
Mono: successfully reloaded assembly
- Finished resetting the current domain, in  0.685 seconds
Domain Reload Profiling: 1374ms
	BeginReloadAssembly (147ms)
		ExecutionOrderSort (0ms)
		DisableScriptedObjects (5ms)
		BackupInstance (0ms)
		ReleaseScriptingObjects (0ms)
		CreateAndSetChildDomain (26ms)
	RebuildCommonClasses (32ms)
	RebuildNativeTypeToScriptingClass (11ms)
	initialDomainReloadingComplete (40ms)
	LoadAllAssembliesAndSetupDomain (458ms)
		LoadAssemblies (297ms)
		RebuildTransferFunctionScriptingTraits (0ms)
		AnalyzeDomain (242ms)
			TypeCache.Refresh (213ms)
				TypeCache.ScanAssembly (194ms)
			ScanForSourceGeneratedMonoScriptInfo (20ms)
			ResolveRequiredComponents (8ms)
	FinalizeReload (686ms)
		ReleaseScriptCaches (0ms)
		RebuildScriptCaches (0ms)
		SetupLoadedEditorAssemblies (517ms)
			LogAssemblyErrors (0ms)
			InitializePlatformSupportModulesInManaged (21ms)
			SetLoadedEditorAssemblies (4ms)
			RefreshPlugins (0ms)
			BeforeProcessingInitializeOnLoad (63ms)
			ProcessInitializeOnLoadAttributes (377ms)
			ProcessInitializeOnLoadMethodAttributes (43ms)
			AfterProcessingInitializeOnLoad (8ms)
			EditorAssembliesLoaded (0ms)
		ExecutionOrderSort2 (0ms)
		AwakeInstancesAfterBackupRestoration (8ms)
Launched and connected shader compiler UnityShaderCompiler.exe after 0.03 seconds
Refreshing native plugins compatible for Editor in 4.33 ms, found 3 plugins.
Preloading 0 native plugins for Editor in 0.00 ms.
Unloading 3962 Unused Serialized files (Serialized files now loaded: 0)
Unloading 33 unused Assets / (Unknown). Loaded Objects now: 4449.
Memory consumption went from 229.0 MB to 229.4 MB.
Total: 4.964400 ms (FindLiveObjects: 0.354800 ms CreateObjectMapping: 0.359600 ms MarkObjects: 4.068300 ms  DeleteObjects: 0.180300 ms)

AssetImportParameters requested are different than current active one (requested -> active):
  custom:container-demuxer-ogg: 62fdf1f143b41e24485cea50d1cbac27 -> 
  custom:video-decoder-ogg-theora: a1e56fd34408186e4bbccfd4996cb3dc -> 
  custom:framework-win-MediaFoundation: 216162199b28c13a410421893ffa2e32 -> 
  custom:CustomObjectIndexerAttribute: 9a22284fe3817be447336de3de66b15e -> 
  custom:container-demuxer-webm: 4f35f7cbe854078d1ac9338744f61a02 -> 
  custom:container-muxer-webm: aa71ff27fc2769a1b78a27578f13a17b -> 
  custom:video-decoder-webm-vp8: 9c59270c3fd7afecdb556c50c9e8de78 -> 
  custom:SearchIndexIgnoredProperties: e643bd26f0fe6173181afceb89e7c659 -> 
  custom:AudioImporter_EditorPlatform: d09bf68614088b80899f8185d706f6e7 -> 
  custom:video-encoder-webm-vp8: eb34c28f22e8b96e1ab97ce403110664 -> 
  custom:audio-decoder-ogg-vorbis: bf7c407c2cedff20999df2af8eb42d56 -> 
  custom:audio-encoder-webm-vorbis: bf7c407c2cedff20999df2af8eb42d56 -> 
========================================================================
Received Import Request.
  Time since last request: 54708.951464 seconds.
  path: Assets/Blink/Magic Weapon Icons/Weapon_01.png
  artifactKey: Guid(722a41ac62e4d4b79916816cb8f65986) Importer(815301076,1909f56bfc062723c751e8b465ee728b)
Start importing Assets/Blink/Magic Weapon Icons/Weapon_01.png using Guid(722a41ac62e4d4b79916816cb8f65986) Importer(815301076,1909f56bfc062723c751e8b465ee728b) [PhysX] Initialized MultithreadedTaskDispatcher with 12 workers.
[PhysX] Initialized MultithreadedTaskDispatcher with 12 workers.
 -> (artifact id: '20b2cbd632fc45079f92f76095de6ba2') in 0.103390 seconds
Number of updated asset objects reloaded before import = 0
Number of asset objects unloaded after import = 3
========================================================================
Received Import Request.
  Time since last request: 0.005599 seconds.
  path: Assets/Blink/Magic Weapon Icons/Variation C/Weapon_01.png
  artifactKey: Guid(89a85b0d6de9d4f259a0d6fa9c39534b) Importer(815301076,1909f56bfc062723c751e8b465ee728b)
Start importing Assets/Blink/Magic Weapon Icons/Variation C/Weapon_01.png using Guid(89a85b0d6de9d4f259a0d6fa9c39534b) Importer(815301076,1909f56bfc062723c751e8b465ee728b) [PhysX] Initialized MultithreadedTaskDispatcher with 12 workers.
[PhysX] Initialized MultithreadedTaskDispatcher with 12 workers.
 -> (artifact id: '2a7d85b8208f43907ff46d1e987e9d2d') in 0.019688 seconds
Number of updated asset objects reloaded before import = 0
Number of asset objects unloaded after import = 3
========================================================================
Received Import Request.
  Time since last request: 0.250204 seconds.
  path: Assets/FantasyIconsPackFree/Icons/MeleeWeapon1H/VikingAxe3.png
  artifactKey: Guid(eab93444844589c40a72574411dd0120) Importer(815301076,1909f56bfc062723c751e8b465ee728b)
Start importing Assets/FantasyIconsPackFree/Icons/MeleeWeapon1H/VikingAxe3.png using Guid(eab93444844589c40a72574411dd0120) Importer(815301076,1909f56bfc062723c751e8b465ee728b) [PhysX] Initialized MultithreadedTaskDispatcher with 12 workers.
[PhysX] Initialized MultithreadedTaskDispatcher with 12 workers.
 -> (artifact id: 'e271dc2c4ecc88dce2eadddf932b223d') in 0.019586 seconds
Number of updated asset objects reloaded before import = 0
Number of asset objects unloaded after import = 3
========================================================================
Received Import Request.
  Time since last request: 0.011695 seconds.
  path: Assets/SPUM/Retro UI Set/1_UI_Images/Theme1/01_UI_Images/04_Popup_Inventory/Title_Inven.png
  artifactKey: Guid(9adff786fe0d540ab896f2aac7bb24ee) Importer(815301076,1909f56bfc062723c751e8b465ee728b)
Start importing Assets/SPUM/Retro UI Set/1_UI_Images/Theme1/01_UI_Images/04_Popup_Inventory/Title_Inven.png using Guid(9adff786fe0d540ab896f2aac7bb24ee) Importer(815301076,1909f56bfc062723c751e8b465ee728b) [PhysX] Initialized MultithreadedTaskDispatcher with 12 workers.
[PhysX] Initialized MultithreadedTaskDispatcher with 12 workers.
 -> (artifact id: '2c5ded46f0fbd9eced1eda429495e980') in 0.017739 seconds
Number of updated asset objects reloaded before import = 0
Number of asset objects unloaded after import = 3
========================================================================
Received Import Request.
  Time since last request: 0.015068 seconds.
  path: Assets/GoldenSkullStudios/2D/2D_Iso_Tile_Pack_Starter/Extras/Sprites/Template_Character.png
  artifactKey: Guid(8843fdb6fb155e2499f17aa399ff4ee1) Importer(815301076,1909f56bfc062723c751e8b465ee728b)
Start importing Assets/GoldenSkullStudios/2D/2D_Iso_Tile_Pack_Starter/Extras/Sprites/Template_Character.png using Guid(8843fdb6fb155e2499f17aa399ff4ee1) Importer(815301076,1909f56bfc062723c751e8b465ee728b) [PhysX] Initialized MultithreadedTaskDispatcher with 12 workers.
[PhysX] Initialized MultithreadedTaskDispatcher with 12 workers.
 -> (artifact id: '0b3f9dc96486f8ac57481cc2fdc8cf2a') in 0.017985 seconds
Number of updated asset objects reloaded before import = 0
Number of asset objects unloaded after import = 3
========================================================================
Received Import Request.
  Time since last request: 0.291597 seconds.
  path: Assets/SPUM/Resources/Addons/Legacy/0_Unit/0_Sprite/6_Weapons/0_Sword/Sword_1.png
  artifactKey: Guid(df96032537d4c482e9b20c674c73dc45) Importer(815301076,1909f56bfc062723c751e8b465ee728b)
Start importing Assets/SPUM/Resources/Addons/Legacy/0_Unit/0_Sprite/6_Weapons/0_Sword/Sword_1.png using Guid(df96032537d4c482e9b20c674c73dc45) Importer(815301076,1909f56bfc062723c751e8b465ee728b) [PhysX] Initialized MultithreadedTaskDispatcher with 12 workers.
[PhysX] Initialized MultithreadedTaskDispatcher with 12 workers.
 -> (artifact id: '3a1f056e8185031a4cbd53929e000d24') in 0.016794 seconds
Number of updated asset objects reloaded before import = 0
Number of asset objects unloaded after import = 3
========================================================================
Received Import Request.
  Time since last request: 0.000022 seconds.
  path: Assets/SPUM/Resources/Addons/Legacy/0_Unit/0_Sprite/6_Weapons/0_Sword/Sword_4.png
  artifactKey: Guid(f9cdd1844b02d4c81989b265d121a78a) Importer(815301076,1909f56bfc062723c751e8b465ee728b)
Start importing Assets/SPUM/Resources/Addons/Legacy/0_Unit/0_Sprite/6_Weapons/0_Sword/Sword_4.png using Guid(f9cdd1844b02d4c81989b265d121a78a) Importer(815301076,1909f56bfc062723c751e8b465ee728b) [PhysX] Initialized MultithreadedTaskDispatcher with 12 workers.
[PhysX] Initialized MultithreadedTaskDispatcher with 12 workers.
 -> (artifact id: '540e16c22141a20bf67e9525348f2d14') in 0.015698 seconds
Number of updated asset objects reloaded before import = 0
Number of asset objects unloaded after import = 3
========================================================================
Received Import Request.
  Time since last request: 0.029101 seconds.
  path: Assets/SPUM/Basic_Resources/UI/Square.png
  artifactKey: Guid(b325a13e94f3bac4199e75b91fa98449) Importer(815301076,1909f56bfc062723c751e8b465ee728b)
Start importing Assets/SPUM/Basic_Resources/UI/Square.png using Guid(b325a13e94f3bac4199e75b91fa98449) Importer(815301076,1909f56bfc062723c751e8b465ee728b) [PhysX] Initialized MultithreadedTaskDispatcher with 12 workers.
[PhysX] Initialized MultithreadedTaskDispatcher with 12 workers.
 -> (artifact id: 'd86b1a809a2a954cf971c9b6904329f6') in 0.014754 seconds
Number of updated asset objects reloaded before import = 0
Number of asset objects unloaded after import = 3
========================================================================
Received Import Request.
  Time since last request: 0.006692 seconds.
  path: Assets/FantasyIconsPackFree/Icons/Shield/SteelTowerShield.png
  artifactKey: Guid(fb6df7dc5ceebe744a0ea02ca322493c) Importer(815301076,1909f56bfc062723c751e8b465ee728b)
Start importing Assets/FantasyIconsPackFree/Icons/Shield/SteelTowerShield.png using Guid(fb6df7dc5ceebe744a0ea02ca322493c) Importer(815301076,1909f56bfc062723c751e8b465ee728b) [PhysX] Initialized MultithreadedTaskDispatcher with 12 workers.
[PhysX] Initialized MultithreadedTaskDispatcher with 12 workers.
 -> (artifact id: '737ca4103be4f3d1f1ae09cc642a25a5') in 0.018300 seconds
Number of updated asset objects reloaded before import = 0
Number of asset objects unloaded after import = 3
========================================================================
Received Import Request.
  Time since last request: 0.524406 seconds.
  path: Assets/SPUM/Retro UI Set/1_UI_Images/Theme2/07_Resources/Spum_Icon285.png
  artifactKey: Guid(a6f658271eafc4e1fb0ba88917bf51bc) Importer(815301076,1909f56bfc062723c751e8b465ee728b)
Start importing Assets/SPUM/Retro UI Set/1_UI_Images/Theme2/07_Resources/Spum_Icon285.png using Guid(a6f658271eafc4e1fb0ba88917bf51bc) Importer(815301076,1909f56bfc062723c751e8b465ee728b) [PhysX] Initialized MultithreadedTaskDispatcher with 12 workers.
[PhysX] Initialized MultithreadedTaskDispatcher with 12 workers.
 -> (artifact id: 'be0ec5a09503acfbc23d900bb642dd89') in 0.015152 seconds
Number of updated asset objects reloaded before import = 0
Number of asset objects unloaded after import = 3
========================================================================
Received Import Request.
  Time since last request: 0.006888 seconds.
  path: Assets/SPUM/Retro UI Set/1_UI_Images/Theme2/07_Resources/Spum_Icon288.png
  artifactKey: Guid(7a4f7cd981d4e4011b159632508ee0ee) Importer(815301076,1909f56bfc062723c751e8b465ee728b)
Start importing Assets/SPUM/Retro UI Set/1_UI_Images/Theme2/07_Resources/Spum_Icon288.png using Guid(7a4f7cd981d4e4011b159632508ee0ee) Importer(815301076,1909f56bfc062723c751e8b465ee728b) [PhysX] Initialized MultithreadedTaskDispatcher with 12 workers.
[PhysX] Initialized MultithreadedTaskDispatcher with 12 workers.
 -> (artifact id: '2801e42b52d0bd988481a07b3d188933') in 0.014460 seconds
Number of updated asset objects reloaded before import = 0
Number of asset objects unloaded after import = 3
========================================================================
Received Import Request.
  Time since last request: 0.030551 seconds.
  path: Assets/SPUM/Retro UI Set/1_UI_Images/Theme2/07_Resources/Spum_Icon273.png
  artifactKey: Guid(4ee45927732e9403aa47a132769c9924) Importer(815301076,1909f56bfc062723c751e8b465ee728b)
Start importing Assets/SPUM/Retro UI Set/1_UI_Images/Theme2/07_Resources/Spum_Icon273.png using Guid(4ee45927732e9403aa47a132769c9924) Importer(815301076,1909f56bfc062723c751e8b465ee728b) [PhysX] Initialized MultithreadedTaskDispatcher with 12 workers.
[PhysX] Initialized MultithreadedTaskDispatcher with 12 workers.
 -> (artifact id: '6497282463bc22a50ab50c6c17a52112') in 0.014672 seconds
Number of updated asset objects reloaded before import = 0
Number of asset objects unloaded after import = 3
========================================================================
Received Import Request.
  Time since last request: 0.006901 seconds.
  path: Assets/SPUM/Retro UI Set/1_UI_Images/Theme2/07_Resources/Spum_Icon276.png
  artifactKey: Guid(b09f59c525019480b9f34ffcd7de086b) Importer(815301076,1909f56bfc062723c751e8b465ee728b)
Start importing Assets/SPUM/Retro UI Set/1_UI_Images/Theme2/07_Resources/Spum_Icon276.png using Guid(b09f59c525019480b9f34ffcd7de086b) Importer(815301076,1909f56bfc062723c751e8b465ee728b) [PhysX] Initialized MultithreadedTaskDispatcher with 12 workers.
[PhysX] Initialized MultithreadedTaskDispatcher with 12 workers.
 -> (artifact id: '048af98c9249683fc5c78cdc10450d30') in 0.014862 seconds
Number of updated asset objects reloaded before import = 0
Number of asset objects unloaded after import = 3
========================================================================
Received Import Request.
  Time since last request: 0.006511 seconds.
  path: Assets/SPUM/Retro UI Set/1_UI_Images/Theme2/07_Resources/Spum_Icon279.png
  artifactKey: Guid(88056ea574e054e0f9b7a780d8fd5641) Importer(815301076,1909f56bfc062723c751e8b465ee728b)
Start importing Assets/SPUM/Retro UI Set/1_UI_Images/Theme2/07_Resources/Spum_Icon279.png using Guid(88056ea574e054e0f9b7a780d8fd5641) Importer(815301076,1909f56bfc062723c751e8b465ee728b) [PhysX] Initialized MultithreadedTaskDispatcher with 12 workers.
[PhysX] Initialized MultithreadedTaskDispatcher with 12 workers.
 -> (artifact id: 'c9406c798a35592736a0ae677c906296') in 0.014147 seconds
Number of updated asset objects reloaded before import = 0
Number of asset objects unloaded after import = 3
========================================================================
Received Import Request.
  Time since last request: 0.006699 seconds.
  path: Assets/SPUM/Retro UI Set/1_UI_Images/Theme2/07_Resources/Spum_Icon282.png
  artifactKey: Guid(54fd99fd54b434fce8a6319c8b552afa) Importer(815301076,1909f56bfc062723c751e8b465ee728b)
Start importing Assets/SPUM/Retro UI Set/1_UI_Images/Theme2/07_Resources/Spum_Icon282.png using Guid(54fd99fd54b434fce8a6319c8b552afa) Importer(815301076,1909f56bfc062723c751e8b465ee728b) [PhysX] Initialized MultithreadedTaskDispatcher with 12 workers.
[PhysX] Initialized MultithreadedTaskDispatcher with 12 workers.
 -> (artifact id: '439e79f1fd902bf5a60b1e44024d7b25') in 0.014284 seconds
Number of updated asset objects reloaded before import = 0
Number of asset objects unloaded after import = 3
========================================================================
Received Import Request.
  Time since last request: 0.343980 seconds.
  path: Assets/SPUM/Retro UI Set/1_UI_Images/Theme2/07_Resources/Spum_Icon267.png
  artifactKey: Guid(e7716b0109c71415a9917d4efc3eead6) Importer(815301076,1909f56bfc062723c751e8b465ee728b)
Start importing Assets/SPUM/Retro UI Set/1_UI_Images/Theme2/07_Resources/Spum_Icon267.png using Guid(e7716b0109c71415a9917d4efc3eead6) Importer(815301076,1909f56bfc062723c751e8b465ee728b) [PhysX] Initialized MultithreadedTaskDispatcher with 12 workers.
[PhysX] Initialized MultithreadedTaskDispatcher with 12 workers.
 -> (artifact id: '1e06e2a9b6d361fdd78da1124a31d740') in 0.014455 seconds
Number of updated asset objects reloaded before import = 0
Number of asset objects unloaded after import = 3
========================================================================
Received Import Request.
  Time since last request: 0.000250 seconds.
  path: Assets/SPUM/Retro UI Set/1_UI_Images/Theme2/07_Resources/Spum_Icon269.png
  artifactKey: Guid(2b7668097896e4ffba5bef0ff1ee2e5a) Importer(815301076,1909f56bfc062723c751e8b465ee728b)
Start importing Assets/SPUM/Retro UI Set/1_UI_Images/Theme2/07_Resources/Spum_Icon269.png using Guid(2b7668097896e4ffba5bef0ff1ee2e5a) Importer(815301076,1909f56bfc062723c751e8b465ee728b) [PhysX] Initialized MultithreadedTaskDispatcher with 12 workers.
[PhysX] Initialized MultithreadedTaskDispatcher with 12 workers.
 -> (artifact id: '216c71f10f2f7af42b9d5ccf5476a53e') in 0.013309 seconds
Number of updated asset objects reloaded before import = 0
Number of asset objects unloaded after import = 3
========================================================================
Received Import Request.
  Time since last request: 0.000976 seconds.
  path: Assets/SPUM/Retro UI Set/1_UI_Images/Theme2/07_Resources/Spum_Icon271.png
  artifactKey: Guid(83d74ab53e8cd4611b857c52a4252027) Importer(815301076,1909f56bfc062723c751e8b465ee728b)
Start importing Assets/SPUM/Retro UI Set/1_UI_Images/Theme2/07_Resources/Spum_Icon271.png using Guid(83d74ab53e8cd4611b857c52a4252027) Importer(815301076,1909f56bfc062723c751e8b465ee728b) [PhysX] Initialized MultithreadedTaskDispatcher with 12 workers.
[PhysX] Initialized MultithreadedTaskDispatcher with 12 workers.
 -> (artifact id: '21e3a0bbaa3490f8e06e481861ec0e69') in 0.013304 seconds
Number of updated asset objects reloaded before import = 0
Number of asset objects unloaded after import = 3
========================================================================
Received Import Request.
  Time since last request: 2.090092 seconds.
  path: Assets/SPUM/Retro UI Set/1_UI_Images/Theme2/07_Resources/Spum_Icon261.png
  artifactKey: Guid(9becdac2b94cf4b7e8f592f2e609a47f) Importer(815301076,1909f56bfc062723c751e8b465ee728b)
Start importing Assets/SPUM/Retro UI Set/1_UI_Images/Theme2/07_Resources/Spum_Icon261.png using Guid(9becdac2b94cf4b7e8f592f2e609a47f) Importer(815301076,1909f56bfc062723c751e8b465ee728b) [PhysX] Initialized MultithreadedTaskDispatcher with 12 workers.
[PhysX] Initialized MultithreadedTaskDispatcher with 12 workers.
 -> (artifact id: '837bde3806010e7c42c6efda0439d53a') in 0.013911 seconds
Number of updated asset objects reloaded before import = 0
Number of asset objects unloaded after import = 3
========================================================================
Received Import Request.
  Time since last request: 0.001528 seconds.
  path: Assets/SPUM/Retro UI Set/1_UI_Images/Theme2/07_Resources/Spum_Icon263.png
  artifactKey: Guid(8e78a8a76fd9e4168a4f8eca840d94ca) Importer(815301076,1909f56bfc062723c751e8b465ee728b)
Start importing Assets/SPUM/Retro UI Set/1_UI_Images/Theme2/07_Resources/Spum_Icon263.png using Guid(8e78a8a76fd9e4168a4f8eca840d94ca) Importer(815301076,1909f56bfc062723c751e8b465ee728b) [PhysX] Initialized MultithreadedTaskDispatcher with 12 workers.
[PhysX] Initialized MultithreadedTaskDispatcher with 12 workers.
 -> (artifact id: '475936f74c792e1616d77efb398b59b0') in 0.013642 seconds
Number of updated asset objects reloaded before import = 0
Number of asset objects unloaded after import = 3
========================================================================
Received Import Request.
  Time since last request: 0.006588 seconds.
  path: Assets/SPUM/Retro UI Set/1_UI_Images/Theme2/07_Resources/Spum_Icon266.png
  artifactKey: Guid(8e9a5533b0a6344d4a267fdb742ef89c) Importer(815301076,1909f56bfc062723c751e8b465ee728b)
Start importing Assets/SPUM/Retro UI Set/1_UI_Images/Theme2/07_Resources/Spum_Icon266.png using Guid(8e9a5533b0a6344d4a267fdb742ef89c) Importer(815301076,1909f56bfc062723c751e8b465ee728b) [PhysX] Initialized MultithreadedTaskDispatcher with 12 workers.
[PhysX] Initialized MultithreadedTaskDispatcher with 12 workers.
 -> (artifact id: '423164eed59ee5dc09695231acd1c3a3') in 0.015343 seconds
Number of updated asset objects reloaded before import = 0
Number of asset objects unloaded after import = 3
========================================================================
Received Import Request.
  Time since last request: 0.012964 seconds.
  path: Assets/SPUM/Retro UI Set/1_UI_Images/Theme2/07_Resources/Spum_Icon255.png
  artifactKey: Guid(4a4bd25d76b674325896bbed75519b98) Importer(815301076,1909f56bfc062723c751e8b465ee728b)
Start importing Assets/SPUM/Retro UI Set/1_UI_Images/Theme2/07_Resources/Spum_Icon255.png using Guid(4a4bd25d76b674325896bbed75519b98) Importer(815301076,1909f56bfc062723c751e8b465ee728b) [PhysX] Initialized MultithreadedTaskDispatcher with 12 workers.
[PhysX] Initialized MultithreadedTaskDispatcher with 12 workers.
 -> (artifact id: '8c918c00409e9ebeae6fbbbf2d6f70f2') in 0.013477 seconds
Number of updated asset objects reloaded before import = 0
Number of asset objects unloaded after import = 3
========================================================================
Received Import Request.
  Time since last request: 0.000835 seconds.
  path: Assets/SPUM/Retro UI Set/1_UI_Images/Theme2/07_Resources/Spum_Icon257.png
  artifactKey: Guid(6cce1adec192a446c8565a290da3bf56) Importer(815301076,1909f56bfc062723c751e8b465ee728b)
Start importing Assets/SPUM/Retro UI Set/1_UI_Images/Theme2/07_Resources/Spum_Icon257.png using Guid(6cce1adec192a446c8565a290da3bf56) Importer(815301076,1909f56bfc062723c751e8b465ee728b) [PhysX] Initialized MultithreadedTaskDispatcher with 12 workers.
[PhysX] Initialized MultithreadedTaskDispatcher with 12 workers.
 -> (artifact id: 'e2d8cb270aeb4b26e700f452d76b42f2') in 0.013458 seconds
Number of updated asset objects reloaded before import = 0
Number of asset objects unloaded after import = 3
========================================================================
Received Import Request.
  Time since last request: 0.006641 seconds.
  path: Assets/SPUM/Retro UI Set/1_UI_Images/Theme2/07_Resources/Spum_Icon260.png
  artifactKey: Guid(1740dce11ec6b49b0a55c366d617b1f4) Importer(815301076,1909f56bfc062723c751e8b465ee728b)
Start importing Assets/SPUM/Retro UI Set/1_UI_Images/Theme2/07_Resources/Spum_Icon260.png using Guid(1740dce11ec6b49b0a55c366d617b1f4) Importer(815301076,1909f56bfc062723c751e8b465ee728b) [PhysX] Initialized MultithreadedTaskDispatcher with 12 workers.
[PhysX] Initialized MultithreadedTaskDispatcher with 12 workers.
 -> (artifact id: '8ed11657b8a910b59f1c92ee68f8b2e0') in 0.014440 seconds
Number of updated asset objects reloaded before import = 0
Number of asset objects unloaded after import = 3
========================================================================
Received Import Request.
  Time since last request: 0.306583 seconds.
  path: Assets/SPUM/Retro UI Set/1_UI_Images/Theme2/07_Resources/Spum_Icon249.png
  artifactKey: Guid(22180d298ba58408f94037f2afa04819) Importer(815301076,1909f56bfc062723c751e8b465ee728b)
Start importing Assets/SPUM/Retro UI Set/1_UI_Images/Theme2/07_Resources/Spum_Icon249.png using Guid(22180d298ba58408f94037f2afa04819) Importer(815301076,1909f56bfc062723c751e8b465ee728b) [PhysX] Initialized MultithreadedTaskDispatcher with 12 workers.
[PhysX] Initialized MultithreadedTaskDispatcher with 12 workers.
 -> (artifact id: 'f112cd8bf9b525ac8437a0e0e3ee7454') in 0.015901 seconds
Number of updated asset objects reloaded before import = 0
Number of asset objects unloaded after import = 3
========================================================================
Received Import Request.
  Time since last request: 0.000584 seconds.
  path: Assets/SPUM/Retro UI Set/1_UI_Images/Theme2/07_Resources/Spum_Icon251.png
  artifactKey: Guid(0fe8980c7c8f84baf97c242fa15e474e) Importer(815301076,1909f56bfc062723c751e8b465ee728b)
Start importing Assets/SPUM/Retro UI Set/1_UI_Images/Theme2/07_Resources/Spum_Icon251.png using Guid(0fe8980c7c8f84baf97c242fa15e474e) Importer(815301076,1909f56bfc062723c751e8b465ee728b) [PhysX] Initialized MultithreadedTaskDispatcher with 12 workers.
[PhysX] Initialized MultithreadedTaskDispatcher with 12 workers.
 -> (artifact id: '0e3abb1998c56de70c66b3fee8f46737') in 0.018201 seconds
Number of updated asset objects reloaded before import = 0
Number of asset objects unloaded after import = 3
========================================================================
Received Import Request.
  Time since last request: 0.007791 seconds.
  path: Assets/SPUM/Retro UI Set/1_UI_Images/Theme2/07_Resources/Spum_Icon254.png
  artifactKey: Guid(549c30d9626834088af50965d11bb169) Importer(815301076,1909f56bfc062723c751e8b465ee728b)
Start importing Assets/SPUM/Retro UI Set/1_UI_Images/Theme2/07_Resources/Spum_Icon254.png using Guid(549c30d9626834088af50965d11bb169) Importer(815301076,1909f56bfc062723c751e8b465ee728b) [PhysX] Initialized MultithreadedTaskDispatcher with 12 workers.
[PhysX] Initialized MultithreadedTaskDispatcher with 12 workers.
 -> (artifact id: 'bcabc8a7a3fc03e856176779140ea956') in 0.023197 seconds
Number of updated asset objects reloaded before import = 0
Number of asset objects unloaded after import = 3
========================================================================
Received Import Request.
  Time since last request: 0.012951 seconds.
  path: Assets/SPUM/Retro UI Set/1_UI_Images/Theme2/07_Resources/Spum_Icon243.png
  artifactKey: Guid(90b99731f9f08489cacdbe14adc44a32) Importer(815301076,1909f56bfc062723c751e8b465ee728b)
Start importing Assets/SPUM/Retro UI Set/1_UI_Images/Theme2/07_Resources/Spum_Icon243.png using Guid(90b99731f9f08489cacdbe14adc44a32) Importer(815301076,1909f56bfc062723c751e8b465ee728b) [PhysX] Initialized MultithreadedTaskDispatcher with 12 workers.
[PhysX] Initialized MultithreadedTaskDispatcher with 12 workers.
 -> (artifact id: '202ff1225fe0e41ea5f795a6b8356d55') in 0.018088 seconds
Number of updated asset objects reloaded before import = 0
Number of asset objects unloaded after import = 3
========================================================================
Received Import Request.
  Time since last request: 0.008827 seconds.
  path: Assets/SPUM/Retro UI Set/1_UI_Images/Theme2/07_Resources/Spum_Icon246.png
  artifactKey: Guid(a364150572c6b4dfa9c4319edfa8304d) Importer(815301076,1909f56bfc062723c751e8b465ee728b)
Start importing Assets/SPUM/Retro UI Set/1_UI_Images/Theme2/07_Resources/Spum_Icon246.png using Guid(a364150572c6b4dfa9c4319edfa8304d) Importer(815301076,1909f56bfc062723c751e8b465ee728b) [PhysX] Initialized MultithreadedTaskDispatcher with 12 workers.
[PhysX] Initialized MultithreadedTaskDispatcher with 12 workers.
 -> (artifact id: '9aaf1f28a05b7a778227408ef11f24b8') in 0.016203 seconds
Number of updated asset objects reloaded before import = 0
Number of asset objects unloaded after import = 3
========================================================================
Received Import Request.
  Time since last request: 0.298862 seconds.
  path: Assets/SPUM/Retro UI Set/1_UI_Images/Theme2/07_Resources/Spum_Icon237.png
  artifactKey: Guid(8d7389c0dfc864a41a4102a96d06971f) Importer(815301076,1909f56bfc062723c751e8b465ee728b)
Start importing Assets/SPUM/Retro UI Set/1_UI_Images/Theme2/07_Resources/Spum_Icon237.png using Guid(8d7389c0dfc864a41a4102a96d06971f) Importer(815301076,1909f56bfc062723c751e8b465ee728b) [PhysX] Initialized MultithreadedTaskDispatcher with 12 workers.
[PhysX] Initialized MultithreadedTaskDispatcher with 12 workers.
 -> (artifact id: 'ce0b3acde2daf1d755debc4f84d195ed') in 0.013429 seconds
Number of updated asset objects reloaded before import = 0
Number of asset objects unloaded after import = 3
========================================================================
Received Import Request.
  Time since last request: 0.000669 seconds.
  path: Assets/SPUM/Retro UI Set/1_UI_Images/Theme2/07_Resources/Spum_Icon239.png
  artifactKey: Guid(bc93bc111c79341cb9f8179cd02522de) Importer(815301076,1909f56bfc062723c751e8b465ee728b)
Start importing Assets/SPUM/Retro UI Set/1_UI_Images/Theme2/07_Resources/Spum_Icon239.png using Guid(bc93bc111c79341cb9f8179cd02522de) Importer(815301076,1909f56bfc062723c751e8b465ee728b) [PhysX] Initialized MultithreadedTaskDispatcher with 12 workers.
[PhysX] Initialized MultithreadedTaskDispatcher with 12 workers.
 -> (artifact id: '86204e57a53e6645ac2f04658db6d94f') in 0.013584 seconds
Number of updated asset objects reloaded before import = 0
Number of asset objects unloaded after import = 3
========================================================================
Received Import Request.
  Time since last request: 0.001457 seconds.
  path: Assets/SPUM/Retro UI Set/1_UI_Images/Theme2/07_Resources/Spum_Icon241.png
  artifactKey: Guid(abc23c8141f4d4339bdb88b2e5ccb9f9) Importer(815301076,1909f56bfc062723c751e8b465ee728b)
Start importing Assets/SPUM/Retro UI Set/1_UI_Images/Theme2/07_Resources/Spum_Icon241.png using Guid(abc23c8141f4d4339bdb88b2e5ccb9f9) Importer(815301076,1909f56bfc062723c751e8b465ee728b) [PhysX] Initialized MultithreadedTaskDispatcher with 12 workers.
[PhysX] Initialized MultithreadedTaskDispatcher with 12 workers.
 -> (artifact id: 'a1e43a7939f0f0dbfb52a1f0cc7bec11') in 0.014905 seconds
Number of updated asset objects reloaded before import = 0
Number of asset objects unloaded after import = 3
========================================================================
Received Import Request.
  Time since last request: 0.047969 seconds.
  path: Assets/SPUM/Retro UI Set/1_UI_Images/Theme2/07_Resources/Spum_Icon231.png
  artifactKey: Guid(44676ae07279248ee8b1764990b8e6f2) Importer(815301076,1909f56bfc062723c751e8b465ee728b)
Start importing Assets/SPUM/Retro UI Set/1_UI_Images/Theme2/07_Resources/Spum_Icon231.png using Guid(44676ae07279248ee8b1764990b8e6f2) Importer(815301076,1909f56bfc062723c751e8b465ee728b) [PhysX] Initialized MultithreadedTaskDispatcher with 12 workers.
[PhysX] Initialized MultithreadedTaskDispatcher with 12 workers.
 -> (artifact id: 'c287b563f26e0cc4b7ab6d27a28a1944') in 0.013903 seconds
Number of updated asset objects reloaded before import = 0
Number of asset objects unloaded after import = 3
========================================================================
Received Import Request.
  Time since last request: 0.007053 seconds.
  path: Assets/SPUM/Retro UI Set/1_UI_Images/Theme2/07_Resources/Spum_Icon234.png
  artifactKey: Guid(d6862c7473ba1415383a4010ab69be18) Importer(815301076,1909f56bfc062723c751e8b465ee728b)
Start importing Assets/SPUM/Retro UI Set/1_UI_Images/Theme2/07_Resources/Spum_Icon234.png using Guid(d6862c7473ba1415383a4010ab69be18) Importer(815301076,1909f56bfc062723c751e8b465ee728b) [PhysX] Initialized MultithreadedTaskDispatcher with 12 workers.
[PhysX] Initialized MultithreadedTaskDispatcher with 12 workers.
 -> (artifact id: 'd0a67d4fe5ba546432589a5a07498091') in 0.014449 seconds
Number of updated asset objects reloaded before import = 0
Number of asset objects unloaded after import = 3
========================================================================
Received Import Request.
  Time since last request: 0.001092 seconds.
  path: Assets/SPUM/Retro UI Set/1_UI_Images/Theme2/07_Resources/Spum_Icon236.png
  artifactKey: Guid(72aede1ba300d438c93584e2edd5edf9) Importer(815301076,1909f56bfc062723c751e8b465ee728b)
Start importing Assets/SPUM/Retro UI Set/1_UI_Images/Theme2/07_Resources/Spum_Icon236.png using Guid(72aede1ba300d438c93584e2edd5edf9) Importer(815301076,1909f56bfc062723c751e8b465ee728b) [PhysX] Initialized MultithreadedTaskDispatcher with 12 workers.
[PhysX] Initialized MultithreadedTaskDispatcher with 12 workers.
 -> (artifact id: '88eb60fda9e5c5df1467ae2ee7e60c5e') in 0.018649 seconds
Number of updated asset objects reloaded before import = 0
Number of asset objects unloaded after import = 3
========================================================================
Received Import Request.
  Time since last request: 0.231044 seconds.
  path: Assets/SPUM/Retro UI Set/1_UI_Images/Theme2/07_Resources/Spum_Icon225.png
  artifactKey: Guid(b66fee0d540244db38993f6b6e68a139) Importer(815301076,1909f56bfc062723c751e8b465ee728b)
Start importing Assets/SPUM/Retro UI Set/1_UI_Images/Theme2/07_Resources/Spum_Icon225.png using Guid(b66fee0d540244db38993f6b6e68a139) Importer(815301076,1909f56bfc062723c751e8b465ee728b) [PhysX] Initialized MultithreadedTaskDispatcher with 12 workers.
[PhysX] Initialized MultithreadedTaskDispatcher with 12 workers.
 -> (artifact id: 'f6c4f2c5d41e64e86a6ac0a1790fd804') in 0.013230 seconds
Number of updated asset objects reloaded before import = 0
Number of asset objects unloaded after import = 3
========================================================================
Received Import Request.
  Time since last request: 0.000955 seconds.
  path: Assets/SPUM/Retro UI Set/1_UI_Images/Theme2/07_Resources/Spum_Icon227.png
  artifactKey: Guid(33245b34b77ef4ae7979444f9216ddf2) Importer(815301076,1909f56bfc062723c751e8b465ee728b)
Start importing Assets/SPUM/Retro UI Set/1_UI_Images/Theme2/07_Resources/Spum_Icon227.png using Guid(33245b34b77ef4ae7979444f9216ddf2) Importer(815301076,1909f56bfc062723c751e8b465ee728b) [PhysX] Initialized MultithreadedTaskDispatcher with 12 workers.
[PhysX] Initialized MultithreadedTaskDispatcher with 12 workers.
 -> (artifact id: '7ea9c38e38067bb0f8f6091ace5a38f4') in 0.013578 seconds
Number of updated asset objects reloaded before import = 0
Number of asset objects unloaded after import = 3
========================================================================
Received Import Request.
  Time since last request: 0.000548 seconds.
  path: Assets/SPUM/Retro UI Set/1_UI_Images/Theme2/07_Resources/Spum_Icon229.png
  artifactKey: Guid(0e91f6a5e58564d6991108fbd7ca90cb) Importer(815301076,1909f56bfc062723c751e8b465ee728b)
Start importing Assets/SPUM/Retro UI Set/1_UI_Images/Theme2/07_Resources/Spum_Icon229.png using Guid(0e91f6a5e58564d6991108fbd7ca90cb) Importer(815301076,1909f56bfc062723c751e8b465ee728b) [PhysX] Initialized MultithreadedTaskDispatcher with 12 workers.
[PhysX] Initialized MultithreadedTaskDispatcher with 12 workers.
 -> (artifact id: '92af63d90f07034620129eab85220cda') in 0.015665 seconds
Number of updated asset objects reloaded before import = 0
Number of asset objects unloaded after import = 3
========================================================================
Received Import Request.
  Time since last request: 0.393302 seconds.
  path: Assets/SPUM/Retro UI Set/1_UI_Images/Theme2/07_Resources/Spum_Icon219.png
  artifactKey: Guid(b2450d6c1bcd1451f9186144ace3d608) Importer(815301076,1909f56bfc062723c751e8b465ee728b)
Start importing Assets/SPUM/Retro UI Set/1_UI_Images/Theme2/07_Resources/Spum_Icon219.png using Guid(b2450d6c1bcd1451f9186144ace3d608) Importer(815301076,1909f56bfc062723c751e8b465ee728b) [PhysX] Initialized MultithreadedTaskDispatcher with 12 workers.
[PhysX] Initialized MultithreadedTaskDispatcher with 12 workers.
 -> (artifact id: '72d9f8250abad8e1a5d4c36f357e19ae') in 0.013779 seconds
Number of updated asset objects reloaded before import = 0
Number of asset objects unloaded after import = 3
========================================================================
Received Import Request.
  Time since last request: 0.006766 seconds.
  path: Assets/SPUM/Retro UI Set/1_UI_Images/Theme2/07_Resources/Spum_Icon222.png
  artifactKey: Guid(9285c5c3bfafc41a7b0ab20f75f1e7ca) Importer(815301076,1909f56bfc062723c751e8b465ee728b)
Start importing Assets/SPUM/Retro UI Set/1_UI_Images/Theme2/07_Resources/Spum_Icon222.png using Guid(9285c5c3bfafc41a7b0ab20f75f1e7ca) Importer(815301076,1909f56bfc062723c751e8b465ee728b) [PhysX] Initialized MultithreadedTaskDispatcher with 12 workers.
[PhysX] Initialized MultithreadedTaskDispatcher with 12 workers.
 -> (artifact id: 'a5a7edb772c23b5d04472355f410c6dd') in 0.014520 seconds
Number of updated asset objects reloaded before import = 0
Number of asset objects unloaded after import = 3
========================================================================
Received Import Request.
  Time since last request: 1.583300 seconds.
  path: Assets/SPUM/Retro UI Set/1_UI_Images/Theme2/07_Resources/Spum_Icon213.png
  artifactKey: Guid(c85d6fae784ac4f3ca3891f564c4e2b5) Importer(815301076,1909f56bfc062723c751e8b465ee728b)
Start importing Assets/SPUM/Retro UI Set/1_UI_Images/Theme2/07_Resources/Spum_Icon213.png using Guid(c85d6fae784ac4f3ca3891f564c4e2b5) Importer(815301076,1909f56bfc062723c751e8b465ee728b) [PhysX] Initialized MultithreadedTaskDispatcher with 12 workers.
[PhysX] Initialized MultithreadedTaskDispatcher with 12 workers.
 -> (artifact id: '5ba909cb7972f851607ee9c4e29e475e') in 0.014982 seconds
Number of updated asset objects reloaded before import = 0
Number of asset objects unloaded after import = 3
========================================================================
Received Import Request.
  Time since last request: 0.006402 seconds.
  path: Assets/SPUM/Retro UI Set/1_UI_Images/Theme2/07_Resources/Spum_Icon216.png
  artifactKey: Guid(ea3cb70cddcb34570893ad89471dda5d) Importer(815301076,1909f56bfc062723c751e8b465ee728b)
Start importing Assets/SPUM/Retro UI Set/1_UI_Images/Theme2/07_Resources/Spum_Icon216.png using Guid(ea3cb70cddcb34570893ad89471dda5d) Importer(815301076,1909f56bfc062723c751e8b465ee728b) [PhysX] Initialized MultithreadedTaskDispatcher with 12 workers.
[PhysX] Initialized MultithreadedTaskDispatcher with 12 workers.
 -> (artifact id: 'b24a215ae92dd55e5abf82b1cfc7a05e') in 0.014372 seconds
Number of updated asset objects reloaded before import = 0
Number of asset objects unloaded after import = 3
========================================================================
Received Import Request.
  Time since last request: 4.207937 seconds.
  path: Assets/SPUM/Retro UI Set/1_UI_Images/Theme2/06_UI/Spum_Icon207.png
  artifactKey: Guid(9ba39688fa7574ba58b042cbc25ceaf6) Importer(815301076,1909f56bfc062723c751e8b465ee728b)
Start importing Assets/SPUM/Retro UI Set/1_UI_Images/Theme2/06_UI/Spum_Icon207.png using Guid(9ba39688fa7574ba58b042cbc25ceaf6) Importer(815301076,1909f56bfc062723c751e8b465ee728b) [PhysX] Initialized MultithreadedTaskDispatcher with 12 workers.
[PhysX] Initialized MultithreadedTaskDispatcher with 12 workers.
 -> (artifact id: '3c337acec4d2fb2f25c8d8bbec641862') in 0.016846 seconds
Number of updated asset objects reloaded before import = 0
Number of asset objects unloaded after import = 3
========================================================================
Received Import Request.
  Time since last request: 0.006113 seconds.
  path: Assets/SPUM/Retro UI Set/1_UI_Images/Theme2/07_Resources/Spum_Icon210.png
  artifactKey: Guid(282f51c0c0d4a40929d5595fc58677c9) Importer(815301076,1909f56bfc062723c751e8b465ee728b)
Start importing Assets/SPUM/Retro UI Set/1_UI_Images/Theme2/07_Resources/Spum_Icon210.png using Guid(282f51c0c0d4a40929d5595fc58677c9) Importer(815301076,1909f56bfc062723c751e8b465ee728b) [PhysX] Initialized MultithreadedTaskDispatcher with 12 workers.
[PhysX] Initialized MultithreadedTaskDispatcher with 12 workers.
 -> (artifact id: 'e80589cb3ba5e4f7e01ad2a155e0ea7d') in 0.015642 seconds
Number of updated asset objects reloaded before import = 0
Number of asset objects unloaded after import = 3
========================================================================
Received Import Request.
  Time since last request: 1.928074 seconds.
  path: Assets/SPUM/Retro UI Set/1_UI_Images/Theme2/06_UI/Spum_Icon201.png
  artifactKey: Guid(b513fbbfd817f4a078fbb3c32346d57c) Importer(815301076,1909f56bfc062723c751e8b465ee728b)
Start importing Assets/SPUM/Retro UI Set/1_UI_Images/Theme2/06_UI/Spum_Icon201.png using Guid(b513fbbfd817f4a078fbb3c32346d57c) Importer(815301076,1909f56bfc062723c751e8b465ee728b) [PhysX] Initialized MultithreadedTaskDispatcher with 12 workers.
[PhysX] Initialized MultithreadedTaskDispatcher with 12 workers.
 -> (artifact id: '93ce1edbfb0422aecf02d8ba86faa011') in 0.013137 seconds
Number of updated asset objects reloaded before import = 0
Number of asset objects unloaded after import = 3
========================================================================
Received Import Request.
  Time since last request: 0.001515 seconds.
  path: Assets/SPUM/Retro UI Set/1_UI_Images/Theme2/06_UI/Spum_Icon203.png
  artifactKey: Guid(f89ff3ee8162547cba8973cd9a02ba67) Importer(815301076,1909f56bfc062723c751e8b465ee728b)
Start importing Assets/SPUM/Retro UI Set/1_UI_Images/Theme2/06_UI/Spum_Icon203.png using Guid(f89ff3ee8162547cba8973cd9a02ba67) Importer(815301076,1909f56bfc062723c751e8b465ee728b) [PhysX] Initialized MultithreadedTaskDispatcher with 12 workers.
[PhysX] Initialized MultithreadedTaskDispatcher with 12 workers.
 -> (artifact id: 'd901563fa6fce9113bee9dc2bd66d99c') in 0.013975 seconds
Number of updated asset objects reloaded before import = 0
Number of asset objects unloaded after import = 3
========================================================================
Received Import Request.
  Time since last request: 0.000660 seconds.
  path: Assets/SPUM/Retro UI Set/1_UI_Images/Theme2/06_UI/Spum_Icon205.png
  artifactKey: Guid(19d34f795fd664f809a2188909adb619) Importer(815301076,1909f56bfc062723c751e8b465ee728b)
Start importing Assets/SPUM/Retro UI Set/1_UI_Images/Theme2/06_UI/Spum_Icon205.png using Guid(19d34f795fd664f809a2188909adb619) Importer(815301076,1909f56bfc062723c751e8b465ee728b) [PhysX] Initialized MultithreadedTaskDispatcher with 12 workers.
[PhysX] Initialized MultithreadedTaskDispatcher with 12 workers.
 -> (artifact id: 'f60d8a4d2bfb33f9f56ea21dd88d972c') in 0.016753 seconds
Number of updated asset objects reloaded before import = 0
Number of asset objects unloaded after import = 3
========================================================================
Received Import Request.
  Time since last request: 0.332107 seconds.
  path: Assets/SPUM/Retro UI Set/1_UI_Images/Theme2/06_UI/Spum_Icon195.png
  artifactKey: Guid(2c98dac543a494d769daab59d7ea9428) Importer(815301076,1909f56bfc062723c751e8b465ee728b)
Start importing Assets/SPUM/Retro UI Set/1_UI_Images/Theme2/06_UI/Spum_Icon195.png using Guid(2c98dac543a494d769daab59d7ea9428) Importer(815301076,1909f56bfc062723c751e8b465ee728b) [PhysX] Initialized MultithreadedTaskDispatcher with 12 workers.
[PhysX] Initialized MultithreadedTaskDispatcher with 12 workers.
 -> (artifact id: '0879d1d35ddc76843a573630f648a832') in 0.017034 seconds
Number of updated asset objects reloaded before import = 0
Number of asset objects unloaded after import = 3
========================================================================
Received Import Request.
  Time since last request: 0.001230 seconds.
  path: Assets/SPUM/Retro UI Set/1_UI_Images/Theme2/06_UI/Spum_Icon197.png
  artifactKey: Guid(731023e2bf74d472896e4c521510d220) Importer(815301076,1909f56bfc062723c751e8b465ee728b)
Start importing Assets/SPUM/Retro UI Set/1_UI_Images/Theme2/06_UI/Spum_Icon197.png using Guid(731023e2bf74d472896e4c521510d220) Importer(815301076,1909f56bfc062723c751e8b465ee728b) [PhysX] Initialized MultithreadedTaskDispatcher with 12 workers.
[PhysX] Initialized MultithreadedTaskDispatcher with 12 workers.
 -> (artifact id: '5df73ae3add7c5f12d7ddf49388704fe') in 0.013980 seconds
Number of updated asset objects reloaded before import = 0
Number of asset objects unloaded after import = 3
========================================================================
Received Import Request.
  Time since last request: 0.001700 seconds.
  path: Assets/SPUM/Retro UI Set/1_UI_Images/Theme2/06_UI/Spum_Icon199.png
  artifactKey: Guid(3c0582fc87aff4527b5ec0a9bd80b2b8) Importer(815301076,1909f56bfc062723c751e8b465ee728b)
Start importing Assets/SPUM/Retro UI Set/1_UI_Images/Theme2/06_UI/Spum_Icon199.png using Guid(3c0582fc87aff4527b5ec0a9bd80b2b8) Importer(815301076,1909f56bfc062723c751e8b465ee728b) [PhysX] Initialized MultithreadedTaskDispatcher with 12 workers.
[PhysX] Initialized MultithreadedTaskDispatcher with 12 workers.
 -> (artifact id: 'f09b6364643b73613f1647da634e0414') in 0.014210 seconds
Number of updated asset objects reloaded before import = 0
Number of asset objects unloaded after import = 3
========================================================================
Received Import Request.
  Time since last request: 0.020639 seconds.
  path: Assets/SPUM/Retro UI Set/1_UI_Images/Theme2/06_UI/Spum_Icon189.png
  artifactKey: Guid(a5db8c2bb26064915ba335c19691378a) Importer(815301076,1909f56bfc062723c751e8b465ee728b)
Start importing Assets/SPUM/Retro UI Set/1_UI_Images/Theme2/06_UI/Spum_Icon189.png using Guid(a5db8c2bb26064915ba335c19691378a) Importer(815301076,1909f56bfc062723c751e8b465ee728b) [PhysX] Initialized MultithreadedTaskDispatcher with 12 workers.
[PhysX] Initialized MultithreadedTaskDispatcher with 12 workers.
 -> (artifact id: '8874c87a06df7266fde440ee20ab5561') in 0.013808 seconds
Number of updated asset objects reloaded before import = 0
Number of asset objects unloaded after import = 3
========================================================================
Received Import Request.
  Time since last request: 0.001631 seconds.
  path: Assets/SPUM/Retro UI Set/1_UI_Images/Theme2/06_UI/Spum_Icon191.png
  artifactKey: Guid(a39d6b93029c04fbd8d8242c4c971ce1) Importer(815301076,1909f56bfc062723c751e8b465ee728b)
Start importing Assets/SPUM/Retro UI Set/1_UI_Images/Theme2/06_UI/Spum_Icon191.png using Guid(a39d6b93029c04fbd8d8242c4c971ce1) Importer(815301076,1909f56bfc062723c751e8b465ee728b) [PhysX] Initialized MultithreadedTaskDispatcher with 12 workers.
[PhysX] Initialized MultithreadedTaskDispatcher with 12 workers.
 -> (artifact id: '15fe12351b9a8accca09643706c48f9e') in 0.013172 seconds
Number of updated asset objects reloaded before import = 0
Number of asset objects unloaded after import = 3
========================================================================
Received Import Request.
  Time since last request: 0.002150 seconds.
  path: Assets/SPUM/Retro UI Set/1_UI_Images/Theme2/06_UI/Spum_Icon193.png
  artifactKey: Guid(63313e343f61c48e083b862eb104e972) Importer(815301076,1909f56bfc062723c751e8b465ee728b)
Start importing Assets/SPUM/Retro UI Set/1_UI_Images/Theme2/06_UI/Spum_Icon193.png using Guid(63313e343f61c48e083b862eb104e972) Importer(815301076,1909f56bfc062723c751e8b465ee728b) [PhysX] Initialized MultithreadedTaskDispatcher with 12 workers.
[PhysX] Initialized MultithreadedTaskDispatcher with 12 workers.
 -> (artifact id: '1c2df5ddef1dbf77179eb113dc3676cf') in 0.013792 seconds
Number of updated asset objects reloaded before import = 0
Number of asset objects unloaded after import = 3
========================================================================
Received Import Request.
  Time since last request: 6.322708 seconds.
  path: Assets/SPUM/Retro UI Set/1_UI_Images/Theme2/06_UI/Spum_Icon183.png
  artifactKey: Guid(4fc98be2ac5f248c18c42d932db072f9) Importer(815301076,1909f56bfc062723c751e8b465ee728b)
Start importing Assets/SPUM/Retro UI Set/1_UI_Images/Theme2/06_UI/Spum_Icon183.png using Guid(4fc98be2ac5f248c18c42d932db072f9) Importer(815301076,1909f56bfc062723c751e8b465ee728b) [PhysX] Initialized MultithreadedTaskDispatcher with 12 workers.
[PhysX] Initialized MultithreadedTaskDispatcher with 12 workers.
 -> (artifact id: 'f7968eb0b9cad56b69b7cbf87dd7411b') in 0.014393 seconds
Number of updated asset objects reloaded before import = 0
Number of asset objects unloaded after import = 3
========================================================================
Received Import Request.
  Time since last request: 0.007042 seconds.
  path: Assets/SPUM/Retro UI Set/1_UI_Images/Theme2/06_UI/Spum_Icon186.png
  artifactKey: Guid(3fa05bfbbc81f4da8b43ecbbc7255063) Importer(815301076,1909f56bfc062723c751e8b465ee728b)
Start importing Assets/SPUM/Retro UI Set/1_UI_Images/Theme2/06_UI/Spum_Icon186.png using Guid(3fa05bfbbc81f4da8b43ecbbc7255063) Importer(815301076,1909f56bfc062723c751e8b465ee728b) [PhysX] Initialized MultithreadedTaskDispatcher with 12 workers.
[PhysX] Initialized MultithreadedTaskDispatcher with 12 workers.
 -> (artifact id: '4bead4baa9b9d7802ef0df65d261340a') in 0.008009 seconds
Number of updated asset objects reloaded before import = 0
Number of asset objects unloaded after import = 3
========================================================================
Received Import Request.
  Time since last request: 0.006532 seconds.
  path: Assets/SPUM/Retro UI Set/1_UI_Images/Theme2/06_UI/Spum_Icon188.png
  artifactKey: Guid(279bacabd32c24f57bd49044012a31a1) Importer(815301076,1909f56bfc062723c751e8b465ee728b)
Start importing Assets/SPUM/Retro UI Set/1_UI_Images/Theme2/06_UI/Spum_Icon188.png using Guid(279bacabd32c24f57bd49044012a31a1) Importer(815301076,1909f56bfc062723c751e8b465ee728b) [PhysX] Initialized MultithreadedTaskDispatcher with 12 workers.
[PhysX] Initialized MultithreadedTaskDispatcher with 12 workers.
 -> (artifact id: '97f6de9125e28f910140d44fbf2a840a') in 0.025694 seconds
Number of updated asset objects reloaded before import = 0
Number of asset objects unloaded after import = 3
========================================================================
Received Import Request.
  Time since last request: 0.007421 seconds.
  path: Assets/SPUM/Retro UI Set/1_UI_Images/Theme2/06_UI/Spum_Icon177.png
  artifactKey: Guid(30a0f44093122477cb10b3fcf3e6375e) Importer(815301076,1909f56bfc062723c751e8b465ee728b)
Start importing Assets/SPUM/Retro UI Set/1_UI_Images/Theme2/06_UI/Spum_Icon177.png using Guid(30a0f44093122477cb10b3fcf3e6375e) Importer(815301076,1909f56bfc062723c751e8b465ee728b) [PhysX] Initialized MultithreadedTaskDispatcher with 12 workers.
[PhysX] Initialized MultithreadedTaskDispatcher with 12 workers.
 -> (artifact id: '5fe7691d10ccd08624c96a4c9e082671') in 0.017757 seconds
Number of updated asset objects reloaded before import = 0
Number of asset objects unloaded after import = 3
========================================================================
Received Import Request.
  Time since last request: 0.003464 seconds.
  path: Assets/SPUM/Retro UI Set/1_UI_Images/Theme2/06_UI/Spum_Icon180.png
  artifactKey: Guid(14095aad3736d42caa4ea528b13a79e8) Importer(815301076,1909f56bfc062723c751e8b465ee728b)
Start importing Assets/SPUM/Retro UI Set/1_UI_Images/Theme2/06_UI/Spum_Icon180.png using Guid(14095aad3736d42caa4ea528b13a79e8) Importer(815301076,1909f56bfc062723c751e8b465ee728b) [PhysX] Initialized MultithreadedTaskDispatcher with 12 workers.
[PhysX] Initialized MultithreadedTaskDispatcher with 12 workers.
 -> (artifact id: '5976d36e977eef0747676eb2cedc427c') in 0.014453 seconds
Number of updated asset objects reloaded before import = 0
Number of asset objects unloaded after import = 3
========================================================================
Received Import Request.
  Time since last request: 0.182336 seconds.
  path: Assets/SPUM/Retro UI Set/1_UI_Images/Theme2/06_UI/Spum_Icon171.png
  artifactKey: Guid(71e21c9619ce14beba3b3128429314ca) Importer(815301076,1909f56bfc062723c751e8b465ee728b)
Start importing Assets/SPUM/Retro UI Set/1_UI_Images/Theme2/06_UI/Spum_Icon171.png using Guid(71e21c9619ce14beba3b3128429314ca) Importer(815301076,1909f56bfc062723c751e8b465ee728b) [PhysX] Initialized MultithreadedTaskDispatcher with 12 workers.
[PhysX] Initialized MultithreadedTaskDispatcher with 12 workers.
 -> (artifact id: '41e90d57034901133bbe35e06d844c57') in 0.019760 seconds
Number of updated asset objects reloaded before import = 0
Number of asset objects unloaded after import = 3
========================================================================
Received Import Request.
  Time since last request: 0.002916 seconds.
  path: Assets/SPUM/Retro UI Set/1_UI_Images/Theme2/06_UI/Spum_Icon174.png
  artifactKey: Guid(644a897d9ee0a487784f1ace0beafcf0) Importer(815301076,1909f56bfc062723c751e8b465ee728b)
Start importing Assets/SPUM/Retro UI Set/1_UI_Images/Theme2/06_UI/Spum_Icon174.png using Guid(644a897d9ee0a487784f1ace0beafcf0) Importer(815301076,1909f56bfc062723c751e8b465ee728b) [PhysX] Initialized MultithreadedTaskDispatcher with 12 workers.
[PhysX] Initialized MultithreadedTaskDispatcher with 12 workers.
 -> (artifact id: 'e73c8d8a9832fb28639cd47bbfb788ec') in 0.014521 seconds
Number of updated asset objects reloaded before import = 0
Number of asset objects unloaded after import = 3
========================================================================
Received Import Request.
  Time since last request: 0.040858 seconds.
  path: Assets/SPUM/Retro UI Set/1_UI_Images/Theme2/06_UI/Spum_Icon165.png
  artifactKey: Guid(c6c2d0f5c2be4449cb9df1eeefa67bf8) Importer(815301076,1909f56bfc062723c751e8b465ee728b)
Start importing Assets/SPUM/Retro UI Set/1_UI_Images/Theme2/06_UI/Spum_Icon165.png using Guid(c6c2d0f5c2be4449cb9df1eeefa67bf8) Importer(815301076,1909f56bfc062723c751e8b465ee728b) [PhysX] Initialized MultithreadedTaskDispatcher with 12 workers.
[PhysX] Initialized MultithreadedTaskDispatcher with 12 workers.
 -> (artifact id: 'ee37f3b9bd564a2c759a9e9fa3254549') in 0.013457 seconds
Number of updated asset objects reloaded before import = 0
Number of asset objects unloaded after import = 3
========================================================================
Received Import Request.
  Time since last request: 0.000287 seconds.
  path: Assets/SPUM/Retro UI Set/1_UI_Images/Theme2/06_UI/Spum_Icon167.png
  artifactKey: Guid(024054e19b1ad49e3a74d1a01245bd29) Importer(815301076,1909f56bfc062723c751e8b465ee728b)
Start importing Assets/SPUM/Retro UI Set/1_UI_Images/Theme2/06_UI/Spum_Icon167.png using Guid(024054e19b1ad49e3a74d1a01245bd29) Importer(815301076,1909f56bfc062723c751e8b465ee728b) [PhysX] Initialized MultithreadedTaskDispatcher with 12 workers.
[PhysX] Initialized MultithreadedTaskDispatcher with 12 workers.
 -> (artifact id: 'a7287d38729f204ab93a86fd75c28069') in 0.013472 seconds
Number of updated asset objects reloaded before import = 0
Number of asset objects unloaded after import = 3
========================================================================
Received Import Request.
  Time since last request: 0.000624 seconds.
  path: Assets/SPUM/Retro UI Set/1_UI_Images/Theme2/06_UI/Spum_Icon169.png
  artifactKey: Guid(c5c07c02e28264820905234f1bfae41b) Importer(815301076,1909f56bfc062723c751e8b465ee728b)
Start importing Assets/SPUM/Retro UI Set/1_UI_Images/Theme2/06_UI/Spum_Icon169.png using Guid(c5c07c02e28264820905234f1bfae41b) Importer(815301076,1909f56bfc062723c751e8b465ee728b) [PhysX] Initialized MultithreadedTaskDispatcher with 12 workers.
[PhysX] Initialized MultithreadedTaskDispatcher with 12 workers.
 -> (artifact id: '5f9e95d6a83649d907cb4143c1be9cf0') in 0.014125 seconds
Number of updated asset objects reloaded before import = 0
Number of asset objects unloaded after import = 3
========================================================================
Received Import Request.
  Time since last request: 0.192830 seconds.
  path: Assets/SPUM/Retro UI Set/1_UI_Images/Theme2/06_UI/Spum_Icon159.png
  artifactKey: Guid(6cd575a7e14b94532b8a18c6c528c6fc) Importer(815301076,1909f56bfc062723c751e8b465ee728b)
Start importing Assets/SPUM/Retro UI Set/1_UI_Images/Theme2/06_UI/Spum_Icon159.png using Guid(6cd575a7e14b94532b8a18c6c528c6fc) Importer(815301076,1909f56bfc062723c751e8b465ee728b) [PhysX] Initialized MultithreadedTaskDispatcher with 12 workers.
[PhysX] Initialized MultithreadedTaskDispatcher with 12 workers.
 -> (artifact id: 'e9560ead5577e998f92ad384452e89c7') in 0.013518 seconds
Number of updated asset objects reloaded before import = 0
Number of asset objects unloaded after import = 3
========================================================================
Received Import Request.
  Time since last request: 0.001794 seconds.
  path: Assets/SPUM/Retro UI Set/1_UI_Images/Theme2/06_UI/Spum_Icon161.png
  artifactKey: Guid(79cb92bdd808b43f685a1147a5d4cd0f) Importer(815301076,1909f56bfc062723c751e8b465ee728b)
Start importing Assets/SPUM/Retro UI Set/1_UI_Images/Theme2/06_UI/Spum_Icon161.png using Guid(79cb92bdd808b43f685a1147a5d4cd0f) Importer(815301076,1909f56bfc062723c751e8b465ee728b) [PhysX] Initialized MultithreadedTaskDispatcher with 12 workers.
[PhysX] Initialized MultithreadedTaskDispatcher with 12 workers.
 -> (artifact id: '252730158851787e3e5d4b1c73b1e98c') in 0.013992 seconds
Number of updated asset objects reloaded before import = 0
Number of asset objects unloaded after import = 3
========================================================================
Received Import Request.
  Time since last request: 0.000933 seconds.
  path: Assets/SPUM/Retro UI Set/1_UI_Images/Theme2/06_UI/Spum_Icon163.png
  artifactKey: Guid(ff4ecdd33408b4015822168ab91a3e5d) Importer(815301076,1909f56bfc062723c751e8b465ee728b)
Start importing Assets/SPUM/Retro UI Set/1_UI_Images/Theme2/06_UI/Spum_Icon163.png using Guid(ff4ecdd33408b4015822168ab91a3e5d) Importer(815301076,1909f56bfc062723c751e8b465ee728b) [PhysX] Initialized MultithreadedTaskDispatcher with 12 workers.
[PhysX] Initialized MultithreadedTaskDispatcher with 12 workers.
 -> (artifact id: '5f82e23004f221b8e3782fa9fa31c0a1') in 0.013711 seconds
Number of updated asset objects reloaded before import = 0
Number of asset objects unloaded after import = 3
========================================================================
Received Import Request.
  Time since last request: 0.020739 seconds.
  path: Assets/SPUM/Retro UI Set/1_UI_Images/Theme2/06_UI/Spum_Icon153.png
  artifactKey: Guid(2ab974ff6b4be42c78510b55c3fb1f29) Importer(815301076,1909f56bfc062723c751e8b465ee728b)
Start importing Assets/SPUM/Retro UI Set/1_UI_Images/Theme2/06_UI/Spum_Icon153.png using Guid(2ab974ff6b4be42c78510b55c3fb1f29) Importer(815301076,1909f56bfc062723c751e8b465ee728b) [PhysX] Initialized MultithreadedTaskDispatcher with 12 workers.
[PhysX] Initialized MultithreadedTaskDispatcher with 12 workers.
 -> (artifact id: '734ea7c50c01a940a54da35ffd29ddd4') in 0.012910 seconds
Number of updated asset objects reloaded before import = 0
Number of asset objects unloaded after import = 3
========================================================================
Received Import Request.
  Time since last request: 0.001410 seconds.
  path: Assets/SPUM/Retro UI Set/1_UI_Images/Theme2/06_UI/Spum_Icon155.png
  artifactKey: Guid(cdd4e21836a714c04941ce197058c4c0) Importer(815301076,1909f56bfc062723c751e8b465ee728b)
Start importing Assets/SPUM/Retro UI Set/1_UI_Images/Theme2/06_UI/Spum_Icon155.png using Guid(cdd4e21836a714c04941ce197058c4c0) Importer(815301076,1909f56bfc062723c751e8b465ee728b) [PhysX] Initialized MultithreadedTaskDispatcher with 12 workers.
[PhysX] Initialized MultithreadedTaskDispatcher with 12 workers.
 -> (artifact id: '530f8dab8a0f6726e0130dc669461e9f') in 0.013269 seconds
Number of updated asset objects reloaded before import = 0
Number of asset objects unloaded after import = 3
========================================================================
Received Import Request.
  Time since last request: 0.006601 seconds.
  path: Assets/SPUM/Retro UI Set/1_UI_Images/Theme2/06_UI/Spum_Icon158.png
  artifactKey: Guid(583a4efd7a5d041c98552927c6c00f34) Importer(815301076,1909f56bfc062723c751e8b465ee728b)
Start importing Assets/SPUM/Retro UI Set/1_UI_Images/Theme2/06_UI/Spum_Icon158.png using Guid(583a4efd7a5d041c98552927c6c00f34) Importer(815301076,1909f56bfc062723c751e8b465ee728b) [PhysX] Initialized MultithreadedTaskDispatcher with 12 workers.
[PhysX] Initialized MultithreadedTaskDispatcher with 12 workers.
 -> (artifact id: 'f9a8be32a8fbee48df5b154843e23add') in 0.014605 seconds
Number of updated asset objects reloaded before import = 0
Number of asset objects unloaded after import = 3
========================================================================
Received Import Request.
  Time since last request: 0.229153 seconds.
  path: Assets/SPUM/Retro UI Set/1_UI_Images/Theme2/06_UI/Spum_Icon147.png
  artifactKey: Guid(0d3ee65e956eb49049b689917341875d) Importer(815301076,1909f56bfc062723c751e8b465ee728b)
Start importing Assets/SPUM/Retro UI Set/1_UI_Images/Theme2/06_UI/Spum_Icon147.png using Guid(0d3ee65e956eb49049b689917341875d) Importer(815301076,1909f56bfc062723c751e8b465ee728b) [PhysX] Initialized MultithreadedTaskDispatcher with 12 workers.
[PhysX] Initialized MultithreadedTaskDispatcher with 12 workers.
 -> (artifact id: '426c20bd7997a0b9e0c184c218cfa56e') in 0.013658 seconds
Number of updated asset objects reloaded before import = 0
Number of asset objects unloaded after import = 3
========================================================================
Received Import Request.
  Time since last request: 0.000685 seconds.
  path: Assets/SPUM/Retro UI Set/1_UI_Images/Theme2/06_UI/Spum_Icon149.png
  artifactKey: Guid(2962919dbdcf54adbbad711f96bcba8a) Importer(815301076,1909f56bfc062723c751e8b465ee728b)
Start importing Assets/SPUM/Retro UI Set/1_UI_Images/Theme2/06_UI/Spum_Icon149.png using Guid(2962919dbdcf54adbbad711f96bcba8a) Importer(815301076,1909f56bfc062723c751e8b465ee728b) [PhysX] Initialized MultithreadedTaskDispatcher with 12 workers.
[PhysX] Initialized MultithreadedTaskDispatcher with 12 workers.
 -> (artifact id: '066836b3746fc6d06ff2086d271d1888') in 0.014170 seconds
Number of updated asset objects reloaded before import = 0
Number of asset objects unloaded after import = 3
========================================================================
Received Import Request.
  Time since last request: 0.006692 seconds.
  path: Assets/SPUM/Retro UI Set/1_UI_Images/Theme2/06_UI/Spum_Icon152.png
  artifactKey: Guid(1d58c7965520f4e629f2ba778a777d9a) Importer(815301076,1909f56bfc062723c751e8b465ee728b)
Start importing Assets/SPUM/Retro UI Set/1_UI_Images/Theme2/06_UI/Spum_Icon152.png using Guid(1d58c7965520f4e629f2ba778a777d9a) Importer(815301076,1909f56bfc062723c751e8b465ee728b) [PhysX] Initialized MultithreadedTaskDispatcher with 12 workers.
[PhysX] Initialized MultithreadedTaskDispatcher with 12 workers.
 -> (artifact id: 'f1a65ae4bedc7dcb0d3804f9fcb40f9e') in 0.014828 seconds
Number of updated asset objects reloaded before import = 0
Number of asset objects unloaded after import = 3
========================================================================
Received Import Request.
  Time since last request: 0.012400 seconds.
  path: Assets/SPUM/Retro UI Set/1_UI_Images/Theme2/06_UI/Spum_Icon141.png
  artifactKey: Guid(57af6e6fca89a429d9f89a713f20066d) Importer(815301076,1909f56bfc062723c751e8b465ee728b)
Start importing Assets/SPUM/Retro UI Set/1_UI_Images/Theme2/06_UI/Spum_Icon141.png using Guid(57af6e6fca89a429d9f89a713f20066d) Importer(815301076,1909f56bfc062723c751e8b465ee728b) [PhysX] Initialized MultithreadedTaskDispatcher with 12 workers.
[PhysX] Initialized MultithreadedTaskDispatcher with 12 workers.
 -> (artifact id: 'cb4e4783cf47a653b292930bf1be73d7') in 0.013800 seconds
Number of updated asset objects reloaded before import = 0
Number of asset objects unloaded after import = 3
========================================================================
Received Import Request.
  Time since last request: 0.000288 seconds.
  path: Assets/SPUM/Retro UI Set/1_UI_Images/Theme2/06_UI/Spum_Icon143.png
  artifactKey: Guid(b014a4be81b9d4932b639cbfe683162b) Importer(815301076,1909f56bfc062723c751e8b465ee728b)
Start importing Assets/SPUM/Retro UI Set/1_UI_Images/Theme2/06_UI/Spum_Icon143.png using Guid(b014a4be81b9d4932b639cbfe683162b) Importer(815301076,1909f56bfc062723c751e8b465ee728b) [PhysX] Initialized MultithreadedTaskDispatcher with 12 workers.
[PhysX] Initialized MultithreadedTaskDispatcher with 12 workers.
 -> (artifact id: '8dea626acf1396feabd794ccadb14c98') in 0.014280 seconds
Number of updated asset objects reloaded before import = 0
Number of asset objects unloaded after import = 3
========================================================================
Received Import Request.
  Time since last request: 0.006149 seconds.
  path: Assets/SPUM/Retro UI Set/1_UI_Images/Theme2/06_UI/Spum_Icon146.png
  artifactKey: Guid(48d0d37d5fa42479fa4d21a9e7a8bbd1) Importer(815301076,1909f56bfc062723c751e8b465ee728b)
Start importing Assets/SPUM/Retro UI Set/1_UI_Images/Theme2/06_UI/Spum_Icon146.png using Guid(48d0d37d5fa42479fa4d21a9e7a8bbd1) Importer(815301076,1909f56bfc062723c751e8b465ee728b) [PhysX] Initialized MultithreadedTaskDispatcher with 12 workers.
[PhysX] Initialized MultithreadedTaskDispatcher with 12 workers.
 -> (artifact id: '7b4e360c6f66630b4d7847c25587840d') in 0.014011 seconds
Number of updated asset objects reloaded before import = 0
Number of asset objects unloaded after import = 3
========================================================================
Received Import Request.
  Time since last request: 1.092061 seconds.
  path: Assets/SPUM/Retro UI Set/1_UI_Images/Theme2/06_UI/Spum_Icon135.png
  artifactKey: Guid(64398a966899a4f76b9d6be5ad90e086) Importer(815301076,1909f56bfc062723c751e8b465ee728b)
Start importing Assets/SPUM/Retro UI Set/1_UI_Images/Theme2/06_UI/Spum_Icon135.png using Guid(64398a966899a4f76b9d6be5ad90e086) Importer(815301076,1909f56bfc062723c751e8b465ee728b) [PhysX] Initialized MultithreadedTaskDispatcher with 12 workers.
[PhysX] Initialized MultithreadedTaskDispatcher with 12 workers.
 -> (artifact id: 'f5943bed401ba8a26cef47f8425e5fd0') in 0.013127 seconds
Number of updated asset objects reloaded before import = 0
Number of asset objects unloaded after import = 3
========================================================================
Received Import Request.
  Time since last request: 0.001186 seconds.
  path: Assets/SPUM/Retro UI Set/1_UI_Images/Theme2/06_UI/Spum_Icon137.png
  artifactKey: Guid(3b589ef7bf411401982bf6aedb9aa350) Importer(815301076,1909f56bfc062723c751e8b465ee728b)
Start importing Assets/SPUM/Retro UI Set/1_UI_Images/Theme2/06_UI/Spum_Icon137.png using Guid(3b589ef7bf411401982bf6aedb9aa350) Importer(815301076,1909f56bfc062723c751e8b465ee728b) [PhysX] Initialized MultithreadedTaskDispatcher with 12 workers.
[PhysX] Initialized MultithreadedTaskDispatcher with 12 workers.
 -> (artifact id: 'b58dcd7d56067b224738a3b5a2d4e2ec') in 0.013774 seconds
Number of updated asset objects reloaded before import = 0
Number of asset objects unloaded after import = 3
========================================================================
Received Import Request.
  Time since last request: 0.002004 seconds.
  path: Assets/SPUM/Retro UI Set/1_UI_Images/Theme2/06_UI/Spum_Icon140.png
  artifactKey: Guid(730aa88e2112541c6a8e6dc1c1b9f42a) Importer(815301076,1909f56bfc062723c751e8b465ee728b)
Start importing Assets/SPUM/Retro UI Set/1_UI_Images/Theme2/06_UI/Spum_Icon140.png using Guid(730aa88e2112541c6a8e6dc1c1b9f42a) Importer(815301076,1909f56bfc062723c751e8b465ee728b) [PhysX] Initialized MultithreadedTaskDispatcher with 12 workers.
[PhysX] Initialized MultithreadedTaskDispatcher with 12 workers.
 -> (artifact id: '97c2326963ef17023e49decf975cf90b') in 0.015384 seconds
Number of updated asset objects reloaded before import = 0
Number of asset objects unloaded after import = 3
========================================================================
Received Import Request.
  Time since last request: 0.028006 seconds.
  path: Assets/SPUM/Retro UI Set/1_UI_Images/Theme2/05_System/Spum_Icon129.png
  artifactKey: Guid(51238dcfaac0846f8a538a9815b421f3) Importer(815301076,1909f56bfc062723c751e8b465ee728b)
Start importing Assets/SPUM/Retro UI Set/1_UI_Images/Theme2/05_System/Spum_Icon129.png using Guid(51238dcfaac0846f8a538a9815b421f3) Importer(815301076,1909f56bfc062723c751e8b465ee728b) [PhysX] Initialized MultithreadedTaskDispatcher with 12 workers.
[PhysX] Initialized MultithreadedTaskDispatcher with 12 workers.
 -> (artifact id: 'ae8e86898e5f903b837cdf9c4d459c90') in 0.013921 seconds
Number of updated asset objects reloaded before import = 0
Number of asset objects unloaded after import = 3
========================================================================
Received Import Request.
  Time since last request: 0.006372 seconds.
  path: Assets/SPUM/Retro UI Set/1_UI_Images/Theme2/06_UI/Spum_Icon132.png
  artifactKey: Guid(1f55e32f0fb8c47b6a96bb99642b1e37) Importer(815301076,1909f56bfc062723c751e8b465ee728b)
Start importing Assets/SPUM/Retro UI Set/1_UI_Images/Theme2/06_UI/Spum_Icon132.png using Guid(1f55e32f0fb8c47b6a96bb99642b1e37) Importer(815301076,1909f56bfc062723c751e8b465ee728b) [PhysX] Initialized MultithreadedTaskDispatcher with 12 workers.
[PhysX] Initialized MultithreadedTaskDispatcher with 12 workers.
 -> (artifact id: 'eca5be0c017ba7b12fafc5377fda6382') in 0.013351 seconds
Number of updated asset objects reloaded before import = 0
Number of asset objects unloaded after import = 3
========================================================================
Received Import Request.
  Time since last request: 0.000978 seconds.
  path: Assets/SPUM/Retro UI Set/1_UI_Images/Theme2/06_UI/Spum_Icon134.png
  artifactKey: Guid(2b1f02e3eb4ae4521a7a84c7a22d978a) Importer(815301076,1909f56bfc062723c751e8b465ee728b)
Start importing Assets/SPUM/Retro UI Set/1_UI_Images/Theme2/06_UI/Spum_Icon134.png using Guid(2b1f02e3eb4ae4521a7a84c7a22d978a) Importer(815301076,1909f56bfc062723c751e8b465ee728b) [PhysX] Initialized MultithreadedTaskDispatcher with 12 workers.
[PhysX] Initialized MultithreadedTaskDispatcher with 12 workers.
 -> (artifact id: '3c4e278b4f6979bd7aba073e071ede0f') in 0.013900 seconds
Number of updated asset objects reloaded before import = 0
Number of asset objects unloaded after import = 3
========================================================================
Received Import Request.
  Time since last request: 4.987133 seconds.
  path: Assets/SPUM/Retro UI Set/1_UI_Images/Theme2/05_System/Spum_Icon123.png
  artifactKey: Guid(41c602b13cd8f4ad08df66ca3b2cdc6c) Importer(815301076,1909f56bfc062723c751e8b465ee728b)
Start importing Assets/SPUM/Retro UI Set/1_UI_Images/Theme2/05_System/Spum_Icon123.png using Guid(41c602b13cd8f4ad08df66ca3b2cdc6c) Importer(815301076,1909f56bfc062723c751e8b465ee728b) [PhysX] Initialized MultithreadedTaskDispatcher with 12 workers.
[PhysX] Initialized MultithreadedTaskDispatcher with 12 workers.
 -> (artifact id: '21c1db11b502ebf7f45d2ae00839e7a1') in 0.017792 seconds
Number of updated asset objects reloaded before import = 0
Number of asset objects unloaded after import = 3
========================================================================
Received Import Request.
  Time since last request: 0.004482 seconds.
  path: Assets/SPUM/Retro UI Set/1_UI_Images/Theme2/05_System/Spum_Icon126.png
  artifactKey: Guid(4944d5038c03e483aa3fe3feef365335) Importer(815301076,1909f56bfc062723c751e8b465ee728b)
Start importing Assets/SPUM/Retro UI Set/1_UI_Images/Theme2/05_System/Spum_Icon126.png using Guid(4944d5038c03e483aa3fe3feef365335) Importer(815301076,1909f56bfc062723c751e8b465ee728b) [PhysX] Initialized MultithreadedTaskDispatcher with 12 workers.
[PhysX] Initialized MultithreadedTaskDispatcher with 12 workers.
 -> (artifact id: 'ea28666a3e1db208098e8b03328f8155') in 0.015077 seconds
Number of updated asset objects reloaded before import = 0
Number of asset objects unloaded after import = 3
========================================================================
Received Import Request.
  Time since last request: 2.888352 seconds.
  path: Assets/SPUM/Retro UI Set/1_UI_Images/Theme2/05_System/Spum_Icon117.png
  artifactKey: Guid(6b3e8c6ade02649f384a054507650140) Importer(815301076,1909f56bfc062723c751e8b465ee728b)
Start importing Assets/SPUM/Retro UI Set/1_UI_Images/Theme2/05_System/Spum_Icon117.png using Guid(6b3e8c6ade02649f384a054507650140) Importer(815301076,1909f56bfc062723c751e8b465ee728b) [PhysX] Initialized MultithreadedTaskDispatcher with 12 workers.
[PhysX] Initialized MultithreadedTaskDispatcher with 12 workers.
 -> (artifact id: '767c9c8c4c2d37a613669cbe088217fa') in 0.015196 seconds
Number of updated asset objects reloaded before import = 0
Number of asset objects unloaded after import = 3
========================================================================
Received Import Request.
  Time since last request: 0.007232 seconds.
  path: Assets/SPUM/Retro UI Set/1_UI_Images/Theme2/05_System/Spum_Icon120.png
  artifactKey: Guid(c9d1fed2ecfdb46e99bb0cf2e6695393) Importer(815301076,1909f56bfc062723c751e8b465ee728b)
Start importing Assets/SPUM/Retro UI Set/1_UI_Images/Theme2/05_System/Spum_Icon120.png using Guid(c9d1fed2ecfdb46e99bb0cf2e6695393) Importer(815301076,1909f56bfc062723c751e8b465ee728b) [PhysX] Initialized MultithreadedTaskDispatcher with 12 workers.
[PhysX] Initialized MultithreadedTaskDispatcher with 12 workers.
 -> (artifact id: 'a48e19a86449d8c80eadf361835fc318') in 0.014781 seconds
Number of updated asset objects reloaded before import = 0
Number of asset objects unloaded after import = 3
========================================================================
Received Import Request.
  Time since last request: 0.049850 seconds.
  path: Assets/SPUM/Retro UI Set/1_UI_Images/Theme2/05_System/Spum_Icon111.png
  artifactKey: Guid(6ad3f5f86688c4adfb4e1ba31a2bcc99) Importer(815301076,1909f56bfc062723c751e8b465ee728b)
Start importing Assets/SPUM/Retro UI Set/1_UI_Images/Theme2/05_System/Spum_Icon111.png using Guid(6ad3f5f86688c4adfb4e1ba31a2bcc99) Importer(815301076,1909f56bfc062723c751e8b465ee728b) [PhysX] Initialized MultithreadedTaskDispatcher with 12 workers.
[PhysX] Initialized MultithreadedTaskDispatcher with 12 workers.
 -> (artifact id: 'd43432672eda46621e04b2b0632be481') in 0.016201 seconds
Number of updated asset objects reloaded before import = 0
Number of asset objects unloaded after import = 3
========================================================================
Received Import Request.
  Time since last request: 0.005115 seconds.
  path: Assets/SPUM/Retro UI Set/1_UI_Images/Theme2/05_System/Spum_Icon114.png
  artifactKey: Guid(a25ffaef8c9004723b66733ec094ddae) Importer(815301076,1909f56bfc062723c751e8b465ee728b)
Start importing Assets/SPUM/Retro UI Set/1_UI_Images/Theme2/05_System/Spum_Icon114.png using Guid(a25ffaef8c9004723b66733ec094ddae) Importer(815301076,1909f56bfc062723c751e8b465ee728b) [PhysX] Initialized MultithreadedTaskDispatcher with 12 workers.
[PhysX] Initialized MultithreadedTaskDispatcher with 12 workers.
 -> (artifact id: 'f0f90c97efc7abca22a9784e145dbfca') in 0.014400 seconds
Number of updated asset objects reloaded before import = 0
Number of asset objects unloaded after import = 3
========================================================================
Received Import Request.
  Time since last request: 0.898108 seconds.
  path: Assets/SPUM/Retro UI Set/1_UI_Images/Theme2/05_System/Spum_Icon105.png
  artifactKey: Guid(cb51f5f6f8281453c8c25dd38c756e34) Importer(815301076,1909f56bfc062723c751e8b465ee728b)
Start importing Assets/SPUM/Retro UI Set/1_UI_Images/Theme2/05_System/Spum_Icon105.png using Guid(cb51f5f6f8281453c8c25dd38c756e34) Importer(815301076,1909f56bfc062723c751e8b465ee728b) [PhysX] Initialized MultithreadedTaskDispatcher with 12 workers.
[PhysX] Initialized MultithreadedTaskDispatcher with 12 workers.
 -> (artifact id: '3d236b75e24a38a3bd420f7c64412155') in 0.014612 seconds
Number of updated asset objects reloaded before import = 0
Number of asset objects unloaded after import = 3
========================================================================
Received Import Request.
  Time since last request: 0.007374 seconds.
  path: Assets/SPUM/Retro UI Set/1_UI_Images/Theme2/05_System/Spum_Icon108.png
  artifactKey: Guid(9725820d5cf064d2e9992567684a6d89) Importer(815301076,1909f56bfc062723c751e8b465ee728b)
Start importing Assets/SPUM/Retro UI Set/1_UI_Images/Theme2/05_System/Spum_Icon108.png using Guid(9725820d5cf064d2e9992567684a6d89) Importer(815301076,1909f56bfc062723c751e8b465ee728b) [PhysX] Initialized MultithreadedTaskDispatcher with 12 workers.
[PhysX] Initialized MultithreadedTaskDispatcher with 12 workers.
 -> (artifact id: 'ec7740219cf7dd37ac3c528fd296fa6e') in 0.014297 seconds
Number of updated asset objects reloaded before import = 0
Number of asset objects unloaded after import = 3
========================================================================
Received Import Request.
  Time since last request: 0.304866 seconds.
  path: Assets/SPUM/Retro UI Set/1_UI_Images/Theme2/05_System/Spum_Icon99.png
  artifactKey: Guid(89c6738bd4feb417ca1d04af7bbccabb) Importer(815301076,1909f56bfc062723c751e8b465ee728b)
Start importing Assets/SPUM/Retro UI Set/1_UI_Images/Theme2/05_System/Spum_Icon99.png using Guid(89c6738bd4feb417ca1d04af7bbccabb) Importer(815301076,1909f56bfc062723c751e8b465ee728b) [PhysX] Initialized MultithreadedTaskDispatcher with 12 workers.
[PhysX] Initialized MultithreadedTaskDispatcher with 12 workers.
 -> (artifact id: '7caec42f6540fdee19b4121fe96074f5') in 0.020430 seconds
Number of updated asset objects reloaded before import = 0
Number of asset objects unloaded after import = 3
========================================================================
Received Import Request.
  Time since last request: 0.005684 seconds.
  path: Assets/SPUM/Retro UI Set/1_UI_Images/Theme2/05_System/Spum_Icon102.png
  artifactKey: Guid(7c2e7b904e30e40cbaf850fdd0201194) Importer(815301076,1909f56bfc062723c751e8b465ee728b)
Start importing Assets/SPUM/Retro UI Set/1_UI_Images/Theme2/05_System/Spum_Icon102.png using Guid(7c2e7b904e30e40cbaf850fdd0201194) Importer(815301076,1909f56bfc062723c751e8b465ee728b) [PhysX] Initialized MultithreadedTaskDispatcher with 12 workers.
[PhysX] Initialized MultithreadedTaskDispatcher with 12 workers.
 -> (artifact id: '9b21b275061ab906a5b76ff6815c2a33') in 0.014221 seconds
Number of updated asset objects reloaded before import = 0
Number of asset objects unloaded after import = 3
========================================================================
Received Import Request.
  Time since last request: 0.036972 seconds.
  path: Assets/SPUM/Retro UI Set/1_UI_Images/Theme2/05_System/Spum_Icon93.png
  artifactKey: Guid(d43590e83a5754a709346e5044e11579) Importer(815301076,1909f56bfc062723c751e8b465ee728b)
Start importing Assets/SPUM/Retro UI Set/1_UI_Images/Theme2/05_System/Spum_Icon93.png using Guid(d43590e83a5754a709346e5044e11579) Importer(815301076,1909f56bfc062723c751e8b465ee728b) [PhysX] Initialized MultithreadedTaskDispatcher with 12 workers.
[PhysX] Initialized MultithreadedTaskDispatcher with 12 workers.
 -> (artifact id: '0fe901da39726439e9a7d9c39266aa75') in 0.014579 seconds
Number of updated asset objects reloaded before import = 0
Number of asset objects unloaded after import = 3
========================================================================
Received Import Request.
  Time since last request: 0.006869 seconds.
  path: Assets/SPUM/Retro UI Set/1_UI_Images/Theme2/05_System/Spum_Icon96.png
  artifactKey: Guid(47f1b951cecb443ba9d798a748ab9d36) Importer(815301076,1909f56bfc062723c751e8b465ee728b)
Start importing Assets/SPUM/Retro UI Set/1_UI_Images/Theme2/05_System/Spum_Icon96.png using Guid(47f1b951cecb443ba9d798a748ab9d36) Importer(815301076,1909f56bfc062723c751e8b465ee728b) [PhysX] Initialized MultithreadedTaskDispatcher with 12 workers.
[PhysX] Initialized MultithreadedTaskDispatcher with 12 workers.
 -> (artifact id: 'f723dd4f45f4ba8a8ba6aa92ff5ec9e4') in 0.014654 seconds
Number of updated asset objects reloaded before import = 0
Number of asset objects unloaded after import = 3
========================================================================
Received Import Request.
  Time since last request: 0.595234 seconds.
  path: Assets/SPUM/Retro UI Set/1_UI_Images/Theme2/05_System/Spum_Icon87.png
  artifactKey: Guid(5d641dba1c4964111b9f4328a4fdccfe) Importer(815301076,1909f56bfc062723c751e8b465ee728b)
Start importing Assets/SPUM/Retro UI Set/1_UI_Images/Theme2/05_System/Spum_Icon87.png using Guid(5d641dba1c4964111b9f4328a4fdccfe) Importer(815301076,1909f56bfc062723c751e8b465ee728b) [PhysX] Initialized MultithreadedTaskDispatcher with 12 workers.
[PhysX] Initialized MultithreadedTaskDispatcher with 12 workers.
 -> (artifact id: 'fa3dbf23e66c6437fd7edbf4fba9fd42') in 0.014207 seconds
Number of updated asset objects reloaded before import = 0
Number of asset objects unloaded after import = 3
========================================================================
Received Import Request.
  Time since last request: 0.000370 seconds.
  path: Assets/SPUM/Retro UI Set/1_UI_Images/Theme2/05_System/Spum_Icon89.png
  artifactKey: Guid(01976252770024713a92ffbe609c67ea) Importer(815301076,1909f56bfc062723c751e8b465ee728b)
Start importing Assets/SPUM/Retro UI Set/1_UI_Images/Theme2/05_System/Spum_Icon89.png using Guid(01976252770024713a92ffbe609c67ea) Importer(815301076,1909f56bfc062723c751e8b465ee728b) [PhysX] Initialized MultithreadedTaskDispatcher with 12 workers.
[PhysX] Initialized MultithreadedTaskDispatcher with 12 workers.
 -> (artifact id: 'e11e5247bad2371d8ea1944e5091d703') in 0.014558 seconds
Number of updated asset objects reloaded before import = 0
Number of asset objects unloaded after import = 3
========================================================================
Received Import Request.
  Time since last request: 0.000018 seconds.
  path: Assets/SPUM/Retro UI Set/1_UI_Images/Theme2/05_System/Spum_Icon91.png
  artifactKey: Guid(b222276a27a6e4fa1b8fbb32c1c31eb8) Importer(815301076,1909f56bfc062723c751e8b465ee728b)
Start importing Assets/SPUM/Retro UI Set/1_UI_Images/Theme2/05_System/Spum_Icon91.png using Guid(b222276a27a6e4fa1b8fbb32c1c31eb8) Importer(815301076,1909f56bfc062723c751e8b465ee728b) [PhysX] Initialized MultithreadedTaskDispatcher with 12 workers.
[PhysX] Initialized MultithreadedTaskDispatcher with 12 workers.
 -> (artifact id: 'e42c51faffec9d8948158a5fe31d7542') in 0.014975 seconds
Number of updated asset objects reloaded before import = 0
Number of asset objects unloaded after import = 3
========================================================================
Received Import Request.
  Time since last request: 0.020695 seconds.
  path: Assets/SPUM/Retro UI Set/1_UI_Images/Theme2/05_System/Spum_Icon81.png
  artifactKey: Guid(bfd78756c20ec437cbda0beea7bd9778) Importer(815301076,1909f56bfc062723c751e8b465ee728b)
Start importing Assets/SPUM/Retro UI Set/1_UI_Images/Theme2/05_System/Spum_Icon81.png using Guid(bfd78756c20ec437cbda0beea7bd9778) Importer(815301076,1909f56bfc062723c751e8b465ee728b) [PhysX] Initialized MultithreadedTaskDispatcher with 12 workers.
[PhysX] Initialized MultithreadedTaskDispatcher with 12 workers.
 -> (artifact id: '7f58c5ff2504d8cdd7efa9ff7b3dea75') in 0.013477 seconds
Number of updated asset objects reloaded before import = 0
Number of asset objects unloaded after import = 3
========================================================================
Received Import Request.
  Time since last request: 0.000687 seconds.
  path: Assets/SPUM/Retro UI Set/1_UI_Images/Theme2/05_System/Spum_Icon83.png
  artifactKey: Guid(04e79eb2fe3ca485cb5085b2fcfc534e) Importer(815301076,1909f56bfc062723c751e8b465ee728b)
Start importing Assets/SPUM/Retro UI Set/1_UI_Images/Theme2/05_System/Spum_Icon83.png using Guid(04e79eb2fe3ca485cb5085b2fcfc534e) Importer(815301076,1909f56bfc062723c751e8b465ee728b) [PhysX] Initialized MultithreadedTaskDispatcher with 12 workers.
[PhysX] Initialized MultithreadedTaskDispatcher with 12 workers.
 -> (artifact id: 'f7f98514339114bec55dd5efe80d4eae') in 0.013380 seconds
Number of updated asset objects reloaded before import = 0
Number of asset objects unloaded after import = 3
========================================================================
Received Import Request.
  Time since last request: 0.006550 seconds.
  path: Assets/SPUM/Retro UI Set/1_UI_Images/Theme2/05_System/Spum_Icon86.png
  artifactKey: Guid(dbd15bac1c5494db9913d4a7e299931e) Importer(815301076,1909f56bfc062723c751e8b465ee728b)
Start importing Assets/SPUM/Retro UI Set/1_UI_Images/Theme2/05_System/Spum_Icon86.png using Guid(dbd15bac1c5494db9913d4a7e299931e) Importer(815301076,1909f56bfc062723c751e8b465ee728b) [PhysX] Initialized MultithreadedTaskDispatcher with 12 workers.
[PhysX] Initialized MultithreadedTaskDispatcher with 12 workers.
 -> (artifact id: '88dafecca87d0c1feb7a56e989e1e8c9') in 0.014268 seconds
Number of updated asset objects reloaded before import = 0
Number of asset objects unloaded after import = 3
========================================================================
Received Import Request.
  Time since last request: 0.362494 seconds.
  path: Assets/SPUM/Retro UI Set/1_UI_Images/Theme2/05_System/Spum_Icon75.png
  artifactKey: Guid(1ce558e11f8414ddda84832e6360fd3c) Importer(815301076,1909f56bfc062723c751e8b465ee728b)
Start importing Assets/SPUM/Retro UI Set/1_UI_Images/Theme2/05_System/Spum_Icon75.png using Guid(1ce558e11f8414ddda84832e6360fd3c) Importer(815301076,1909f56bfc062723c751e8b465ee728b) [PhysX] Initialized MultithreadedTaskDispatcher with 12 workers.
[PhysX] Initialized MultithreadedTaskDispatcher with 12 workers.
 -> (artifact id: '05576c5083a3da315490f830d169c4fb') in 0.014332 seconds
Number of updated asset objects reloaded before import = 0
Number of asset objects unloaded after import = 3
========================================================================
Received Import Request.
  Time since last request: 0.001021 seconds.
  path: Assets/SPUM/Retro UI Set/1_UI_Images/Theme2/05_System/Spum_Icon77.png
  artifactKey: Guid(5ed3a31483c044e3f820dc7095342b55) Importer(815301076,1909f56bfc062723c751e8b465ee728b)
Start importing Assets/SPUM/Retro UI Set/1_UI_Images/Theme2/05_System/Spum_Icon77.png using Guid(5ed3a31483c044e3f820dc7095342b55) Importer(815301076,1909f56bfc062723c751e8b465ee728b) [PhysX] Initialized MultithreadedTaskDispatcher with 12 workers.
[PhysX] Initialized MultithreadedTaskDispatcher with 12 workers.
 -> (artifact id: '1f4343d8e34600a9fa263a6ece546181') in 0.014063 seconds
Number of updated asset objects reloaded before import = 0
Number of asset objects unloaded after import = 3
========================================================================
Received Import Request.
  Time since last request: 0.000030 seconds.
  path: Assets/SPUM/Retro UI Set/1_UI_Images/Theme2/05_System/Spum_Icon79.png
  artifactKey: Guid(b65ec611bb0f1474d9787a1f0c43cdd8) Importer(815301076,1909f56bfc062723c751e8b465ee728b)
Start importing Assets/SPUM/Retro UI Set/1_UI_Images/Theme2/05_System/Spum_Icon79.png using Guid(b65ec611bb0f1474d9787a1f0c43cdd8) Importer(815301076,1909f56bfc062723c751e8b465ee728b) [PhysX] Initialized MultithreadedTaskDispatcher with 12 workers.
[PhysX] Initialized MultithreadedTaskDispatcher with 12 workers.
 -> (artifact id: '382a862e4edd4daa6baef478679307b1') in 0.014494 seconds
Number of updated asset objects reloaded before import = 0
Number of asset objects unloaded after import = 3
========================================================================
Received Import Request.
  Time since last request: 0.415231 seconds.
  path: Assets/SPUM/Retro UI Set/1_UI_Images/Theme2/05_System/Spum_Icon69.png
  artifactKey: Guid(bb4a5ded2024041098c9ed03198da0a7) Importer(815301076,1909f56bfc062723c751e8b465ee728b)
Start importing Assets/SPUM/Retro UI Set/1_UI_Images/Theme2/05_System/Spum_Icon69.png using Guid(bb4a5ded2024041098c9ed03198da0a7) Importer(815301076,1909f56bfc062723c751e8b465ee728b) [PhysX] Initialized MultithreadedTaskDispatcher with 12 workers.
[PhysX] Initialized MultithreadedTaskDispatcher with 12 workers.
 -> (artifact id: '14361565a6f268fe1443e9f9f5068017') in 0.015694 seconds
Number of updated asset objects reloaded before import = 0
Number of asset objects unloaded after import = 3
========================================================================
Received Import Request.
  Time since last request: 0.006729 seconds.
  path: Assets/SPUM/Retro UI Set/1_UI_Images/Theme2/05_System/Spum_Icon72.png
  artifactKey: Guid(f8c78a8b55ae3422d9a80aeb788b770c) Importer(815301076,1909f56bfc062723c751e8b465ee728b)
Start importing Assets/SPUM/Retro UI Set/1_UI_Images/Theme2/05_System/Spum_Icon72.png using Guid(f8c78a8b55ae3422d9a80aeb788b770c) Importer(815301076,1909f56bfc062723c751e8b465ee728b) [PhysX] Initialized MultithreadedTaskDispatcher with 12 workers.
[PhysX] Initialized MultithreadedTaskDispatcher with 12 workers.
 -> (artifact id: '6c2dea8996a2bdac4df7245e6d458f5f') in 0.014047 seconds
Number of updated asset objects reloaded before import = 0
Number of asset objects unloaded after import = 3
========================================================================
Received Import Request.
  Time since last request: 0.417123 seconds.
  path: Assets/SPUM/Retro UI Set/1_UI_Images/Theme2/05_System/Spum_Icon63.png
  artifactKey: Guid(67424f1f9fbc3442dbc07a5bed11ecca) Importer(815301076,1909f56bfc062723c751e8b465ee728b)
Start importing Assets/SPUM/Retro UI Set/1_UI_Images/Theme2/05_System/Spum_Icon63.png using Guid(67424f1f9fbc3442dbc07a5bed11ecca) Importer(815301076,1909f56bfc062723c751e8b465ee728b) [PhysX] Initialized MultithreadedTaskDispatcher with 12 workers.
[PhysX] Initialized MultithreadedTaskDispatcher with 12 workers.
 -> (artifact id: 'fdf7d775f6551364a0824d0de6362785') in 0.013379 seconds
Number of updated asset objects reloaded before import = 0
Number of asset objects unloaded after import = 3
========================================================================
Received Import Request.
  Time since last request: 0.001747 seconds.
  path: Assets/SPUM/Retro UI Set/1_UI_Images/Theme2/05_System/Spum_Icon65.png
  artifactKey: Guid(2c3034a9892c74101a47658f59c77e6b) Importer(815301076,1909f56bfc062723c751e8b465ee728b)
Start importing Assets/SPUM/Retro UI Set/1_UI_Images/Theme2/05_System/Spum_Icon65.png using Guid(2c3034a9892c74101a47658f59c77e6b) Importer(815301076,1909f56bfc062723c751e8b465ee728b) [PhysX] Initialized MultithreadedTaskDispatcher with 12 workers.
[PhysX] Initialized MultithreadedTaskDispatcher with 12 workers.
 -> (artifact id: 'dd5470b9ac00c17e073fe719dcdbfa37') in 0.014151 seconds
Number of updated asset objects reloaded before import = 0
Number of asset objects unloaded after import = 3
========================================================================
Received Import Request.
  Time since last request: 0.001723 seconds.
  path: Assets/SPUM/Retro UI Set/1_UI_Images/Theme2/05_System/Spum_Icon67.png
  artifactKey: Guid(d207442bc32d64d598a04a9df1312a6a) Importer(815301076,1909f56bfc062723c751e8b465ee728b)
Start importing Assets/SPUM/Retro UI Set/1_UI_Images/Theme2/05_System/Spum_Icon67.png using Guid(d207442bc32d64d598a04a9df1312a6a) Importer(815301076,1909f56bfc062723c751e8b465ee728b) [PhysX] Initialized MultithreadedTaskDispatcher with 12 workers.
[PhysX] Initialized MultithreadedTaskDispatcher with 12 workers.
 -> (artifact id: '448fc8d5811ca6947d02afc5f19bfc94') in 0.014070 seconds
Number of updated asset objects reloaded before import = 0
Number of asset objects unloaded after import = 3
========================================================================
Received Import Request.
  Time since last request: 1.345379 seconds.
  path: Assets/SPUM/Retro UI Set/1_UI_Images/Theme2/05_System/Spum_Icon57.png
  artifactKey: Guid(caa625d3d80a94cc1ab4e223a70fe216) Importer(815301076,1909f56bfc062723c751e8b465ee728b)
Start importing Assets/SPUM/Retro UI Set/1_UI_Images/Theme2/05_System/Spum_Icon57.png using Guid(caa625d3d80a94cc1ab4e223a70fe216) Importer(815301076,1909f56bfc062723c751e8b465ee728b) [PhysX] Initialized MultithreadedTaskDispatcher with 12 workers.
[PhysX] Initialized MultithreadedTaskDispatcher with 12 workers.
 -> (artifact id: '12946676cd1bb2cea16af4969aa6b239') in 0.013531 seconds
Number of updated asset objects reloaded before import = 0
Number of asset objects unloaded after import = 3
========================================================================
Received Import Request.
  Time since last request: 0.001300 seconds.
  path: Assets/SPUM/Retro UI Set/1_UI_Images/Theme2/05_System/Spum_Icon59.png
  artifactKey: Guid(dbdf7ea969d5e4e94a6b60c26bceacbd) Importer(815301076,1909f56bfc062723c751e8b465ee728b)
Start importing Assets/SPUM/Retro UI Set/1_UI_Images/Theme2/05_System/Spum_Icon59.png using Guid(dbdf7ea969d5e4e94a6b60c26bceacbd) Importer(815301076,1909f56bfc062723c751e8b465ee728b) [PhysX] Initialized MultithreadedTaskDispatcher with 12 workers.
[PhysX] Initialized MultithreadedTaskDispatcher with 12 workers.
 -> (artifact id: '4c7990b0960aac9f99bfa234de4a58a5') in 0.013735 seconds
Number of updated asset objects reloaded before import = 0
Number of asset objects unloaded after import = 3
========================================================================
Received Import Request.
  Time since last request: 0.006690 seconds.
  path: Assets/SPUM/Retro UI Set/1_UI_Images/Theme2/05_System/Spum_Icon62.png
  artifactKey: Guid(6c5869b0698f344a88d7869067611d1b) Importer(815301076,1909f56bfc062723c751e8b465ee728b)
Start importing Assets/SPUM/Retro UI Set/1_UI_Images/Theme2/05_System/Spum_Icon62.png using Guid(6c5869b0698f344a88d7869067611d1b) Importer(815301076,1909f56bfc062723c751e8b465ee728b) [PhysX] Initialized MultithreadedTaskDispatcher with 12 workers.
[PhysX] Initialized MultithreadedTaskDispatcher with 12 workers.
 -> (artifact id: 'd663d2b34d8ee03496b3818b3e29f890') in 0.014366 seconds
Number of updated asset objects reloaded before import = 0
Number of asset objects unloaded after import = 3
========================================================================
Received Import Request.
  Time since last request: 0.475098 seconds.
  path: Assets/SPUM/Retro UI Set/1_UI_Images/Theme2/05_System/Spum_Icon51.png
  artifactKey: Guid(715b91e52a26e44fca3967fc7469b289) Importer(815301076,1909f56bfc062723c751e8b465ee728b)
Start importing Assets/SPUM/Retro UI Set/1_UI_Images/Theme2/05_System/Spum_Icon51.png using Guid(715b91e52a26e44fca3967fc7469b289) Importer(815301076,1909f56bfc062723c751e8b465ee728b) [PhysX] Initialized MultithreadedTaskDispatcher with 12 workers.
[PhysX] Initialized MultithreadedTaskDispatcher with 12 workers.
 -> (artifact id: 'a305427f32c3b3856bcd37bd8f8a0a00') in 0.014498 seconds
Number of updated asset objects reloaded before import = 0
Number of asset objects unloaded after import = 3
========================================================================
Received Import Request.
  Time since last request: 0.000219 seconds.
  path: Assets/SPUM/Retro UI Set/1_UI_Images/Theme2/05_System/Spum_Icon53.png
  artifactKey: Guid(1a5f7b16c4771461c88019bedc2ef296) Importer(815301076,1909f56bfc062723c751e8b465ee728b)
Start importing Assets/SPUM/Retro UI Set/1_UI_Images/Theme2/05_System/Spum_Icon53.png using Guid(1a5f7b16c4771461c88019bedc2ef296) Importer(815301076,1909f56bfc062723c751e8b465ee728b) [PhysX] Initialized MultithreadedTaskDispatcher with 12 workers.
[PhysX] Initialized MultithreadedTaskDispatcher with 12 workers.
 -> (artifact id: '436808cba657df1421eaa9e9b1332c5e') in 0.014323 seconds
Number of updated asset objects reloaded before import = 0
Number of asset objects unloaded after import = 3
========================================================================
Received Import Request.
  Time since last request: 0.006721 seconds.
  path: Assets/SPUM/Retro UI Set/1_UI_Images/Theme2/05_System/Spum_Icon56.png
  artifactKey: Guid(efa3430d28695461aaf2abe29e8581b8) Importer(815301076,1909f56bfc062723c751e8b465ee728b)
Start importing Assets/SPUM/Retro UI Set/1_UI_Images/Theme2/05_System/Spum_Icon56.png using Guid(efa3430d28695461aaf2abe29e8581b8) Importer(815301076,1909f56bfc062723c751e8b465ee728b) [PhysX] Initialized MultithreadedTaskDispatcher with 12 workers.
[PhysX] Initialized MultithreadedTaskDispatcher with 12 workers.
 -> (artifact id: 'afc6424ff56986fe80c6a0a62fd0498c') in 0.015052 seconds
Number of updated asset objects reloaded before import = 0
Number of asset objects unloaded after import = 3
========================================================================
Received Import Request.
  Time since last request: 0.357679 seconds.
  path: Assets/SPUM/Retro UI Set/1_UI_Images/Theme2/04_Equipment/Spum_Icon45.png
  artifactKey: Guid(6671428c7b33144589af3bdaa7e1651f) Importer(815301076,1909f56bfc062723c751e8b465ee728b)
Start importing Assets/SPUM/Retro UI Set/1_UI_Images/Theme2/04_Equipment/Spum_Icon45.png using Guid(6671428c7b33144589af3bdaa7e1651f) Importer(815301076,1909f56bfc062723c751e8b465ee728b) [PhysX] Initialized MultithreadedTaskDispatcher with 12 workers.
[PhysX] Initialized MultithreadedTaskDispatcher with 12 workers.
 -> (artifact id: 'e197d13e06ae766107c2ed60dd68de7c') in 0.014801 seconds
Number of updated asset objects reloaded before import = 0
Number of asset objects unloaded after import = 3
========================================================================
Received Import Request.
  Time since last request: 0.006888 seconds.
  path: Assets/SPUM/Retro UI Set/1_UI_Images/Theme2/04_Equipment/Spum_Icon48.png
  artifactKey: Guid(e2413ab71ff76446b81c94dd48d1a03c) Importer(815301076,1909f56bfc062723c751e8b465ee728b)
Start importing Assets/SPUM/Retro UI Set/1_UI_Images/Theme2/04_Equipment/Spum_Icon48.png using Guid(e2413ab71ff76446b81c94dd48d1a03c) Importer(815301076,1909f56bfc062723c751e8b465ee728b) [PhysX] Initialized MultithreadedTaskDispatcher with 12 workers.
[PhysX] Initialized MultithreadedTaskDispatcher with 12 workers.
 -> (artifact id: '816c79a2a009b08760f4237b24e52999') in 0.015055 seconds
Number of updated asset objects reloaded before import = 0
Number of asset objects unloaded after import = 3
========================================================================
Received Import Request.
  Time since last request: 0.433172 seconds.
  path: Assets/SPUM/Retro UI Set/1_UI_Images/Theme2/04_Equipment/Spum_Icon39.png
  artifactKey: Guid(30f3130c77e34407ca22b902569206ff) Importer(815301076,1909f56bfc062723c751e8b465ee728b)
Start importing Assets/SPUM/Retro UI Set/1_UI_Images/Theme2/04_Equipment/Spum_Icon39.png using Guid(30f3130c77e34407ca22b902569206ff) Importer(815301076,1909f56bfc062723c751e8b465ee728b) [PhysX] Initialized MultithreadedTaskDispatcher with 12 workers.
[PhysX] Initialized MultithreadedTaskDispatcher with 12 workers.
 -> (artifact id: '6d13b0a7b028054f4bd4016dc7766854') in 0.014669 seconds
Number of updated asset objects reloaded before import = 0
Number of asset objects unloaded after import = 3
========================================================================
Received Import Request.
  Time since last request: 0.006554 seconds.
  path: Assets/SPUM/Retro UI Set/1_UI_Images/Theme2/04_Equipment/Spum_Icon42.png
  artifactKey: Guid(04c2e35ebbb1d4476b4c73ce0f2d7b2c) Importer(815301076,1909f56bfc062723c751e8b465ee728b)
Start importing Assets/SPUM/Retro UI Set/1_UI_Images/Theme2/04_Equipment/Spum_Icon42.png using Guid(04c2e35ebbb1d4476b4c73ce0f2d7b2c) Importer(815301076,1909f56bfc062723c751e8b465ee728b) [PhysX] Initialized MultithreadedTaskDispatcher with 12 workers.
[PhysX] Initialized MultithreadedTaskDispatcher with 12 workers.
 -> (artifact id: '0051481150f0a42524a1d68f7d353e23') in 0.015066 seconds
Number of updated asset objects reloaded before import = 0
Number of asset objects unloaded after import = 3
========================================================================
Received Import Request.
  Time since last request: 0.036339 seconds.
  path: Assets/SPUM/Retro UI Set/1_UI_Images/Theme2/04_Equipment/Spum_Icon33.png
  artifactKey: Guid(0017858006d224e73ac97bfa41fbec2f) Importer(815301076,1909f56bfc062723c751e8b465ee728b)
Start importing Assets/SPUM/Retro UI Set/1_UI_Images/Theme2/04_Equipment/Spum_Icon33.png using Guid(0017858006d224e73ac97bfa41fbec2f) Importer(815301076,1909f56bfc062723c751e8b465ee728b) [PhysX] Initialized MultithreadedTaskDispatcher with 12 workers.
[PhysX] Initialized MultithreadedTaskDispatcher with 12 workers.
 -> (artifact id: '545e866fa7e3d94371b76b4ea4ff01b3') in 0.013882 seconds
Number of updated asset objects reloaded before import = 0
Number of asset objects unloaded after import = 3
========================================================================
Received Import Request.
  Time since last request: 0.006186 seconds.
  path: Assets/SPUM/Retro UI Set/1_UI_Images/Theme2/04_Equipment/Spum_Icon36.png
  artifactKey: Guid(4d8e1b675292f433492d6bd54a1779ee) Importer(815301076,1909f56bfc062723c751e8b465ee728b)
Start importing Assets/SPUM/Retro UI Set/1_UI_Images/Theme2/04_Equipment/Spum_Icon36.png using Guid(4d8e1b675292f433492d6bd54a1779ee) Importer(815301076,1909f56bfc062723c751e8b465ee728b) [PhysX] Initialized MultithreadedTaskDispatcher with 12 workers.
[PhysX] Initialized MultithreadedTaskDispatcher with 12 workers.
 -> (artifact id: '7ce77b5a198b3164ba3b6077ecb6bf00') in 0.014012 seconds
Number of updated asset objects reloaded before import = 0
Number of asset objects unloaded after import = 3
========================================================================
Received Import Request.
  Time since last request: 0.625888 seconds.
  path: Assets/SPUM/Retro UI Set/1_UI_Images/Theme2/03_Status/Spum_Icon27.png
  artifactKey: Guid(91a8980acbaad4aee85b695d3caed882) Importer(815301076,1909f56bfc062723c751e8b465ee728b)
Start importing Assets/SPUM/Retro UI Set/1_UI_Images/Theme2/03_Status/Spum_Icon27.png using Guid(91a8980acbaad4aee85b695d3caed882) Importer(815301076,1909f56bfc062723c751e8b465ee728b) [PhysX] Initialized MultithreadedTaskDispatcher with 12 workers.
[PhysX] Initialized MultithreadedTaskDispatcher with 12 workers.
 -> (artifact id: '24fa79f3505c6abb1bbd5388269a55fb') in 0.014737 seconds
Number of updated asset objects reloaded before import = 0
Number of asset objects unloaded after import = 3
========================================================================
Received Import Request.
  Time since last request: 0.006823 seconds.
  path: Assets/SPUM/Retro UI Set/1_UI_Images/Theme2/03_Status/Spum_Icon30.png
  artifactKey: Guid(f32ee487e0e9f4c10971a0b656ce678a) Importer(815301076,1909f56bfc062723c751e8b465ee728b)
Start importing Assets/SPUM/Retro UI Set/1_UI_Images/Theme2/03_Status/Spum_Icon30.png using Guid(f32ee487e0e9f4c10971a0b656ce678a) Importer(815301076,1909f56bfc062723c751e8b465ee728b) [PhysX] Initialized MultithreadedTaskDispatcher with 12 workers.
[PhysX] Initialized MultithreadedTaskDispatcher with 12 workers.
 -> (artifact id: 'fccd0ba83b2954596efb453273faccff') in 0.014493 seconds
Number of updated asset objects reloaded before import = 0
Number of asset objects unloaded after import = 3
========================================================================
Received Import Request.
  Time since last request: 1.426051 seconds.
  path: Assets/SPUM/Retro UI Set/1_UI_Images/Theme2/02_Job/Spum_Icon21.png
  artifactKey: Guid(3f82b9e9a95984dd4a724ffa6ec07bfe) Importer(815301076,1909f56bfc062723c751e8b465ee728b)
Start importing Assets/SPUM/Retro UI Set/1_UI_Images/Theme2/02_Job/Spum_Icon21.png using Guid(3f82b9e9a95984dd4a724ffa6ec07bfe) Importer(815301076,1909f56bfc062723c751e8b465ee728b) [PhysX] Initialized MultithreadedTaskDispatcher with 12 workers.
[PhysX] Initialized MultithreadedTaskDispatcher with 12 workers.
 -> (artifact id: '260750e7cbc86cc866621da22890d533') in 0.017525 seconds
Number of updated asset objects reloaded before import = 0
Number of asset objects unloaded after import = 3
========================================================================
Received Import Request.
  Time since last request: 0.007318 seconds.
  path: Assets/SPUM/Retro UI Set/1_UI_Images/Theme2/03_Status/Spum_Icon24.png
  artifactKey: Guid(bdf61281d398c41d994dd17f775cfe8c) Importer(815301076,1909f56bfc062723c751e8b465ee728b)
Start importing Assets/SPUM/Retro UI Set/1_UI_Images/Theme2/03_Status/Spum_Icon24.png using Guid(bdf61281d398c41d994dd17f775cfe8c) Importer(815301076,1909f56bfc062723c751e8b465ee728b) [PhysX] Initialized MultithreadedTaskDispatcher with 12 workers.
[PhysX] Initialized MultithreadedTaskDispatcher with 12 workers.
 -> (artifact id: '6360e724d102ad23379034e98905e85a') in 0.015718 seconds
Number of updated asset objects reloaded before import = 0
Number of asset objects unloaded after import = 3
========================================================================
Received Import Request.
  Time since last request: 0.044354 seconds.
  path: Assets/SPUM/Retro UI Set/1_UI_Images/Theme2/02_Job/Spum_Icon15.png
  artifactKey: Guid(7e90e810597984e9d992c5445b61875a) Importer(815301076,1909f56bfc062723c751e8b465ee728b)
Start importing Assets/SPUM/Retro UI Set/1_UI_Images/Theme2/02_Job/Spum_Icon15.png using Guid(7e90e810597984e9d992c5445b61875a) Importer(815301076,1909f56bfc062723c751e8b465ee728b) [PhysX] Initialized MultithreadedTaskDispatcher with 12 workers.
[PhysX] Initialized MultithreadedTaskDispatcher with 12 workers.
 -> (artifact id: '297174728445c1eed3c7d4192c7f8868') in 0.012993 seconds
Number of updated asset objects reloaded before import = 0
Number of asset objects unloaded after import = 3
========================================================================
Received Import Request.
  Time since last request: 0.001330 seconds.
  path: Assets/SPUM/Retro UI Set/1_UI_Images/Theme2/02_Job/Spum_Icon17.png
  artifactKey: Guid(292c2536b7cf5415db56d0a05903422a) Importer(815301076,1909f56bfc062723c751e8b465ee728b)
Start importing Assets/SPUM/Retro UI Set/1_UI_Images/Theme2/02_Job/Spum_Icon17.png using Guid(292c2536b7cf5415db56d0a05903422a) Importer(815301076,1909f56bfc062723c751e8b465ee728b) [PhysX] Initialized MultithreadedTaskDispatcher with 12 workers.
[PhysX] Initialized MultithreadedTaskDispatcher with 12 workers.
 -> (artifact id: '9ca99bb8426d3b4a9e3143c2d569ebff') in 0.013469 seconds
Number of updated asset objects reloaded before import = 0
Number of asset objects unloaded after import = 3
========================================================================
Received Import Request.
  Time since last request: 0.006728 seconds.
  path: Assets/SPUM/Retro UI Set/1_UI_Images/Theme2/02_Job/Spum_Icon20.png
  artifactKey: Guid(0935ad7a37c864448a56eceb320985b1) Importer(815301076,1909f56bfc062723c751e8b465ee728b)
Start importing Assets/SPUM/Retro UI Set/1_UI_Images/Theme2/02_Job/Spum_Icon20.png using Guid(0935ad7a37c864448a56eceb320985b1) Importer(815301076,1909f56bfc062723c751e8b465ee728b) [PhysX] Initialized MultithreadedTaskDispatcher with 12 workers.
[PhysX] Initialized MultithreadedTaskDispatcher with 12 workers.
 -> (artifact id: 'ee73af1927fd735f4ebc2a1c2c179115') in 0.013867 seconds
Number of updated asset objects reloaded before import = 0
Number of asset objects unloaded after import = 3
========================================================================
Received Import Request.
  Time since last request: 0.321510 seconds.
  path: Assets/SPUM/Retro UI Set/1_UI_Images/Theme2/01_Properties/Spum_Icon9.png
  artifactKey: Guid(b4b25adb720f5401b8c0a30adaa4b914) Importer(815301076,1909f56bfc062723c751e8b465ee728b)
Start importing Assets/SPUM/Retro UI Set/1_UI_Images/Theme2/01_Properties/Spum_Icon9.png using Guid(b4b25adb720f5401b8c0a30adaa4b914) Importer(815301076,1909f56bfc062723c751e8b465ee728b) [PhysX] Initialized MultithreadedTaskDispatcher with 12 workers.
[PhysX] Initialized MultithreadedTaskDispatcher with 12 workers.
 -> (artifact id: '09b4dc1bdc2daa42d501797c218ff1bc') in 0.013791 seconds
Number of updated asset objects reloaded before import = 0
Number of asset objects unloaded after import = 3
========================================================================
Received Import Request.
  Time since last request: 0.006805 seconds.
  path: Assets/SPUM/Retro UI Set/1_UI_Images/Theme2/02_Job/Spum_Icon12.png
  artifactKey: Guid(5eec0cf9e8ff94ee38a599e54bdc32b6) Importer(815301076,1909f56bfc062723c751e8b465ee728b)
Start importing Assets/SPUM/Retro UI Set/1_UI_Images/Theme2/02_Job/Spum_Icon12.png using Guid(5eec0cf9e8ff94ee38a599e54bdc32b6) Importer(815301076,1909f56bfc062723c751e8b465ee728b) [PhysX] Initialized MultithreadedTaskDispatcher with 12 workers.
[PhysX] Initialized MultithreadedTaskDispatcher with 12 workers.
 -> (artifact id: '3dece45fff2c3485f59d434672f7a0c8') in 0.013472 seconds
Number of updated asset objects reloaded before import = 0
Number of asset objects unloaded after import = 3
========================================================================
Received Import Request.
  Time since last request: 0.542640 seconds.
  path: Assets/SPUM/Retro UI Set/1_UI_Images/Theme2/01_Properties/Spum_Icon3.png
  artifactKey: Guid(697755bc4540f492b8766f3c4136bf43) Importer(815301076,1909f56bfc062723c751e8b465ee728b)
Start importing Assets/SPUM/Retro UI Set/1_UI_Images/Theme2/01_Properties/Spum_Icon3.png using Guid(697755bc4540f492b8766f3c4136bf43) Importer(815301076,1909f56bfc062723c751e8b465ee728b) [PhysX] Initialized MultithreadedTaskDispatcher with 12 workers.
[PhysX] Initialized MultithreadedTaskDispatcher with 12 workers.
 -> (artifact id: 'd27241b229723abe075237de1630c299') in 0.013561 seconds
Number of updated asset objects reloaded before import = 0
Number of asset objects unloaded after import = 3
========================================================================
Received Import Request.
  Time since last request: 0.000759 seconds.
  path: Assets/SPUM/Retro UI Set/1_UI_Images/Theme2/01_Properties/Spum_Icon5.png
  artifactKey: Guid(07848c5e8b212424c8c4008eb69f1db1) Importer(815301076,1909f56bfc062723c751e8b465ee728b)
Start importing Assets/SPUM/Retro UI Set/1_UI_Images/Theme2/01_Properties/Spum_Icon5.png using Guid(07848c5e8b212424c8c4008eb69f1db1) Importer(815301076,1909f56bfc062723c751e8b465ee728b) [PhysX] Initialized MultithreadedTaskDispatcher with 12 workers.
[PhysX] Initialized MultithreadedTaskDispatcher with 12 workers.
 -> (artifact id: '26e4934d8545ed2f55aba5c761af194c') in 0.014429 seconds
Number of updated asset objects reloaded before import = 0
Number of asset objects unloaded after import = 3
========================================================================
Received Import Request.
  Time since last request: 0.006511 seconds.
  path: Assets/SPUM/Retro UI Set/1_UI_Images/Theme2/01_Properties/Spum_Icon8.png
  artifactKey: Guid(96929d1b8536e412dbe8b2d2199e9701) Importer(815301076,1909f56bfc062723c751e8b465ee728b)
Start importing Assets/SPUM/Retro UI Set/1_UI_Images/Theme2/01_Properties/Spum_Icon8.png using Guid(96929d1b8536e412dbe8b2d2199e9701) Importer(815301076,1909f56bfc062723c751e8b465ee728b) [PhysX] Initialized MultithreadedTaskDispatcher with 12 workers.
[PhysX] Initialized MultithreadedTaskDispatcher with 12 workers.
 -> (artifact id: '01275ccc9d85ada5ce83a16967a806cd') in 0.014626 seconds
Number of updated asset objects reloaded before import = 0
Number of asset objects unloaded after import = 3
========================================================================
Received Import Request.
  Time since last request: 0.772320 seconds.
  path: Assets/GoldenSkullStudios/2D/2D_Iso_Tile_Pack_Starter/Extras/Sprites/Sprite_ISO_Collider.psd
  artifactKey: Guid(d1a94ec43e8cf824c85090371e71d665) Importer(815301076,1909f56bfc062723c751e8b465ee728b)
Start importing Assets/GoldenSkullStudios/2D/2D_Iso_Tile_Pack_Starter/Extras/Sprites/Sprite_ISO_Collider.psd using Guid(d1a94ec43e8cf824c85090371e71d665) Importer(815301076,1909f56bfc062723c751e8b465ee728b) [PhysX] Initialized MultithreadedTaskDispatcher with 12 workers.
[PhysX] Initialized MultithreadedTaskDispatcher with 12 workers.
 -> (artifact id: '4564aee5212ac5126dfeaeae366fb9ef') in 0.020894 seconds
Number of updated asset objects reloaded before import = 0
Number of asset objects unloaded after import = 3
========================================================================
Received Import Request.
  Time since last request: 0.000018 seconds.
  path: Assets/GoldenSkullStudios/2D/2D_Iso_Tile_Pack_Starter/Extras/Sprites/Sprite_ISO_Collider_Round.psd
  artifactKey: Guid(1b60465f590b0e846bcab79a984e1fdf) Importer(815301076,1909f56bfc062723c751e8b465ee728b)
Start importing Assets/GoldenSkullStudios/2D/2D_Iso_Tile_Pack_Starter/Extras/Sprites/Sprite_ISO_Collider_Round.psd using Guid(1b60465f590b0e846bcab79a984e1fdf) Importer(815301076,1909f56bfc062723c751e8b465ee728b) [PhysX] Initialized MultithreadedTaskDispatcher with 12 workers.
[PhysX] Initialized MultithreadedTaskDispatcher with 12 workers.
 -> (artifact id: '36b2983a4a8132fe31f216f23a9de0a1') in 0.015238 seconds
Number of updated asset objects reloaded before import = 0
Number of asset objects unloaded after import = 3
========================================================================
Received Import Request.
  Time since last request: 1.516410 seconds.
  path: Assets/SPUM/Resources/Addons/Legacy/0_Unit/0_Sprite/6_Weapons/4_Spear/Spear_1.png
  artifactKey: Guid(e4c07de1d80de4718b58db6470c48501) Importer(815301076,1909f56bfc062723c751e8b465ee728b)
Start importing Assets/SPUM/Resources/Addons/Legacy/0_Unit/0_Sprite/6_Weapons/4_Spear/Spear_1.png using Guid(e4c07de1d80de4718b58db6470c48501) Importer(815301076,1909f56bfc062723c751e8b465ee728b) [PhysX] Initialized MultithreadedTaskDispatcher with 12 workers.
[PhysX] Initialized MultithreadedTaskDispatcher with 12 workers.
 -> (artifact id: '77cf12e60edf4982d6d55d729f4119f3') in 0.014402 seconds
Number of updated asset objects reloaded before import = 0
Number of asset objects unloaded after import = 3
========================================================================
Received Import Request.
  Time since last request: 1.197619 seconds.
  path: Assets/SimplePixelUI/artwork/halfcustomizible/rounded/Slot_rounded_HCC.png
  artifactKey: Guid(b99133ea3fb2c3f47be0f31b292daf4a) Importer(815301076,1909f56bfc062723c751e8b465ee728b)
Start importing Assets/SimplePixelUI/artwork/halfcustomizible/rounded/Slot_rounded_HCC.png using Guid(b99133ea3fb2c3f47be0f31b292daf4a) Importer(815301076,1909f56bfc062723c751e8b465ee728b) [PhysX] Initialized MultithreadedTaskDispatcher with 12 workers.
[PhysX] Initialized MultithreadedTaskDispatcher with 12 workers.
 -> (artifact id: '7a65c3bec0d6db7ac39110a9062cb07b') in 0.014777 seconds
Number of updated asset objects reloaded before import = 0
Number of asset objects unloaded after import = 3
========================================================================
Received Import Request.
  Time since last request: 0.001502 seconds.
  path: Assets/SPUM/Resources/Addons/Legacy/0_Unit/0_Sprite/7_Back/Soon_Back1.png
  artifactKey: Guid(49e9aeb508cb1384184654a5b8b525d9) Importer(815301076,1909f56bfc062723c751e8b465ee728b)
Start importing Assets/SPUM/Resources/Addons/Legacy/0_Unit/0_Sprite/7_Back/Soon_Back1.png using Guid(49e9aeb508cb1384184654a5b8b525d9) Importer(815301076,1909f56bfc062723c751e8b465ee728b) [PhysX] Initialized MultithreadedTaskDispatcher with 12 workers.
[PhysX] Initialized MultithreadedTaskDispatcher with 12 workers.
 -> (artifact id: 'a6b50337b84c320f159d368ab9b0825b') in 0.023597 seconds
Number of updated asset objects reloaded before import = 0
Number of asset objects unloaded after import = 3
========================================================================
Received Import Request.
  Time since last request: 0.056315 seconds.
  path: Assets/SimplePixelUI/artwork/halfcustomizible/square/Slot3D.png
  artifactKey: Guid(765c1f075652d7c429d7ea036691f745) Importer(815301076,1909f56bfc062723c751e8b465ee728b)
Start importing Assets/SimplePixelUI/artwork/halfcustomizible/square/Slot3D.png using Guid(765c1f075652d7c429d7ea036691f745) Importer(815301076,1909f56bfc062723c751e8b465ee728b) [PhysX] Initialized MultithreadedTaskDispatcher with 12 workers.
[PhysX] Initialized MultithreadedTaskDispatcher with 12 workers.
 -> (artifact id: 'e9bfb7fd02d019281ef856d1cc2cfa1b') in 0.014385 seconds
Number of updated asset objects reloaded before import = 0
Number of asset objects unloaded after import = 3
========================================================================
Received Import Request.
  Time since last request: 0.000019 seconds.
  path: Assets/SimplePixelUI/artwork/halfcustomizible/rounded/Slot3D_rounded_HCC.png
  artifactKey: Guid(e9f6aafb7c1ac98418d3b3877065d261) Importer(815301076,1909f56bfc062723c751e8b465ee728b)
Start importing Assets/SimplePixelUI/artwork/halfcustomizible/rounded/Slot3D_rounded_HCC.png using Guid(e9f6aafb7c1ac98418d3b3877065d261) Importer(815301076,1909f56bfc062723c751e8b465ee728b) [PhysX] Initialized MultithreadedTaskDispatcher with 12 workers.
[PhysX] Initialized MultithreadedTaskDispatcher with 12 workers.
 -> (artifact id: '0c978660a639f7b07ed069f6738fe9a5') in 0.026071 seconds
Number of updated asset objects reloaded before import = 0
Number of asset objects unloaded after import = 3
========================================================================
Received Import Request.
  Time since last request: 0.974199 seconds.
  path: Assets/SimplePixelUI/artwork/colorCustomizible/square/slot.png
  artifactKey: Guid(4a7e5d2419d92754da4c0f6996f2e419) Importer(815301076,1909f56bfc062723c751e8b465ee728b)
Start importing Assets/SimplePixelUI/artwork/colorCustomizible/square/slot.png using Guid(4a7e5d2419d92754da4c0f6996f2e419) Importer(815301076,1909f56bfc062723c751e8b465ee728b) [PhysX] Initialized MultithreadedTaskDispatcher with 12 workers.
[PhysX] Initialized MultithreadedTaskDispatcher with 12 workers.
 -> (artifact id: '07cc680495bf6b5a227f3780a5aca55e') in 0.027529 seconds
Number of updated asset objects reloaded before import = 0
Number of asset objects unloaded after import = 3
========================================================================
Received Import Request.
  Time since last request: 0.000024 seconds.
  path: Assets/SimplePixelUI/artwork/gray/square/slot3D.png
  artifactKey: Guid(ab03c476b4151f543989da24826e87c7) Importer(815301076,1909f56bfc062723c751e8b465ee728b)
Start importing Assets/SimplePixelUI/artwork/gray/square/slot3D.png using Guid(ab03c476b4151f543989da24826e87c7) Importer(815301076,1909f56bfc062723c751e8b465ee728b) [PhysX] Initialized MultithreadedTaskDispatcher with 12 workers.
[PhysX] Initialized MultithreadedTaskDispatcher with 12 workers.
 -> (artifact id: '857475a5404cf363ae02fb246830bd9a') in 0.027086 seconds
Number of updated asset objects reloaded before import = 0
Number of asset objects unloaded after import = 3
========================================================================
Received Import Request.
  Time since last request: 0.025740 seconds.
  path: Assets/Blink/Art/Icons/Classes/Symbiose/Shaman/Shaman17.png
  artifactKey: Guid(7184252199212cf4a9288a2a2d70dee1) Importer(815301076,1909f56bfc062723c751e8b465ee728b)
Start importing Assets/Blink/Art/Icons/Classes/Symbiose/Shaman/Shaman17.png using Guid(7184252199212cf4a9288a2a2d70dee1) Importer(815301076,1909f56bfc062723c751e8b465ee728b) [PhysX] Initialized MultithreadedTaskDispatcher with 12 workers.
[PhysX] Initialized MultithreadedTaskDispatcher with 12 workers.
 -> (artifact id: 'bd43cbe9fea1eb0b257d4c36381120b1') in 0.020622 seconds
Number of updated asset objects reloaded before import = 0
Number of asset objects unloaded after import = 3
========================================================================
Received Import Request.
  Time since last request: 0.001381 seconds.
  path: Assets/FantasyIconsPackFree/Icons/MeleeWeapon1H/SharpenedInfantrySword.png
  artifactKey: Guid(c278ec36abbc540489a08ba8765cd092) Importer(815301076,1909f56bfc062723c751e8b465ee728b)
Start importing Assets/FantasyIconsPackFree/Icons/MeleeWeapon1H/SharpenedInfantrySword.png using Guid(c278ec36abbc540489a08ba8765cd092) Importer(815301076,1909f56bfc062723c751e8b465ee728b) [PhysX] Initialized MultithreadedTaskDispatcher with 12 workers.
[PhysX] Initialized MultithreadedTaskDispatcher with 12 workers.
 -> (artifact id: '30cb6f3e55236a79de11ffbe79eb8b64') in 0.016154 seconds
Number of updated asset objects reloaded before import = 0
Number of asset objects unloaded after import = 3
========================================================================
Received Import Request.
  Time since last request: 0.507553 seconds.
  path: Assets/FantasyIconsPackFree/Icons/Boots/Scout [Paint].png
  artifactKey: Guid(c65e285e2bfa766428d07aef51d7757d) Importer(815301076,1909f56bfc062723c751e8b465ee728b)
Start importing Assets/FantasyIconsPackFree/Icons/Boots/Scout [Paint].png using Guid(c65e285e2bfa766428d07aef51d7757d) Importer(815301076,1909f56bfc062723c751e8b465ee728b) [PhysX] Initialized MultithreadedTaskDispatcher with 12 workers.
[PhysX] Initialized MultithreadedTaskDispatcher with 12 workers.
 -> (artifact id: '6735d4eb71e005e957e990113e993e00') in 0.015829 seconds
Number of updated asset objects reloaded before import = 0
Number of asset objects unloaded after import = 3
========================================================================
Received Import Request.
  Time since last request: 0.006947 seconds.
  path: Assets/FantasyIconsPackFree/Icons/Helmet/ScoutHelm.png
  artifactKey: Guid(67eaf2a7d1686074684270d1821c55cb) Importer(815301076,1909f56bfc062723c751e8b465ee728b)
Start importing Assets/FantasyIconsPackFree/Icons/Helmet/ScoutHelm.png using Guid(67eaf2a7d1686074684270d1821c55cb) Importer(815301076,1909f56bfc062723c751e8b465ee728b) [PhysX] Initialized MultithreadedTaskDispatcher with 12 workers.
[PhysX] Initialized MultithreadedTaskDispatcher with 12 workers.
 -> (artifact id: '6614dead4574b8d0a4836b3fffdd8468') in 0.019020 seconds
Number of updated asset objects reloaded before import = 0
Number of asset objects unloaded after import = 3
========================================================================
Received Import Request.
  Time since last request: 0.022542 seconds.
  path: Assets/Blink/Art/Icons/Classes/Assassin/Rogue/Rogue3.png
  artifactKey: Guid(0e7966e8857d9da42bd7ac9668f85ce2) Importer(815301076,1909f56bfc062723c751e8b465ee728b)
Start importing Assets/Blink/Art/Icons/Classes/Assassin/Rogue/Rogue3.png using Guid(0e7966e8857d9da42bd7ac9668f85ce2) Importer(815301076,1909f56bfc062723c751e8b465ee728b) [PhysX] Initialized MultithreadedTaskDispatcher with 12 workers.
[PhysX] Initialized MultithreadedTaskDispatcher with 12 workers.
 -> (artifact id: '3a89108f5fec06a243adc70177f0cd4b') in 0.018231 seconds
Number of updated asset objects reloaded before import = 0
Number of asset objects unloaded after import = 3
========================================================================
Received Import Request.
  Time since last request: 0.007134 seconds.
  path: Assets/FantasyIconsPackFree/Icons/Armor/RoyalTunic.png
  artifactKey: Guid(e29f293938fc0494d87d11a7532e32ea) Importer(815301076,1909f56bfc062723c751e8b465ee728b)
Start importing Assets/FantasyIconsPackFree/Icons/Armor/RoyalTunic.png using Guid(e29f293938fc0494d87d11a7532e32ea) Importer(815301076,1909f56bfc062723c751e8b465ee728b) [PhysX] Initialized MultithreadedTaskDispatcher with 12 workers.
[PhysX] Initialized MultithreadedTaskDispatcher with 12 workers.
 -> (artifact id: '7bc5d7d9ab26ced8863015c01dce2481') in 0.019401 seconds
Number of updated asset objects reloaded before import = 0
Number of asset objects unloaded after import = 3
========================================================================
Received Import Request.
  Time since last request: 0.312065 seconds.
  path: Assets/SPUM/Resources/Addons/Ver300/0_Unit/0_Sprite/5_Pant/New_Pant_05.png
  artifactKey: Guid(e7d2d469a9a9548bcb468fc5ff5792c1) Importer(815301076,1909f56bfc062723c751e8b465ee728b)
Start importing Assets/SPUM/Resources/Addons/Ver300/0_Unit/0_Sprite/5_Pant/New_Pant_05.png using Guid(e7d2d469a9a9548bcb468fc5ff5792c1) Importer(815301076,1909f56bfc062723c751e8b465ee728b) [PhysX] Initialized MultithreadedTaskDispatcher with 12 workers.
[PhysX] Initialized MultithreadedTaskDispatcher with 12 workers.
 -> (artifact id: 'ffd4ad1bdad5c7372caa39285938a5c3') in 0.017529 seconds
Number of updated asset objects reloaded before import = 0
Number of asset objects unloaded after import = 4
========================================================================
Received Import Request.
  Time since last request: 0.053511 seconds.
  path: Assets/SPUM/Resources/Addons/Ver300/0_Unit/0_Sprite/5_Pant/New_Pant_12.png
  artifactKey: Guid(f71ba98f5e5894a9e9a109dc34922832) Importer(815301076,1909f56bfc062723c751e8b465ee728b)
Start importing Assets/SPUM/Resources/Addons/Ver300/0_Unit/0_Sprite/5_Pant/New_Pant_12.png using Guid(f71ba98f5e5894a9e9a109dc34922832) Importer(815301076,1909f56bfc062723c751e8b465ee728b) [PhysX] Initialized MultithreadedTaskDispatcher with 12 workers.
[PhysX] Initialized MultithreadedTaskDispatcher with 12 workers.
 -> (artifact id: 'b5c5edad9413f7d402203bec8e5a2529') in 0.017393 seconds
Number of updated asset objects reloaded before import = 0
Number of asset objects unloaded after import = 4
========================================================================
Received Import Request.
  Time since last request: 0.245413 seconds.
  path: Assets/SPUM/Resources/Addons/Ver300/0_Unit/0_Sprite/5_Pant/New_Pant_06.png
  artifactKey: Guid(c8b0805f6931f4f7f90aea6bd3b08f57) Importer(815301076,1909f56bfc062723c751e8b465ee728b)
Start importing Assets/SPUM/Resources/Addons/Ver300/0_Unit/0_Sprite/5_Pant/New_Pant_06.png using Guid(c8b0805f6931f4f7f90aea6bd3b08f57) Importer(815301076,1909f56bfc062723c751e8b465ee728b) [PhysX] Initialized MultithreadedTaskDispatcher with 12 workers.
[PhysX] Initialized MultithreadedTaskDispatcher with 12 workers.
 -> (artifact id: '56ca86acd9e3aba0deb9bc12984891cf') in 0.019781 seconds
Number of updated asset objects reloaded before import = 0
Number of asset objects unloaded after import = 4
========================================================================
Received Import Request.
  Time since last request: 0.046077 seconds.
  path: Assets/SPUM/Resources/Addons/Ver300/0_Unit/0_Sprite/5_Pant/New_Pant_03.png
  artifactKey: Guid(c9a0377619143454f813b786ccb2467c) Importer(815301076,1909f56bfc062723c751e8b465ee728b)
Start importing Assets/SPUM/Resources/Addons/Ver300/0_Unit/0_Sprite/5_Pant/New_Pant_03.png using Guid(c9a0377619143454f813b786ccb2467c) Importer(815301076,1909f56bfc062723c751e8b465ee728b) [PhysX] Initialized MultithreadedTaskDispatcher with 12 workers.
[PhysX] Initialized MultithreadedTaskDispatcher with 12 workers.
 -> (artifact id: 'c5a01197aae4215617d9804985e4f192') in 0.015986 seconds
Number of updated asset objects reloaded before import = 0
Number of asset objects unloaded after import = 4
========================================================================
Received Import Request.
  Time since last request: 0.256707 seconds.
  path: Assets/SPUM/Resources/Addons/Legacy/0_Unit/0_Sprite/3_Pant/Foot_2.png
  artifactKey: Guid(ed0836d2b0b084f2a842be7fa476e1e5) Importer(815301076,1909f56bfc062723c751e8b465ee728b)
Start importing Assets/SPUM/Resources/Addons/Legacy/0_Unit/0_Sprite/3_Pant/Foot_2.png using Guid(ed0836d2b0b084f2a842be7fa476e1e5) Importer(815301076,1909f56bfc062723c751e8b465ee728b) [PhysX] Initialized MultithreadedTaskDispatcher with 12 workers.
[PhysX] Initialized MultithreadedTaskDispatcher with 12 workers.
 -> (artifact id: 'c58be373e5a947bab72ce74fd46abfee') in 0.016792 seconds
Number of updated asset objects reloaded before import = 0
Number of asset objects unloaded after import = 4
========================================================================
Received Import Request.
  Time since last request: 0.006756 seconds.
  path: Assets/SPUM/Resources/Addons/Ver300/0_Unit/0_Sprite/5_Pant/New_Pant_09.png
  artifactKey: Guid(e12314fa70008464fa8d15d08fffd50a) Importer(815301076,1909f56bfc062723c751e8b465ee728b)
Start importing Assets/SPUM/Resources/Addons/Ver300/0_Unit/0_Sprite/5_Pant/New_Pant_09.png using Guid(e12314fa70008464fa8d15d08fffd50a) Importer(815301076,1909f56bfc062723c751e8b465ee728b) [PhysX] Initialized MultithreadedTaskDispatcher with 12 workers.
[PhysX] Initialized MultithreadedTaskDispatcher with 12 workers.
 -> (artifact id: '84de4aad3b76bccd62c5d18925ad4963') in 0.016027 seconds
Number of updated asset objects reloaded before import = 0
Number of asset objects unloaded after import = 4
========================================================================
Received Import Request.
  Time since last request: 0.013605 seconds.
  path: Assets/SPUM/Resources/Addons/Legacy/0_Unit/0_Sprite/3_Pant/Foot_1.png
  artifactKey: Guid(4f4d6264408da453a8511876ebec8ae3) Importer(815301076,1909f56bfc062723c751e8b465ee728b)
Start importing Assets/SPUM/Resources/Addons/Legacy/0_Unit/0_Sprite/3_Pant/Foot_1.png using Guid(4f4d6264408da453a8511876ebec8ae3) Importer(815301076,1909f56bfc062723c751e8b465ee728b) [PhysX] Initialized MultithreadedTaskDispatcher with 12 workers.
[PhysX] Initialized MultithreadedTaskDispatcher with 12 workers.
 -> (artifact id: '572fadc690cd36eb39cf38f7840149ba') in 0.014512 seconds
Number of updated asset objects reloaded before import = 0
Number of asset objects unloaded after import = 4
========================================================================
Received Import Request.
  Time since last request: 0.244277 seconds.
  path: Assets/SPUM/Resources/Addons/Legacy/0_Unit/0_Sprite/3_Pant/Foot_4.png
  artifactKey: Guid(e17d600fcd74948bd8547a87f8f5839a) Importer(815301076,1909f56bfc062723c751e8b465ee728b)
Start importing Assets/SPUM/Resources/Addons/Legacy/0_Unit/0_Sprite/3_Pant/Foot_4.png using Guid(e17d600fcd74948bd8547a87f8f5839a) Importer(815301076,1909f56bfc062723c751e8b465ee728b) [PhysX] Initialized MultithreadedTaskDispatcher with 12 workers.
[PhysX] Initialized MultithreadedTaskDispatcher with 12 workers.
 -> (artifact id: 'b0b4be2996e393ecb16e406275e4b550') in 0.024096 seconds
Number of updated asset objects reloaded before import = 0
Number of asset objects unloaded after import = 4
========================================================================
Received Import Request.
  Time since last request: 1.666699 seconds.
  path: Assets/FantasyIconsPackFree/ItemBackgrounds/Red.png
  artifactKey: Guid(f51787da7231e434c9f318683e9d5011) Importer(815301076,1909f56bfc062723c751e8b465ee728b)
Start importing Assets/FantasyIconsPackFree/ItemBackgrounds/Red.png using Guid(f51787da7231e434c9f318683e9d5011) Importer(815301076,1909f56bfc062723c751e8b465ee728b) [PhysX] Initialized MultithreadedTaskDispatcher with 12 workers.
[PhysX] Initialized MultithreadedTaskDispatcher with 12 workers.
 -> (artifact id: 'f610afa0a8276cb89ed1a5f3dcf9e0ab') in 0.018027 seconds
Number of updated asset objects reloaded before import = 0
Number of asset objects unloaded after import = 3
========================================================================
Received Import Request.
  Time since last request: 0.004169 seconds.
  path: Assets/SPUM/Basic_Resources/UI/Icons/Refresh.png
  artifactKey: Guid(16a091c7f8ad05b4da2be8ff9b929650) Importer(815301076,1909f56bfc062723c751e8b465ee728b)
Start importing Assets/SPUM/Basic_Resources/UI/Icons/Refresh.png using Guid(16a091c7f8ad05b4da2be8ff9b929650) Importer(815301076,1909f56bfc062723c751e8b465ee728b) [PhysX] Initialized MultithreadedTaskDispatcher with 12 workers.
[PhysX] Initialized MultithreadedTaskDispatcher with 12 workers.
 -> (artifact id: '6d192e9872b19a596fe2f8fd280d44fd') in 0.018394 seconds
Number of updated asset objects reloaded before import = 0
Number of asset objects unloaded after import = 3
========================================================================
Received Import Request.
  Time since last request: 0.028345 seconds.
  path: Assets/SPUM/Retro UI Set/1_UI_Images/Theme1/01_UI_Images/05_ResultScreen/Level_Guage1.png
  artifactKey: Guid(d2b1c331c89154c1f963484a0d363ffa) Importer(815301076,1909f56bfc062723c751e8b465ee728b)
Start importing Assets/SPUM/Retro UI Set/1_UI_Images/Theme1/01_UI_Images/05_ResultScreen/Level_Guage1.png using Guid(d2b1c331c89154c1f963484a0d363ffa) Importer(815301076,1909f56bfc062723c751e8b465ee728b) [PhysX] Initialized MultithreadedTaskDispatcher with 12 workers.
[PhysX] Initialized MultithreadedTaskDispatcher with 12 workers.
 -> (artifact id: '2dc7071cab27ee78343472ddcd1c200e') in 0.013910 seconds
Number of updated asset objects reloaded before import = 0
Number of asset objects unloaded after import = 3
========================================================================
Received Import Request.
  Time since last request: 0.002813 seconds.
  path: Assets/FanyasyStatusIcons/Light.png
  artifactKey: Guid(e5b51ba7873f8e549b768426dfb067cb) Importer(815301076,1909f56bfc062723c751e8b465ee728b)
Start importing Assets/FanyasyStatusIcons/Light.png using Guid(e5b51ba7873f8e549b768426dfb067cb) Importer(815301076,1909f56bfc062723c751e8b465ee728b) [PhysX] Initialized MultithreadedTaskDispatcher with 12 workers.
[PhysX] Initialized MultithreadedTaskDispatcher with 12 workers.
 -> (artifact id: '7ca7419e8c750512fe4a6cd76b1a9f8d') in 0.019012 seconds
Number of updated asset objects reloaded before import = 0
Number of asset objects unloaded after import = 3
========================================================================
Received Import Request.
  Time since last request: 0.002374 seconds.
  path: Assets/FantasyIconsPackFree/Icons/MeleeWeapon2H/LongHammer.png
  artifactKey: Guid(74b95f8fcc76fcc4cb42a25e8d3cdbe0) Importer(815301076,1909f56bfc062723c751e8b465ee728b)
Start importing Assets/FantasyIconsPackFree/Icons/MeleeWeapon2H/LongHammer.png using Guid(74b95f8fcc76fcc4cb42a25e8d3cdbe0) Importer(815301076,1909f56bfc062723c751e8b465ee728b) [PhysX] Initialized MultithreadedTaskDispatcher with 12 workers.
[PhysX] Initialized MultithreadedTaskDispatcher with 12 workers.
 -> (artifact id: 'f1400b0af26f1c809b7d9078497ad883') in 0.015482 seconds
Number of updated asset objects reloaded before import = 0
Number of asset objects unloaded after import = 3
========================================================================
Received Import Request.
  Time since last request: 0.006521 seconds.
  path: Assets/FantasyIconsPackFree/Icons/Other/Ring/MagicSilverRing.png
  artifactKey: Guid(8bcb07d9c2c4c484caf61c33f48e3dd8) Importer(815301076,1909f56bfc062723c751e8b465ee728b)
Start importing Assets/FantasyIconsPackFree/Icons/Other/Ring/MagicSilverRing.png using Guid(8bcb07d9c2c4c484caf61c33f48e3dd8) Importer(815301076,1909f56bfc062723c751e8b465ee728b) [PhysX] Initialized MultithreadedTaskDispatcher with 12 workers.
[PhysX] Initialized MultithreadedTaskDispatcher with 12 workers.
 -> (artifact id: '76fb5f20c90579f68a797fd65ca9da62') in 0.022577 seconds
Number of updated asset objects reloaded before import = 0
Number of asset objects unloaded after import = 3
========================================================================
Received Import Request.
  Time since last request: 0.000865 seconds.
  path: Assets/GoldenSkullStudios/2D/2D_Iso_Tile_Pack_Starter/Sprites/Overlay/ISO_Overlay_Path_End_02.png
  artifactKey: Guid(6bda9484823acea41a1b479642322a86) Importer(815301076,1909f56bfc062723c751e8b465ee728b)
Start importing Assets/GoldenSkullStudios/2D/2D_Iso_Tile_Pack_Starter/Sprites/Overlay/ISO_Overlay_Path_End_02.png using Guid(6bda9484823acea41a1b479642322a86) Importer(815301076,1909f56bfc062723c751e8b465ee728b) [PhysX] Initialized MultithreadedTaskDispatcher with 12 workers.
[PhysX] Initialized MultithreadedTaskDispatcher with 12 workers.
 -> (artifact id: '84ede92f433698c523e8bfe806c1ae39') in 0.016616 seconds
Number of updated asset objects reloaded before import = 0
Number of asset objects unloaded after import = 3
========================================================================
Received Import Request.
  Time since last request: 0.000016 seconds.
  path: Assets/GoldenSkullStudios/2D/2D_Iso_Tile_Pack_Starter/Sprites/Overlay/ISO_Overlay_Shore_Straight_LU.png
  artifactKey: Guid(202bdd2d9a2b4b64a871f63421fb7fcb) Importer(815301076,1909f56bfc062723c751e8b465ee728b)
Start importing Assets/GoldenSkullStudios/2D/2D_Iso_Tile_Pack_Starter/Sprites/Overlay/ISO_Overlay_Shore_Straight_LU.png using Guid(202bdd2d9a2b4b64a871f63421fb7fcb) Importer(815301076,1909f56bfc062723c751e8b465ee728b) [PhysX] Initialized MultithreadedTaskDispatcher with 12 workers.
[PhysX] Initialized MultithreadedTaskDispatcher with 12 workers.
 -> (artifact id: '2599897d752972e2aa64c6fa6460402a') in 0.015900 seconds
Number of updated asset objects reloaded before import = 0
Number of asset objects unloaded after import = 3
========================================================================
Received Import Request.
  Time since last request: 0.000016 seconds.
  path: Assets/GoldenSkullStudios/2D/2D_Iso_Tile_Pack_Starter/Sprites/Overlay/ISO_Overlay_StonePieces_02_Half_H_01.png
  artifactKey: Guid(05c645c8f4cf019489890b173b980328) Importer(815301076,1909f56bfc062723c751e8b465ee728b)
Start importing Assets/GoldenSkullStudios/2D/2D_Iso_Tile_Pack_Starter/Sprites/Overlay/ISO_Overlay_StonePieces_02_Half_H_01.png using Guid(05c645c8f4cf019489890b173b980328) Importer(815301076,1909f56bfc062723c751e8b465ee728b) [PhysX] Initialized MultithreadedTaskDispatcher with 12 workers.
[PhysX] Initialized MultithreadedTaskDispatcher with 12 workers.
 -> (artifact id: '4822d9e4d9fbfd7354552006185bbe0e') in 0.018182 seconds
Number of updated asset objects reloaded before import = 0
Number of asset objects unloaded after import = 3
========================================================================
Received Import Request.
  Time since last request: 0.000024 seconds.
  path: Assets/GoldenSkullStudios/2D/2D_Iso_Tile_Pack_Starter/Sprites/Overlay/ISO_Overlay_StonePieces_02.png
  artifactKey: Guid(45b40bd7a0770fe4a988708dd77e61e3) Importer(815301076,1909f56bfc062723c751e8b465ee728b)
Start importing Assets/GoldenSkullStudios/2D/2D_Iso_Tile_Pack_Starter/Sprites/Overlay/ISO_Overlay_StonePieces_02.png using Guid(45b40bd7a0770fe4a988708dd77e61e3) Importer(815301076,1909f56bfc062723c751e8b465ee728b) [PhysX] Initialized MultithreadedTaskDispatcher with 12 workers.
[PhysX] Initialized MultithreadedTaskDispatcher with 12 workers.
 -> (artifact id: 'b533d1dce4fcb1f0583829378a7c83f4') in 0.018081 seconds
Number of updated asset objects reloaded before import = 0
Number of asset objects unloaded after import = 3
========================================================================
Received Import Request.
  Time since last request: 0.000016 seconds.
  path: Assets/GoldenSkullStudios/2D/2D_Iso_Tile_Pack_Starter/Sprites/Overlay/ISO_Overlay_Shore_Straight_RD.png
  artifactKey: Guid(4252029de9db04d4199f6e3defe30553) Importer(815301076,1909f56bfc062723c751e8b465ee728b)
Start importing Assets/GoldenSkullStudios/2D/2D_Iso_Tile_Pack_Starter/Sprites/Overlay/ISO_Overlay_Shore_Straight_RD.png using Guid(4252029de9db04d4199f6e3defe30553) Importer(815301076,1909f56bfc062723c751e8b465ee728b) [PhysX] Initialized MultithreadedTaskDispatcher with 12 workers.
[PhysX] Initialized MultithreadedTaskDispatcher with 12 workers.
 -> (artifact id: '8a1561b20675b77536325c3735192147') in 0.018257 seconds
Number of updated asset objects reloaded before import = 0
Number of asset objects unloaded after import = 3
========================================================================
Received Import Request.
  Time since last request: 0.000020 seconds.
  path: Assets/GoldenSkullStudios/2D/2D_Iso_Tile_Pack_Starter/Autotiles/Stairs_Simple/Sprites/ISO_Prop_Stair_Stone_02.png
  artifactKey: Guid(0f1b8ab85a24b90408802bb9d5240da0) Importer(815301076,1909f56bfc062723c751e8b465ee728b)
Start importing Assets/GoldenSkullStudios/2D/2D_Iso_Tile_Pack_Starter/Autotiles/Stairs_Simple/Sprites/ISO_Prop_Stair_Stone_02.png using Guid(0f1b8ab85a24b90408802bb9d5240da0) Importer(815301076,1909f56bfc062723c751e8b465ee728b) [PhysX] Initialized MultithreadedTaskDispatcher with 12 workers.
[PhysX] Initialized MultithreadedTaskDispatcher with 12 workers.
 -> (artifact id: '8882413c884d7a95c4debe19388ebabd') in 0.017953 seconds
Number of updated asset objects reloaded before import = 0
Number of asset objects unloaded after import = 3
========================================================================
Received Import Request.
  Time since last request: 0.000015 seconds.
  path: Assets/GoldenSkullStudios/2D/2D_Iso_Tile_Pack_Starter/Sprites/Overlay/ISO_Overlay_StonePieces_02_Half_V_01.png
  artifactKey: Guid(74b09da65e1639b4a9185bf4fb91cd50) Importer(815301076,1909f56bfc062723c751e8b465ee728b)
Start importing Assets/GoldenSkullStudios/2D/2D_Iso_Tile_Pack_Starter/Sprites/Overlay/ISO_Overlay_StonePieces_02_Half_V_01.png using Guid(74b09da65e1639b4a9185bf4fb91cd50) Importer(815301076,1909f56bfc062723c751e8b465ee728b) [PhysX] Initialized MultithreadedTaskDispatcher with 12 workers.
[PhysX] Initialized MultithreadedTaskDispatcher with 12 workers.
 -> (artifact id: 'cd61ec6436f8b25428c108c065396265') in 0.017311 seconds
Number of updated asset objects reloaded before import = 0
Number of asset objects unloaded after import = 3
========================================================================
Received Import Request.
  Time since last request: 0.000019 seconds.
  path: Assets/GoldenSkullStudios/2D/2D_Iso_Tile_Pack_Starter/Autotiles/Stairs_Simple/Sprites/ISO_Prop_Stair_Stone_03.png
  artifactKey: Guid(46d71b80a30deae43ac7d44d779252d4) Importer(815301076,1909f56bfc062723c751e8b465ee728b)
Start importing Assets/GoldenSkullStudios/2D/2D_Iso_Tile_Pack_Starter/Autotiles/Stairs_Simple/Sprites/ISO_Prop_Stair_Stone_03.png using Guid(46d71b80a30deae43ac7d44d779252d4) Importer(815301076,1909f56bfc062723c751e8b465ee728b) [PhysX] Initialized MultithreadedTaskDispatcher with 12 workers.
[PhysX] Initialized MultithreadedTaskDispatcher with 12 workers.
 -> (artifact id: 'df26e3bf07c5861fe99178b551935127') in 0.018680 seconds
Number of updated asset objects reloaded before import = 0
Number of asset objects unloaded after import = 3
========================================================================
Received Import Request.
  Time since last request: 0.000022 seconds.
  path: Assets/GoldenSkullStudios/2D/2D_Iso_Tile_Pack_Starter/Sprites/Overlay/ISO_Overlay_StonePieces_01_Half_H_02.png
  artifactKey: Guid(ea4cfaaedf6568847997ff2633225864) Importer(815301076,1909f56bfc062723c751e8b465ee728b)
Start importing Assets/GoldenSkullStudios/2D/2D_Iso_Tile_Pack_Starter/Sprites/Overlay/ISO_Overlay_StonePieces_01_Half_H_02.png using Guid(ea4cfaaedf6568847997ff2633225864) Importer(815301076,1909f56bfc062723c751e8b465ee728b) [PhysX] Initialized MultithreadedTaskDispatcher with 12 workers.
[PhysX] Initialized MultithreadedTaskDispatcher with 12 workers.
 -> (artifact id: '26b01bab5ec9affd512631d053299a06') in 0.018602 seconds
Number of updated asset objects reloaded before import = 0
Number of asset objects unloaded after import = 3
========================================================================
Received Import Request.
  Time since last request: 0.000019 seconds.
  path: Assets/GoldenSkullStudios/2D/2D_Iso_Tile_Pack_Starter/Autotiles/Stairs_Simple/Sprites/ISO_Prop_Stair_Stone_01.png
  artifactKey: Guid(d4072cf930358cc4c90ec4812e18e05d) Importer(815301076,1909f56bfc062723c751e8b465ee728b)
Start importing Assets/GoldenSkullStudios/2D/2D_Iso_Tile_Pack_Starter/Autotiles/Stairs_Simple/Sprites/ISO_Prop_Stair_Stone_01.png using Guid(d4072cf930358cc4c90ec4812e18e05d) Importer(815301076,1909f56bfc062723c751e8b465ee728b) [PhysX] Initialized MultithreadedTaskDispatcher with 12 workers.
[PhysX] Initialized MultithreadedTaskDispatcher with 12 workers.
 -> (artifact id: '15ee4bd7e1efebf92931bb4be45e1168') in 0.019625 seconds
Number of updated asset objects reloaded before import = 0
Number of asset objects unloaded after import = 3
========================================================================
Received Import Request.
  Time since last request: 0.003148 seconds.
  path: Assets/GoldenSkullStudios/2D/2D_Iso_Tile_Pack_Starter/Sprites/Overlay/ISO_Overlay_Grass_Patch__V_01.png
  artifactKey: Guid(68c3b30b9bbac7a4fbfb8162c72e25f0) Importer(815301076,1909f56bfc062723c751e8b465ee728b)
Start importing Assets/GoldenSkullStudios/2D/2D_Iso_Tile_Pack_Starter/Sprites/Overlay/ISO_Overlay_Grass_Patch__V_01.png using Guid(68c3b30b9bbac7a4fbfb8162c72e25f0) Importer(815301076,1909f56bfc062723c751e8b465ee728b) [PhysX] Initialized MultithreadedTaskDispatcher with 12 workers.
[PhysX] Initialized MultithreadedTaskDispatcher with 12 workers.
 -> (artifact id: '90ca6aff3d3fab1aa6348f2266243c0c') in 0.016964 seconds
Number of updated asset objects reloaded before import = 0
Number of asset objects unloaded after import = 3
========================================================================
Received Import Request.
  Time since last request: 0.000019 seconds.
  path: Assets/GoldenSkullStudios/2D/2D_Iso_Tile_Pack_Starter/Sprites/Overlay/ISO_Overlay_Path_Cross3_01.png
  artifactKey: Guid(e36f146cca9c61c46bfa476c624759e5) Importer(815301076,1909f56bfc062723c751e8b465ee728b)
Start importing Assets/GoldenSkullStudios/2D/2D_Iso_Tile_Pack_Starter/Sprites/Overlay/ISO_Overlay_Path_Cross3_01.png using Guid(e36f146cca9c61c46bfa476c624759e5) Importer(815301076,1909f56bfc062723c751e8b465ee728b) [PhysX] Initialized MultithreadedTaskDispatcher with 12 workers.
[PhysX] Initialized MultithreadedTaskDispatcher with 12 workers.
 -> (artifact id: 'd0dad71ec05b7c9a73c815b7a26058b4') in 0.018288 seconds
Number of updated asset objects reloaded before import = 0
Number of asset objects unloaded after import = 3
========================================================================
Received Import Request.
  Time since last request: 0.000015 seconds.
  path: Assets/GoldenSkullStudios/2D/2D_Iso_Tile_Pack_Starter/Sprites/Overlay/ISO_Overlay_Path_Cross3_02.png
  artifactKey: Guid(7802a33db07bcaf43a94c27eb7a7137a) Importer(815301076,1909f56bfc062723c751e8b465ee728b)
Start importing Assets/GoldenSkullStudios/2D/2D_Iso_Tile_Pack_Starter/Sprites/Overlay/ISO_Overlay_Path_Cross3_02.png using Guid(7802a33db07bcaf43a94c27eb7a7137a) Importer(815301076,1909f56bfc062723c751e8b465ee728b) [PhysX] Initialized MultithreadedTaskDispatcher with 12 workers.
[PhysX] Initialized MultithreadedTaskDispatcher with 12 workers.
 -> (artifact id: '9109c201c6424bbcd3bc525e6820dc66') in 0.016785 seconds
Number of updated asset objects reloaded before import = 0
Number of asset objects unloaded after import = 3
========================================================================
Received Import Request.
  Time since last request: 0.000021 seconds.
  path: Assets/GoldenSkullStudios/2D/2D_Iso_Tile_Pack_Starter/Autotiles/Fence/Sprites/ISO_Fence_01_C2W.png
  artifactKey: Guid(51a6fec350de05b4b9b439066295203c) Importer(815301076,1909f56bfc062723c751e8b465ee728b)
Start importing Assets/GoldenSkullStudios/2D/2D_Iso_Tile_Pack_Starter/Autotiles/Fence/Sprites/ISO_Fence_01_C2W.png using Guid(51a6fec350de05b4b9b439066295203c) Importer(815301076,1909f56bfc062723c751e8b465ee728b) [PhysX] Initialized MultithreadedTaskDispatcher with 12 workers.
[PhysX] Initialized MultithreadedTaskDispatcher with 12 workers.
 -> (artifact id: 'e7f6249892e2b1e1e3c5db0ac01d159c') in 0.017231 seconds
Number of updated asset objects reloaded before import = 0
Number of asset objects unloaded after import = 3
========================================================================
Received Import Request.
  Time since last request: 0.000024 seconds.
  path: Assets/GoldenSkullStudios/2D/2D_Iso_Tile_Pack_Starter/Autotiles/Fence/Sprites/ISO_Fence_01_S1L_SE.png
  artifactKey: Guid(88ddd5d20781c7f4eb3e40b20b1ae64d) Importer(815301076,1909f56bfc062723c751e8b465ee728b)
Start importing Assets/GoldenSkullStudios/2D/2D_Iso_Tile_Pack_Starter/Autotiles/Fence/Sprites/ISO_Fence_01_S1L_SE.png using Guid(88ddd5d20781c7f4eb3e40b20b1ae64d) Importer(815301076,1909f56bfc062723c751e8b465ee728b) [PhysX] Initialized MultithreadedTaskDispatcher with 12 workers.
[PhysX] Initialized MultithreadedTaskDispatcher with 12 workers.
 -> (artifact id: '22415166a4aacf920294550bf9d7f74f') in 0.017727 seconds
Number of updated asset objects reloaded before import = 0
Number of asset objects unloaded after import = 3
========================================================================
Received Import Request.
  Time since last request: 0.000019 seconds.
  path: Assets/GoldenSkullStudios/2D/2D_Iso_Tile_Pack_Starter/Sprites/Skin/ISO_Deco_Tooth_01_ 1.png
  artifactKey: Guid(01a167e7ead7d2a49a40d796844bfee2) Importer(815301076,1909f56bfc062723c751e8b465ee728b)
Start importing Assets/GoldenSkullStudios/2D/2D_Iso_Tile_Pack_Starter/Sprites/Skin/ISO_Deco_Tooth_01_ 1.png using Guid(01a167e7ead7d2a49a40d796844bfee2) Importer(815301076,1909f56bfc062723c751e8b465ee728b) [PhysX] Initialized MultithreadedTaskDispatcher with 12 workers.
[PhysX] Initialized MultithreadedTaskDispatcher with 12 workers.
 -> (artifact id: 'f703b2ac96adb094fc38af96df171818') in 0.017771 seconds
Number of updated asset objects reloaded before import = 0
Number of asset objects unloaded after import = 3
========================================================================
Received Import Request.
  Time since last request: 0.000029 seconds.
  path: Assets/GoldenSkullStudios/2D/2D_Iso_Tile_Pack_Starter/Autotiles/Fence/Sprites/ISO_Fence_01_S1L-NE.png
  artifactKey: Guid(6d009edcba48ff2428f2fe699c46a7b7) Importer(815301076,1909f56bfc062723c751e8b465ee728b)
Start importing Assets/GoldenSkullStudios/2D/2D_Iso_Tile_Pack_Starter/Autotiles/Fence/Sprites/ISO_Fence_01_S1L-NE.png using Guid(6d009edcba48ff2428f2fe699c46a7b7) Importer(815301076,1909f56bfc062723c751e8b465ee728b) [PhysX] Initialized MultithreadedTaskDispatcher with 12 workers.
[PhysX] Initialized MultithreadedTaskDispatcher with 12 workers.
 -> (artifact id: '73df7da8936ff35213e1fb4a3e5ac0ba') in 0.017231 seconds
Number of updated asset objects reloaded before import = 0
Number of asset objects unloaded after import = 3
========================================================================
Received Import Request.
  Time since last request: 0.000018 seconds.
  path: Assets/GoldenSkullStudios/2D/2D_Iso_Tile_Pack_Starter/Autotiles/Fence/Sprites/ISO_Fence_01_C4.png
  artifactKey: Guid(be1ddbd6a55241149ba96866bc8a99b3) Importer(815301076,1909f56bfc062723c751e8b465ee728b)
Start importing Assets/GoldenSkullStudios/2D/2D_Iso_Tile_Pack_Starter/Autotiles/Fence/Sprites/ISO_Fence_01_C4.png using Guid(be1ddbd6a55241149ba96866bc8a99b3) Importer(815301076,1909f56bfc062723c751e8b465ee728b) [PhysX] Initialized MultithreadedTaskDispatcher with 12 workers.
[PhysX] Initialized MultithreadedTaskDispatcher with 12 workers.
 -> (artifact id: 'bde4f6ce4f5256f222969d07ec5732b4') in 0.018068 seconds
Number of updated asset objects reloaded before import = 0
Number of asset objects unloaded after import = 3
========================================================================
Received Import Request.
  Time since last request: 0.000014 seconds.
  path: Assets/GoldenSkullStudios/2D/2D_Iso_Tile_Pack_Starter/Autotiles/Fence/Sprites/ISO_Fence_01_C3-NE.png
  artifactKey: Guid(90d58eebedf08564994457c72e8a7f69) Importer(815301076,1909f56bfc062723c751e8b465ee728b)
Start importing Assets/GoldenSkullStudios/2D/2D_Iso_Tile_Pack_Starter/Autotiles/Fence/Sprites/ISO_Fence_01_C3-NE.png using Guid(90d58eebedf08564994457c72e8a7f69) Importer(815301076,1909f56bfc062723c751e8b465ee728b) [PhysX] Initialized MultithreadedTaskDispatcher with 12 workers.
[PhysX] Initialized MultithreadedTaskDispatcher with 12 workers.
 -> (artifact id: '58097db114eacad3b62e36e9d6696801') in 0.017312 seconds
Number of updated asset objects reloaded before import = 0
Number of asset objects unloaded after import = 3
========================================================================
Received Import Request.
  Time since last request: 0.000019 seconds.
  path: Assets/GoldenSkullStudios/2D/2D_Iso_Tile_Pack_Starter/Autotiles/Fence/Sprites/ISO_Fence_01_C2N.png
  artifactKey: Guid(11de8b92c6cbe174182eb1e8792250d5) Importer(815301076,1909f56bfc062723c751e8b465ee728b)
Start importing Assets/GoldenSkullStudios/2D/2D_Iso_Tile_Pack_Starter/Autotiles/Fence/Sprites/ISO_Fence_01_C2N.png using Guid(11de8b92c6cbe174182eb1e8792250d5) Importer(815301076,1909f56bfc062723c751e8b465ee728b) [PhysX] Initialized MultithreadedTaskDispatcher with 12 workers.
[PhysX] Initialized MultithreadedTaskDispatcher with 12 workers.
 -> (artifact id: 'dfd02e668ed4e854e64f55df61258f56') in 0.018559 seconds
Number of updated asset objects reloaded before import = 0
Number of asset objects unloaded after import = 3
========================================================================
Received Import Request.
  Time since last request: 0.000014 seconds.
  path: Assets/GoldenSkullStudios/2D/2D_Iso_Tile_Pack_Starter/Sprites/Skin/ISO_Deco_Tooth_01_Bad_01_.png
  artifactKey: Guid(a75639cffd2a7194dbbe61c574037357) Importer(815301076,1909f56bfc062723c751e8b465ee728b)
Start importing Assets/GoldenSkullStudios/2D/2D_Iso_Tile_Pack_Starter/Sprites/Skin/ISO_Deco_Tooth_01_Bad_01_.png using Guid(a75639cffd2a7194dbbe61c574037357) Importer(815301076,1909f56bfc062723c751e8b465ee728b) [PhysX] Initialized MultithreadedTaskDispatcher with 12 workers.
[PhysX] Initialized MultithreadedTaskDispatcher with 12 workers.
 -> (artifact id: '68bf6cb8ec85b5bac470bf009465e987') in 0.017994 seconds
Number of updated asset objects reloaded before import = 0
Number of asset objects unloaded after import = 3
========================================================================
Received Import Request.
  Time since last request: 0.000020 seconds.
  path: Assets/GoldenSkullStudios/2D/2D_Iso_Tile_Pack_Starter/Autotiles/Fence/Sprites/ISO_Fence_01_S1-NW.png
  artifactKey: Guid(177a01e62a553d24f813e4063fb9f089) Importer(815301076,1909f56bfc062723c751e8b465ee728b)
Start importing Assets/GoldenSkullStudios/2D/2D_Iso_Tile_Pack_Starter/Autotiles/Fence/Sprites/ISO_Fence_01_S1-NW.png using Guid(177a01e62a553d24f813e4063fb9f089) Importer(815301076,1909f56bfc062723c751e8b465ee728b) [PhysX] Initialized MultithreadedTaskDispatcher with 12 workers.
[PhysX] Initialized MultithreadedTaskDispatcher with 12 workers.
 -> (artifact id: '3c9fc44fe72d53324c9cc2ebda3bd783') in 0.016385 seconds
Number of updated asset objects reloaded before import = 0
Number of asset objects unloaded after import = 3
========================================================================
Received Import Request.
  Time since last request: 0.813788 seconds.
  path: Assets/GoldenSkullStudios/2D/2D_Iso_Tile_Pack_Starter/Sprites/Low/ISO_LowTile_Dirt_01.png
  artifactKey: Guid(9d6298f2cc3f78643a2c2a7645effaf0) Importer(815301076,1909f56bfc062723c751e8b465ee728b)
Start importing Assets/GoldenSkullStudios/2D/2D_Iso_Tile_Pack_Starter/Sprites/Low/ISO_LowTile_Dirt_01.png using Guid(9d6298f2cc3f78643a2c2a7645effaf0) Importer(815301076,1909f56bfc062723c751e8b465ee728b) [PhysX] Initialized MultithreadedTaskDispatcher with 12 workers.
[PhysX] Initialized MultithreadedTaskDispatcher with 12 workers.
 -> (artifact id: '13ccd5b009b1d7eca74e25c16bf3152d') in 0.019149 seconds
Number of updated asset objects reloaded before import = 0
Number of asset objects unloaded after import = 3
========================================================================
Received Import Request.
  Time since last request: 0.000029 seconds.
  path: Assets/GoldenSkullStudios/2D/2D_Iso_Tile_Pack_Starter/Sprites/Low/ISO_LowTile_Sand_01.png
  artifactKey: Guid(f6cf977306fdf9843a5a111111ce4d5f) Importer(815301076,1909f56bfc062723c751e8b465ee728b)
Start importing Assets/GoldenSkullStudios/2D/2D_Iso_Tile_Pack_Starter/Sprites/Low/ISO_LowTile_Sand_01.png using Guid(f6cf977306fdf9843a5a111111ce4d5f) Importer(815301076,1909f56bfc062723c751e8b465ee728b) [PhysX] Initialized MultithreadedTaskDispatcher with 12 workers.
[PhysX] Initialized MultithreadedTaskDispatcher with 12 workers.
 -> (artifact id: '7fb0600168a270bb400d80f31b24b5f2') in 0.019969 seconds
Number of updated asset objects reloaded before import = 0
Number of asset objects unloaded after import = 3
========================================================================
Received Import Request.
  Time since last request: 0.000025 seconds.
  path: Assets/GoldenSkullStudios/2D/2D_Iso_Tile_Pack_Starter/Sprites/Overlay/ISO_Overlay_Glow_02.png
  artifactKey: Guid(84c6f0f8006966a4fa3b1b8ed8a8cffb) Importer(815301076,1909f56bfc062723c751e8b465ee728b)
Start importing Assets/GoldenSkullStudios/2D/2D_Iso_Tile_Pack_Starter/Sprites/Overlay/ISO_Overlay_Glow_02.png using Guid(84c6f0f8006966a4fa3b1b8ed8a8cffb) Importer(815301076,1909f56bfc062723c751e8b465ee728b) [PhysX] Initialized MultithreadedTaskDispatcher with 12 workers.
[PhysX] Initialized MultithreadedTaskDispatcher with 12 workers.
 -> (artifact id: '734f6d87a12da6b2cb3642f4312cb876') in 0.020997 seconds
Number of updated asset objects reloaded before import = 0
Number of asset objects unloaded after import = 3
========================================================================
Received Import Request.
  Time since last request: 0.000018 seconds.
  path: Assets/GoldenSkullStudios/2D/2D_Iso_Tile_Pack_Starter/Sprites/Overlay/ISO_Overlay_Grass_Half_V_01.png
  artifactKey: Guid(9caaffbb44d47cf4d81e42ffb704389e) Importer(815301076,1909f56bfc062723c751e8b465ee728b)
Start importing Assets/GoldenSkullStudios/2D/2D_Iso_Tile_Pack_Starter/Sprites/Overlay/ISO_Overlay_Grass_Half_V_01.png using Guid(9caaffbb44d47cf4d81e42ffb704389e) Importer(815301076,1909f56bfc062723c751e8b465ee728b) [PhysX] Initialized MultithreadedTaskDispatcher with 12 workers.
[PhysX] Initialized MultithreadedTaskDispatcher with 12 workers.
 -> (artifact id: 'a5d0d6f80ad93baf71096296d2c55083') in 0.020547 seconds
Number of updated asset objects reloaded before import = 0
Number of asset objects unloaded after import = 3
========================================================================
Received Import Request.
  Time since last request: 0.000021 seconds.
  path: Assets/GoldenSkullStudios/2D/2D_Iso_Tile_Pack_Starter/Sprites/Overlay/ISO_Overlay_Grass_Patch_03_V_01.png
  artifactKey: Guid(b70c6eb7dea2dc34cbdea09d655ac249) Importer(815301076,1909f56bfc062723c751e8b465ee728b)
Start importing Assets/GoldenSkullStudios/2D/2D_Iso_Tile_Pack_Starter/Sprites/Overlay/ISO_Overlay_Grass_Patch_03_V_01.png using Guid(b70c6eb7dea2dc34cbdea09d655ac249) Importer(815301076,1909f56bfc062723c751e8b465ee728b) [PhysX] Initialized MultithreadedTaskDispatcher with 12 workers.
[PhysX] Initialized MultithreadedTaskDispatcher with 12 workers.
 -> (artifact id: '71c96954a61a47af013818c0224d9ed8') in 0.018359 seconds
Number of updated asset objects reloaded before import = 0
Number of asset objects unloaded after import = 3
========================================================================
Received Import Request.
  Time since last request: 0.000030 seconds.
  path: Assets/GoldenSkullStudios/2D/2D_Iso_Tile_Pack_Starter/Sprites/Overlay/ISO_Overlay_Grass_Patch_03_H_02.png
  artifactKey: Guid(03714e6aaa131ca4f83cdccfdf4222f3) Importer(815301076,1909f56bfc062723c751e8b465ee728b)
Start importing Assets/GoldenSkullStudios/2D/2D_Iso_Tile_Pack_Starter/Sprites/Overlay/ISO_Overlay_Grass_Patch_03_H_02.png using Guid(03714e6aaa131ca4f83cdccfdf4222f3) Importer(815301076,1909f56bfc062723c751e8b465ee728b) [PhysX] Initialized MultithreadedTaskDispatcher with 12 workers.
[PhysX] Initialized MultithreadedTaskDispatcher with 12 workers.
 -> (artifact id: '4e157807c03c326150b5066d09ce0577') in 0.020376 seconds
Number of updated asset objects reloaded before import = 0
Number of asset objects unloaded after import = 3
========================================================================
Received Import Request.
  Time since last request: 0.000047 seconds.
  path: Assets/GoldenSkullStudios/2D/2D_Iso_Tile_Pack_Starter/Autotiles/Stairs_Simple/Sprites/ISO_Prop_Stair_Stone_08.png
  artifactKey: Guid(fb435c1e87d0c1341b0d3b6ce0aadfca) Importer(815301076,1909f56bfc062723c751e8b465ee728b)
Start importing Assets/GoldenSkullStudios/2D/2D_Iso_Tile_Pack_Starter/Autotiles/Stairs_Simple/Sprites/ISO_Prop_Stair_Stone_08.png using Guid(fb435c1e87d0c1341b0d3b6ce0aadfca) Importer(815301076,1909f56bfc062723c751e8b465ee728b) [PhysX] Initialized MultithreadedTaskDispatcher with 12 workers.
[PhysX] Initialized MultithreadedTaskDispatcher with 12 workers.
 -> (artifact id: 'bbb2fc9198b6ee9727d1e0a721c12f9b') in 0.020166 seconds
Number of updated asset objects reloaded before import = 0
Number of asset objects unloaded after import = 3
========================================================================
Received Import Request.
  Time since last request: 0.000024 seconds.
  path: Assets/GoldenSkullStudios/2D/2D_Iso_Tile_Pack_Starter/Autotiles/Stairs_Simple/Sprites/ISO_Prop_Stair_Stone_10.png
  artifactKey: Guid(73a81d9d4cf6d484688331816840d2ce) Importer(815301076,1909f56bfc062723c751e8b465ee728b)
Start importing Assets/GoldenSkullStudios/2D/2D_Iso_Tile_Pack_Starter/Autotiles/Stairs_Simple/Sprites/ISO_Prop_Stair_Stone_10.png using Guid(73a81d9d4cf6d484688331816840d2ce) Importer(815301076,1909f56bfc062723c751e8b465ee728b) [PhysX] Initialized MultithreadedTaskDispatcher with 12 workers.
[PhysX] Initialized MultithreadedTaskDispatcher with 12 workers.
 -> (artifact id: '8772ac1354d07077b661ec9e744464ff') in 0.021349 seconds
Number of updated asset objects reloaded before import = 0
Number of asset objects unloaded after import = 3
========================================================================
Received Import Request.
  Time since last request: 0.000027 seconds.
  path: Assets/GoldenSkullStudios/2D/2D_Iso_Tile_Pack_Starter/Autotiles/Stairs_Simple/Sprites/ISO_Prop_Stair_Stone_12.png
  artifactKey: Guid(dee0490310fc19947af67d766cf51503) Importer(815301076,1909f56bfc062723c751e8b465ee728b)
Start importing Assets/GoldenSkullStudios/2D/2D_Iso_Tile_Pack_Starter/Autotiles/Stairs_Simple/Sprites/ISO_Prop_Stair_Stone_12.png using Guid(dee0490310fc19947af67d766cf51503) Importer(815301076,1909f56bfc062723c751e8b465ee728b) [PhysX] Initialized MultithreadedTaskDispatcher with 12 workers.
[PhysX] Initialized MultithreadedTaskDispatcher with 12 workers.
 -> (artifact id: '656ae290bd3f758352cbfb0326542048') in 0.019810 seconds
Number of updated asset objects reloaded before import = 0
Number of asset objects unloaded after import = 3
========================================================================
Received Import Request.
  Time since last request: 0.000032 seconds.
  path: Assets/GoldenSkullStudios/2D/2D_Iso_Tile_Pack_Starter/Autotiles/Roof_Hay_Simple/Sprites/ISO_Roof_Hay_01_S1_SE.png
  artifactKey: Guid(51edc229e08caff44adb40fc750b180b) Importer(815301076,1909f56bfc062723c751e8b465ee728b)
Start importing Assets/GoldenSkullStudios/2D/2D_Iso_Tile_Pack_Starter/Autotiles/Roof_Hay_Simple/Sprites/ISO_Roof_Hay_01_S1_SE.png using Guid(51edc229e08caff44adb40fc750b180b) Importer(815301076,1909f56bfc062723c751e8b465ee728b) [PhysX] Initialized MultithreadedTaskDispatcher with 12 workers.
[PhysX] Initialized MultithreadedTaskDispatcher with 12 workers.
 -> (artifact id: 'a39332be33b9b76d976c19cd6b75c279') in 0.021284 seconds
Number of updated asset objects reloaded before import = 0
Number of asset objects unloaded after import = 3
========================================================================
Received Import Request.
  Time since last request: 0.000034 seconds.
  path: Assets/GoldenSkullStudios/2D/2D_Iso_Tile_Pack_Starter/Autotiles/Roof_Hay_Simple/Sprites/ISO_Roof_Hay_01_C2_W.png
  artifactKey: Guid(a2cc0f705d138d147b768560680fbec7) Importer(815301076,1909f56bfc062723c751e8b465ee728b)
Start importing Assets/GoldenSkullStudios/2D/2D_Iso_Tile_Pack_Starter/Autotiles/Roof_Hay_Simple/Sprites/ISO_Roof_Hay_01_C2_W.png using Guid(a2cc0f705d138d147b768560680fbec7) Importer(815301076,1909f56bfc062723c751e8b465ee728b) [PhysX] Initialized MultithreadedTaskDispatcher with 12 workers.
[PhysX] Initialized MultithreadedTaskDispatcher with 12 workers.
 -> (artifact id: '1c73bad1fa0a999d00cd7b263090ccd2') in 0.021510 seconds
Number of updated asset objects reloaded before import = 0
Number of asset objects unloaded after import = 3
========================================================================
Received Import Request.
  Time since last request: 0.000027 seconds.
  path: Assets/GoldenSkullStudios/2D/2D_Iso_Tile_Pack_Starter/Autotiles/Roof_Hay_Simple/Sprites/ISO_Roof_Hay_01_C3_SE.png
  artifactKey: Guid(87ce4a0bccb2f1c48816115430cfd1ad) Importer(815301076,1909f56bfc062723c751e8b465ee728b)
Start importing Assets/GoldenSkullStudios/2D/2D_Iso_Tile_Pack_Starter/Autotiles/Roof_Hay_Simple/Sprites/ISO_Roof_Hay_01_C3_SE.png using Guid(87ce4a0bccb2f1c48816115430cfd1ad) Importer(815301076,1909f56bfc062723c751e8b465ee728b) [PhysX] Initialized MultithreadedTaskDispatcher with 12 workers.
[PhysX] Initialized MultithreadedTaskDispatcher with 12 workers.
 -> (artifact id: '95c4c982f3a0ca72b26e7f6fd59a054e') in 0.030577 seconds
Number of updated asset objects reloaded before import = 0
Number of asset objects unloaded after import = 3
========================================================================
Received Import Request.
  Time since last request: 0.000021 seconds.
  path: Assets/GoldenSkullStudios/2D/2D_Iso_Tile_Pack_Starter/Autotiles/Roof_Hay_Simple/Sprites/ISO_Roof_Hay_01_T_C2_SW-NW.png
  artifactKey: Guid(03a5663e875b88e4caaf4c3f61600a85) Importer(815301076,1909f56bfc062723c751e8b465ee728b)
Start importing Assets/GoldenSkullStudios/2D/2D_Iso_Tile_Pack_Starter/Autotiles/Roof_Hay_Simple/Sprites/ISO_Roof_Hay_01_T_C2_SW-NW.png using Guid(03a5663e875b88e4caaf4c3f61600a85) Importer(815301076,1909f56bfc062723c751e8b465ee728b) [PhysX] Initialized MultithreadedTaskDispatcher with 12 workers.
[PhysX] Initialized MultithreadedTaskDispatcher with 12 workers.
 -> (artifact id: '9b05cfdffe5563388f4d7a51a43ef31c') in 0.023442 seconds
Number of updated asset objects reloaded before import = 0
Number of asset objects unloaded after import = 3
========================================================================
Received Import Request.
  Time since last request: 0.000024 seconds.
  path: Assets/GoldenSkullStudios/2D/2D_Iso_Tile_Pack_Starter/Sprites/Brick/ISO_Tile_Brick_SandStone_01.png
  artifactKey: Guid(48bdf5dbe052507438163310dfb7020f) Importer(815301076,1909f56bfc062723c751e8b465ee728b)
Start importing Assets/GoldenSkullStudios/2D/2D_Iso_Tile_Pack_Starter/Sprites/Brick/ISO_Tile_Brick_SandStone_01.png using Guid(48bdf5dbe052507438163310dfb7020f) Importer(815301076,1909f56bfc062723c751e8b465ee728b) [PhysX] Initialized MultithreadedTaskDispatcher with 12 workers.
[PhysX] Initialized MultithreadedTaskDispatcher with 12 workers.
 -> (artifact id: 'e1dfe9d90081d3b1e897791d0d11f1d8') in 0.020383 seconds
Number of updated asset objects reloaded before import = 0
Number of asset objects unloaded after import = 3
========================================================================
Received Import Request.
  Time since last request: 0.000023 seconds.
  path: Assets/GoldenSkullStudios/2D/2D_Iso_Tile_Pack_Starter/Autotiles/Roof_Hay_Simple/Sprites/ISO_Roof_Hay_01_T_M.png
  artifactKey: Guid(0ec424f5f3c87b245b5ea69dd9e40c26) Importer(815301076,1909f56bfc062723c751e8b465ee728b)
Start importing Assets/GoldenSkullStudios/2D/2D_Iso_Tile_Pack_Starter/Autotiles/Roof_Hay_Simple/Sprites/ISO_Roof_Hay_01_T_M.png using Guid(0ec424f5f3c87b245b5ea69dd9e40c26) Importer(815301076,1909f56bfc062723c751e8b465ee728b) [PhysX] Initialized MultithreadedTaskDispatcher with 12 workers.
[PhysX] Initialized MultithreadedTaskDispatcher with 12 workers.
 -> (artifact id: 'b5d86460cc3225296883d8b5814ca046') in 0.017788 seconds
Number of updated asset objects reloaded before import = 0
Number of asset objects unloaded after import = 3
========================================================================
Received Import Request.
  Time since last request: 0.000046 seconds.
  path: Assets/GoldenSkullStudios/2D/2D_Iso_Tile_Pack_Starter/Autotiles/Path/Sprites/ISO_Tile_Dirt_01_GrassPath_3Cross_04.png
  artifactKey: Guid(f9cd6857dc77920479e5554e295b406e) Importer(815301076,1909f56bfc062723c751e8b465ee728b)
Start importing Assets/GoldenSkullStudios/2D/2D_Iso_Tile_Pack_Starter/Autotiles/Path/Sprites/ISO_Tile_Dirt_01_GrassPath_3Cross_04.png using Guid(f9cd6857dc77920479e5554e295b406e) Importer(815301076,1909f56bfc062723c751e8b465ee728b) [PhysX] Initialized MultithreadedTaskDispatcher with 12 workers.
[PhysX] Initialized MultithreadedTaskDispatcher with 12 workers.
 -> (artifact id: '81c5a133be025257169842df37ed2c20') in 0.018761 seconds
Number of updated asset objects reloaded before import = 0
Number of asset objects unloaded after import = 3
========================================================================
Received Import Request.
  Time since last request: 0.000030 seconds.
  path: Assets/GoldenSkullStudios/2D/2D_Iso_Tile_Pack_Starter/Autotiles/Path/Sprites/ISO_Tile_Dirt_01_GrassPath_End_02.png
  artifactKey: Guid(154cf741d9069c549b326d280d5a3573) Importer(815301076,1909f56bfc062723c751e8b465ee728b)
Start importing Assets/GoldenSkullStudios/2D/2D_Iso_Tile_Pack_Starter/Autotiles/Path/Sprites/ISO_Tile_Dirt_01_GrassPath_End_02.png using Guid(154cf741d9069c549b326d280d5a3573) Importer(815301076,1909f56bfc062723c751e8b465ee728b) [PhysX] Initialized MultithreadedTaskDispatcher with 12 workers.
[PhysX] Initialized MultithreadedTaskDispatcher with 12 workers.
 -> (artifact id: '4445e103e54f70122d08fb6f8f4441ae') in 0.022706 seconds
Number of updated asset objects reloaded before import = 0
Number of asset objects unloaded after import = 3
========================================================================
Received Import Request.
  Time since last request: 0.000022 seconds.
  path: Assets/GoldenSkullStudios/2D/2D_Iso_Tile_Pack_Starter/Sprites/Brick/ISO_Tile_Brick_Stone_02_01.png
  artifactKey: Guid(5beeaad761521af4a93280f706454502) Importer(815301076,1909f56bfc062723c751e8b465ee728b)
Start importing Assets/GoldenSkullStudios/2D/2D_Iso_Tile_Pack_Starter/Sprites/Brick/ISO_Tile_Brick_Stone_02_01.png using Guid(5beeaad761521af4a93280f706454502) Importer(815301076,1909f56bfc062723c751e8b465ee728b) [PhysX] Initialized MultithreadedTaskDispatcher with 12 workers.
[PhysX] Initialized MultithreadedTaskDispatcher with 12 workers.
 -> (artifact id: '596a86eb875a830993698a203886667f') in 0.019963 seconds
Number of updated asset objects reloaded before import = 0
Number of asset objects unloaded after import = 3
========================================================================
Received Import Request.
  Time since last request: 0.000033 seconds.
  path: Assets/GoldenSkullStudios/2D/2D_Iso_Tile_Pack_Starter/Autotiles/Roof_Hay_Simple/Sprites/ISO_Roof_Hay_01_T_E1_SE.png
  artifactKey: Guid(da462ec7bf7054b40887892a61052799) Importer(815301076,1909f56bfc062723c751e8b465ee728b)
Start importing Assets/GoldenSkullStudios/2D/2D_Iso_Tile_Pack_Starter/Autotiles/Roof_Hay_Simple/Sprites/ISO_Roof_Hay_01_T_E1_SE.png using Guid(da462ec7bf7054b40887892a61052799) Importer(815301076,1909f56bfc062723c751e8b465ee728b) [PhysX] Initialized MultithreadedTaskDispatcher with 12 workers.
[PhysX] Initialized MultithreadedTaskDispatcher with 12 workers.
 -> (artifact id: '1dd271cc5239fa7b2c6f48aa1efeee4e') in 0.019759 seconds
Number of updated asset objects reloaded before import = 0
Number of asset objects unloaded after import = 3
========================================================================
Received Import Request.
  Time since last request: 0.000024 seconds.
  path: Assets/GoldenSkullStudios/2D/2D_Iso_Tile_Pack_Starter/Autotiles/Path/Sprites/ISO_Tile_Dirt_01_GrassPath_Curve_01.png
  artifactKey: Guid(f19fa1a145c3d644ead1a5e87518ac35) Importer(815301076,1909f56bfc062723c751e8b465ee728b)
Start importing Assets/GoldenSkullStudios/2D/2D_Iso_Tile_Pack_Starter/Autotiles/Path/Sprites/ISO_Tile_Dirt_01_GrassPath_Curve_01.png using Guid(f19fa1a145c3d644ead1a5e87518ac35) Importer(815301076,1909f56bfc062723c751e8b465ee728b) [PhysX] Initialized MultithreadedTaskDispatcher with 12 workers.
[PhysX] Initialized MultithreadedTaskDispatcher with 12 workers.
 -> (artifact id: 'f5aa2c78ef7e60a7a77fb8c8ee12baaf') in 0.019822 seconds
Number of updated asset objects reloaded before import = 0
Number of asset objects unloaded after import = 3
========================================================================
Received Import Request.
  Time since last request: 0.000024 seconds.
  path: Assets/GoldenSkullStudios/2D/2D_Iso_Tile_Pack_Starter/Sprites/Foliage/ISO_Tile_Leafs_01.png
  artifactKey: Guid(56ee814daa0d6904bb43e2531cb70774) Importer(815301076,1909f56bfc062723c751e8b465ee728b)
Start importing Assets/GoldenSkullStudios/2D/2D_Iso_Tile_Pack_Starter/Sprites/Foliage/ISO_Tile_Leafs_01.png using Guid(56ee814daa0d6904bb43e2531cb70774) Importer(815301076,1909f56bfc062723c751e8b465ee728b) [PhysX] Initialized MultithreadedTaskDispatcher with 12 workers.
[PhysX] Initialized MultithreadedTaskDispatcher with 12 workers.
 -> (artifact id: 'deedf73d4bcab67e475aa32979e80331') in 0.019326 seconds
Number of updated asset objects reloaded before import = 0
Number of asset objects unloaded after import = 3
========================================================================
Received Import Request.
  Time since last request: 0.000022 seconds.
  path: Assets/GoldenSkullStudios/2D/2D_Iso_Tile_Pack_Starter/Sprites/Stone/ISO_Tile_Riverbed_03.png
  artifactKey: Guid(9190b035fbe0d804bb633c3f6c9f3ffa) Importer(815301076,1909f56bfc062723c751e8b465ee728b)
Start importing Assets/GoldenSkullStudios/2D/2D_Iso_Tile_Pack_Starter/Sprites/Stone/ISO_Tile_Riverbed_03.png using Guid(9190b035fbe0d804bb633c3f6c9f3ffa) Importer(815301076,1909f56bfc062723c751e8b465ee728b) [PhysX] Initialized MultithreadedTaskDispatcher with 12 workers.
[PhysX] Initialized MultithreadedTaskDispatcher with 12 workers.
 -> (artifact id: '113e0e8c7e1c0550704d1ad4c4a2ded1') in 0.020514 seconds
Number of updated asset objects reloaded before import = 0
Number of asset objects unloaded after import = 3
========================================================================
Received Import Request.
  Time since last request: 0.000022 seconds.
  path: Assets/GoldenSkullStudios/2D/2D_Iso_Tile_Pack_Starter/Sprites/Skin/ISO_Tile_Flesh_01_Var01.png
  artifactKey: Guid(f482e96cafc9ed849aa5b14b59d95b4d) Importer(815301076,1909f56bfc062723c751e8b465ee728b)
Start importing Assets/GoldenSkullStudios/2D/2D_Iso_Tile_Pack_Starter/Sprites/Skin/ISO_Tile_Flesh_01_Var01.png using Guid(f482e96cafc9ed849aa5b14b59d95b4d) Importer(815301076,1909f56bfc062723c751e8b465ee728b) [PhysX] Initialized MultithreadedTaskDispatcher with 12 workers.
[PhysX] Initialized MultithreadedTaskDispatcher with 12 workers.
 -> (artifact id: '55b4f2512d1660761adde6d66ce55960') in 0.021509 seconds
Number of updated asset objects reloaded before import = 0
Number of asset objects unloaded after import = 3
========================================================================
Received Import Request.
  Time since last request: 0.000018 seconds.
  path: Assets/GoldenSkullStudios/2D/2D_Iso_Tile_Pack_Starter/Autotiles/Roof_Hay_Simple/Sprites/ISO_Roof_Hay_01_C1_S.png
  artifactKey: Guid(ed21bbe04ff07b344baa7dd7f458d6d6) Importer(815301076,1909f56bfc062723c751e8b465ee728b)
Start importing Assets/GoldenSkullStudios/2D/2D_Iso_Tile_Pack_Starter/Autotiles/Roof_Hay_Simple/Sprites/ISO_Roof_Hay_01_C1_S.png using Guid(ed21bbe04ff07b344baa7dd7f458d6d6) Importer(815301076,1909f56bfc062723c751e8b465ee728b) [PhysX] Initialized MultithreadedTaskDispatcher with 12 workers.
[PhysX] Initialized MultithreadedTaskDispatcher with 12 workers.
 -> (artifact id: 'e7513b23547f0aed049191d072ebdeb5') in 0.018819 seconds
Number of updated asset objects reloaded before import = 0
Number of asset objects unloaded after import = 3
========================================================================
Received Import Request.
  Time since last request: 0.000020 seconds.
  path: Assets/GoldenSkullStudios/2D/2D_Iso_Tile_Pack_Starter/Autotiles/Stairs_Simple/Sprites/ISO_Prop_Stair_Stone_09 1.png
  artifactKey: Guid(ffe510da2a7a33543a1c647b95661efa) Importer(815301076,1909f56bfc062723c751e8b465ee728b)
Start importing Assets/GoldenSkullStudios/2D/2D_Iso_Tile_Pack_Starter/Autotiles/Stairs_Simple/Sprites/ISO_Prop_Stair_Stone_09 1.png using Guid(ffe510da2a7a33543a1c647b95661efa) Importer(815301076,1909f56bfc062723c751e8b465ee728b) [PhysX] Initialized MultithreadedTaskDispatcher with 12 workers.
[PhysX] Initialized MultithreadedTaskDispatcher with 12 workers.
 -> (artifact id: '73fadad00f12d969c20ba06c1eef608f') in 0.018066 seconds
Number of updated asset objects reloaded before import = 0
Number of asset objects unloaded after import = 3
========================================================================
Received Import Request.
  Time since last request: 0.000017 seconds.
  path: Assets/GoldenSkullStudios/2D/2D_Iso_Tile_Pack_Starter/Sprites/Lava/ISO_Tile_LavaCracks_01 1.png
  artifactKey: Guid(485bab44178e01949bee7c4ebe48bacb) Importer(815301076,1909f56bfc062723c751e8b465ee728b)
Start importing Assets/GoldenSkullStudios/2D/2D_Iso_Tile_Pack_Starter/Sprites/Lava/ISO_Tile_LavaCracks_01 1.png using Guid(485bab44178e01949bee7c4ebe48bacb) Importer(815301076,1909f56bfc062723c751e8b465ee728b) [PhysX] Initialized MultithreadedTaskDispatcher with 12 workers.
[PhysX] Initialized MultithreadedTaskDispatcher with 12 workers.
 -> (artifact id: '8f2a9a8fc4484461161d8b0205c4950d') in 0.019326 seconds
Number of updated asset objects reloaded before import = 0
Number of asset objects unloaded after import = 3
========================================================================
Received Import Request.
  Time since last request: 0.000021 seconds.
  path: Assets/GoldenSkullStudios/2D/2D_Iso_Tile_Pack_Starter/Sprites/Water/Animation_01/Sprites/ISO_Tile_Water_01_Anim_01_F2.png
  artifactKey: Guid(1a603cedd3c448f4881a89937992fcbe) Importer(815301076,1909f56bfc062723c751e8b465ee728b)
Start importing Assets/GoldenSkullStudios/2D/2D_Iso_Tile_Pack_Starter/Sprites/Water/Animation_01/Sprites/ISO_Tile_Water_01_Anim_01_F2.png using Guid(1a603cedd3c448f4881a89937992fcbe) Importer(815301076,1909f56bfc062723c751e8b465ee728b) [PhysX] Initialized MultithreadedTaskDispatcher with 12 workers.
[PhysX] Initialized MultithreadedTaskDispatcher with 12 workers.
 -> (artifact id: 'e230255fdfb77ce6b4b068f58a495220') in 0.018436 seconds
Number of updated asset objects reloaded before import = 0
Number of asset objects unloaded after import = 3
========================================================================
Received Import Request.
  Time since last request: 0.000044 seconds.
  path: Assets/GoldenSkullStudios/2D/2D_Iso_Tile_Pack_Starter/Sprites/Dirt/ISO_Tile_Dirt_02.png
  artifactKey: Guid(73c381840b9e96945986aa9fac9dcaf5) Importer(815301076,1909f56bfc062723c751e8b465ee728b)
Start importing Assets/GoldenSkullStudios/2D/2D_Iso_Tile_Pack_Starter/Sprites/Dirt/ISO_Tile_Dirt_02.png using Guid(73c381840b9e96945986aa9fac9dcaf5) Importer(815301076,1909f56bfc062723c751e8b465ee728b) [PhysX] Initialized MultithreadedTaskDispatcher with 12 workers.
[PhysX] Initialized MultithreadedTaskDispatcher with 12 workers.
 -> (artifact id: 'cf13f5ecd5d630f5f6728f8b1ec04cf5') in 0.019032 seconds
Number of updated asset objects reloaded before import = 0
Number of asset objects unloaded after import = 3
========================================================================
Received Import Request.
  Time since last request: 0.000020 seconds.
  path: Assets/GoldenSkullStudios/2D/2D_Iso_Tile_Pack_Starter/Sprites/Dirt/ISO_Tile_Dirt_02_ToStone_01.png
  artifactKey: Guid(8ba6494715c915547b322c0c281b7b78) Importer(815301076,1909f56bfc062723c751e8b465ee728b)
Start importing Assets/GoldenSkullStudios/2D/2D_Iso_Tile_Pack_Starter/Sprites/Dirt/ISO_Tile_Dirt_02_ToStone_01.png using Guid(8ba6494715c915547b322c0c281b7b78) Importer(815301076,1909f56bfc062723c751e8b465ee728b) [PhysX] Initialized MultithreadedTaskDispatcher with 12 workers.
[PhysX] Initialized MultithreadedTaskDispatcher with 12 workers.
 -> (artifact id: '38633b457b06227195121ea5cd8afa19') in 0.018102 seconds
Number of updated asset objects reloaded before import = 0
Number of asset objects unloaded after import = 3
========================================================================
Received Import Request.
  Time since last request: 0.000017 seconds.
  path: Assets/GoldenSkullStudios/2D/2D_Iso_Tile_Pack_Starter/Autotiles/Roof_Hay_Simple/Sprites/ISO_Roof_Hay_01_T_S2_NW-SE.png
  artifactKey: Guid(82189ea1cee134c4fa306c7f086f15a3) Importer(815301076,1909f56bfc062723c751e8b465ee728b)
Start importing Assets/GoldenSkullStudios/2D/2D_Iso_Tile_Pack_Starter/Autotiles/Roof_Hay_Simple/Sprites/ISO_Roof_Hay_01_T_S2_NW-SE.png using Guid(82189ea1cee134c4fa306c7f086f15a3) Importer(815301076,1909f56bfc062723c751e8b465ee728b) [PhysX] Initialized MultithreadedTaskDispatcher with 12 workers.
[PhysX] Initialized MultithreadedTaskDispatcher with 12 workers.
 -> (artifact id: '8e92527a1f02b7af16f5b7e765a97e28') in 0.018933 seconds
Number of updated asset objects reloaded before import = 0
Number of asset objects unloaded after import = 3
========================================================================
Received Import Request.
  Time since last request: 0.000026 seconds.
  path: Assets/GoldenSkullStudios/2D/2D_Iso_Tile_Pack_Starter/Sprites/Dirt/ISO_Tile_Dirt_01_ToSnow_02.png
  artifactKey: Guid(2047b67e95877e24b9ad5dd4a2b51c8e) Importer(815301076,1909f56bfc062723c751e8b465ee728b)
Start importing Assets/GoldenSkullStudios/2D/2D_Iso_Tile_Pack_Starter/Sprites/Dirt/ISO_Tile_Dirt_01_ToSnow_02.png using Guid(2047b67e95877e24b9ad5dd4a2b51c8e) Importer(815301076,1909f56bfc062723c751e8b465ee728b) [PhysX] Initialized MultithreadedTaskDispatcher with 12 workers.
[PhysX] Initialized MultithreadedTaskDispatcher with 12 workers.
 -> (artifact id: 'cbb2962f674d6714e95798695850f73c') in 0.019671 seconds
Number of updated asset objects reloaded before import = 0
Number of asset objects unloaded after import = 3
========================================================================
Received Import Request.
  Time since last request: 0.000025 seconds.
  path: Assets/GoldenSkullStudios/2D/2D_Iso_Tile_Pack_Starter/Sprites/Stone/ISO_Tile_Stone_01.png
  artifactKey: Guid(8101f733e050ce14d9a68d86770b02ff) Importer(815301076,1909f56bfc062723c751e8b465ee728b)
Start importing Assets/GoldenSkullStudios/2D/2D_Iso_Tile_Pack_Starter/Sprites/Stone/ISO_Tile_Stone_01.png using Guid(8101f733e050ce14d9a68d86770b02ff) Importer(815301076,1909f56bfc062723c751e8b465ee728b) [PhysX] Initialized MultithreadedTaskDispatcher with 12 workers.
[PhysX] Initialized MultithreadedTaskDispatcher with 12 workers.
 -> (artifact id: 'e74fe8bac969c8b144a79645edfc5497') in 0.022714 seconds
Number of updated asset objects reloaded before import = 0
Number of asset objects unloaded after import = 3
========================================================================
Received Import Request.
  Time since last request: 0.000019 seconds.
  path: Assets/GoldenSkullStudios/2D/2D_Iso_Tile_Pack_Starter/Sprites/Lava/ISO_Tile_Lava_02.png
  artifactKey: Guid(eef2814b295b565498b6c5a7d12f33e7) Importer(815301076,1909f56bfc062723c751e8b465ee728b)
Start importing Assets/GoldenSkullStudios/2D/2D_Iso_Tile_Pack_Starter/Sprites/Lava/ISO_Tile_Lava_02.png using Guid(eef2814b295b565498b6c5a7d12f33e7) Importer(815301076,1909f56bfc062723c751e8b465ee728b) [PhysX] Initialized MultithreadedTaskDispatcher with 12 workers.
[PhysX] Initialized MultithreadedTaskDispatcher with 12 workers.
 -> (artifact id: '858b1414169788cb4eb09c4522065721') in 0.021201 seconds
Number of updated asset objects reloaded before import = 0
Number of asset objects unloaded after import = 3
========================================================================
Received Import Request.
  Time since last request: 0.000020 seconds.
  path: Assets/GoldenSkullStudios/2D/2D_Iso_Tile_Pack_Starter/Sprites/Sand/ISO_Tile_Sand_03_ToStone_02.png
  artifactKey: Guid(37b19e8bcfb413c47afc3cea216d1400) Importer(815301076,1909f56bfc062723c751e8b465ee728b)
Start importing Assets/GoldenSkullStudios/2D/2D_Iso_Tile_Pack_Starter/Sprites/Sand/ISO_Tile_Sand_03_ToStone_02.png using Guid(37b19e8bcfb413c47afc3cea216d1400) Importer(815301076,1909f56bfc062723c751e8b465ee728b) [PhysX] Initialized MultithreadedTaskDispatcher with 12 workers.
[PhysX] Initialized MultithreadedTaskDispatcher with 12 workers.
 -> (artifact id: 'b32189bb4696247156bca3d638216390') in 0.020379 seconds
Number of updated asset objects reloaded before import = 0
Number of asset objects unloaded after import = 3
========================================================================
Received Import Request.
  Time since last request: 0.000030 seconds.
  path: Assets/GoldenSkullStudios/2D/2D_Iso_Tile_Pack_Starter/Sprites/Grass/ISO_Tile_Dirt_01_GrassPatch_02.png
  artifactKey: Guid(ef14886e0a930b54ab5a29ec3d7b60b9) Importer(815301076,1909f56bfc062723c751e8b465ee728b)
Start importing Assets/GoldenSkullStudios/2D/2D_Iso_Tile_Pack_Starter/Sprites/Grass/ISO_Tile_Dirt_01_GrassPatch_02.png using Guid(ef14886e0a930b54ab5a29ec3d7b60b9) Importer(815301076,1909f56bfc062723c751e8b465ee728b) [PhysX] Initialized MultithreadedTaskDispatcher with 12 workers.
[PhysX] Initialized MultithreadedTaskDispatcher with 12 workers.
 -> (artifact id: '4d285c6cd368c824c0028682bcc5987d') in 0.022412 seconds
Number of updated asset objects reloaded before import = 0
Number of asset objects unloaded after import = 3
========================================================================
Received Import Request.
  Time since last request: 0.000019 seconds.
  path: Assets/GoldenSkullStudios/2D/2D_Iso_Tile_Pack_Starter/Sprites/Snow/ISO_Tile_Snow_02_ToStone_01.png
  artifactKey: Guid(ee37e4313b2352548944e3335a14212f) Importer(815301076,1909f56bfc062723c751e8b465ee728b)
Start importing Assets/GoldenSkullStudios/2D/2D_Iso_Tile_Pack_Starter/Sprites/Snow/ISO_Tile_Snow_02_ToStone_01.png using Guid(ee37e4313b2352548944e3335a14212f) Importer(815301076,1909f56bfc062723c751e8b465ee728b) [PhysX] Initialized MultithreadedTaskDispatcher with 12 workers.
[PhysX] Initialized MultithreadedTaskDispatcher with 12 workers.
 -> (artifact id: '4e0d227bb873bc1f1cae469d3f8b2aa9') in 0.021580 seconds
Number of updated asset objects reloaded before import = 0
Number of asset objects unloaded after import = 3
========================================================================
Received Import Request.
  Time since last request: 0.000019 seconds.
  path: Assets/GoldenSkullStudios/2D/2D_Iso_Tile_Pack_Starter/Sprites/Grass/ISO_Tile_Dirt_01_GrassPatch_03.png
  artifactKey: Guid(c6731511aa78ff2469895f654ba9957a) Importer(815301076,1909f56bfc062723c751e8b465ee728b)
Start importing Assets/GoldenSkullStudios/2D/2D_Iso_Tile_Pack_Starter/Sprites/Grass/ISO_Tile_Dirt_01_GrassPatch_03.png using Guid(c6731511aa78ff2469895f654ba9957a) Importer(815301076,1909f56bfc062723c751e8b465ee728b) [PhysX] Initialized MultithreadedTaskDispatcher with 12 workers.
[PhysX] Initialized MultithreadedTaskDispatcher with 12 workers.
 -> (artifact id: '4b12e440ed52d181a0243f82c66fd5e2') in 0.019622 seconds
Number of updated asset objects reloaded before import = 0
Number of asset objects unloaded after import = 3
========================================================================
Received Import Request.
  Time since last request: 0.000036 seconds.
  path: Assets/GoldenSkullStudios/2D/2D_Iso_Tile_Pack_Starter/Sprites/Sand/ISO_Tile_Sand_02_ToStone_01.png
  artifactKey: Guid(54c65ae917e8366478791f5328125f2a) Importer(815301076,1909f56bfc062723c751e8b465ee728b)
Start importing Assets/GoldenSkullStudios/2D/2D_Iso_Tile_Pack_Starter/Sprites/Sand/ISO_Tile_Sand_02_ToStone_01.png using Guid(54c65ae917e8366478791f5328125f2a) Importer(815301076,1909f56bfc062723c751e8b465ee728b) [PhysX] Initialized MultithreadedTaskDispatcher with 12 workers.
[PhysX] Initialized MultithreadedTaskDispatcher with 12 workers.
 -> (artifact id: '497769acbd1082954142bd81a8b4000c') in 0.019020 seconds
Number of updated asset objects reloaded before import = 0
Number of asset objects unloaded after import = 3
========================================================================
Received Import Request.
  Time since last request: 0.000024 seconds.
  path: Assets/GoldenSkullStudios/2D/2D_Iso_Tile_Pack_Starter/Sprites/Low/ISO_LowTile_Riverbed_01.png
  artifactKey: Guid(c116e528227f1f841aaada1a74ab4013) Importer(815301076,1909f56bfc062723c751e8b465ee728b)
Start importing Assets/GoldenSkullStudios/2D/2D_Iso_Tile_Pack_Starter/Sprites/Low/ISO_LowTile_Riverbed_01.png using Guid(c116e528227f1f841aaada1a74ab4013) Importer(815301076,1909f56bfc062723c751e8b465ee728b) [PhysX] Initialized MultithreadedTaskDispatcher with 12 workers.
[PhysX] Initialized MultithreadedTaskDispatcher with 12 workers.
 -> (artifact id: 'a076b7884a67b41acb60246484f2c37f') in 0.018298 seconds
Number of updated asset objects reloaded before import = 0
Number of asset objects unloaded after import = 3
========================================================================
Received Import Request.
  Time since last request: 0.000014 seconds.
  path: Assets/GoldenSkullStudios/2D/2D_Iso_Tile_Pack_Starter/Autotiles/Path/Sprites/ISO_Tile_Dirt_01_GrassPath_Straight_01.png
  artifactKey: Guid(4a0616b303beb3c458acd3efd863e3ab) Importer(815301076,1909f56bfc062723c751e8b465ee728b)
Start importing Assets/GoldenSkullStudios/2D/2D_Iso_Tile_Pack_Starter/Autotiles/Path/Sprites/ISO_Tile_Dirt_01_GrassPath_Straight_01.png using Guid(4a0616b303beb3c458acd3efd863e3ab) Importer(815301076,1909f56bfc062723c751e8b465ee728b) [PhysX] Initialized MultithreadedTaskDispatcher with 12 workers.
[PhysX] Initialized MultithreadedTaskDispatcher with 12 workers.
 -> (artifact id: 'bc4485749e3bde8c070abb0f7ac55e38') in 0.017471 seconds
Number of updated asset objects reloaded before import = 0
Number of asset objects unloaded after import = 3
========================================================================
Received Import Request.
  Time since last request: 0.000025 seconds.
  path: Assets/GoldenSkullStudios/2D/2D_Iso_Tile_Pack_Starter/Sprites/Skin/ISO_Tile_Skin_01.png
  artifactKey: Guid(651e5968af3eb454292cedc673b76b38) Importer(815301076,1909f56bfc062723c751e8b465ee728b)
Start importing Assets/GoldenSkullStudios/2D/2D_Iso_Tile_Pack_Starter/Sprites/Skin/ISO_Tile_Skin_01.png using Guid(651e5968af3eb454292cedc673b76b38) Importer(815301076,1909f56bfc062723c751e8b465ee728b) [PhysX] Initialized MultithreadedTaskDispatcher with 12 workers.
[PhysX] Initialized MultithreadedTaskDispatcher with 12 workers.
 -> (artifact id: 'ba9b5ccd028b242e492dabf2a12574a0') in 0.019708 seconds
Number of updated asset objects reloaded before import = 0
Number of asset objects unloaded after import = 3
========================================================================
Received Import Request.
  Time since last request: 0.000016 seconds.
  path: Assets/GoldenSkullStudios/2D/2D_Iso_Tile_Pack_Starter/Sprites/Water/Animation_01/Sprites/ISO_Tile_Water_01_Anim_01_F3.png
  artifactKey: Guid(4edfd036899f8144193a14742dfc2cd2) Importer(815301076,1909f56bfc062723c751e8b465ee728b)
Start importing Assets/GoldenSkullStudios/2D/2D_Iso_Tile_Pack_Starter/Sprites/Water/Animation_01/Sprites/ISO_Tile_Water_01_Anim_01_F3.png using Guid(4edfd036899f8144193a14742dfc2cd2) Importer(815301076,1909f56bfc062723c751e8b465ee728b) [PhysX] Initialized MultithreadedTaskDispatcher with 12 workers.
[PhysX] Initialized MultithreadedTaskDispatcher with 12 workers.
 -> (artifact id: 'f9fce126a0fa1d40426d93f891ee7cc6') in 0.023113 seconds
Number of updated asset objects reloaded before import = 0
Number of asset objects unloaded after import = 3
========================================================================
Received Import Request.
  Time since last request: 0.000029 seconds.
  path: Assets/GoldenSkullStudios/2D/2D_Iso_Tile_Pack_Starter/Sprites/Stone/ISO_Tile_Stone_03.png
  artifactKey: Guid(7b90af6ca594e3244b9ef0bd0f20603a) Importer(815301076,1909f56bfc062723c751e8b465ee728b)
Start importing Assets/GoldenSkullStudios/2D/2D_Iso_Tile_Pack_Starter/Sprites/Stone/ISO_Tile_Stone_03.png using Guid(7b90af6ca594e3244b9ef0bd0f20603a) Importer(815301076,1909f56bfc062723c751e8b465ee728b) [PhysX] Initialized MultithreadedTaskDispatcher with 12 workers.
[PhysX] Initialized MultithreadedTaskDispatcher with 12 workers.
 -> (artifact id: '7789c3f1b49d601e7658f83fa42311a1') in 0.018718 seconds
Number of updated asset objects reloaded before import = 0
Number of asset objects unloaded after import = 3
========================================================================
Received Import Request.
  Time since last request: 0.000027 seconds.
  path: Assets/GoldenSkullStudios/2D/2D_Iso_Tile_Pack_Starter/Sprites/Sand/ISO_Tile_Sand_01.png
  artifactKey: Guid(2c5a3117d5db1264188c0e85c12e64c7) Importer(815301076,1909f56bfc062723c751e8b465ee728b)
Start importing Assets/GoldenSkullStudios/2D/2D_Iso_Tile_Pack_Starter/Sprites/Sand/ISO_Tile_Sand_01.png using Guid(2c5a3117d5db1264188c0e85c12e64c7) Importer(815301076,1909f56bfc062723c751e8b465ee728b) [PhysX] Initialized MultithreadedTaskDispatcher with 12 workers.
[PhysX] Initialized MultithreadedTaskDispatcher with 12 workers.
 -> (artifact id: 'cb7810fb333b0b5ec6a74380f476dbce') in 0.018472 seconds
Number of updated asset objects reloaded before import = 0
Number of asset objects unloaded after import = 3
========================================================================
Received Import Request.
  Time since last request: 0.000015 seconds.
  path: Assets/GoldenSkullStudios/2D/2D_Iso_Tile_Pack_Starter/Sprites/Dirt/ISO_Tile_Dirt_01_ToStone_02.png
  artifactKey: Guid(cdd25e8ee4271f047b3ecb7bdcd1df9b) Importer(815301076,1909f56bfc062723c751e8b465ee728b)
Start importing Assets/GoldenSkullStudios/2D/2D_Iso_Tile_Pack_Starter/Sprites/Dirt/ISO_Tile_Dirt_01_ToStone_02.png using Guid(cdd25e8ee4271f047b3ecb7bdcd1df9b) Importer(815301076,1909f56bfc062723c751e8b465ee728b) [PhysX] Initialized MultithreadedTaskDispatcher with 12 workers.
[PhysX] Initialized MultithreadedTaskDispatcher with 12 workers.
 -> (artifact id: '26b91918327fb9ab7e8f93bb1ea8dd56') in 0.021743 seconds
Number of updated asset objects reloaded before import = 0
Number of asset objects unloaded after import = 3
========================================================================
Received Import Request.
  Time since last request: 0.000016 seconds.
  path: Assets/GoldenSkullStudios/2D/2D_Iso_Tile_Pack_Starter/Sprites/Low/ISO_LowTile_Stone_03.png
  artifactKey: Guid(9e19b743955d8b74199963a542ab000e) Importer(815301076,1909f56bfc062723c751e8b465ee728b)
Start importing Assets/GoldenSkullStudios/2D/2D_Iso_Tile_Pack_Starter/Sprites/Low/ISO_LowTile_Stone_03.png using Guid(9e19b743955d8b74199963a542ab000e) Importer(815301076,1909f56bfc062723c751e8b465ee728b) [PhysX] Initialized MultithreadedTaskDispatcher with 12 workers.
[PhysX] Initialized MultithreadedTaskDispatcher with 12 workers.
 -> (artifact id: '87b3c5d6b69e2f9934a7908405eadc95') in 0.016409 seconds
Number of updated asset objects reloaded before import = 0
Number of asset objects unloaded after import = 3
========================================================================
Received Import Request.
  Time since last request: 0.000022 seconds.
  path: Assets/GoldenSkullStudios/2D/2D_Iso_Tile_Pack_Starter/Sprites/Wood/ISO_Tile_Tree_01.png
  artifactKey: Guid(499dedb64d81e5a43a0a75bb85d060c7) Importer(815301076,1909f56bfc062723c751e8b465ee728b)
Start importing Assets/GoldenSkullStudios/2D/2D_Iso_Tile_Pack_Starter/Sprites/Wood/ISO_Tile_Tree_01.png using Guid(499dedb64d81e5a43a0a75bb85d060c7) Importer(815301076,1909f56bfc062723c751e8b465ee728b) [PhysX] Initialized MultithreadedTaskDispatcher with 12 workers.
[PhysX] Initialized MultithreadedTaskDispatcher with 12 workers.
 -> (artifact id: '2bfd076331c417dfa739f7a3a85ee62d') in 0.017046 seconds
Number of updated asset objects reloaded before import = 0
Number of asset objects unloaded after import = 3
========================================================================
Received Import Request.
  Time since last request: 0.000018 seconds.
  path: Assets/GoldenSkullStudios/2D/2D_Iso_Tile_Pack_Starter/Autotiles/Stairs_Simple/Sprites/ISO_Prop_Stair_Stone_05.png
  artifactKey: Guid(f7d5a9e22477e204094f57ce65a461b8) Importer(815301076,1909f56bfc062723c751e8b465ee728b)
Start importing Assets/GoldenSkullStudios/2D/2D_Iso_Tile_Pack_Starter/Autotiles/Stairs_Simple/Sprites/ISO_Prop_Stair_Stone_05.png using Guid(f7d5a9e22477e204094f57ce65a461b8) Importer(815301076,1909f56bfc062723c751e8b465ee728b) [PhysX] Initialized MultithreadedTaskDispatcher with 12 workers.
[PhysX] Initialized MultithreadedTaskDispatcher with 12 workers.
 -> (artifact id: '216811163cee188a4c6608a0dcdda299') in 0.017713 seconds
Number of updated asset objects reloaded before import = 0
Number of asset objects unloaded after import = 3
========================================================================
Received Import Request.
  Time since last request: 0.000016 seconds.
  path: Assets/GoldenSkullStudios/2D/2D_Iso_Tile_Pack_Starter/Sprites/Snow/ISO_Tile_Snow_02.png
  artifactKey: Guid(bc88e5be61642e44885c2d7d8048513f) Importer(815301076,1909f56bfc062723c751e8b465ee728b)
Start importing Assets/GoldenSkullStudios/2D/2D_Iso_Tile_Pack_Starter/Sprites/Snow/ISO_Tile_Snow_02.png using Guid(bc88e5be61642e44885c2d7d8048513f) Importer(815301076,1909f56bfc062723c751e8b465ee728b) [PhysX] Initialized MultithreadedTaskDispatcher with 12 workers.
[PhysX] Initialized MultithreadedTaskDispatcher with 12 workers.
 -> (artifact id: '7ba23dc475d49307a0c25c5f5ff0efea') in 0.017614 seconds
Number of updated asset objects reloaded before import = 0
Number of asset objects unloaded after import = 3
========================================================================
Received Import Request.
  Time since last request: 0.000028 seconds.
  path: Assets/GoldenSkullStudios/2D/2D_Iso_Tile_Pack_Starter/Sprites/Dirt/ISO_Tile_Mud_02.png
  artifactKey: Guid(951949fe22d8c98408f1d19a88cc260a) Importer(815301076,1909f56bfc062723c751e8b465ee728b)
Start importing Assets/GoldenSkullStudios/2D/2D_Iso_Tile_Pack_Starter/Sprites/Dirt/ISO_Tile_Mud_02.png using Guid(951949fe22d8c98408f1d19a88cc260a) Importer(815301076,1909f56bfc062723c751e8b465ee728b) [PhysX] Initialized MultithreadedTaskDispatcher with 12 workers.
[PhysX] Initialized MultithreadedTaskDispatcher with 12 workers.
 -> (artifact id: 'dc54420a53d5daf1cb01392623565268') in 0.017139 seconds
Number of updated asset objects reloaded before import = 0
Number of asset objects unloaded after import = 3
========================================================================
Received Import Request.
  Time since last request: 0.000038 seconds.
  path: Assets/GoldenSkullStudios/2D/2D_Iso_Tile_Pack_Starter/Autotiles/Roof_Hay_Simple/Sprites/ISO_Roof_Hay_01_T_C3_NE.png
  artifactKey: Guid(d11ae8e4fc4f1db4cbd357fa495aade7) Importer(815301076,1909f56bfc062723c751e8b465ee728b)
Start importing Assets/GoldenSkullStudios/2D/2D_Iso_Tile_Pack_Starter/Autotiles/Roof_Hay_Simple/Sprites/ISO_Roof_Hay_01_T_C3_NE.png using Guid(d11ae8e4fc4f1db4cbd357fa495aade7) Importer(815301076,1909f56bfc062723c751e8b465ee728b) [PhysX] Initialized MultithreadedTaskDispatcher with 12 workers.
[PhysX] Initialized MultithreadedTaskDispatcher with 12 workers.
 -> (artifact id: 'dde9f5f3928bd5962eb31a9da3d89248') in 0.018155 seconds
Number of updated asset objects reloaded before import = 0
Number of asset objects unloaded after import = 3
========================================================================
Received Import Request.
  Time since last request: 0.000017 seconds.
  path: Assets/GoldenSkullStudios/2D/2D_Iso_Tile_Pack_Starter/Sprites/Water/ISO_Tile_Water_01.png
  artifactKey: Guid(5c504652684caa84c9d5b0bf8347ec39) Importer(815301076,1909f56bfc062723c751e8b465ee728b)
Start importing Assets/GoldenSkullStudios/2D/2D_Iso_Tile_Pack_Starter/Sprites/Water/ISO_Tile_Water_01.png using Guid(5c504652684caa84c9d5b0bf8347ec39) Importer(815301076,1909f56bfc062723c751e8b465ee728b) [PhysX] Initialized MultithreadedTaskDispatcher with 12 workers.
[PhysX] Initialized MultithreadedTaskDispatcher with 12 workers.
 -> (artifact id: 'cf36d3d0456cf75e1c6f4248ac45dee8') in 0.016609 seconds
Number of updated asset objects reloaded before import = 0
Number of asset objects unloaded after import = 3
========================================================================
Received Import Request.
  Time since last request: 0.000028 seconds.
  path: Assets/GoldenSkullStudios/2D/2D_Iso_Tile_Pack_Starter/Sprites/Brick/ISO_Tile_Brick_Stone_01.png
  artifactKey: Guid(ff1328e61be82ba4cb0d533e0bc16578) Importer(815301076,1909f56bfc062723c751e8b465ee728b)
Start importing Assets/GoldenSkullStudios/2D/2D_Iso_Tile_Pack_Starter/Sprites/Brick/ISO_Tile_Brick_Stone_01.png using Guid(ff1328e61be82ba4cb0d533e0bc16578) Importer(815301076,1909f56bfc062723c751e8b465ee728b) [PhysX] Initialized MultithreadedTaskDispatcher with 12 workers.
[PhysX] Initialized MultithreadedTaskDispatcher with 12 workers.
 -> (artifact id: '0e8aee0ea67cf38994b1dcff35ed99b8') in 0.018822 seconds
Number of updated asset objects reloaded before import = 0
Number of asset objects unloaded after import = 3
========================================================================
Received Import Request.
  Time since last request: 0.000020 seconds.
  path: Assets/GoldenSkullStudios/2D/2D_Iso_Tile_Pack_Starter/Sprites/Low/ISO_LowTile_Stone_02.png
  artifactKey: Guid(f8262ca9b28baaa4c934bb5a7d1bc4a9) Importer(815301076,1909f56bfc062723c751e8b465ee728b)
Start importing Assets/GoldenSkullStudios/2D/2D_Iso_Tile_Pack_Starter/Sprites/Low/ISO_LowTile_Stone_02.png using Guid(f8262ca9b28baaa4c934bb5a7d1bc4a9) Importer(815301076,1909f56bfc062723c751e8b465ee728b) [PhysX] Initialized MultithreadedTaskDispatcher with 12 workers.
[PhysX] Initialized MultithreadedTaskDispatcher with 12 workers.
 -> (artifact id: '89ec125967b4a31f54778d24806ea1ec') in 0.017912 seconds
Number of updated asset objects reloaded before import = 0
Number of asset objects unloaded after import = 3
========================================================================
Received Import Request.
  Time since last request: 0.000015 seconds.
  path: Assets/GoldenSkullStudios/2D/2D_Iso_Tile_Pack_Starter/Sprites/Sand/ISO_Tile_Sand_04.png
  artifactKey: Guid(f60a2e6adc7a1b1499affb2860b714ca) Importer(815301076,1909f56bfc062723c751e8b465ee728b)
Start importing Assets/GoldenSkullStudios/2D/2D_Iso_Tile_Pack_Starter/Sprites/Sand/ISO_Tile_Sand_04.png using Guid(f60a2e6adc7a1b1499affb2860b714ca) Importer(815301076,1909f56bfc062723c751e8b465ee728b) [PhysX] Initialized MultithreadedTaskDispatcher with 12 workers.
[PhysX] Initialized MultithreadedTaskDispatcher with 12 workers.
 -> (artifact id: '6328316c43aa02be8fa82b4de509e7ed') in 0.022081 seconds
Number of updated asset objects reloaded before import = 0
Number of asset objects unloaded after import = 3
========================================================================
Received Import Request.
  Time since last request: 0.000016 seconds.
  path: Assets/GoldenSkullStudios/2D/2D_Iso_Tile_Pack_Starter/Autotiles/Path/Sprites/ISO_Tile_Dirt_01_GrassPath_Single.png
  artifactKey: Guid(4fa1d04c987d2824ab1a53a2abad9069) Importer(815301076,1909f56bfc062723c751e8b465ee728b)
Start importing Assets/GoldenSkullStudios/2D/2D_Iso_Tile_Pack_Starter/Autotiles/Path/Sprites/ISO_Tile_Dirt_01_GrassPath_Single.png using Guid(4fa1d04c987d2824ab1a53a2abad9069) Importer(815301076,1909f56bfc062723c751e8b465ee728b) [PhysX] Initialized MultithreadedTaskDispatcher with 12 workers.
[PhysX] Initialized MultithreadedTaskDispatcher with 12 workers.
 -> (artifact id: '3f417bfb8b6e13c53c46290124af6cd3') in 0.018773 seconds
Number of updated asset objects reloaded before import = 0
Number of asset objects unloaded after import = 3
========================================================================
Received Prepare
Caller must complete domain reload
Begin MonoManager ReloadAssembly
- Loaded All Assemblies, in  0.467 seconds
Native extension for WindowsStandalone target not found
Native extension for Android target not found
Mono: successfully reloaded assembly
- Finished resetting the current domain, in  1.017 seconds
Domain Reload Profiling: 1482ms
	BeginReloadAssembly (169ms)
		ExecutionOrderSort (0ms)
		DisableScriptedObjects (6ms)
		BackupInstance (0ms)
		ReleaseScriptingObjects (0ms)
		CreateAndSetChildDomain (43ms)
	RebuildCommonClasses (35ms)
	RebuildNativeTypeToScriptingClass (12ms)
	initialDomainReloadingComplete (30ms)
	LoadAllAssembliesAndSetupDomain (218ms)
		LoadAssemblies (281ms)
		RebuildTransferFunctionScriptingTraits (0ms)
		AnalyzeDomain (17ms)
			TypeCache.Refresh (7ms)
				TypeCache.ScanAssembly (0ms)
			ScanForSourceGeneratedMonoScriptInfo (0ms)
			ResolveRequiredComponents (9ms)
	FinalizeReload (1018ms)
		ReleaseScriptCaches (0ms)
		RebuildScriptCaches (0ms)
		SetupLoadedEditorAssemblies (509ms)
			LogAssemblyErrors (0ms)
			InitializePlatformSupportModulesInManaged (18ms)
			SetLoadedEditorAssemblies (3ms)
			RefreshPlugins (0ms)
			BeforeProcessingInitializeOnLoad (68ms)
			ProcessInitializeOnLoadAttributes (373ms)
			ProcessInitializeOnLoadMethodAttributes (40ms)
			AfterProcessingInitializeOnLoad (7ms)
			EditorAssembliesLoaded (0ms)
		ExecutionOrderSort2 (0ms)
		AwakeInstancesAfterBackupRestoration (7ms)
Refreshing native plugins compatible for Editor in 5.15 ms, found 3 plugins.
Preloading 0 native plugins for Editor in 0.00 ms.
Unloading 3941 Unused Serialized files (Serialized files now loaded: 0)
Unloading 22 unused Assets / (32.6 KB). Loaded Objects now: 4497.
Memory consumption went from 229.6 MB to 229.6 MB.
Total: 4.060400 ms (FindLiveObjects: 0.334600 ms CreateObjectMapping: 0.339200 ms MarkObjects: 3.324700 ms  DeleteObjects: 0.060300 ms)

Prepare: number of updated asset objects reloaded= 0
AssetImportParameters requested are different than current active one (requested -> active):
  custom:container-demuxer-ogg: 62fdf1f143b41e24485cea50d1cbac27 -> 
  custom:video-decoder-ogg-theora: a1e56fd34408186e4bbccfd4996cb3dc -> 
  custom:framework-win-MediaFoundation: 216162199b28c13a410421893ffa2e32 -> 
  custom:CustomObjectIndexerAttribute: 9a22284fe3817be447336de3de66b15e -> 
  custom:container-demuxer-webm: 4f35f7cbe854078d1ac9338744f61a02 -> 
  custom:container-muxer-webm: aa71ff27fc2769a1b78a27578f13a17b -> 
  custom:video-decoder-webm-vp8: 9c59270c3fd7afecdb556c50c9e8de78 -> 
  custom:SearchIndexIgnoredProperties: e643bd26f0fe6173181afceb89e7c659 -> 
  custom:AudioImporter_EditorPlatform: d09bf68614088b80899f8185d706f6e7 -> 
  custom:video-encoder-webm-vp8: eb34c28f22e8b96e1ab97ce403110664 -> 
  custom:audio-decoder-ogg-vorbis: bf7c407c2cedff20999df2af8eb42d56 -> 
  custom:audio-encoder-webm-vorbis: bf7c407c2cedff20999df2af8eb42d56 -> 
========================================================================
Received Import Request.
  Time since last request: 416.674286 seconds.
  path: Assets/SPUM/Basic_Resources/UI/Icons/Folder.png
  artifactKey: Guid(03e3778d7fcbf9243a5787a6adac408f) Importer(815301076,1909f56bfc062723c751e8b465ee728b)
Start importing Assets/SPUM/Basic_Resources/UI/Icons/Folder.png using Guid(03e3778d7fcbf9243a5787a6adac408f) Importer(815301076,1909f56bfc062723c751e8b465ee728b) [PhysX] Initialized MultithreadedTaskDispatcher with 12 workers.
[PhysX] Initialized MultithreadedTaskDispatcher with 12 workers.
 -> (artifact id: '37008cfd5e706892cff5679c01641b90') in 0.066226 seconds
Number of updated asset objects reloaded before import = 0
Number of asset objects unloaded after import = 3
========================================================================
Received Import Request.
  Time since last request: 57.586965 seconds.
  path: Assets/GoldenSkullStudios/2D/2D_Iso_Tile_Pack_Starter/Autotiles/WaterBlock_Shores_Simple/Sprites/ISO_Tile_Water_Shore_1C_01.png
  artifactKey: Guid(e67a8d339d0ecf040a48d4237f0ad70d) Importer(815301076,1909f56bfc062723c751e8b465ee728b)
Start importing Assets/GoldenSkullStudios/2D/2D_Iso_Tile_Pack_Starter/Autotiles/WaterBlock_Shores_Simple/Sprites/ISO_Tile_Water_Shore_1C_01.png using Guid(e67a8d339d0ecf040a48d4237f0ad70d) Importer(815301076,1909f56bfc062723c751e8b465ee728b) [PhysX] Initialized MultithreadedTaskDispatcher with 12 workers.
[PhysX] Initialized MultithreadedTaskDispatcher with 12 workers.
 -> (artifact id: '4cb06a55660e3b443b8f3e4feb1448ae') in 0.019322 seconds
Number of updated asset objects reloaded before import = 0
Number of asset objects unloaded after import = 3
========================================================================
Received Import Request.
  Time since last request: 0.000016 seconds.
  path: Assets/GoldenSkullStudios/2D/2D_Iso_Tile_Pack_Starter/Autotiles/WaterBlock_Shores_Complex/Sprites/ISO_Tile_Water_Shore_1S1C_04.png
  artifactKey: Guid(97c886086a0ed8242b80fa7972da3dcf) Importer(815301076,1909f56bfc062723c751e8b465ee728b)
Start importing Assets/GoldenSkullStudios/2D/2D_Iso_Tile_Pack_Starter/Autotiles/WaterBlock_Shores_Complex/Sprites/ISO_Tile_Water_Shore_1S1C_04.png using Guid(97c886086a0ed8242b80fa7972da3dcf) Importer(815301076,1909f56bfc062723c751e8b465ee728b) [PhysX] Initialized MultithreadedTaskDispatcher with 12 workers.
[PhysX] Initialized MultithreadedTaskDispatcher with 12 workers.
 -> (artifact id: 'f982c1d68e25dc01dd2cebcd985628b7') in 0.018908 seconds
Number of updated asset objects reloaded before import = 0
Number of asset objects unloaded after import = 3
========================================================================
Received Import Request.
  Time since last request: 0.000022 seconds.
  path: Assets/GoldenSkullStudios/2D/2D_Iso_Tile_Pack_Starter/Autotiles/WaterBlock_Shores_Complex/Sprites/ISO_Tile_Water_Shore_1C_02.png
  artifactKey: Guid(245b1e5c3fd576f459a0bcb9b1abf3c6) Importer(815301076,1909f56bfc062723c751e8b465ee728b)
Start importing Assets/GoldenSkullStudios/2D/2D_Iso_Tile_Pack_Starter/Autotiles/WaterBlock_Shores_Complex/Sprites/ISO_Tile_Water_Shore_1C_02.png using Guid(245b1e5c3fd576f459a0bcb9b1abf3c6) Importer(815301076,1909f56bfc062723c751e8b465ee728b) [PhysX] Initialized MultithreadedTaskDispatcher with 12 workers.
[PhysX] Initialized MultithreadedTaskDispatcher with 12 workers.
 -> (artifact id: '38cad8aae017b9ea9652576fb32a955a') in 0.019421 seconds
Number of updated asset objects reloaded before import = 0
Number of asset objects unloaded after import = 3
========================================================================
Received Import Request.
  Time since last request: 0.000022 seconds.
  path: Assets/GoldenSkullStudios/2D/2D_Iso_Tile_Pack_Starter/Autotiles/WaterBlock_Shores_Complex/Sprites/ISO_Tile_Water_Shore_1S_03.png
  artifactKey: Guid(3d92f1e19b45ed14ba896c49deaa1428) Importer(815301076,1909f56bfc062723c751e8b465ee728b)
Start importing Assets/GoldenSkullStudios/2D/2D_Iso_Tile_Pack_Starter/Autotiles/WaterBlock_Shores_Complex/Sprites/ISO_Tile_Water_Shore_1S_03.png using Guid(3d92f1e19b45ed14ba896c49deaa1428) Importer(815301076,1909f56bfc062723c751e8b465ee728b) [PhysX] Initialized MultithreadedTaskDispatcher with 12 workers.
[PhysX] Initialized MultithreadedTaskDispatcher with 12 workers.
 -> (artifact id: 'fe47533812b58c4390c19ff25c9d608c') in 0.016548 seconds
Number of updated asset objects reloaded before import = 0
Number of asset objects unloaded after import = 3
========================================================================
Received Import Request.
  Time since last request: 0.000034 seconds.
  path: Assets/GoldenSkullStudios/2D/2D_Iso_Tile_Pack_Starter/Autotiles/WaterBlock_Shores_Simple/Sprites/ISO_Tile_Water_Shore_1S_01.png
  artifactKey: Guid(a6c63294d9ba0ab4288f62d6011d6943) Importer(815301076,1909f56bfc062723c751e8b465ee728b)
Start importing Assets/GoldenSkullStudios/2D/2D_Iso_Tile_Pack_Starter/Autotiles/WaterBlock_Shores_Simple/Sprites/ISO_Tile_Water_Shore_1S_01.png using Guid(a6c63294d9ba0ab4288f62d6011d6943) Importer(815301076,1909f56bfc062723c751e8b465ee728b) [PhysX] Initialized MultithreadedTaskDispatcher with 12 workers.
[PhysX] Initialized MultithreadedTaskDispatcher with 12 workers.
 -> (artifact id: 'bf0a50f4f920fc93d2b8e267fc97db82') in 0.020847 seconds
Number of updated asset objects reloaded before import = 0
Number of asset objects unloaded after import = 3
========================================================================
Received Import Request.
  Time since last request: 0.000029 seconds.
  path: Assets/GoldenSkullStudios/2D/2D_Iso_Tile_Pack_Starter/Autotiles/WaterBlock_Shores_Complex/Sprites/ISO_Tile_Water_Shore_1S2C_02.png
  artifactKey: Guid(8c4b99587e844c649855026c04414f3e) Importer(815301076,1909f56bfc062723c751e8b465ee728b)
Start importing Assets/GoldenSkullStudios/2D/2D_Iso_Tile_Pack_Starter/Autotiles/WaterBlock_Shores_Complex/Sprites/ISO_Tile_Water_Shore_1S2C_02.png using Guid(8c4b99587e844c649855026c04414f3e) Importer(815301076,1909f56bfc062723c751e8b465ee728b) [PhysX] Initialized MultithreadedTaskDispatcher with 12 workers.
[PhysX] Initialized MultithreadedTaskDispatcher with 12 workers.
 -> (artifact id: '54a334db0c599cbcfd04c17c8aa7aaf4') in 0.020470 seconds
Number of updated asset objects reloaded before import = 0
Number of asset objects unloaded after import = 3
========================================================================
Received Import Request.
  Time since last request: 0.000015 seconds.
  path: Assets/GoldenSkullStudios/2D/2D_Iso_Tile_Pack_Starter/Autotiles/WaterBlock_Shores_Simple/Sprites/ISO_Tile_Water_Shore_2S_01.png
  artifactKey: Guid(cde0540a3ed58c840af2820dfcab3a1d) Importer(815301076,1909f56bfc062723c751e8b465ee728b)
Start importing Assets/GoldenSkullStudios/2D/2D_Iso_Tile_Pack_Starter/Autotiles/WaterBlock_Shores_Simple/Sprites/ISO_Tile_Water_Shore_2S_01.png using Guid(cde0540a3ed58c840af2820dfcab3a1d) Importer(815301076,1909f56bfc062723c751e8b465ee728b) [PhysX] Initialized MultithreadedTaskDispatcher with 12 workers.
[PhysX] Initialized MultithreadedTaskDispatcher with 12 workers.
 -> (artifact id: 'a8e24f488ef53a60945c8887cf40e17e') in 0.019375 seconds
Number of updated asset objects reloaded before import = 0
Number of asset objects unloaded after import = 3
========================================================================
Received Import Request.
  Time since last request: 0.000015 seconds.
  path: Assets/GoldenSkullStudios/2D/2D_Iso_Tile_Pack_Starter/Autotiles/WaterBlock_Shores_Complex/Sprites/ISO_Tile_Water_Shore_2C_06.png
  artifactKey: Guid(fc99fb133bd9919439c6758ade9f2d82) Importer(815301076,1909f56bfc062723c751e8b465ee728b)
Start importing Assets/GoldenSkullStudios/2D/2D_Iso_Tile_Pack_Starter/Autotiles/WaterBlock_Shores_Complex/Sprites/ISO_Tile_Water_Shore_2C_06.png using Guid(fc99fb133bd9919439c6758ade9f2d82) Importer(815301076,1909f56bfc062723c751e8b465ee728b) [PhysX] Initialized MultithreadedTaskDispatcher with 12 workers.
[PhysX] Initialized MultithreadedTaskDispatcher with 12 workers.
 -> (artifact id: '6d49dd69b9cbd4d4cd824b30e5620de5') in 0.020765 seconds
Number of updated asset objects reloaded before import = 0
Number of asset objects unloaded after import = 3
========================================================================
Received Import Request.
  Time since last request: 0.000018 seconds.
  path: Assets/GoldenSkullStudios/2D/2D_Iso_Tile_Pack_Starter/Autotiles/WaterBlock_Shores_Simple/Sprites/ISO_Tile_Water_Shore_2S_02.png
  artifactKey: Guid(e37a01976df8ed344b14148af1dec545) Importer(815301076,1909f56bfc062723c751e8b465ee728b)
Start importing Assets/GoldenSkullStudios/2D/2D_Iso_Tile_Pack_Starter/Autotiles/WaterBlock_Shores_Simple/Sprites/ISO_Tile_Water_Shore_2S_02.png using Guid(e37a01976df8ed344b14148af1dec545) Importer(815301076,1909f56bfc062723c751e8b465ee728b) [PhysX] Initialized MultithreadedTaskDispatcher with 12 workers.
[PhysX] Initialized MultithreadedTaskDispatcher with 12 workers.
 -> (artifact id: '9a9e1d4ade95108ddef1edceb167eb9a') in 0.018198 seconds
Number of updated asset objects reloaded before import = 0
Number of asset objects unloaded after import = 3
========================================================================
Received Import Request.
  Time since last request: 0.000015 seconds.
  path: Assets/GoldenSkullStudios/2D/2D_Iso_Tile_Pack_Starter/Autotiles/WaterBlock_Shores_Complex/Sprites/ISO_Tile_Water_Shore_2S_01.png
  artifactKey: Guid(045f7a2b97b9adb4e9022da24aa1ff7b) Importer(815301076,1909f56bfc062723c751e8b465ee728b)
Start importing Assets/GoldenSkullStudios/2D/2D_Iso_Tile_Pack_Starter/Autotiles/WaterBlock_Shores_Complex/Sprites/ISO_Tile_Water_Shore_2S_01.png using Guid(045f7a2b97b9adb4e9022da24aa1ff7b) Importer(815301076,1909f56bfc062723c751e8b465ee728b) [PhysX] Initialized MultithreadedTaskDispatcher with 12 workers.
[PhysX] Initialized MultithreadedTaskDispatcher with 12 workers.
 -> (artifact id: '0bb16e9884b74a099c4ceaea2ed23121') in 0.018113 seconds
Number of updated asset objects reloaded before import = 0
Number of asset objects unloaded after import = 3
========================================================================
Received Import Request.
  Time since last request: 0.000030 seconds.
  path: Assets/GoldenSkullStudios/2D/2D_Iso_Tile_Pack_Starter/Autotiles/WaterBlock_Shores_Complex/Sprites/ISO_Tile_Water_Shore_1S1C_03.png
  artifactKey: Guid(79963d9c08bf0974e92fdee43781f843) Importer(815301076,1909f56bfc062723c751e8b465ee728b)
Start importing Assets/GoldenSkullStudios/2D/2D_Iso_Tile_Pack_Starter/Autotiles/WaterBlock_Shores_Complex/Sprites/ISO_Tile_Water_Shore_1S1C_03.png using Guid(79963d9c08bf0974e92fdee43781f843) Importer(815301076,1909f56bfc062723c751e8b465ee728b) [PhysX] Initialized MultithreadedTaskDispatcher with 12 workers.
[PhysX] Initialized MultithreadedTaskDispatcher with 12 workers.
 -> (artifact id: 'cfe04f616d38eb02337a740da754a64c') in 0.019223 seconds
Number of updated asset objects reloaded before import = 0
Number of asset objects unloaded after import = 3
========================================================================
Received Import Request.
  Time since last request: 0.000018 seconds.
  path: Assets/GoldenSkullStudios/2D/2D_Iso_Tile_Pack_Starter/Autotiles/WaterBlock_Shores_Complex/Sprites/ISO_Tile_Water_Shore_3S_02.png
  artifactKey: Guid(6d13c1851753c73468aa1d04fe4620c2) Importer(815301076,1909f56bfc062723c751e8b465ee728b)
Start importing Assets/GoldenSkullStudios/2D/2D_Iso_Tile_Pack_Starter/Autotiles/WaterBlock_Shores_Complex/Sprites/ISO_Tile_Water_Shore_3S_02.png using Guid(6d13c1851753c73468aa1d04fe4620c2) Importer(815301076,1909f56bfc062723c751e8b465ee728b) [PhysX] Initialized MultithreadedTaskDispatcher with 12 workers.
[PhysX] Initialized MultithreadedTaskDispatcher with 12 workers.
 -> (artifact id: 'fea3c96b412f937f5b9a9b747c259757') in 0.018705 seconds
Number of updated asset objects reloaded before import = 0
Number of asset objects unloaded after import = 3
========================================================================
Received Import Request.
  Time since last request: 0.000029 seconds.
  path: Assets/GoldenSkullStudios/2D/2D_Iso_Tile_Pack_Starter/Autotiles/WaterBlock_Shores_Complex/Sprites/ISO_Tile_Water_Shore_3S_01.png
  artifactKey: Guid(4c822bab329ea9e46b941610f2184fa6) Importer(815301076,1909f56bfc062723c751e8b465ee728b)
Start importing Assets/GoldenSkullStudios/2D/2D_Iso_Tile_Pack_Starter/Autotiles/WaterBlock_Shores_Complex/Sprites/ISO_Tile_Water_Shore_3S_01.png using Guid(4c822bab329ea9e46b941610f2184fa6) Importer(815301076,1909f56bfc062723c751e8b465ee728b) [PhysX] Initialized MultithreadedTaskDispatcher with 12 workers.
[PhysX] Initialized MultithreadedTaskDispatcher with 12 workers.
 -> (artifact id: 'e44cdfa26865b67821ed990894d88e86') in 0.019030 seconds
Number of updated asset objects reloaded before import = 0
Number of asset objects unloaded after import = 3
========================================================================
Received Import Request.
  Time since last request: 0.000022 seconds.
  path: Assets/GoldenSkullStudios/2D/2D_Iso_Tile_Pack_Starter/Autotiles/WaterBlock_Shores_Simple/Sprites/ISO_Tile_Water_Shore_2S_03.png
  artifactKey: Guid(f523ff05c4f70354086e177fec66e244) Importer(815301076,1909f56bfc062723c751e8b465ee728b)
Start importing Assets/GoldenSkullStudios/2D/2D_Iso_Tile_Pack_Starter/Autotiles/WaterBlock_Shores_Simple/Sprites/ISO_Tile_Water_Shore_2S_03.png using Guid(f523ff05c4f70354086e177fec66e244) Importer(815301076,1909f56bfc062723c751e8b465ee728b) [PhysX] Initialized MultithreadedTaskDispatcher with 12 workers.
[PhysX] Initialized MultithreadedTaskDispatcher with 12 workers.
 -> (artifact id: '23c33789d20fb48da4e1560e963671ff') in 0.016775 seconds
Number of updated asset objects reloaded before import = 0
Number of asset objects unloaded after import = 3
========================================================================
Received Import Request.
  Time since last request: 0.000020 seconds.
  path: Assets/GoldenSkullStudios/2D/2D_Iso_Tile_Pack_Starter/Autotiles/WaterBlock_Shores_Complex/Sprites/ISO_Tile_Water_Shore_2C_04.png
  artifactKey: Guid(a543832c93423e34ea1187e15a6cd62d) Importer(815301076,1909f56bfc062723c751e8b465ee728b)
Start importing Assets/GoldenSkullStudios/2D/2D_Iso_Tile_Pack_Starter/Autotiles/WaterBlock_Shores_Complex/Sprites/ISO_Tile_Water_Shore_2C_04.png using Guid(a543832c93423e34ea1187e15a6cd62d) Importer(815301076,1909f56bfc062723c751e8b465ee728b) [PhysX] Initialized MultithreadedTaskDispatcher with 12 workers.
[PhysX] Initialized MultithreadedTaskDispatcher with 12 workers.
 -> (artifact id: 'dff3b43f26635bab5b57530908b26432') in 0.016592 seconds
Number of updated asset objects reloaded before import = 0
Number of asset objects unloaded after import = 3
========================================================================
Received Import Request.
  Time since last request: 0.000016 seconds.
  path: Assets/GoldenSkullStudios/2D/2D_Iso_Tile_Pack_Starter/Autotiles/WaterBlock_Shores_Complex/Sprites/ISO_Tile_Water_Shore_3S_04.png
  artifactKey: Guid(7b38a584ccb72684da1c73edd5cffe8e) Importer(815301076,1909f56bfc062723c751e8b465ee728b)
Start importing Assets/GoldenSkullStudios/2D/2D_Iso_Tile_Pack_Starter/Autotiles/WaterBlock_Shores_Complex/Sprites/ISO_Tile_Water_Shore_3S_04.png using Guid(7b38a584ccb72684da1c73edd5cffe8e) Importer(815301076,1909f56bfc062723c751e8b465ee728b) [PhysX] Initialized MultithreadedTaskDispatcher with 12 workers.
[PhysX] Initialized MultithreadedTaskDispatcher with 12 workers.
 -> (artifact id: 'f25dcbaacc3c7057e8955a401369aca9') in 0.016668 seconds
Number of updated asset objects reloaded before import = 0
Number of asset objects unloaded after import = 3
========================================================================
Received Import Request.
  Time since last request: 0.000027 seconds.
  path: Assets/GoldenSkullStudios/2D/2D_Iso_Tile_Pack_Starter/Autotiles/WaterBlock_Shores_Complex/Sprites/ISO_Tile_Water_Shore_2S_05.png
  artifactKey: Guid(684a586a5accfde4c84939d60128a26c) Importer(815301076,1909f56bfc062723c751e8b465ee728b)
Start importing Assets/GoldenSkullStudios/2D/2D_Iso_Tile_Pack_Starter/Autotiles/WaterBlock_Shores_Complex/Sprites/ISO_Tile_Water_Shore_2S_05.png using Guid(684a586a5accfde4c84939d60128a26c) Importer(815301076,1909f56bfc062723c751e8b465ee728b) [PhysX] Initialized MultithreadedTaskDispatcher with 12 workers.
[PhysX] Initialized MultithreadedTaskDispatcher with 12 workers.
 -> (artifact id: 'e9e3cff4542eb9214aaae2145e3a3f24') in 0.018112 seconds
Number of updated asset objects reloaded before import = 0
Number of asset objects unloaded after import = 3
========================================================================
Received Import Request.
  Time since last request: 0.000023 seconds.
  path: Assets/GoldenSkullStudios/2D/2D_Iso_Tile_Pack_Starter/Autotiles/WaterBlock_Shores_Complex/Sprites/ISO_Tile_Water_Shore_3C_01.png
  artifactKey: Guid(d2459702982a4b94ca2575cfe6845381) Importer(815301076,1909f56bfc062723c751e8b465ee728b)
Start importing Assets/GoldenSkullStudios/2D/2D_Iso_Tile_Pack_Starter/Autotiles/WaterBlock_Shores_Complex/Sprites/ISO_Tile_Water_Shore_3C_01.png using Guid(d2459702982a4b94ca2575cfe6845381) Importer(815301076,1909f56bfc062723c751e8b465ee728b) [PhysX] Initialized MultithreadedTaskDispatcher with 12 workers.
[PhysX] Initialized MultithreadedTaskDispatcher with 12 workers.
 -> (artifact id: 'cbd9922173dfa3ed7c0bbd85e84fc09b') in 0.018270 seconds
Number of updated asset objects reloaded before import = 0
Number of asset objects unloaded after import = 3
========================================================================
Received Import Request.
  Time since last request: 0.000024 seconds.
  path: Assets/SimplePixelUI/artwork/icons/icons_color_customizible.png
  artifactKey: Guid(2a01691a87fedbe4aa6de6f1c0c0f3d4) Importer(815301076,1909f56bfc062723c751e8b465ee728b)
Start importing Assets/SimplePixelUI/artwork/icons/icons_color_customizible.png using Guid(2a01691a87fedbe4aa6de6f1c0c0f3d4) Importer(815301076,1909f56bfc062723c751e8b465ee728b) [PhysX] Initialized MultithreadedTaskDispatcher with 12 workers.
[PhysX] Initialized MultithreadedTaskDispatcher with 12 workers.
 -> (artifact id: '95b67ee14ddda4cca169307711bcf67b') in 0.077738 seconds
Number of updated asset objects reloaded before import = 0
Number of asset objects unloaded after import = 37
========================================================================
Received Import Request.
  Time since last request: 0.000023 seconds.
  path: Assets/GoldenSkullStudios/2D/2D_Iso_Tile_Pack_Starter/Autotiles/WaterBlock_Shores_Complex/Sprites/ISO_Tile_Water_Shore_1S2C_03.png
  artifactKey: Guid(dfb1e4351f8056744b7098006a566c1b) Importer(815301076,1909f56bfc062723c751e8b465ee728b)
Start importing Assets/GoldenSkullStudios/2D/2D_Iso_Tile_Pack_Starter/Autotiles/WaterBlock_Shores_Complex/Sprites/ISO_Tile_Water_Shore_1S2C_03.png using Guid(dfb1e4351f8056744b7098006a566c1b) Importer(815301076,1909f56bfc062723c751e8b465ee728b) [PhysX] Initialized MultithreadedTaskDispatcher with 12 workers.
[PhysX] Initialized MultithreadedTaskDispatcher with 12 workers.
 -> (artifact id: 'c8d413554a810be3c39a6c8c34178397') in 0.019154 seconds
Number of updated asset objects reloaded before import = 0
Number of asset objects unloaded after import = 3
========================================================================
Received Import Request.
  Time since last request: 0.000018 seconds.
  path: Assets/GoldenSkullStudios/2D/2D_Iso_Tile_Pack_Starter/Autotiles/WaterBlock_Shores_Complex/Sprites/ISO_Tile_Water_Shore_4S_04.png
  artifactKey: Guid(df98375cf28175442a62efc212bb6c30) Importer(815301076,1909f56bfc062723c751e8b465ee728b)
Start importing Assets/GoldenSkullStudios/2D/2D_Iso_Tile_Pack_Starter/Autotiles/WaterBlock_Shores_Complex/Sprites/ISO_Tile_Water_Shore_4S_04.png using Guid(df98375cf28175442a62efc212bb6c30) Importer(815301076,1909f56bfc062723c751e8b465ee728b) [PhysX] Initialized MultithreadedTaskDispatcher with 12 workers.
[PhysX] Initialized MultithreadedTaskDispatcher with 12 workers.
 -> (artifact id: '5ab833135bc8f2a2312c85d85fa5e31a') in 0.021261 seconds
Number of updated asset objects reloaded before import = 0
Number of asset objects unloaded after import = 3
========================================================================
Received Import Request.
  Time since last request: 0.000035 seconds.
  path: Assets/GoldenSkullStudios/2D/2D_Iso_Tile_Pack_Starter/Autotiles/WaterBlock_Shores_Complex/Sprites/ISO_Tile_Water_Shore_1S1C_06.png
  artifactKey: Guid(bd6de204c4ae3f0488ee0bb85b11f912) Importer(815301076,1909f56bfc062723c751e8b465ee728b)
Start importing Assets/GoldenSkullStudios/2D/2D_Iso_Tile_Pack_Starter/Autotiles/WaterBlock_Shores_Complex/Sprites/ISO_Tile_Water_Shore_1S1C_06.png using Guid(bd6de204c4ae3f0488ee0bb85b11f912) Importer(815301076,1909f56bfc062723c751e8b465ee728b) [PhysX] Initialized MultithreadedTaskDispatcher with 12 workers.
[PhysX] Initialized MultithreadedTaskDispatcher with 12 workers.
 -> (artifact id: 'ac08b2f82121a2cc121b361f92c21625') in 0.021082 seconds
Number of updated asset objects reloaded before import = 0
Number of asset objects unloaded after import = 3
========================================================================
Received Import Request.
  Time since last request: 0.000029 seconds.
  path: Assets/GoldenSkullStudios/2D/2D_Iso_Tile_Pack_Starter/Sprites/Wood/ISO_Tile_Wood_03.png
  artifactKey: Guid(d8826e2d807e2174ea8ed132c874418d) Importer(815301076,1909f56bfc062723c751e8b465ee728b)
Start importing Assets/GoldenSkullStudios/2D/2D_Iso_Tile_Pack_Starter/Sprites/Wood/ISO_Tile_Wood_03.png using Guid(d8826e2d807e2174ea8ed132c874418d) Importer(815301076,1909f56bfc062723c751e8b465ee728b) [PhysX] Initialized MultithreadedTaskDispatcher with 12 workers.
[PhysX] Initialized MultithreadedTaskDispatcher with 12 workers.
 -> (artifact id: '66bc9f91f70fe1807bec6d5d0fce65f9') in 0.021473 seconds
Number of updated asset objects reloaded before import = 0
Number of asset objects unloaded after import = 3
========================================================================
Received Import Request.
  Time since last request: 0.000017 seconds.
  path: Assets/GoldenSkullStudios/2D/2D_Iso_Tile_Pack_Starter/Autotiles/WaterBlock_Shores_Complex/Sprites/ISO_Tile_Water_Shore_2C_05.png
  artifactKey: Guid(b81ce33cb686bec48b68543d62717e07) Importer(815301076,1909f56bfc062723c751e8b465ee728b)
Start importing Assets/GoldenSkullStudios/2D/2D_Iso_Tile_Pack_Starter/Autotiles/WaterBlock_Shores_Complex/Sprites/ISO_Tile_Water_Shore_2C_05.png using Guid(b81ce33cb686bec48b68543d62717e07) Importer(815301076,1909f56bfc062723c751e8b465ee728b) [PhysX] Initialized MultithreadedTaskDispatcher with 12 workers.
[PhysX] Initialized MultithreadedTaskDispatcher with 12 workers.
 -> (artifact id: 'bbed06fd7686d0a4a3865ae9544f0c76') in 0.019510 seconds
Number of updated asset objects reloaded before import = 0
Number of asset objects unloaded after import = 3
========================================================================
Received Import Request.
  Time since last request: 0.000022 seconds.
  path: Assets/FantasyIconsPackFree/Icons/Helmet/KnightHelm [Paint].png
  artifactKey: Guid(896dada9aa8b8444b8145f80381d5fda) Importer(815301076,1909f56bfc062723c751e8b465ee728b)
Start importing Assets/FantasyIconsPackFree/Icons/Helmet/KnightHelm [Paint].png using Guid(896dada9aa8b8444b8145f80381d5fda) Importer(815301076,1909f56bfc062723c751e8b465ee728b) [PhysX] Initialized MultithreadedTaskDispatcher with 12 workers.
[PhysX] Initialized MultithreadedTaskDispatcher with 12 workers.
 -> (artifact id: '858ae6a8a76268a0f285801284117310') in 0.019628 seconds
Number of updated asset objects reloaded before import = 0
Number of asset objects unloaded after import = 3
========================================================================
Received Import Request.
  Time since last request: 0.000023 seconds.
  path: Assets/GoldenSkullStudios/2D/2D_Iso_Tile_Pack_Starter/Autotiles/WaterBlock_Shores_Complex/Sprites/ISO_Tile_Water_Shore_2S1C_01.png
  artifactKey: Guid(855224f8adc381349afce48def47264a) Importer(815301076,1909f56bfc062723c751e8b465ee728b)
Start importing Assets/GoldenSkullStudios/2D/2D_Iso_Tile_Pack_Starter/Autotiles/WaterBlock_Shores_Complex/Sprites/ISO_Tile_Water_Shore_2S1C_01.png using Guid(855224f8adc381349afce48def47264a) Importer(815301076,1909f56bfc062723c751e8b465ee728b) [PhysX] Initialized MultithreadedTaskDispatcher with 12 workers.
[PhysX] Initialized MultithreadedTaskDispatcher with 12 workers.
 -> (artifact id: 'a5f548d2a392879357afe7e8ea4e30dd') in 0.018860 seconds
Number of updated asset objects reloaded before import = 0
Number of asset objects unloaded after import = 3
========================================================================
Received Import Request.
  Time since last request: 0.000024 seconds.
  path: Assets/GoldenSkullStudios/2D/2D_Iso_Tile_Pack_Starter/Autotiles/WaterBlock_Shores_Complex/Sprites/ISO_Tile_Water_Shore_2C_02.png
  artifactKey: Guid(09f4570a1be6e0e4389c5889e221a90b) Importer(815301076,1909f56bfc062723c751e8b465ee728b)
Start importing Assets/GoldenSkullStudios/2D/2D_Iso_Tile_Pack_Starter/Autotiles/WaterBlock_Shores_Complex/Sprites/ISO_Tile_Water_Shore_2C_02.png using Guid(09f4570a1be6e0e4389c5889e221a90b) Importer(815301076,1909f56bfc062723c751e8b465ee728b) [PhysX] Initialized MultithreadedTaskDispatcher with 12 workers.
[PhysX] Initialized MultithreadedTaskDispatcher with 12 workers.
 -> (artifact id: '6a3f7b7b7b574fbecb69f23a1b711fd8') in 0.016684 seconds
Number of updated asset objects reloaded before import = 0
Number of asset objects unloaded after import = 3
========================================================================
Received Import Request.
  Time since last request: 0.000017 seconds.
  path: Assets/FantasyIconsPackFree/Icons/MeleeWeapon1H/Katana1 [Paint].png
  artifactKey: Guid(f2a6caf7b6afd7b4095cfac985b5869c) Importer(815301076,1909f56bfc062723c751e8b465ee728b)
Start importing Assets/FantasyIconsPackFree/Icons/MeleeWeapon1H/Katana1 [Paint].png using Guid(f2a6caf7b6afd7b4095cfac985b5869c) Importer(815301076,1909f56bfc062723c751e8b465ee728b) [PhysX] Initialized MultithreadedTaskDispatcher with 12 workers.
[PhysX] Initialized MultithreadedTaskDispatcher with 12 workers.
 -> (artifact id: 'ddb5218d77e3f16112a8dec34b39c470') in 0.015818 seconds
Number of updated asset objects reloaded before import = 0
Number of asset objects unloaded after import = 3
========================================================================
Received Import Request.
  Time since last request: 0.000017 seconds.
  path: Assets/FantasyIconsPackFree/Icons/Helmet/ManticoreHelmet.png
  artifactKey: Guid(9d4ad9585d881b9469236aa4e598a8b1) Importer(815301076,1909f56bfc062723c751e8b465ee728b)
Start importing Assets/FantasyIconsPackFree/Icons/Helmet/ManticoreHelmet.png using Guid(9d4ad9585d881b9469236aa4e598a8b1) Importer(815301076,1909f56bfc062723c751e8b465ee728b) [PhysX] Initialized MultithreadedTaskDispatcher with 12 workers.
[PhysX] Initialized MultithreadedTaskDispatcher with 12 workers.
 -> (artifact id: 'e81675f17296a51f1a83e46676478186') in 0.018645 seconds
Number of updated asset objects reloaded before import = 0
Number of asset objects unloaded after import = 3
========================================================================
Received Import Request.
  Time since last request: 0.000019 seconds.
  path: Assets/FantasyIconsPackFree/Icons/Arrow/MarauderBow.png
  artifactKey: Guid(2624c48670f92d649b04d03fe36abcd8) Importer(815301076,1909f56bfc062723c751e8b465ee728b)
Start importing Assets/FantasyIconsPackFree/Icons/Arrow/MarauderBow.png using Guid(2624c48670f92d649b04d03fe36abcd8) Importer(815301076,1909f56bfc062723c751e8b465ee728b) [PhysX] Initialized MultithreadedTaskDispatcher with 12 workers.
[PhysX] Initialized MultithreadedTaskDispatcher with 12 workers.
 -> (artifact id: 'a65ee38c20d0aa979784ae9feb9ae952') in 0.017846 seconds
Number of updated asset objects reloaded before import = 0
Number of asset objects unloaded after import = 3
========================================================================
Received Import Request.
  Time since last request: 0.000022 seconds.
  path: Assets/GoldenSkullStudios/2D/2D_Iso_Tile_Pack_Starter/Autotiles/WaterBlock_Shores_Simple/Sprites/ISO_Tile_Water_Shore_1S_02.png
  artifactKey: Guid(87870c9534de46449918451f0c36595b) Importer(815301076,1909f56bfc062723c751e8b465ee728b)
Start importing Assets/GoldenSkullStudios/2D/2D_Iso_Tile_Pack_Starter/Autotiles/WaterBlock_Shores_Simple/Sprites/ISO_Tile_Water_Shore_1S_02.png using Guid(87870c9534de46449918451f0c36595b) Importer(815301076,1909f56bfc062723c751e8b465ee728b) [PhysX] Initialized MultithreadedTaskDispatcher with 12 workers.
[PhysX] Initialized MultithreadedTaskDispatcher with 12 workers.
 -> (artifact id: 'e85de652e5800c9c81b6f23f7bbd87d7') in 0.017277 seconds
Number of updated asset objects reloaded before import = 0
Number of asset objects unloaded after import = 3
========================================================================
Received Import Request.
  Time since last request: 0.000020 seconds.
  path: Assets/FantasyIconsPackFree/Icons/Gloves/ManticoreArmor.png
  artifactKey: Guid(f60a784b4c692634c923c83dc6d7addb) Importer(815301076,1909f56bfc062723c751e8b465ee728b)
Start importing Assets/FantasyIconsPackFree/Icons/Gloves/ManticoreArmor.png using Guid(f60a784b4c692634c923c83dc6d7addb) Importer(815301076,1909f56bfc062723c751e8b465ee728b) [PhysX] Initialized MultithreadedTaskDispatcher with 12 workers.
[PhysX] Initialized MultithreadedTaskDispatcher with 12 workers.
 -> (artifact id: '0c16f42c22fafdfc4f257925187f7536') in 0.021301 seconds
Number of updated asset objects reloaded before import = 0
Number of asset objects unloaded after import = 3
========================================================================
Received Import Request.
  Time since last request: 0.000027 seconds.
  path: Assets/GoldenSkullStudios/2D/2D_Iso_Tile_Pack_Starter/Autotiles/WaterBlock_Shores_Complex/Sprites/ISO_Tile_Water_Shore_1S_02.png
  artifactKey: Guid(6e4ea4e193ca3b04799c825019e5bab9) Importer(815301076,1909f56bfc062723c751e8b465ee728b)
Start importing Assets/GoldenSkullStudios/2D/2D_Iso_Tile_Pack_Starter/Autotiles/WaterBlock_Shores_Complex/Sprites/ISO_Tile_Water_Shore_1S_02.png using Guid(6e4ea4e193ca3b04799c825019e5bab9) Importer(815301076,1909f56bfc062723c751e8b465ee728b) [PhysX] Initialized MultithreadedTaskDispatcher with 12 workers.
[PhysX] Initialized MultithreadedTaskDispatcher with 12 workers.
 -> (artifact id: '6efa44e9f0da954975f16285df340f1f') in 0.017058 seconds
Number of updated asset objects reloaded before import = 0
Number of asset objects unloaded after import = 3
========================================================================
Received Import Request.
  Time since last request: 0.000026 seconds.
  path: Assets/GoldenSkullStudios/2D/2D_Iso_Tile_Pack_Starter/Autotiles/WaterBlock_Shores_Complex/Sprites/ISO_Tile_Water_Shore_1S1C_01.png
  artifactKey: Guid(d30d711eab1e29040be6febfe4f6ff24) Importer(815301076,1909f56bfc062723c751e8b465ee728b)
Start importing Assets/GoldenSkullStudios/2D/2D_Iso_Tile_Pack_Starter/Autotiles/WaterBlock_Shores_Complex/Sprites/ISO_Tile_Water_Shore_1S1C_01.png using Guid(d30d711eab1e29040be6febfe4f6ff24) Importer(815301076,1909f56bfc062723c751e8b465ee728b) [PhysX] Initialized MultithreadedTaskDispatcher with 12 workers.
[PhysX] Initialized MultithreadedTaskDispatcher with 12 workers.
 -> (artifact id: '464d251236c90027df7a4df922c8cc93') in 0.017761 seconds
Number of updated asset objects reloaded before import = 0
Number of asset objects unloaded after import = 3
========================================================================
Received Import Request.
  Time since last request: 0.000017 seconds.
  path: Assets/GoldenSkullStudios/2D/2D_Iso_Tile_Pack_Starter/Autotiles/WaterBlock_Shores_Complex/Sprites/ISO_Tile_Water_Shore_1S2C_04.png
  artifactKey: Guid(5f9ce9825f1636a44abf32e32f06a8c1) Importer(815301076,1909f56bfc062723c751e8b465ee728b)
Start importing Assets/GoldenSkullStudios/2D/2D_Iso_Tile_Pack_Starter/Autotiles/WaterBlock_Shores_Complex/Sprites/ISO_Tile_Water_Shore_1S2C_04.png using Guid(5f9ce9825f1636a44abf32e32f06a8c1) Importer(815301076,1909f56bfc062723c751e8b465ee728b) [PhysX] Initialized MultithreadedTaskDispatcher with 12 workers.
[PhysX] Initialized MultithreadedTaskDispatcher with 12 workers.
 -> (artifact id: '8eb9c49185c3e2e0d8ad4eb945e1960e') in 0.019539 seconds
Number of updated asset objects reloaded before import = 0
Number of asset objects unloaded after import = 3
========================================================================
Received Import Request.
  Time since last request: 0.000017 seconds.
  path: Assets/GoldenSkullStudios/2D/2D_Iso_Tile_Pack_Starter/Sprites/Wood/ISO_Tile_Wood_02.png
  artifactKey: Guid(c6f660a607553f44fbd0d5d8eb72a04b) Importer(815301076,1909f56bfc062723c751e8b465ee728b)
Start importing Assets/GoldenSkullStudios/2D/2D_Iso_Tile_Pack_Starter/Sprites/Wood/ISO_Tile_Wood_02.png using Guid(c6f660a607553f44fbd0d5d8eb72a04b) Importer(815301076,1909f56bfc062723c751e8b465ee728b) [PhysX] Initialized MultithreadedTaskDispatcher with 12 workers.
[PhysX] Initialized MultithreadedTaskDispatcher with 12 workers.
 -> (artifact id: '4e6b670efe168e8238176c305d538166') in 0.020838 seconds
Number of updated asset objects reloaded before import = 0
Number of asset objects unloaded after import = 3
========================================================================
Received Import Request.
  Time since last request: 0.000025 seconds.
  path: Assets/GoldenSkullStudios/2D/2D_Iso_Tile_Pack_Starter/Autotiles/WaterBlock_Shores_Complex/Sprites/ISO_Tile_Water_Shore_2C_03.png
  artifactKey: Guid(5dfb01527a3851a4fb5001a86afaca9a) Importer(815301076,1909f56bfc062723c751e8b465ee728b)
Start importing Assets/GoldenSkullStudios/2D/2D_Iso_Tile_Pack_Starter/Autotiles/WaterBlock_Shores_Complex/Sprites/ISO_Tile_Water_Shore_2C_03.png using Guid(5dfb01527a3851a4fb5001a86afaca9a) Importer(815301076,1909f56bfc062723c751e8b465ee728b) [PhysX] Initialized MultithreadedTaskDispatcher with 12 workers.
[PhysX] Initialized MultithreadedTaskDispatcher with 12 workers.
 -> (artifact id: '45ed73fe51b9f6c189cc7f6464f1d99b') in 0.017239 seconds
Number of updated asset objects reloaded before import = 0
Number of asset objects unloaded after import = 3
========================================================================
Received Import Request.
  Time since last request: 0.002037 seconds.
  path: Assets/FantasyIconsPackFree/Icons/Bow/MarauderBow.png
  artifactKey: Guid(51d0cbd98e5243c4eac6f1e283a558c2) Importer(815301076,1909f56bfc062723c751e8b465ee728b)
Start importing Assets/FantasyIconsPackFree/Icons/Bow/MarauderBow.png using Guid(51d0cbd98e5243c4eac6f1e283a558c2) Importer(815301076,1909f56bfc062723c751e8b465ee728b) [PhysX] Initialized MultithreadedTaskDispatcher with 12 workers.
[PhysX] Initialized MultithreadedTaskDispatcher with 12 workers.
 -> (artifact id: 'a3966797c19307043c8b3725c1593e46') in 0.015473 seconds
Number of updated asset objects reloaded before import = 0
Number of asset objects unloaded after import = 3
========================================================================
Received Import Request.
  Time since last request: 0.000015 seconds.
  path: Assets/Blink/Art/Icons/Classes/HolyDarkness/Medium/Medium15.png
  artifactKey: Guid(c0c621637e6ca054cb6f00c56255ade7) Importer(815301076,1909f56bfc062723c751e8b465ee728b)
Start importing Assets/Blink/Art/Icons/Classes/HolyDarkness/Medium/Medium15.png using Guid(c0c621637e6ca054cb6f00c56255ade7) Importer(815301076,1909f56bfc062723c751e8b465ee728b) [PhysX] Initialized MultithreadedTaskDispatcher with 12 workers.
[PhysX] Initialized MultithreadedTaskDispatcher with 12 workers.
 -> (artifact id: '1636f6b6f62e9c7b2efd9d8584073f87') in 0.018579 seconds
Number of updated asset objects reloaded before import = 0
Number of asset objects unloaded after import = 3
========================================================================
Received Import Request.
  Time since last request: 0.000017 seconds.
  path: Assets/FantasyIconsPackFree/Icons/MeleeWeapon2H/MountainSword [Paint].png
  artifactKey: Guid(62a99ebf2f5cfe04da1d208b9e7817a9) Importer(815301076,1909f56bfc062723c751e8b465ee728b)
Start importing Assets/FantasyIconsPackFree/Icons/MeleeWeapon2H/MountainSword [Paint].png using Guid(62a99ebf2f5cfe04da1d208b9e7817a9) Importer(815301076,1909f56bfc062723c751e8b465ee728b) [PhysX] Initialized MultithreadedTaskDispatcher with 12 workers.
[PhysX] Initialized MultithreadedTaskDispatcher with 12 workers.
 -> (artifact id: 'b9672ac0ebfef196223e632711303def') in 0.015732 seconds
Number of updated asset objects reloaded before import = 0
Number of asset objects unloaded after import = 3
========================================================================
Received Import Request.
  Time since last request: 0.001464 seconds.
  path: Assets/Blink/Art/Icons/Classes/HolyDarkness/Necromancer/Necromancer3.png
  artifactKey: Guid(eac3e2cd2f3070a4cb2521c534e1964f) Importer(815301076,1909f56bfc062723c751e8b465ee728b)
Start importing Assets/Blink/Art/Icons/Classes/HolyDarkness/Necromancer/Necromancer3.png using Guid(eac3e2cd2f3070a4cb2521c534e1964f) Importer(815301076,1909f56bfc062723c751e8b465ee728b) [PhysX] Initialized MultithreadedTaskDispatcher with 12 workers.
[PhysX] Initialized MultithreadedTaskDispatcher with 12 workers.
 -> (artifact id: '7c37361ad5e46f20dae6c8a2e815af4f') in 0.016264 seconds
Number of updated asset objects reloaded before import = 0
Number of asset objects unloaded after import = 3
========================================================================
Received Import Request.
  Time since last request: 0.000023 seconds.
  path: Assets/SPUM/Resources/Addons/Ver300/0_Unit/0_Sprite/10_Back/New_Back_01.png
  artifactKey: Guid(e6689df52c68c4ffa82bf6e2e3f17a73) Importer(815301076,1909f56bfc062723c751e8b465ee728b)
Start importing Assets/SPUM/Resources/Addons/Ver300/0_Unit/0_Sprite/10_Back/New_Back_01.png using Guid(e6689df52c68c4ffa82bf6e2e3f17a73) Importer(815301076,1909f56bfc062723c751e8b465ee728b) [PhysX] Initialized MultithreadedTaskDispatcher with 12 workers.
[PhysX] Initialized MultithreadedTaskDispatcher with 12 workers.
 -> (artifact id: '7f8d17df276d4a79c49e02d05570f66a') in 0.013665 seconds
Number of updated asset objects reloaded before import = 0
Number of asset objects unloaded after import = 3
========================================================================
Received Import Request.
  Time since last request: 0.000018 seconds.
  path: Assets/SPUM/Resources/Addons/Ver300/0_Unit/0_Sprite/2_Hair/New_Hair_01.png
  artifactKey: Guid(a04f720901d7e40daa3a509c2ba96a0c) Importer(815301076,1909f56bfc062723c751e8b465ee728b)
Start importing Assets/SPUM/Resources/Addons/Ver300/0_Unit/0_Sprite/2_Hair/New_Hair_01.png using Guid(a04f720901d7e40daa3a509c2ba96a0c) Importer(815301076,1909f56bfc062723c751e8b465ee728b) [PhysX] Initialized MultithreadedTaskDispatcher with 12 workers.
[PhysX] Initialized MultithreadedTaskDispatcher with 12 workers.
 -> (artifact id: '850e4c823b2a3a08e9b9fe42268e54dd') in 0.015789 seconds
Number of updated asset objects reloaded before import = 0
Number of asset objects unloaded after import = 3
========================================================================
Received Import Request.
  Time since last request: 0.000017 seconds.
  path: Assets/SPUM/Resources/Addons/Ver300/0_Unit/0_Sprite/2_Hair/New_Hair_02.png
  artifactKey: Guid(a221d28f8581d4b5eb0e20fee81c5cc9) Importer(815301076,1909f56bfc062723c751e8b465ee728b)
Start importing Assets/SPUM/Resources/Addons/Ver300/0_Unit/0_Sprite/2_Hair/New_Hair_02.png using Guid(a221d28f8581d4b5eb0e20fee81c5cc9) Importer(815301076,1909f56bfc062723c751e8b465ee728b) [PhysX] Initialized MultithreadedTaskDispatcher with 12 workers.
[PhysX] Initialized MultithreadedTaskDispatcher with 12 workers.
 -> (artifact id: '31ca6eefdba16314ed434d6f01e291b4') in 0.014562 seconds
Number of updated asset objects reloaded before import = 0
Number of asset objects unloaded after import = 3
========================================================================
Received Import Request.
  Time since last request: 0.004401 seconds.
  path: Assets/SPUM/Resources/Addons/Ver300/0_Unit/0_Sprite/2_Hair/New_Hair_04.png
  artifactKey: Guid(555fa4a87b6b8459ba08a841fb8e1f4b) Importer(815301076,1909f56bfc062723c751e8b465ee728b)
Start importing Assets/SPUM/Resources/Addons/Ver300/0_Unit/0_Sprite/2_Hair/New_Hair_04.png using Guid(555fa4a87b6b8459ba08a841fb8e1f4b) Importer(815301076,1909f56bfc062723c751e8b465ee728b) [PhysX] Initialized MultithreadedTaskDispatcher with 12 workers.
[PhysX] Initialized MultithreadedTaskDispatcher with 12 workers.
 -> (artifact id: '84ec61958674b5ced984f661ea3aebb0') in 0.013133 seconds
Number of updated asset objects reloaded before import = 0
Number of asset objects unloaded after import = 3
========================================================================
Received Import Request.
  Time since last request: 0.001983 seconds.
  path: Assets/SPUM/Resources/Addons/Ver300/0_Unit/0_Sprite/2_Hair/New_Hair_06.png
  artifactKey: Guid(b6063378e26704067a2587f07d800ee9) Importer(815301076,1909f56bfc062723c751e8b465ee728b)
Start importing Assets/SPUM/Resources/Addons/Ver300/0_Unit/0_Sprite/2_Hair/New_Hair_06.png using Guid(b6063378e26704067a2587f07d800ee9) Importer(815301076,1909f56bfc062723c751e8b465ee728b) [PhysX] Initialized MultithreadedTaskDispatcher with 12 workers.
[PhysX] Initialized MultithreadedTaskDispatcher with 12 workers.
 -> (artifact id: 'a78e3dc595f73899604cd395a7609915') in 0.013007 seconds
Number of updated asset objects reloaded before import = 0
Number of asset objects unloaded after import = 3
========================================================================
Received Import Request.
  Time since last request: 0.002209 seconds.
  path: Assets/SPUM/Resources/Addons/Ver300/0_Unit/0_Sprite/2_Hair/New_Hair_08.png
  artifactKey: Guid(9fa181de1959b4dac921f0756f002901) Importer(815301076,1909f56bfc062723c751e8b465ee728b)
Start importing Assets/SPUM/Resources/Addons/Ver300/0_Unit/0_Sprite/2_Hair/New_Hair_08.png using Guid(9fa181de1959b4dac921f0756f002901) Importer(815301076,1909f56bfc062723c751e8b465ee728b) [PhysX] Initialized MultithreadedTaskDispatcher with 12 workers.
[PhysX] Initialized MultithreadedTaskDispatcher with 12 workers.
 -> (artifact id: '813f52f2343295c13744bf403a81f6f1') in 0.013789 seconds
Number of updated asset objects reloaded before import = 0
Number of asset objects unloaded after import = 3
========================================================================
Received Import Request.
  Time since last request: 0.001848 seconds.
  path: Assets/SPUM/Resources/Addons/Ver300/0_Unit/0_Sprite/2_Hair/New_Hair_10.png
  artifactKey: Guid(80e0cccdaf539a44c89e4d96d0fcfb3a) Importer(815301076,1909f56bfc062723c751e8b465ee728b)
Start importing Assets/SPUM/Resources/Addons/Ver300/0_Unit/0_Sprite/2_Hair/New_Hair_10.png using Guid(80e0cccdaf539a44c89e4d96d0fcfb3a) Importer(815301076,1909f56bfc062723c751e8b465ee728b) [PhysX] Initialized MultithreadedTaskDispatcher with 12 workers.
[PhysX] Initialized MultithreadedTaskDispatcher with 12 workers.
 -> (artifact id: '56dcec2bec6fd763b23b63df6a39d07e') in 0.014006 seconds
Number of updated asset objects reloaded before import = 0
Number of asset objects unloaded after import = 3
========================================================================
Received Import Request.
  Time since last request: 0.002343 seconds.
  path: Assets/SPUM/Resources/Addons/Ver300/0_Unit/0_Sprite/2_Hair/New_Hair_12.png
  artifactKey: Guid(418362a88ec484e62b5aae771d2e687e) Importer(815301076,1909f56bfc062723c751e8b465ee728b)
Start importing Assets/SPUM/Resources/Addons/Ver300/0_Unit/0_Sprite/2_Hair/New_Hair_12.png using Guid(418362a88ec484e62b5aae771d2e687e) Importer(815301076,1909f56bfc062723c751e8b465ee728b) [PhysX] Initialized MultithreadedTaskDispatcher with 12 workers.
[PhysX] Initialized MultithreadedTaskDispatcher with 12 workers.
 -> (artifact id: 'dc51e6a9e7032b3797f431ec36ae9ff6') in 0.014803 seconds
Number of updated asset objects reloaded before import = 0
Number of asset objects unloaded after import = 3
========================================================================
Received Import Request.
  Time since last request: 0.001164 seconds.
  path: Assets/SPUM/Resources/Addons/Ver300/0_Unit/0_Sprite/2_Hair/New_Hair_14.png
  artifactKey: Guid(0519c0165e34c4e439be04571b1af58f) Importer(815301076,1909f56bfc062723c751e8b465ee728b)
Start importing Assets/SPUM/Resources/Addons/Ver300/0_Unit/0_Sprite/2_Hair/New_Hair_14.png using Guid(0519c0165e34c4e439be04571b1af58f) Importer(815301076,1909f56bfc062723c751e8b465ee728b) [PhysX] Initialized MultithreadedTaskDispatcher with 12 workers.
[PhysX] Initialized MultithreadedTaskDispatcher with 12 workers.
 -> (artifact id: '5c126cf26a72f936a2425f7be7bda59e') in 0.014653 seconds
Number of updated asset objects reloaded before import = 0
Number of asset objects unloaded after import = 3
========================================================================
Received Import Request.
  Time since last request: 0.122361 seconds.
  path: Assets/SPUM/Resources/Addons/Ver300/0_Unit/0_Sprite/2_Hair/New_Hair_16.png
  artifactKey: Guid(a0738f9b6fc444146ae1b68541e000f5) Importer(815301076,1909f56bfc062723c751e8b465ee728b)
Start importing Assets/SPUM/Resources/Addons/Ver300/0_Unit/0_Sprite/2_Hair/New_Hair_16.png using Guid(a0738f9b6fc444146ae1b68541e000f5) Importer(815301076,1909f56bfc062723c751e8b465ee728b) [PhysX] Initialized MultithreadedTaskDispatcher with 12 workers.
[PhysX] Initialized MultithreadedTaskDispatcher with 12 workers.
 -> (artifact id: '8117044d778927616963dd99429f73e2') in 0.016088 seconds
Number of updated asset objects reloaded before import = 0
Number of asset objects unloaded after import = 3
========================================================================
Received Import Request.
  Time since last request: 0.002231 seconds.
  path: Assets/SPUM/Resources/Addons/Ver300/0_Unit/0_Sprite/2_Hair/New_Hair_18.png
  artifactKey: Guid(a6472ecd26e224a72b9b5dc31231784b) Importer(815301076,1909f56bfc062723c751e8b465ee728b)
Start importing Assets/SPUM/Resources/Addons/Ver300/0_Unit/0_Sprite/2_Hair/New_Hair_18.png using Guid(a6472ecd26e224a72b9b5dc31231784b) Importer(815301076,1909f56bfc062723c751e8b465ee728b) [PhysX] Initialized MultithreadedTaskDispatcher with 12 workers.
[PhysX] Initialized MultithreadedTaskDispatcher with 12 workers.
 -> (artifact id: '9880df2bf23aadc0ed221b3d273240c7') in 0.016281 seconds
Number of updated asset objects reloaded before import = 0
Number of asset objects unloaded after import = 3
========================================================================
Received Import Request.
  Time since last request: 0.002177 seconds.
  path: Assets/SPUM/Resources/Addons/Ver300/0_Unit/0_Sprite/2_Hair/New_Hair_20.png
  artifactKey: Guid(b7c72ebe62ba01e4f8be989021267fbc) Importer(815301076,1909f56bfc062723c751e8b465ee728b)
Start importing Assets/SPUM/Resources/Addons/Ver300/0_Unit/0_Sprite/2_Hair/New_Hair_20.png using Guid(b7c72ebe62ba01e4f8be989021267fbc) Importer(815301076,1909f56bfc062723c751e8b465ee728b) [PhysX] Initialized MultithreadedTaskDispatcher with 12 workers.
[PhysX] Initialized MultithreadedTaskDispatcher with 12 workers.
 -> (artifact id: 'b60eb81de08a59b26f9b6d52bcd63222') in 0.017148 seconds
Number of updated asset objects reloaded before import = 0
Number of asset objects unloaded after import = 3
========================================================================
Received Import Request.
  Time since last request: 0.000640 seconds.
  path: Assets/SPUM/Resources/Addons/Ver300/0_Unit/0_Sprite/4_Helmet/New_Helmet_02.png
  artifactKey: Guid(a79f145e10eea4e999334e278812b365) Importer(815301076,1909f56bfc062723c751e8b465ee728b)
Start importing Assets/SPUM/Resources/Addons/Ver300/0_Unit/0_Sprite/4_Helmet/New_Helmet_02.png using Guid(a79f145e10eea4e999334e278812b365) Importer(815301076,1909f56bfc062723c751e8b465ee728b) [PhysX] Initialized MultithreadedTaskDispatcher with 12 workers.
[PhysX] Initialized MultithreadedTaskDispatcher with 12 workers.
 -> (artifact id: 'c88ed7ec20494cad0c7e2f32926f92c3') in 0.018673 seconds
Number of updated asset objects reloaded before import = 0
Number of asset objects unloaded after import = 3
========================================================================
Received Import Request.
  Time since last request: 0.000019 seconds.
  path: Assets/SPUM/Resources/Addons/Ver300/0_Unit/0_Sprite/4_Helmet/New_Helmet_04.png
  artifactKey: Guid(ea5c4fc418c71491eb063b759868a2a1) Importer(815301076,1909f56bfc062723c751e8b465ee728b)
Start importing Assets/SPUM/Resources/Addons/Ver300/0_Unit/0_Sprite/4_Helmet/New_Helmet_04.png using Guid(ea5c4fc418c71491eb063b759868a2a1) Importer(815301076,1909f56bfc062723c751e8b465ee728b) [PhysX] Initialized MultithreadedTaskDispatcher with 12 workers.
[PhysX] Initialized MultithreadedTaskDispatcher with 12 workers.
 -> (artifact id: 'ae60763628c762d00726ebc7f162a394') in 0.016552 seconds
Number of updated asset objects reloaded before import = 0
Number of asset objects unloaded after import = 3
========================================================================
Received Import Request.
  Time since last request: 0.000020 seconds.
  path: Assets/SPUM/Resources/Addons/Ver300/0_Unit/0_Sprite/4_Helmet/New_Helmet_06.png
  artifactKey: Guid(2904f6c2d794c458e898120e51a66cd9) Importer(815301076,1909f56bfc062723c751e8b465ee728b)
Start importing Assets/SPUM/Resources/Addons/Ver300/0_Unit/0_Sprite/4_Helmet/New_Helmet_06.png using Guid(2904f6c2d794c458e898120e51a66cd9) Importer(815301076,1909f56bfc062723c751e8b465ee728b) [PhysX] Initialized MultithreadedTaskDispatcher with 12 workers.
[PhysX] Initialized MultithreadedTaskDispatcher with 12 workers.
 -> (artifact id: 'bfe034dc16a6455261ecb0b926083024') in 0.016799 seconds
Number of updated asset objects reloaded before import = 0
Number of asset objects unloaded after import = 3
========================================================================
Received Import Request.
  Time since last request: 0.007830 seconds.
  path: Assets/SPUM/Resources/Addons/Ver300/0_Unit/0_Sprite/4_Helmet/New_Helmet_08.png
  artifactKey: Guid(9bad6bc83651a47fd87cadff0d08bdc8) Importer(815301076,1909f56bfc062723c751e8b465ee728b)
Start importing Assets/SPUM/Resources/Addons/Ver300/0_Unit/0_Sprite/4_Helmet/New_Helmet_08.png using Guid(9bad6bc83651a47fd87cadff0d08bdc8) Importer(815301076,1909f56bfc062723c751e8b465ee728b) [PhysX] Initialized MultithreadedTaskDispatcher with 12 workers.
[PhysX] Initialized MultithreadedTaskDispatcher with 12 workers.
 -> (artifact id: 'a5c022fd8bcea062729e3dc17191d05f') in 0.014115 seconds
Number of updated asset objects reloaded before import = 0
Number of asset objects unloaded after import = 3
========================================================================
Received Import Request.
  Time since last request: 0.001011 seconds.
  path: Assets/SPUM/Resources/Addons/Ver300/0_Unit/0_Sprite/4_Helmet/New_Helmet_10.png
  artifactKey: Guid(7dfd9fba81e474004986cd7f812dbe38) Importer(815301076,1909f56bfc062723c751e8b465ee728b)
Start importing Assets/SPUM/Resources/Addons/Ver300/0_Unit/0_Sprite/4_Helmet/New_Helmet_10.png using Guid(7dfd9fba81e474004986cd7f812dbe38) Importer(815301076,1909f56bfc062723c751e8b465ee728b) [PhysX] Initialized MultithreadedTaskDispatcher with 12 workers.
[PhysX] Initialized MultithreadedTaskDispatcher with 12 workers.
 -> (artifact id: 'f1f487cf2c54892caf8f31cbcf167934') in 0.014274 seconds
Number of updated asset objects reloaded before import = 0
Number of asset objects unloaded after import = 3
========================================================================
Received Import Request.
  Time since last request: 0.002918 seconds.
  path: Assets/SPUM/Resources/Addons/Ver300/0_Unit/0_Sprite/8_Weapons/7_Shield/New_Shield_02.png
  artifactKey: Guid(e03eed09328f2413d8a7cf2a8e5d1b94) Importer(815301076,1909f56bfc062723c751e8b465ee728b)
Start importing Assets/SPUM/Resources/Addons/Ver300/0_Unit/0_Sprite/8_Weapons/7_Shield/New_Shield_02.png using Guid(e03eed09328f2413d8a7cf2a8e5d1b94) Importer(815301076,1909f56bfc062723c751e8b465ee728b) [PhysX] Initialized MultithreadedTaskDispatcher with 12 workers.
[PhysX] Initialized MultithreadedTaskDispatcher with 12 workers.
 -> (artifact id: 'eef11654c523765139cf85eec9d75e95') in 0.014057 seconds
Number of updated asset objects reloaded before import = 0
Number of asset objects unloaded after import = 3
========================================================================
Received Import Request.
  Time since last request: 0.002573 seconds.
  path: Assets/SPUM/Resources/Addons/Ver300/0_Unit/0_Sprite/8_Weapons/7_Shield/New_Shield_04.png
  artifactKey: Guid(93b24a9c34e5343cfa78e20fb833609a) Importer(815301076,1909f56bfc062723c751e8b465ee728b)
Start importing Assets/SPUM/Resources/Addons/Ver300/0_Unit/0_Sprite/8_Weapons/7_Shield/New_Shield_04.png using Guid(93b24a9c34e5343cfa78e20fb833609a) Importer(815301076,1909f56bfc062723c751e8b465ee728b) [PhysX] Initialized MultithreadedTaskDispatcher with 12 workers.
[PhysX] Initialized MultithreadedTaskDispatcher with 12 workers.
 -> (artifact id: 'f5ab659cc07fb41128a302a89e9a542e') in 0.014125 seconds
Number of updated asset objects reloaded before import = 0
Number of asset objects unloaded after import = 3
========================================================================
Received Import Request.
  Time since last request: 0.003044 seconds.
  path: Assets/SPUM/Resources/Addons/Ver300/0_Unit/0_Sprite/8_Weapons/2_Axe/New_weapon_02.png
  artifactKey: Guid(865a7131292ca4737a2713362d123c94) Importer(815301076,1909f56bfc062723c751e8b465ee728b)
Start importing Assets/SPUM/Resources/Addons/Ver300/0_Unit/0_Sprite/8_Weapons/2_Axe/New_weapon_02.png using Guid(865a7131292ca4737a2713362d123c94) Importer(815301076,1909f56bfc062723c751e8b465ee728b) [PhysX] Initialized MultithreadedTaskDispatcher with 12 workers.
[PhysX] Initialized MultithreadedTaskDispatcher with 12 workers.
 -> (artifact id: 'e65d5278929fc0ae79b2de808829ef17') in 0.014786 seconds
Number of updated asset objects reloaded before import = 0
Number of asset objects unloaded after import = 3
========================================================================
Received Import Request.
  Time since last request: 0.000018 seconds.
  path: Assets/SPUM/Resources/Addons/Ver300/0_Unit/0_Sprite/8_Weapons/2_Axe/New_Weapon_04.png
  artifactKey: Guid(86c53b704f9924b74b39f01a089056b2) Importer(815301076,1909f56bfc062723c751e8b465ee728b)
Start importing Assets/SPUM/Resources/Addons/Ver300/0_Unit/0_Sprite/8_Weapons/2_Axe/New_Weapon_04.png using Guid(86c53b704f9924b74b39f01a089056b2) Importer(815301076,1909f56bfc062723c751e8b465ee728b) [PhysX] Initialized MultithreadedTaskDispatcher with 12 workers.
[PhysX] Initialized MultithreadedTaskDispatcher with 12 workers.
 -> (artifact id: 'bb0ccf58dc0046e5a50a6d7aba92c861') in 0.016085 seconds
Number of updated asset objects reloaded before import = 0
Number of asset objects unloaded after import = 3
========================================================================
Received Import Request.
  Time since last request: 0.618854 seconds.
  path: Assets/SPUM/Resources/Addons/Ver300/0_Unit/0_Sprite/8_Weapons/0_Sword/New_Weapon_06.png
  artifactKey: Guid(27428f826bad840f9bdbc88d5dcbfa6c) Importer(815301076,1909f56bfc062723c751e8b465ee728b)
Start importing Assets/SPUM/Resources/Addons/Ver300/0_Unit/0_Sprite/8_Weapons/0_Sword/New_Weapon_06.png using Guid(27428f826bad840f9bdbc88d5dcbfa6c) Importer(815301076,1909f56bfc062723c751e8b465ee728b) [PhysX] Initialized MultithreadedTaskDispatcher with 12 workers.
[PhysX] Initialized MultithreadedTaskDispatcher with 12 workers.
 -> (artifact id: '89270f92eaa12eb300b959e946ba3e5e') in 0.013040 seconds
Number of updated asset objects reloaded before import = 0
Number of asset objects unloaded after import = 3
========================================================================
Received Import Request.
  Time since last request: 0.001277 seconds.
  path: Assets/SPUM/Resources/Addons/Ver300/0_Unit/0_Sprite/8_Weapons/2_Axe/New_Weapon_08.png
  artifactKey: Guid(89a79317a445e4ed8a8e70115f8a1cc0) Importer(815301076,1909f56bfc062723c751e8b465ee728b)
Start importing Assets/SPUM/Resources/Addons/Ver300/0_Unit/0_Sprite/8_Weapons/2_Axe/New_Weapon_08.png using Guid(89a79317a445e4ed8a8e70115f8a1cc0) Importer(815301076,1909f56bfc062723c751e8b465ee728b) [PhysX] Initialized MultithreadedTaskDispatcher with 12 workers.
[PhysX] Initialized MultithreadedTaskDispatcher with 12 workers.
 -> (artifact id: '41f694b8c728e22b05d71963d833d436') in 0.014128 seconds
Number of updated asset objects reloaded before import = 0
Number of asset objects unloaded after import = 3
========================================================================
Received Import Request.
  Time since last request: 0.001337 seconds.
  path: Assets/SPUM/Resources/Addons/Ver300/0_Unit/0_Sprite/8_Weapons/3_Bow/New_Weapon_10.png
  artifactKey: Guid(b703d7727b08947219074023baf91225) Importer(815301076,1909f56bfc062723c751e8b465ee728b)
Start importing Assets/SPUM/Resources/Addons/Ver300/0_Unit/0_Sprite/8_Weapons/3_Bow/New_Weapon_10.png using Guid(b703d7727b08947219074023baf91225) Importer(815301076,1909f56bfc062723c751e8b465ee728b) [PhysX] Initialized MultithreadedTaskDispatcher with 12 workers.
[PhysX] Initialized MultithreadedTaskDispatcher with 12 workers.
 -> (artifact id: '4c08d6806b58c4de386fa433aacdd37f') in 0.014094 seconds
Number of updated asset objects reloaded before import = 0
Number of asset objects unloaded after import = 3
========================================================================
Received Import Request.
  Time since last request: 0.013795 seconds.
  path: Assets/SPUM/Resources/Addons/Ver300/0_Unit/0_Sprite/8_Weapons/3_Bow/New_Weapon_12.png
  artifactKey: Guid(1242d9257f164482a9504def032942ed) Importer(815301076,1909f56bfc062723c751e8b465ee728b)
Start importing Assets/SPUM/Resources/Addons/Ver300/0_Unit/0_Sprite/8_Weapons/3_Bow/New_Weapon_12.png using Guid(1242d9257f164482a9504def032942ed) Importer(815301076,1909f56bfc062723c751e8b465ee728b) [PhysX] Initialized MultithreadedTaskDispatcher with 12 workers.
[PhysX] Initialized MultithreadedTaskDispatcher with 12 workers.
 -> (artifact id: '99d2c7169af8ce037882a42704c65d19') in 0.013209 seconds
Number of updated asset objects reloaded before import = 0
Number of asset objects unloaded after import = 3
========================================================================
Received Import Request.
  Time since last request: 0.001645 seconds.
  path: Assets/SPUM/Resources/Addons/Ver300/0_Unit/0_Sprite/8_Weapons/1_Spear/New_Weapon_14.png
  artifactKey: Guid(d9e76854390974b5aa6d9ba973659387) Importer(815301076,1909f56bfc062723c751e8b465ee728b)
Start importing Assets/SPUM/Resources/Addons/Ver300/0_Unit/0_Sprite/8_Weapons/1_Spear/New_Weapon_14.png using Guid(d9e76854390974b5aa6d9ba973659387) Importer(815301076,1909f56bfc062723c751e8b465ee728b) [PhysX] Initialized MultithreadedTaskDispatcher with 12 workers.
[PhysX] Initialized MultithreadedTaskDispatcher with 12 workers.
 -> (artifact id: '8f2803630f44ddd4e3ba1c7717915fdd') in 0.013205 seconds
Number of updated asset objects reloaded before import = 0
Number of asset objects unloaded after import = 3
========================================================================
Received Import Request.
  Time since last request: 0.002263 seconds.
  path: Assets/SPUM/Resources/Addons/Ver300/0_Unit/0_Sprite/8_Weapons/1_Spear/New_Weapon_16.png
  artifactKey: Guid(9ceba41c6fb6d463ab9ecab86706972e) Importer(815301076,1909f56bfc062723c751e8b465ee728b)
Start importing Assets/SPUM/Resources/Addons/Ver300/0_Unit/0_Sprite/8_Weapons/1_Spear/New_Weapon_16.png using Guid(9ceba41c6fb6d463ab9ecab86706972e) Importer(815301076,1909f56bfc062723c751e8b465ee728b) [PhysX] Initialized MultithreadedTaskDispatcher with 12 workers.
[PhysX] Initialized MultithreadedTaskDispatcher with 12 workers.
 -> (artifact id: '04a8f4411aba892f892e05992d144121') in 0.013192 seconds
Number of updated asset objects reloaded before import = 0
Number of asset objects unloaded after import = 3
========================================================================
Received Import Request.
  Time since last request: 0.000016 seconds.
  path: Assets/SPUM/Resources/Addons/Ver300/0_Unit/0_Sprite/8_Weapons/0_Sword/New_Weapon_18.png
  artifactKey: Guid(5d146494dac5544c8bbfd426f29a9110) Importer(815301076,1909f56bfc062723c751e8b465ee728b)
Start importing Assets/SPUM/Resources/Addons/Ver300/0_Unit/0_Sprite/8_Weapons/0_Sword/New_Weapon_18.png using Guid(5d146494dac5544c8bbfd426f29a9110) Importer(815301076,1909f56bfc062723c751e8b465ee728b) [PhysX] Initialized MultithreadedTaskDispatcher with 12 workers.
[PhysX] Initialized MultithreadedTaskDispatcher with 12 workers.
 -> (artifact id: 'f6eac1bfee66d7c1ecfe9cf3ad4ad0c7') in 0.012622 seconds
Number of updated asset objects reloaded before import = 0
Number of asset objects unloaded after import = 3
========================================================================
Received Import Request.
  Time since last request: 0.000017 seconds.
  path: Assets/SPUM/Resources/Addons/Ver300/0_Unit/0_Sprite/8_Weapons/0_Sword/New_Weapon_20.png
  artifactKey: Guid(fcd3983f703124c5f9580c4d3b5a5823) Importer(815301076,1909f56bfc062723c751e8b465ee728b)
Start importing Assets/SPUM/Resources/Addons/Ver300/0_Unit/0_Sprite/8_Weapons/0_Sword/New_Weapon_20.png using Guid(fcd3983f703124c5f9580c4d3b5a5823) Importer(815301076,1909f56bfc062723c751e8b465ee728b) [PhysX] Initialized MultithreadedTaskDispatcher with 12 workers.
[PhysX] Initialized MultithreadedTaskDispatcher with 12 workers.
 -> (artifact id: 'eb569fdd8f5cd5ac470c27d77b84368a') in 0.012747 seconds
Number of updated asset objects reloaded before import = 0
Number of asset objects unloaded after import = 3
========================================================================
Received Import Request.
  Time since last request: 0.000017 seconds.
  path: Assets/SPUM/Resources/Addons/Ver121/0_Unit/0_Sprite/0_Hair/Normal_Hair2.png
  artifactKey: Guid(4fd33a6638beeed4ca29d781afc6fb8a) Importer(815301076,1909f56bfc062723c751e8b465ee728b)
Start importing Assets/SPUM/Resources/Addons/Ver121/0_Unit/0_Sprite/0_Hair/Normal_Hair2.png using Guid(4fd33a6638beeed4ca29d781afc6fb8a) Importer(815301076,1909f56bfc062723c751e8b465ee728b) [PhysX] Initialized MultithreadedTaskDispatcher with 12 workers.
[PhysX] Initialized MultithreadedTaskDispatcher with 12 workers.
 -> (artifact id: '4174f9d784b8187731f11643ad3e6019') in 0.015217 seconds
Number of updated asset objects reloaded before import = 0
Number of asset objects unloaded after import = 3
========================================================================
Received Import Request.
  Time since last request: 0.268357 seconds.
  path: Assets/SPUM/Resources/Addons/Ver121/0_Unit/0_Sprite/0_Hair/Normal_Hair4.png
  artifactKey: Guid(4a816c9996d33c74794a28c5a1c1e7eb) Importer(815301076,1909f56bfc062723c751e8b465ee728b)
Start importing Assets/SPUM/Resources/Addons/Ver121/0_Unit/0_Sprite/0_Hair/Normal_Hair4.png using Guid(4a816c9996d33c74794a28c5a1c1e7eb) Importer(815301076,1909f56bfc062723c751e8b465ee728b) [PhysX] Initialized MultithreadedTaskDispatcher with 12 workers.
[PhysX] Initialized MultithreadedTaskDispatcher with 12 workers.
 -> (artifact id: 'dac522d0115cd3afb9321cf0b05fcefa') in 0.014190 seconds
Number of updated asset objects reloaded before import = 0
Number of asset objects unloaded after import = 3
========================================================================
Received Import Request.
  Time since last request: 0.000925 seconds.
  path: Assets/SPUM/Resources/Addons/Ver121/0_Unit/0_Sprite/0_Hair/Normal_Hair6.png
  artifactKey: Guid(491cb7b79a820ef4e8caf22062770893) Importer(815301076,1909f56bfc062723c751e8b465ee728b)
Start importing Assets/SPUM/Resources/Addons/Ver121/0_Unit/0_Sprite/0_Hair/Normal_Hair6.png using Guid(491cb7b79a820ef4e8caf22062770893) Importer(815301076,1909f56bfc062723c751e8b465ee728b) [PhysX] Initialized MultithreadedTaskDispatcher with 12 workers.
[PhysX] Initialized MultithreadedTaskDispatcher with 12 workers.
 -> (artifact id: '1f6893863bcd46ab7dd9751c6e403d20') in 0.015078 seconds
Number of updated asset objects reloaded before import = 0
Number of asset objects unloaded after import = 3
========================================================================
Received Import Request.
  Time since last request: 0.000016 seconds.
  path: Assets/SPUM/Resources/Addons/Ver121/0_Unit/0_Sprite/0_Hair/Normal_Hair8.png
  artifactKey: Guid(93a9a243857ef944ba425e20a9a91b22) Importer(815301076,1909f56bfc062723c751e8b465ee728b)
Start importing Assets/SPUM/Resources/Addons/Ver121/0_Unit/0_Sprite/0_Hair/Normal_Hair8.png using Guid(93a9a243857ef944ba425e20a9a91b22) Importer(815301076,1909f56bfc062723c751e8b465ee728b) [PhysX] Initialized MultithreadedTaskDispatcher with 12 workers.
[PhysX] Initialized MultithreadedTaskDispatcher with 12 workers.
 -> (artifact id: '6279fc6c9dcbc8ab9a73b6a9a1854354') in 0.014825 seconds
Number of updated asset objects reloaded before import = 0
Number of asset objects unloaded after import = 3
========================================================================
Received Import Request.
  Time since last request: 0.002885 seconds.
  path: Assets/SPUM/Resources/Addons/Ver121/0_Unit/0_Sprite/0_Hair/Normal_Hair10.png
  artifactKey: Guid(526a63f569f45764bb83cd597474b85e) Importer(815301076,1909f56bfc062723c751e8b465ee728b)
Start importing Assets/SPUM/Resources/Addons/Ver121/0_Unit/0_Sprite/0_Hair/Normal_Hair10.png using Guid(526a63f569f45764bb83cd597474b85e) Importer(815301076,1909f56bfc062723c751e8b465ee728b) [PhysX] Initialized MultithreadedTaskDispatcher with 12 workers.
[PhysX] Initialized MultithreadedTaskDispatcher with 12 workers.
 -> (artifact id: 'e16591198e82061f6f1e0fcb22d0a1f6') in 0.014149 seconds
Number of updated asset objects reloaded before import = 0
Number of asset objects unloaded after import = 3
========================================================================
Received Import Request.
  Time since last request: 0.000818 seconds.
  path: Assets/SPUM/Resources/Addons/Ver121/0_Unit/0_Sprite/0_Hair/Normal_Hair12.png
  artifactKey: Guid(8ccaab09cead2a44daee6bc998cbef7d) Importer(815301076,1909f56bfc062723c751e8b465ee728b)
Start importing Assets/SPUM/Resources/Addons/Ver121/0_Unit/0_Sprite/0_Hair/Normal_Hair12.png using Guid(8ccaab09cead2a44daee6bc998cbef7d) Importer(815301076,1909f56bfc062723c751e8b465ee728b) [PhysX] Initialized MultithreadedTaskDispatcher with 12 workers.
[PhysX] Initialized MultithreadedTaskDispatcher with 12 workers.
 -> (artifact id: '04e0321e6a696ae80066df256b13d687') in 0.013889 seconds
Number of updated asset objects reloaded before import = 0
Number of asset objects unloaded after import = 3
========================================================================
Received Import Request.
  Time since last request: 0.000016 seconds.
  path: Assets/SPUM/Resources/Addons/Ver121/0_Unit/0_Sprite/4_Helmet/Normal_Helmet1.png
  artifactKey: Guid(71c3509a7d03cd04ab79608bc4787d09) Importer(815301076,1909f56bfc062723c751e8b465ee728b)
Start importing Assets/SPUM/Resources/Addons/Ver121/0_Unit/0_Sprite/4_Helmet/Normal_Helmet1.png using Guid(71c3509a7d03cd04ab79608bc4787d09) Importer(815301076,1909f56bfc062723c751e8b465ee728b) [PhysX] Initialized MultithreadedTaskDispatcher with 12 workers.
[PhysX] Initialized MultithreadedTaskDispatcher with 12 workers.
 -> (artifact id: '28ae83099c487d3913d76273ff2f5f9f') in 0.015534 seconds
Number of updated asset objects reloaded before import = 0
Number of asset objects unloaded after import = 3
========================================================================
Received Import Request.
  Time since last request: 0.225082 seconds.
  path: Assets/SPUM/Resources/Addons/Ver121/0_Unit/0_Sprite/4_Helmet/Normal_Helmet3.png
  artifactKey: Guid(ddd6b2be2ceeb1a4a905f2f5a905f65a) Importer(815301076,1909f56bfc062723c751e8b465ee728b)
Start importing Assets/SPUM/Resources/Addons/Ver121/0_Unit/0_Sprite/4_Helmet/Normal_Helmet3.png using Guid(ddd6b2be2ceeb1a4a905f2f5a905f65a) Importer(815301076,1909f56bfc062723c751e8b465ee728b) [PhysX] Initialized MultithreadedTaskDispatcher with 12 workers.
[PhysX] Initialized MultithreadedTaskDispatcher with 12 workers.
 -> (artifact id: 'a55fdfa51e378bc509a568921a8c6ed1') in 0.017047 seconds
Number of updated asset objects reloaded before import = 0
Number of asset objects unloaded after import = 3
========================================================================
Received Import Request.
  Time since last request: 0.000020 seconds.
  path: Assets/SimplePixelUI/artwork/halfcustomizible/square/toogle/off.png
  artifactKey: Guid(bb9e14963bf1eea4d9dec4fe54c1d800) Importer(815301076,1909f56bfc062723c751e8b465ee728b)
Start importing Assets/SimplePixelUI/artwork/halfcustomizible/square/toogle/off.png using Guid(bb9e14963bf1eea4d9dec4fe54c1d800) Importer(815301076,1909f56bfc062723c751e8b465ee728b) [PhysX] Initialized MultithreadedTaskDispatcher with 12 workers.
[PhysX] Initialized MultithreadedTaskDispatcher with 12 workers.
 -> (artifact id: 'fb18263553561ef82c37b8cdc9926c40') in 0.018676 seconds
Number of updated asset objects reloaded before import = 0
Number of asset objects unloaded after import = 3
========================================================================
Received Import Request.
  Time since last request: 0.000018 seconds.
  path: Assets/SimplePixelUI/artwork/halfcustomizible/square/toogle/off2.png
  artifactKey: Guid(de91fcf09b3a58c40bd25a04beee4093) Importer(815301076,1909f56bfc062723c751e8b465ee728b)
Start importing Assets/SimplePixelUI/artwork/halfcustomizible/square/toogle/off2.png using Guid(de91fcf09b3a58c40bd25a04beee4093) Importer(815301076,1909f56bfc062723c751e8b465ee728b) [PhysX] Initialized MultithreadedTaskDispatcher with 12 workers.
[PhysX] Initialized MultithreadedTaskDispatcher with 12 workers.
 -> (artifact id: 'a71660ed94a2d6238c3ddcdc36bfac8e') in 0.016051 seconds
Number of updated asset objects reloaded before import = 0
Number of asset objects unloaded after import = 3
========================================================================
Received Import Request.
  Time since last request: 0.015512 seconds.
  path: Assets/FantasyIconsPackFree/Icons/MeleeWeapon2H/OldPoleaxe.png
  artifactKey: Guid(c03fbd6f990a8a54680cdd21777738e1) Importer(815301076,1909f56bfc062723c751e8b465ee728b)
Start importing Assets/FantasyIconsPackFree/Icons/MeleeWeapon2H/OldPoleaxe.png using Guid(c03fbd6f990a8a54680cdd21777738e1) Importer(815301076,1909f56bfc062723c751e8b465ee728b) [PhysX] Initialized MultithreadedTaskDispatcher with 12 workers.
[PhysX] Initialized MultithreadedTaskDispatcher with 12 workers.
 -> (artifact id: 'd55210d56416f8394df3198a4d1643f3') in 0.014895 seconds
Number of updated asset objects reloaded before import = 0
Number of asset objects unloaded after import = 3
========================================================================
Received Import Request.
  Time since last request: 0.000017 seconds.
  path: Assets/SimplePixelUI/artwork/halfcustomizible/square/toogle/on3.png
  artifactKey: Guid(f21f23419a77a524794ab294dffc013b) Importer(815301076,1909f56bfc062723c751e8b465ee728b)
Start importing Assets/SimplePixelUI/artwork/halfcustomizible/square/toogle/on3.png using Guid(f21f23419a77a524794ab294dffc013b) Importer(815301076,1909f56bfc062723c751e8b465ee728b) [PhysX] Initialized MultithreadedTaskDispatcher with 12 workers.
[PhysX] Initialized MultithreadedTaskDispatcher with 12 workers.
 -> (artifact id: '457d2af05626732bdc552c53a40ce61b') in 0.016528 seconds
Number of updated asset objects reloaded before import = 0
Number of asset objects unloaded after import = 3
========================================================================
Received Import Request.
  Time since last request: 0.000023 seconds.
  path: Assets/Blink/Art/Icons/Classes/HolyDarkness/Paladin/Paladin10.png
  artifactKey: Guid(b11f9c52da2945740b5078d84177a9ab) Importer(815301076,1909f56bfc062723c751e8b465ee728b)
Start importing Assets/Blink/Art/Icons/Classes/HolyDarkness/Paladin/Paladin10.png using Guid(b11f9c52da2945740b5078d84177a9ab) Importer(815301076,1909f56bfc062723c751e8b465ee728b) [PhysX] Initialized MultithreadedTaskDispatcher with 12 workers.
[PhysX] Initialized MultithreadedTaskDispatcher with 12 workers.
 -> (artifact id: '03c52e7ca5d313df092378f4772f1a36') in 0.020310 seconds
Number of updated asset objects reloaded before import = 0
Number of asset objects unloaded after import = 3
========================================================================
Received Import Request.
  Time since last request: 0.000022 seconds.
  path: Assets/SPUM/Basic_Resources/UI/Icons/Plus.png
  artifactKey: Guid(66995b6b61aed864daa956ae255d7fee) Importer(815301076,1909f56bfc062723c751e8b465ee728b)
Start importing Assets/SPUM/Basic_Resources/UI/Icons/Plus.png using Guid(66995b6b61aed864daa956ae255d7fee) Importer(815301076,1909f56bfc062723c751e8b465ee728b) [PhysX] Initialized MultithreadedTaskDispatcher with 12 workers.
[PhysX] Initialized MultithreadedTaskDispatcher with 12 workers.
 -> (artifact id: '5a6838497d46d75c5dc87431a3a3dfda') in 0.019253 seconds
Number of updated asset objects reloaded before import = 0
Number of asset objects unloaded after import = 4
========================================================================
Received Import Request.
  Time since last request: 0.000023 seconds.
  path: Assets/Blink/Art/Icons/Classes/HolyDarkness/Priest/Priest13.png
  artifactKey: Guid(0ad2337320c1b5841ba3ceb24de6e91a) Importer(815301076,1909f56bfc062723c751e8b465ee728b)
Start importing Assets/Blink/Art/Icons/Classes/HolyDarkness/Priest/Priest13.png using Guid(0ad2337320c1b5841ba3ceb24de6e91a) Importer(815301076,1909f56bfc062723c751e8b465ee728b) [PhysX] Initialized MultithreadedTaskDispatcher with 12 workers.
[PhysX] Initialized MultithreadedTaskDispatcher with 12 workers.
 -> (artifact id: 'c652693860b10a4417fa0c8808252810') in 0.020111 seconds
Number of updated asset objects reloaded before import = 0
Number of asset objects unloaded after import = 3
========================================================================
Received Import Request.
  Time since last request: 0.177646 seconds.
  path: Assets/FantasyIconsPackFree/ItemBackgrounds/Purple.png
  artifactKey: Guid(6d62ab0bd6240c040bb125b47eee0ec9) Importer(815301076,1909f56bfc062723c751e8b465ee728b)
Start importing Assets/FantasyIconsPackFree/ItemBackgrounds/Purple.png using Guid(6d62ab0bd6240c040bb125b47eee0ec9) Importer(815301076,1909f56bfc062723c751e8b465ee728b) [PhysX] Initialized MultithreadedTaskDispatcher with 12 workers.
[PhysX] Initialized MultithreadedTaskDispatcher with 12 workers.
 -> (artifact id: '4258bbeb4f3670eb0540ec93a68b2142') in 0.015853 seconds
Number of updated asset objects reloaded before import = 0
Number of asset objects unloaded after import = 3
========================================================================
Received Import Request.
  Time since last request: 0.000037 seconds.
  path: Assets/Blink/Art/Icons/Classes/Assassin/Ranger/Ranger2.png
  artifactKey: Guid(313eb4d0157f6ec418d857892d7b44ad) Importer(815301076,1909f56bfc062723c751e8b465ee728b)
Start importing Assets/Blink/Art/Icons/Classes/Assassin/Ranger/Ranger2.png using Guid(313eb4d0157f6ec418d857892d7b44ad) Importer(815301076,1909f56bfc062723c751e8b465ee728b) [PhysX] Initialized MultithreadedTaskDispatcher with 12 workers.
[PhysX] Initialized MultithreadedTaskDispatcher with 12 workers.
 -> (artifact id: 'c1b022939cbfd43004c310078291b440') in 0.019124 seconds
Number of updated asset objects reloaded before import = 0
Number of asset objects unloaded after import = 3
========================================================================
Received Import Request.
  Time since last request: 380.898481 seconds.
  path: Assets/TextMesh Pro/Examples & Extras/Resources/Fonts & Materials/Anton SDF.asset
  artifactKey: Guid(8a89fa14b10d46a99122fd4f73fca9a2) Importer(815301076,1909f56bfc062723c751e8b465ee728b)
Start importing Assets/TextMesh Pro/Examples & Extras/Resources/Fonts & Materials/Anton SDF.asset using Guid(8a89fa14b10d46a99122fd4f73fca9a2) Importer(815301076,1909f56bfc062723c751e8b465ee728b) [PhysX] Initialized MultithreadedTaskDispatcher with 12 workers.
[PhysX] Initialized MultithreadedTaskDispatcher with 12 workers.
[PhysX] Initialized MultithreadedTaskDispatcher with 12 workers.
 -> (artifact id: 'd5fda68eb7b1d19f34dfbf49da16d083') in 0.074660 seconds
Number of updated asset objects reloaded before import = 0
Number of asset objects unloaded after import = 6
========================================================================
Received Import Request.
  Time since last request: 0.000019 seconds.
  path: Assets/TextMesh Pro/Resources/Fonts & Materials/LiberationSans SDF - Fallback.asset
  artifactKey: Guid(2e498d1c8094910479dc3e1b768306a4) Importer(815301076,1909f56bfc062723c751e8b465ee728b)
Start importing Assets/TextMesh Pro/Resources/Fonts & Materials/LiberationSans SDF - Fallback.asset using Guid(2e498d1c8094910479dc3e1b768306a4) Importer(815301076,1909f56bfc062723c751e8b465ee728b) [PhysX] Initialized MultithreadedTaskDispatcher with 12 workers.
[PhysX] Initialized MultithreadedTaskDispatcher with 12 workers.
[PhysX] Initialized MultithreadedTaskDispatcher with 12 workers.
 -> (artifact id: 'f578a80748b3cdcdc47caab6f79c88b8') in 0.024003 seconds
Number of updated asset objects reloaded before import = 0
Number of asset objects unloaded after import = 6
========================================================================
Received Import Request.
  Time since last request: 0.000023 seconds.
  path: Assets/TextMesh Pro/Examples & Extras/Resources/Fonts & Materials/Electronic Highway Sign SDF.asset
  artifactKey: Guid(dc36b3fdc14f47ebb36fd484a67e268a) Importer(815301076,1909f56bfc062723c751e8b465ee728b)
Start importing Assets/TextMesh Pro/Examples & Extras/Resources/Fonts & Materials/Electronic Highway Sign SDF.asset using Guid(dc36b3fdc14f47ebb36fd484a67e268a) Importer(815301076,1909f56bfc062723c751e8b465ee728b) [PhysX] Initialized MultithreadedTaskDispatcher with 12 workers.
[PhysX] Initialized MultithreadedTaskDispatcher with 12 workers.
[PhysX] Initialized MultithreadedTaskDispatcher with 12 workers.
 -> (artifact id: '5b2188dd11c5da602665231daef75f88') in 0.028001 seconds
Number of updated asset objects reloaded before import = 0
Number of asset objects unloaded after import = 6
========================================================================
Received Import Request.
  Time since last request: 0.000017 seconds.
  path: Assets/TextMesh Pro/Examples & Extras/Resources/Fonts & Materials/Roboto-Bold SDF.asset
  artifactKey: Guid(5302535af1044152a457ed104f1f4b91) Importer(815301076,1909f56bfc062723c751e8b465ee728b)
Start importing Assets/TextMesh Pro/Examples & Extras/Resources/Fonts & Materials/Roboto-Bold SDF.asset using Guid(5302535af1044152a457ed104f1f4b91) Importer(815301076,1909f56bfc062723c751e8b465ee728b) [PhysX] Initialized MultithreadedTaskDispatcher with 12 workers.
[PhysX] Initialized MultithreadedTaskDispatcher with 12 workers.
[PhysX] Initialized MultithreadedTaskDispatcher with 12 workers.
 -> (artifact id: 'b13a20f9d49d57ef3802e314f97ce5aa') in 0.030447 seconds
Number of updated asset objects reloaded before import = 0
Number of asset objects unloaded after import = 6
========================================================================
Received Import Request.
  Time since last request: 0.000017 seconds.
  path: Assets/TextMesh Pro/Examples & Extras/Resources/Fonts & Materials/Oswald Bold SDF.asset
  artifactKey: Guid(0161d805a3764c089bef00bfe00793f5) Importer(815301076,1909f56bfc062723c751e8b465ee728b)
Start importing Assets/TextMesh Pro/Examples & Extras/Resources/Fonts & Materials/Oswald Bold SDF.asset using Guid(0161d805a3764c089bef00bfe00793f5) Importer(815301076,1909f56bfc062723c751e8b465ee728b) [PhysX] Initialized MultithreadedTaskDispatcher with 12 workers.
[PhysX] Initialized MultithreadedTaskDispatcher with 12 workers.
[PhysX] Initialized MultithreadedTaskDispatcher with 12 workers.
 -> (artifact id: 'a7ca0caa6d83568cba530535cb8a974b') in 0.019647 seconds
Number of updated asset objects reloaded before import = 0
Number of asset objects unloaded after import = 6
Editor requested this worker to shutdown with reason: Scaling down because of idle timeout
TcpMessagingSession - receive error: operation aborted. errorcode: 995, details: 스레드 종료 또는 응용 프로그램 요청 때문에 I/O 작업이 취소되었습니다.
AssetImportWorker is now disconnected from the server
Process exiting
Exiting without the bug reporter. Application will terminate with return code 0