Using pre-set license
Built from '2022.3/staging' branch; Version is '2022.3.62f1 (4af31df58517) revision 4911901'; Using compiler version '192829333'; Build Type 'Release'
OS: 'Windows 10  (10.0.19045) 64bit Professional' Language: 'ko' Physical Memory: 15761 MB
BatchMode: 1, IsHumanControllingUs: 0, StartBugReporterOnCrash: 0, Is64bit: 1, IsPro: 1

COMMAND LINE ARGUMENTS:
C:\Program Files\Unity\Hub\Editor\2022.3.62f1\Editor\Unity.exe
-adb2
-batchMode
-noUpm
-name
AssetImportWorker2
-projectPath
C:/Users/asdf/Desktop/unity/ReactiveTurnBase/My project A
-logFile
Logs/AssetImportWorker2.log
-srvPort
64300
Successfully changed project path to: C:/Users/asdf/Desktop/unity/ReactiveTurnBase/My project A
C:/Users/asdf/Desktop/unity/ReactiveTurnBase/My project A
[UnityMemory] Configuration Parameters - Can be set up in boot.config
    "memorysetup-bucket-allocator-granularity=16"
    "memorysetup-bucket-allocator-bucket-count=8"
    "memorysetup-bucket-allocator-block-size=33554432"
    "memorysetup-bucket-allocator-block-count=8"
    "memorysetup-main-allocator-block-size=16777216"
    "memorysetup-thread-allocator-block-size=16777216"
    "memorysetup-gfx-main-allocator-block-size=16777216"
    "memorysetup-gfx-thread-allocator-block-size=16777216"
    "memorysetup-cache-allocator-block-size=4194304"
    "memorysetup-typetree-allocator-block-size=2097152"
    "memorysetup-profiler-bucket-allocator-granularity=16"
    "memorysetup-profiler-bucket-allocator-bucket-count=8"
    "memorysetup-profiler-bucket-allocator-block-size=33554432"
    "memorysetup-profiler-bucket-allocator-block-count=8"
    "memorysetup-profiler-allocator-block-size=16777216"
    "memorysetup-profiler-editor-allocator-block-size=1048576"
    "memorysetup-temp-allocator-size-main=16777216"
    "memorysetup-job-temp-allocator-block-size=2097152"
    "memorysetup-job-temp-allocator-block-size-background=1048576"
    "memorysetup-job-temp-allocator-reduction-small-platforms=262144"
    "memorysetup-allocator-temp-initial-block-size-main=262144"
    "memorysetup-allocator-temp-initial-block-size-worker=262144"
    "memorysetup-temp-allocator-size-background-worker=32768"
    "memorysetup-temp-allocator-size-job-worker=262144"
    "memorysetup-temp-allocator-size-preload-manager=33554432"
    "memorysetup-temp-allocator-size-nav-mesh-worker=65536"
    "memorysetup-temp-allocator-size-audio-worker=65536"
    "memorysetup-temp-allocator-size-cloud-worker=32768"
    "memorysetup-temp-allocator-size-gi-baking-worker=262144"
    "memorysetup-temp-allocator-size-gfx=262144"
Player connection [10236]  Target information:

Player connection [10236]  * "[IP] 172.30.1.88 [Port] 0 [Flags] 2 [Guid] 3307547991 [EditorId] 3307547991 [Version] 1048832 [Id] WindowsEditor(7,DESKTOP-FAF2NFQ) [Debug] 1 [PackageName] WindowsEditor [ProjectName] Editor" 

Player connection [10236] Host joined multi-casting on [225.0.0.222:54997]...
Player connection [10236] Host joined alternative multi-casting on [225.0.0.222:34997]...
Input System module state changed to: Initialized.
[PhysX] Initialized MultithreadedTaskDispatcher with 12 workers.
Refreshing native plugins compatible for Editor in 11.76 ms, found 3 plugins.
Preloading 0 native plugins for Editor in 0.00 ms.
Initialize engine version: 2022.3.62f1 (4af31df58517)
[Subsystems] Discovering subsystems at path C:/Program Files/Unity/Hub/Editor/2022.3.62f1/Editor/Data/Resources/UnitySubsystems
[Subsystems] Discovering subsystems at path C:/Users/asdf/Desktop/unity/ReactiveTurnBase/My project A/Assets
GfxDevice: creating device client; threaded=0; jobified=0
Direct3D:
    Version:  Direct3D 11.0 [level 11.1]
    Renderer: AMD Radeon(TM) Graphics (ID=0x1638)
    Vendor:   ATI
    VRAM:     7880 MB
    Driver:   31.0.21921.1000
Initialize mono
Mono path[0] = 'C:/Program Files/Unity/Hub/Editor/2022.3.62f1/Editor/Data/Managed'
Mono path[1] = 'C:/Program Files/Unity/Hub/Editor/2022.3.62f1/Editor/Data/MonoBleedingEdge/lib/mono/unityjit-win32'
Mono config path = 'C:/Program Files/Unity/Hub/Editor/2022.3.62f1/Editor/Data/MonoBleedingEdge/etc'
Using monoOptions --debugger-agent=transport=dt_socket,embedding=1,server=y,suspend=n,address=127.0.0.1:56412
Begin MonoManager ReloadAssembly
Registering precompiled unity dll's ...
Register platform support module: C:/Program Files/Unity/Hub/Editor/2022.3.62f1/Editor/Data/PlaybackEngines/AndroidPlayer/UnityEditor.Android.Extensions.dll
Register platform support module: C:/Program Files/Unity/Hub/Editor/2022.3.62f1/Editor/Data/PlaybackEngines/WindowsStandaloneSupport/UnityEditor.WindowsStandalone.Extensions.dll
Registered in 0.009948 seconds.
- Loaded All Assemblies, in  0.615 seconds
Native extension for WindowsStandalone target not found
Native extension for Android target not found
Android Extension - Scanning For ADB Devices 273 ms
Mono: successfully reloaded assembly
- Finished resetting the current domain, in  0.599 seconds
Domain Reload Profiling: 1213ms
	BeginReloadAssembly (101ms)
		ExecutionOrderSort (0ms)
		DisableScriptedObjects (0ms)
		BackupInstance (0ms)
		ReleaseScriptingObjects (0ms)
		CreateAndSetChildDomain (1ms)
	RebuildCommonClasses (29ms)
	RebuildNativeTypeToScriptingClass (8ms)
	initialDomainReloadingComplete (61ms)
	LoadAllAssembliesAndSetupDomain (414ms)
		LoadAssemblies (98ms)
		RebuildTransferFunctionScriptingTraits (0ms)
		AnalyzeDomain (412ms)
			TypeCache.Refresh (410ms)
				TypeCache.ScanAssembly (392ms)
			ScanForSourceGeneratedMonoScriptInfo (1ms)
			ResolveRequiredComponents (1ms)
	FinalizeReload (600ms)
		ReleaseScriptCaches (0ms)
		RebuildScriptCaches (0ms)
		SetupLoadedEditorAssemblies (547ms)
			LogAssemblyErrors (0ms)
			InitializePlatformSupportModulesInManaged (354ms)
			SetLoadedEditorAssemblies (5ms)
			RefreshPlugins (0ms)
			BeforeProcessingInitializeOnLoad (3ms)
			ProcessInitializeOnLoadAttributes (132ms)
			ProcessInitializeOnLoadMethodAttributes (52ms)
			AfterProcessingInitializeOnLoad (0ms)
			EditorAssembliesLoaded (0ms)
		ExecutionOrderSort2 (0ms)
		AwakeInstancesAfterBackupRestoration (0ms)
========================================================================
Worker process is ready to serve import requests
Caller must complete domain reload
Begin MonoManager ReloadAssembly
Symbol file data-000001DA16E0AE90 doesn't match image C:\Users\asdf\Desktop\unity\ReactiveTurnBase\My project A\Library\ScriptAssemblies\Unity.EditorCoroutines.Editor.dll
Symbol file LoadedFromMemory is not a mono symbol file
Symbol file data-000001DA16663190 doesn't match image C:\Users\asdf\Desktop\unity\ReactiveTurnBase\My project A\Library\ScriptAssemblies\UniTask.TextMeshPro.dll
Symbol file LoadedFromMemory is not a mono symbol file
Symbol file data-000001D9F4948F90 doesn't match image C:\Users\asdf\Desktop\unity\ReactiveTurnBase\My project A\Library\ScriptAssemblies\Unity.Timeline.Editor.dll
Symbol file LoadedFromMemory is not a mono symbol file
Symbol file data-000001DA16663190 doesn't match image C:\Users\asdf\Desktop\unity\ReactiveTurnBase\My project A\Library\ScriptAssemblies\Unity.VisualScripting.Shared.Editor.dll
Symbol file LoadedFromMemory is not a mono symbol file
Symbol file data-000001DA16663190 doesn't match image C:\Users\asdf\Desktop\unity\ReactiveTurnBase\My project A\Library\ScriptAssemblies\UniTask.DOTween.dll
Symbol file LoadedFromMemory is not a mono symbol file
Symbol file data-000001DA16663190 doesn't match image C:\Users\asdf\Desktop\unity\ReactiveTurnBase\My project A\Library\ScriptAssemblies\UniTask.Addressables.dll
Symbol file LoadedFromMemory is not a mono symbol file
Symbol file data-000001D9F49FCCD0 doesn't match image C:\Users\asdf\Desktop\unity\ReactiveTurnBase\My project A\Library\ScriptAssemblies\UnityEditor.UI.dll
Symbol file LoadedFromMemory is not a mono symbol file
Symbol file data-000001DA16FFE020 doesn't match image C:\Users\asdf\Desktop\unity\ReactiveTurnBase\My project A\Library\ScriptAssemblies\Unity.VisualScripting.Core.dll
Symbol file LoadedFromMemory is not a mono symbol file
Symbol file data-000001DA16FFE020 doesn't match image C:\Users\asdf\Desktop\unity\ReactiveTurnBase\My project A\Library\ScriptAssemblies\UnityEngine.UI.dll
Symbol file LoadedFromMemory is not a mono symbol file
Symbol file data-000001D9F48BF750 doesn't match image C:\Users\asdf\Desktop\unity\ReactiveTurnBase\My project A\Library\ScriptAssemblies\UniTask.Editor.dll
Symbol file LoadedFromMemory is not a mono symbol file
Symbol file data-000001DA16A0D020 doesn't match image C:\Users\asdf\Desktop\unity\ReactiveTurnBase\My project A\Library\ScriptAssemblies\Unity.VisualScripting.Core.Editor.dll
Symbol file LoadedFromMemory is not a mono symbol file
Symbol file data-000001DA16FFE020 doesn't match image C:\Users\asdf\Desktop\unity\ReactiveTurnBase\My project A\Library\ScriptAssemblies\UniTask.Linq.dll
Symbol file LoadedFromMemory is not a mono symbol file
Symbol file data-000001DA16A0D020 doesn't match image C:\Users\asdf\Desktop\unity\ReactiveTurnBase\My project A\Library\ScriptAssemblies\Unity.VisualScripting.Flow.dll
Symbol file LoadedFromMemory is not a mono symbol file
Symbol file data-000001DA16A67430 doesn't match image C:\Users\asdf\Desktop\unity\ReactiveTurnBase\My project A\Library\ScriptAssemblies\Unity.VisualScripting.Flow.Editor.dll
Symbol file LoadedFromMemory is not a mono symbol file
Symbol file data-000001DA16EC3A70 doesn't match image C:\Users\asdf\Desktop\unity\ReactiveTurnBase\My project A\Library\ScriptAssemblies\Unity.Timeline.dll
Symbol file LoadedFromMemory is not a mono symbol file
Symbol file data-000001DA1678E010 doesn't match image C:\Users\asdf\Desktop\unity\ReactiveTurnBase\My project A\Library\ScriptAssemblies\Unity.InputSystem.dll
Symbol file LoadedFromMemory is not a mono symbol file
Symbol file data-000001DA16A82040 doesn't match image C:\Users\asdf\Desktop\unity\ReactiveTurnBase\My project A\Library\ScriptAssemblies\Unity.InputSystem.ForUI.dll
Symbol file LoadedFromMemory is not a mono symbol file
Symbol file data-000001DA16A82040 doesn't match image C:\Users\asdf\Desktop\unity\ReactiveTurnBase\My project A\Library\ScriptAssemblies\Unity.TestTools.CodeCoverage.Editor.OpenCover.Mono.Reflection.dll
Symbol file LoadedFromMemory is not a mono symbol file
Symbol file data-000001DA16A86A50 doesn't match image C:\Users\asdf\Desktop\unity\ReactiveTurnBase\My project A\Library\ScriptAssemblies\Unity.VisualScripting.SettingsProvider.Editor.dll
Symbol file LoadedFromMemory is not a mono symbol file
Symbol file data-000001DA163DE010 doesn't match image C:\Users\asdf\Desktop\unity\ReactiveTurnBase\My project A\Library\ScriptAssemblies\Unity.Performance.Profile-Analyzer.Editor.dll
Symbol file LoadedFromMemory is not a mono symbol file
Symbol file data-000001DA16F0AC80 doesn't match image C:\Users\asdf\Desktop\unity\ReactiveTurnBase\My project A\Library\ScriptAssemblies\Unity.TestTools.CodeCoverage.Editor.dll
Symbol file LoadedFromMemory is not a mono symbol file
Symbol file data-000001DA16A86A50 doesn't match image C:\Users\asdf\Desktop\unity\ReactiveTurnBase\My project A\Library\ScriptAssemblies\Unity.TestTools.CodeCoverage.Editor.OpenCover.Model.dll
Symbol file LoadedFromMemory is not a mono symbol file
Symbol file data-000001DA16F0AC80 doesn't match image C:\Users\asdf\Desktop\unity\ReactiveTurnBase\My project A\Library\ScriptAssemblies\Unity.VisualScripting.State.Editor.dll
Symbol file LoadedFromMemory is not a mono symbol file
Symbol file data-000001DA16A86A50 doesn't match image C:\Users\asdf\Desktop\unity\ReactiveTurnBase\My project A\Library\ScriptAssemblies\Unity.Settings.Editor.dll
Symbol file LoadedFromMemory is not a mono symbol file
Symbol file data-000001DA164637A0 doesn't match image C:\Users\asdf\Desktop\unity\ReactiveTurnBase\My project A\Library\ScriptAssemblies\Unity.CollabProxy.Editor.dll
Symbol file LoadedFromMemory is not a mono symbol file
Symbol file data-000001DA16AF0040 doesn't match image C:\Users\asdf\Desktop\unity\ReactiveTurnBase\My project A\Library\ScriptAssemblies\Unity.TextMeshPro.dll
Symbol file LoadedFromMemory is not a mono symbol file
Symbol file data-000001D9F4722820 doesn't match image C:\Users\asdf\Desktop\unity\ReactiveTurnBase\My project A\Library\ScriptAssemblies\Unity.TextMeshPro.Editor.dll
Symbol file LoadedFromMemory is not a mono symbol file
Symbol file data-000001DA160E0080 doesn't match image C:\Users\asdf\Desktop\unity\ReactiveTurnBase\My project A\Library\ScriptAssemblies\UniTask.dll
Symbol file LoadedFromMemory is not a mono symbol file
Symbol file data-000001D9F4722820 doesn't match image C:\Users\asdf\Desktop\unity\ReactiveTurnBase\My project A\Library\ScriptAssemblies\Unity.VisualScripting.State.dll
Symbol file LoadedFromMemory is not a mono symbol file
Symbol file data-000001D9F472EE30 doesn't match image C:\Users\asdf\Desktop\unity\ReactiveTurnBase\My project A\Library\ScriptAssemblies\Unity.VSCode.Editor.dll
Symbol file LoadedFromMemory is not a mono symbol file
- Loaded All Assemblies, in  0.587 seconds
Native extension for WindowsStandalone target not found
Native extension for Android target not found
Mono: successfully reloaded assembly
- Finished resetting the current domain, in  0.636 seconds
Domain Reload Profiling: 1221ms
	BeginReloadAssembly (126ms)
		ExecutionOrderSort (0ms)
		DisableScriptedObjects (5ms)
		BackupInstance (0ms)
		ReleaseScriptingObjects (0ms)
		CreateAndSetChildDomain (20ms)
	RebuildCommonClasses (26ms)
	RebuildNativeTypeToScriptingClass (8ms)
	initialDomainReloadingComplete (36ms)
	LoadAllAssembliesAndSetupDomain (388ms)
		LoadAssemblies (285ms)
		RebuildTransferFunctionScriptingTraits (0ms)
		AnalyzeDomain (177ms)
			TypeCache.Refresh (152ms)
				TypeCache.ScanAssembly (138ms)
			ScanForSourceGeneratedMonoScriptInfo (17ms)
			ResolveRequiredComponents (6ms)
	FinalizeReload (637ms)
		ReleaseScriptCaches (0ms)
		RebuildScriptCaches (0ms)
		SetupLoadedEditorAssemblies (512ms)
			LogAssemblyErrors (0ms)
			InitializePlatformSupportModulesInManaged (17ms)
			SetLoadedEditorAssemblies (4ms)
			RefreshPlugins (0ms)
			BeforeProcessingInitializeOnLoad (84ms)
			ProcessInitializeOnLoadAttributes (366ms)
			ProcessInitializeOnLoadMethodAttributes (35ms)
			AfterProcessingInitializeOnLoad (7ms)
			EditorAssembliesLoaded (0ms)
		ExecutionOrderSort2 (0ms)
		AwakeInstancesAfterBackupRestoration (5ms)
Launched and connected shader compiler UnityShaderCompiler.exe after 0.05 seconds
Refreshing native plugins compatible for Editor in 4.14 ms, found 3 plugins.
Preloading 0 native plugins for Editor in 0.00 ms.
Unloading 3961 Unused Serialized files (Serialized files now loaded: 0)
Unloading 33 unused Assets / (59.1 KB). Loaded Objects now: 4448.
Memory consumption went from 224.4 MB to 224.3 MB.
Total: 2.808000 ms (FindLiveObjects: 0.246600 ms CreateObjectMapping: 0.095600 ms MarkObjects: 2.366800 ms  DeleteObjects: 0.098400 ms)

AssetImportParameters requested are different than current active one (requested -> active):
  custom:container-demuxer-ogg: 62fdf1f143b41e24485cea50d1cbac27 -> 
  custom:video-decoder-ogg-theora: a1e56fd34408186e4bbccfd4996cb3dc -> 
  custom:framework-win-MediaFoundation: 216162199b28c13a410421893ffa2e32 -> 
  custom:CustomObjectIndexerAttribute: 9a22284fe3817be447336de3de66b15e -> 
  custom:container-demuxer-webm: 4f35f7cbe854078d1ac9338744f61a02 -> 
  custom:container-muxer-webm: aa71ff27fc2769a1b78a27578f13a17b -> 
  custom:video-decoder-webm-vp8: 9c59270c3fd7afecdb556c50c9e8de78 -> 
  custom:SearchIndexIgnoredProperties: e643bd26f0fe6173181afceb89e7c659 -> 
  custom:AudioImporter_EditorPlatform: d09bf68614088b80899f8185d706f6e7 -> 
  custom:video-encoder-webm-vp8: eb34c28f22e8b96e1ab97ce403110664 -> 
  custom:audio-decoder-ogg-vorbis: bf7c407c2cedff20999df2af8eb42d56 -> 
  custom:audio-encoder-webm-vorbis: bf7c407c2cedff20999df2af8eb42d56 -> 
========================================================================
Received Import Request.
  Time since last request: 1249477.610651 seconds.
  path: Assets/2.Model/Prefabs/Goblinenemy1.prefab
  artifactKey: Guid(537749e1c47b2da41b7c1d1ae7c92ba5) Importer(815301076,1909f56bfc062723c751e8b465ee728b)
Start importing Assets/2.Model/Prefabs/Goblinenemy1.prefab using Guid(537749e1c47b2da41b7c1d1ae7c92ba5) Importer(815301076,1909f56bfc062723c751e8b465ee728b) [PhysX] Initialized MultithreadedTaskDispatcher with 12 workers.
[PhysX] Initialized MultithreadedTaskDispatcher with 12 workers.
 -> (artifact id: '773ac71755ff3f291c7f6b0665364411') in 0.188122 seconds
Number of updated asset objects reloaded before import = 0
Number of asset objects unloaded after import = 268
========================================================================
Received Import Request.
  Time since last request: 0.118559 seconds.
  path: Assets/SPUM/Basic_Resources/Prefab/ChracterPivot.prefab
  artifactKey: Guid(1b5bc84254939ec4bbe2cf37db996660) Importer(815301076,1909f56bfc062723c751e8b465ee728b)
Start importing Assets/SPUM/Basic_Resources/Prefab/ChracterPivot.prefab using Guid(1b5bc84254939ec4bbe2cf37db996660) Importer(815301076,1909f56bfc062723c751e8b465ee728b) [PhysX] Initialized MultithreadedTaskDispatcher with 12 workers.
[PhysX] Initialized MultithreadedTaskDispatcher with 12 workers.
 -> (artifact id: 'ee7604838271f4dc52f49a8b7d207c70') in 0.095543 seconds
Number of updated asset objects reloaded before import = 0
Number of asset objects unloaded after import = 1288
========================================================================
Received Import Request.
  Time since last request: 0.080049 seconds.
  path: Assets/2.Model/Prefabs/BattleBow.prefab
  artifactKey: Guid(d748cbc56e8be1349992d61dd0610a3d) Importer(815301076,1909f56bfc062723c751e8b465ee728b)
Start importing Assets/2.Model/Prefabs/BattleBow.prefab using Guid(d748cbc56e8be1349992d61dd0610a3d) Importer(815301076,1909f56bfc062723c751e8b465ee728b) [PhysX] Initialized MultithreadedTaskDispatcher with 12 workers.
[PhysX] Initialized MultithreadedTaskDispatcher with 12 workers.
 -> (artifact id: 'd40cfc96735a701a072436ef4307fc05') in 0.006952 seconds
Number of updated asset objects reloaded before import = 0
Number of asset objects unloaded after import = 8
========================================================================
Received Import Request.
  Time since last request: 11.409140 seconds.
  path: Assets/Pixel 3D Grassland Package/Objects/OBJ/Pre-Fabs/PF_Grass_01.prefab
  artifactKey: Guid(4bcc6536ebb86e1449d9766bdb64240f) Importer(815301076,1909f56bfc062723c751e8b465ee728b)
Start importing Assets/Pixel 3D Grassland Package/Objects/OBJ/Pre-Fabs/PF_Grass_01.prefab using Guid(4bcc6536ebb86e1449d9766bdb64240f) Importer(815301076,1909f56bfc062723c751e8b465ee728b) [PhysX] Initialized MultithreadedTaskDispatcher with 12 workers.
[PhysX] Initialized MultithreadedTaskDispatcher with 12 workers.
 -> (artifact id: 'f8e78dca56ca66863d7abb69f3c6882e') in 0.020467 seconds
Number of updated asset objects reloaded before import = 0
Number of asset objects unloaded after import = 22
========================================================================
Received Prepare
Caller must complete domain reload
Begin MonoManager ReloadAssembly
Symbol file data-000001DA20CB6BC0 doesn't match image C:\Users\asdf\Desktop\unity\ReactiveTurnBase\My project A\Library\ScriptAssemblies\Unity.EditorCoroutines.Editor.dll
Symbol file LoadedFromMemory is not a mono symbol file
Symbol file data-000001DA2176D010 doesn't match image C:\Users\asdf\Desktop\unity\ReactiveTurnBase\My project A\Library\ScriptAssemblies\UniTask.TextMeshPro.dll
Symbol file LoadedFromMemory is not a mono symbol file
Symbol file data-000001D9F4948F90 doesn't match image C:\Users\asdf\Desktop\unity\ReactiveTurnBase\My project A\Library\ScriptAssemblies\Unity.Timeline.Editor.dll
Symbol file LoadedFromMemory is not a mono symbol file
Symbol file data-000001DA2176D010 doesn't match image C:\Users\asdf\Desktop\unity\ReactiveTurnBase\My project A\Library\ScriptAssemblies\Unity.VisualScripting.Shared.Editor.dll
Symbol file LoadedFromMemory is not a mono symbol file
Symbol file data-000001DA2176D010 doesn't match image C:\Users\asdf\Desktop\unity\ReactiveTurnBase\My project A\Library\ScriptAssemblies\UniTask.DOTween.dll
Symbol file LoadedFromMemory is not a mono symbol file
Symbol file data-000001DA2176D010 doesn't match image C:\Users\asdf\Desktop\unity\ReactiveTurnBase\My project A\Library\ScriptAssemblies\UniTask.Addressables.dll
Symbol file LoadedFromMemory is not a mono symbol file
Symbol file data-000001DA2167D010 doesn't match image C:\Users\asdf\Desktop\unity\ReactiveTurnBase\My project A\Library\ScriptAssemblies\UnityEditor.UI.dll
Symbol file LoadedFromMemory is not a mono symbol file
Symbol file data-000001D9F49B65F0 doesn't match image C:\Users\asdf\Desktop\unity\ReactiveTurnBase\My project A\Library\ScriptAssemblies\Unity.VisualScripting.Core.dll
Symbol file LoadedFromMemory is not a mono symbol file
Symbol file data-000001DA16AA3010 doesn't match image C:\Users\asdf\Desktop\unity\ReactiveTurnBase\My project A\Library\ScriptAssemblies\UnityEngine.UI.dll
Symbol file LoadedFromMemory is not a mono symbol file
Symbol file data-000001DA21684CC0 doesn't match image C:\Users\asdf\Desktop\unity\ReactiveTurnBase\My project A\Library\ScriptAssemblies\UniTask.Editor.dll
Symbol file LoadedFromMemory is not a mono symbol file
Symbol file data-000001D9F4B57020 doesn't match image C:\Users\asdf\Desktop\unity\ReactiveTurnBase\My project A\Library\ScriptAssemblies\Unity.VisualScripting.Core.Editor.dll
Symbol file LoadedFromMemory is not a mono symbol file
Symbol file data-000001DA237A2070 doesn't match image C:\Users\asdf\Desktop\unity\ReactiveTurnBase\My project A\Library\ScriptAssemblies\UniTask.Linq.dll
Symbol file LoadedFromMemory is not a mono symbol file
Symbol file data-000001DA20DC0090 doesn't match image C:\Users\asdf\Desktop\unity\ReactiveTurnBase\My project A\Library\ScriptAssemblies\Unity.VisualScripting.Flow.dll
Symbol file LoadedFromMemory is not a mono symbol file
Symbol file data-000001DA2327C020 doesn't match image C:\Users\asdf\Desktop\unity\ReactiveTurnBase\My project A\Library\ScriptAssemblies\Unity.VisualScripting.Flow.Editor.dll
Symbol file LoadedFromMemory is not a mono symbol file
Symbol file data-000001DA21653020 doesn't match image C:\Users\asdf\Desktop\unity\ReactiveTurnBase\My project A\Library\ScriptAssemblies\Unity.Timeline.dll
Symbol file LoadedFromMemory is not a mono symbol file
Symbol file data-000001DA16C91020 doesn't match image C:\Users\asdf\Desktop\unity\ReactiveTurnBase\My project A\Library\ScriptAssemblies\Unity.InputSystem.dll
Symbol file LoadedFromMemory is not a mono symbol file
Symbol file data-000001D9F48CC660 doesn't match image C:\Users\asdf\Desktop\unity\ReactiveTurnBase\My project A\Library\ScriptAssemblies\Unity.InputSystem.ForUI.dll
Symbol file LoadedFromMemory is not a mono symbol file
Symbol file data-000001D9F4604E30 doesn't match image C:\Users\asdf\Desktop\unity\ReactiveTurnBase\My project A\Library\ScriptAssemblies\Unity.TestTools.CodeCoverage.Editor.OpenCover.Mono.Reflection.dll
Symbol file LoadedFromMemory is not a mono symbol file
Symbol file data-000001DA17962960 doesn't match image C:\Users\asdf\Desktop\unity\ReactiveTurnBase\My project A\Library\ScriptAssemblies\Unity.VisualScripting.SettingsProvider.Editor.dll
Symbol file LoadedFromMemory is not a mono symbol file
Symbol file data-000001DA16DC6020 doesn't match image C:\Users\asdf\Desktop\unity\ReactiveTurnBase\My project A\Library\ScriptAssemblies\Unity.Performance.Profile-Analyzer.Editor.dll
Symbol file LoadedFromMemory is not a mono symbol file
Symbol file data-000001DA17962960 doesn't match image C:\Users\asdf\Desktop\unity\ReactiveTurnBase\My project A\Library\ScriptAssemblies\Unity.TestTools.CodeCoverage.Editor.dll
Symbol file LoadedFromMemory is not a mono symbol file
Symbol file data-000001DA17962960 doesn't match image C:\Users\asdf\Desktop\unity\ReactiveTurnBase\My project A\Library\ScriptAssemblies\Unity.TestTools.CodeCoverage.Editor.OpenCover.Model.dll
Symbol file LoadedFromMemory is not a mono symbol file
Symbol file data-000001DA17962960 doesn't match image C:\Users\asdf\Desktop\unity\ReactiveTurnBase\My project A\Library\ScriptAssemblies\Unity.VisualScripting.State.Editor.dll
Symbol file LoadedFromMemory is not a mono symbol file
Symbol file data-000001DA210F3020 doesn't match image C:\Users\asdf\Desktop\unity\ReactiveTurnBase\My project A\Library\ScriptAssemblies\Unity.Settings.Editor.dll
Symbol file LoadedFromMemory is not a mono symbol file
Symbol file data-000001DA1796DD70 doesn't match image C:\Users\asdf\Desktop\unity\ReactiveTurnBase\My project A\Library\ScriptAssemblies\Unity.CollabProxy.Editor.dll
Symbol file LoadedFromMemory is not a mono symbol file
Symbol file data-000001DA2127B030 doesn't match image C:\Users\asdf\Desktop\unity\ReactiveTurnBase\My project A\Library\ScriptAssemblies\Unity.TextMeshPro.dll
Symbol file LoadedFromMemory is not a mono symbol file
Symbol file data-000001DA20DE36A0 doesn't match image C:\Users\asdf\Desktop\unity\ReactiveTurnBase\My project A\Library\ScriptAssemblies\Unity.TextMeshPro.Editor.dll
Symbol file LoadedFromMemory is not a mono symbol file
Symbol file data-000001DA1783E010 doesn't match image C:\Users\asdf\Desktop\unity\ReactiveTurnBase\My project A\Library\ScriptAssemblies\UniTask.dll
Symbol file LoadedFromMemory is not a mono symbol file
Symbol file data-000001DA210FB430 doesn't match image C:\Users\asdf\Desktop\unity\ReactiveTurnBase\My project A\Library\ScriptAssemblies\Unity.VisualScripting.State.dll
Symbol file LoadedFromMemory is not a mono symbol file
Symbol file data-000001D9F4D4AAB0 doesn't match image C:\Users\asdf\Desktop\unity\ReactiveTurnBase\My project A\Library\ScriptAssemblies\Unity.VSCode.Editor.dll
Symbol file LoadedFromMemory is not a mono symbol file
- Loaded All Assemblies, in  0.451 seconds
Native extension for WindowsStandalone target not found
Native extension for Android target not found
Mono: successfully reloaded assembly
- Finished resetting the current domain, in  1.132 seconds
Domain Reload Profiling: 1581ms
	BeginReloadAssembly (144ms)
		ExecutionOrderSort (0ms)
		DisableScriptedObjects (6ms)
		BackupInstance (0ms)
		ReleaseScriptingObjects (0ms)
		CreateAndSetChildDomain (38ms)
	RebuildCommonClasses (26ms)
	RebuildNativeTypeToScriptingClass (8ms)
	initialDomainReloadingComplete (32ms)
	LoadAllAssembliesAndSetupDomain (238ms)
		LoadAssemblies (294ms)
		RebuildTransferFunctionScriptingTraits (0ms)
		AnalyzeDomain (14ms)
			TypeCache.Refresh (6ms)
				TypeCache.ScanAssembly (0ms)
			ScanForSourceGeneratedMonoScriptInfo (0ms)
			ResolveRequiredComponents (7ms)
	FinalizeReload (1133ms)
		ReleaseScriptCaches (0ms)
		RebuildScriptCaches (0ms)
		SetupLoadedEditorAssemblies (644ms)
			LogAssemblyErrors (0ms)
			InitializePlatformSupportModulesInManaged (18ms)
			SetLoadedEditorAssemblies (4ms)
			RefreshPlugins (0ms)
			BeforeProcessingInitializeOnLoad (100ms)
			ProcessInitializeOnLoadAttributes (475ms)
			ProcessInitializeOnLoadMethodAttributes (40ms)
			AfterProcessingInitializeOnLoad (8ms)
			EditorAssembliesLoaded (0ms)
		ExecutionOrderSort2 (0ms)
		AwakeInstancesAfterBackupRestoration (9ms)
Refreshing native plugins compatible for Editor in 4.32 ms, found 3 plugins.
Preloading 0 native plugins for Editor in 0.00 ms.
Unloading 3940 Unused Serialized files (Serialized files now loaded: 0)
Unloading 26 unused Assets / (62.4 KB). Loaded Objects now: 4460.
Memory consumption went from 225.3 MB to 225.2 MB.
Total: 4.969600 ms (FindLiveObjects: 0.355500 ms CreateObjectMapping: 0.295900 ms MarkObjects: 4.028900 ms  DeleteObjects: 0.288100 ms)

Prepare: number of updated asset objects reloaded= 0
AssetImportParameters requested are different than current active one (requested -> active):
  custom:container-demuxer-ogg: 62fdf1f143b41e24485cea50d1cbac27 -> 
  custom:video-decoder-ogg-theora: a1e56fd34408186e4bbccfd4996cb3dc -> 
  custom:framework-win-MediaFoundation: 216162199b28c13a410421893ffa2e32 -> 
  custom:CustomObjectIndexerAttribute: 9a22284fe3817be447336de3de66b15e -> 
  custom:container-demuxer-webm: 4f35f7cbe854078d1ac9338744f61a02 -> 
  custom:container-muxer-webm: aa71ff27fc2769a1b78a27578f13a17b -> 
  custom:video-decoder-webm-vp8: 9c59270c3fd7afecdb556c50c9e8de78 -> 
  custom:SearchIndexIgnoredProperties: e643bd26f0fe6173181afceb89e7c659 -> 
  custom:AudioImporter_EditorPlatform: d09bf68614088b80899f8185d706f6e7 -> 
  custom:video-encoder-webm-vp8: eb34c28f22e8b96e1ab97ce403110664 -> 
  custom:audio-decoder-ogg-vorbis: bf7c407c2cedff20999df2af8eb42d56 -> 
  custom:audio-encoder-webm-vorbis: bf7c407c2cedff20999df2af8eb42d56 -> 
========================================================================
Received Prepare
Caller must complete domain reload
Begin MonoManager ReloadAssembly
Symbol file data-000001D9F453B050 doesn't match image C:\Users\asdf\Desktop\unity\ReactiveTurnBase\My project A\Library\ScriptAssemblies\Unity.EditorCoroutines.Editor.dll
Symbol file LoadedFromMemory is not a mono symbol file
Symbol file data-000001D9F406D150 doesn't match image C:\Users\asdf\Desktop\unity\ReactiveTurnBase\My project A\Library\ScriptAssemblies\UniTask.TextMeshPro.dll
Symbol file LoadedFromMemory is not a mono symbol file
Symbol file data-000001D9F4948F90 doesn't match image C:\Users\asdf\Desktop\unity\ReactiveTurnBase\My project A\Library\ScriptAssemblies\Unity.Timeline.Editor.dll
Symbol file LoadedFromMemory is not a mono symbol file
Symbol file data-000001D9F406D150 doesn't match image C:\Users\asdf\Desktop\unity\ReactiveTurnBase\My project A\Library\ScriptAssemblies\Unity.VisualScripting.Shared.Editor.dll
Symbol file LoadedFromMemory is not a mono symbol file
Symbol file data-000001D9F406D150 doesn't match image C:\Users\asdf\Desktop\unity\ReactiveTurnBase\My project A\Library\ScriptAssemblies\UniTask.DOTween.dll
Symbol file LoadedFromMemory is not a mono symbol file
Symbol file data-000001D9F406D150 doesn't match image C:\Users\asdf\Desktop\unity\ReactiveTurnBase\My project A\Library\ScriptAssemblies\UniTask.Addressables.dll
Symbol file LoadedFromMemory is not a mono symbol file
Symbol file data-000001DA20686010 doesn't match image C:\Users\asdf\Desktop\unity\ReactiveTurnBase\My project A\Library\ScriptAssemblies\UnityEditor.UI.dll
Symbol file LoadedFromMemory is not a mono symbol file
Symbol file data-000001D9F3F20080 doesn't match image C:\Users\asdf\Desktop\unity\ReactiveTurnBase\My project A\Library\ScriptAssemblies\Unity.VisualScripting.Core.dll
Symbol file LoadedFromMemory is not a mono symbol file
Symbol file data-000001D9F432BDC0 doesn't match image C:\Users\asdf\Desktop\unity\ReactiveTurnBase\My project A\Library\ScriptAssemblies\UnityEngine.UI.dll
Symbol file LoadedFromMemory is not a mono symbol file
Symbol file data-000001D9F406D150 doesn't match image C:\Users\asdf\Desktop\unity\ReactiveTurnBase\My project A\Library\ScriptAssemblies\UniTask.Editor.dll
Symbol file LoadedFromMemory is not a mono symbol file
Symbol file data-000001D9F4B57020 doesn't match image C:\Users\asdf\Desktop\unity\ReactiveTurnBase\My project A\Library\ScriptAssemblies\Unity.VisualScripting.Core.Editor.dll
Symbol file LoadedFromMemory is not a mono symbol file
Symbol file data-000001DA165CC010 doesn't match image C:\Users\asdf\Desktop\unity\ReactiveTurnBase\My project A\Library\ScriptAssemblies\UniTask.Linq.dll
Symbol file LoadedFromMemory is not a mono symbol file
Symbol file data-000001D9F432BDC0 doesn't match image C:\Users\asdf\Desktop\unity\ReactiveTurnBase\My project A\Library\ScriptAssemblies\Unity.VisualScripting.Flow.dll
Symbol file LoadedFromMemory is not a mono symbol file
Symbol file data-000001D9F42F4050 doesn't match image C:\Users\asdf\Desktop\unity\ReactiveTurnBase\My project A\Library\ScriptAssemblies\Unity.VisualScripting.Flow.Editor.dll
Symbol file LoadedFromMemory is not a mono symbol file
Symbol file data-000001D9F45C6010 doesn't match image C:\Users\asdf\Desktop\unity\ReactiveTurnBase\My project A\Library\ScriptAssemblies\Unity.Timeline.dll
Symbol file LoadedFromMemory is not a mono symbol file
Symbol file data-000001D9F47FCB40 doesn't match image C:\Users\asdf\Desktop\unity\ReactiveTurnBase\My project A\Library\ScriptAssemblies\Unity.InputSystem.dll
Symbol file LoadedFromMemory is not a mono symbol file
Symbol file data-000001D9F406D150 doesn't match image C:\Users\asdf\Desktop\unity\ReactiveTurnBase\My project A\Library\ScriptAssemblies\Unity.InputSystem.ForUI.dll
Symbol file LoadedFromMemory is not a mono symbol file
Symbol file data-000001D9F406D150 doesn't match image C:\Users\asdf\Desktop\unity\ReactiveTurnBase\My project A\Library\ScriptAssemblies\Unity.TestTools.CodeCoverage.Editor.OpenCover.Mono.Reflection.dll
Symbol file LoadedFromMemory is not a mono symbol file
Symbol file data-000001D9F475DFD0 doesn't match image C:\Users\asdf\Desktop\unity\ReactiveTurnBase\My project A\Library\ScriptAssemblies\Unity.VisualScripting.SettingsProvider.Editor.dll
Symbol file LoadedFromMemory is not a mono symbol file
Symbol file data-000001DA2327C020 doesn't match image C:\Users\asdf\Desktop\unity\ReactiveTurnBase\My project A\Library\ScriptAssemblies\Unity.Performance.Profile-Analyzer.Editor.dll
Symbol file LoadedFromMemory is not a mono symbol file
Symbol file data-000001D9F4C57070 doesn't match image C:\Users\asdf\Desktop\unity\ReactiveTurnBase\My project A\Library\ScriptAssemblies\Unity.TestTools.CodeCoverage.Editor.dll
Symbol file LoadedFromMemory is not a mono symbol file
Symbol file data-000001DA2329F030 doesn't match image C:\Users\asdf\Desktop\unity\ReactiveTurnBase\My project A\Library\ScriptAssemblies\Unity.TestTools.CodeCoverage.Editor.OpenCover.Model.dll
Symbol file LoadedFromMemory is not a mono symbol file
Symbol file data-000001DA2167D010 doesn't match image C:\Users\asdf\Desktop\unity\ReactiveTurnBase\My project A\Library\ScriptAssemblies\Unity.VisualScripting.State.Editor.dll
Symbol file LoadedFromMemory is not a mono symbol file
Symbol file data-000001DA16DE9630 doesn't match image C:\Users\asdf\Desktop\unity\ReactiveTurnBase\My project A\Library\ScriptAssemblies\Unity.Settings.Editor.dll
Symbol file LoadedFromMemory is not a mono symbol file
Symbol file data-000001DA21688420 doesn't match image C:\Users\asdf\Desktop\unity\ReactiveTurnBase\My project A\Library\ScriptAssemblies\Unity.CollabProxy.Editor.dll
Symbol file LoadedFromMemory is not a mono symbol file
Symbol file data-000001DA176D2010 doesn't match image C:\Users\asdf\Desktop\unity\ReactiveTurnBase\My project A\Library\ScriptAssemblies\Unity.TextMeshPro.dll
Symbol file LoadedFromMemory is not a mono symbol file
Symbol file data-000001DA18643010 doesn't match image C:\Users\asdf\Desktop\unity\ReactiveTurnBase\My project A\Library\ScriptAssemblies\Unity.TextMeshPro.Editor.dll
Symbol file LoadedFromMemory is not a mono symbol file
Symbol file data-000001DA1783E010 doesn't match image C:\Users\asdf\Desktop\unity\ReactiveTurnBase\My project A\Library\ScriptAssemblies\UniTask.dll
Symbol file LoadedFromMemory is not a mono symbol file
Symbol file data-000001DA16DE9630 doesn't match image C:\Users\asdf\Desktop\unity\ReactiveTurnBase\My project A\Library\ScriptAssemblies\Unity.VisualScripting.State.dll
Symbol file LoadedFromMemory is not a mono symbol file
Symbol file data-000001DA16DE9630 doesn't match image C:\Users\asdf\Desktop\unity\ReactiveTurnBase\My project A\Library\ScriptAssemblies\Unity.VSCode.Editor.dll
Symbol file LoadedFromMemory is not a mono symbol file
- Loaded All Assemblies, in  0.448 seconds
Native extension for WindowsStandalone target not found
Native extension for Android target not found
Mono: successfully reloaded assembly
- Finished resetting the current domain, in  1.001 seconds
Domain Reload Profiling: 1446ms
	BeginReloadAssembly (137ms)
		ExecutionOrderSort (0ms)
		DisableScriptedObjects (6ms)
		BackupInstance (0ms)
		ReleaseScriptingObjects (0ms)
		CreateAndSetChildDomain (31ms)
	RebuildCommonClasses (26ms)
	RebuildNativeTypeToScriptingClass (9ms)
	initialDomainReloadingComplete (26ms)
	LoadAllAssembliesAndSetupDomain (246ms)
		LoadAssemblies (287ms)
		RebuildTransferFunctionScriptingTraits (0ms)
		AnalyzeDomain (30ms)
			TypeCache.Refresh (11ms)
				TypeCache.ScanAssembly (3ms)
			ScanForSourceGeneratedMonoScriptInfo (11ms)
			ResolveRequiredComponents (7ms)
	FinalizeReload (1001ms)
		ReleaseScriptCaches (0ms)
		RebuildScriptCaches (0ms)
		SetupLoadedEditorAssemblies (499ms)
			LogAssemblyErrors (0ms)
			InitializePlatformSupportModulesInManaged (19ms)
			SetLoadedEditorAssemblies (5ms)
			RefreshPlugins (0ms)
			BeforeProcessingInitializeOnLoad (102ms)
			ProcessInitializeOnLoadAttributes (338ms)
			ProcessInitializeOnLoadMethodAttributes (29ms)
			AfterProcessingInitializeOnLoad (6ms)
			EditorAssembliesLoaded (0ms)
		ExecutionOrderSort2 (0ms)
		AwakeInstancesAfterBackupRestoration (5ms)
Refreshing native plugins compatible for Editor in 4.05 ms, found 3 plugins.
Preloading 0 native plugins for Editor in 0.00 ms.
Unloading 3941 Unused Serialized files (Serialized files now loaded: 0)
Unloading 22 unused Assets / (32.6 KB). Loaded Objects now: 4463.
Memory consumption went from 225.5 MB to 225.5 MB.
Total: 2.763700 ms (FindLiveObjects: 0.258500 ms CreateObjectMapping: 0.093800 ms MarkObjects: 2.370800 ms  DeleteObjects: 0.040000 ms)

Prepare: number of updated asset objects reloaded= 0
AssetImportParameters requested are different than current active one (requested -> active):
  custom:container-demuxer-ogg: 62fdf1f143b41e24485cea50d1cbac27 -> 
  custom:video-decoder-ogg-theora: a1e56fd34408186e4bbccfd4996cb3dc -> 
  custom:framework-win-MediaFoundation: 216162199b28c13a410421893ffa2e32 -> 
  custom:CustomObjectIndexerAttribute: 9a22284fe3817be447336de3de66b15e -> 
  custom:container-demuxer-webm: 4f35f7cbe854078d1ac9338744f61a02 -> 
  custom:container-muxer-webm: aa71ff27fc2769a1b78a27578f13a17b -> 
  custom:video-decoder-webm-vp8: 9c59270c3fd7afecdb556c50c9e8de78 -> 
  custom:SearchIndexIgnoredProperties: e643bd26f0fe6173181afceb89e7c659 -> 
  custom:AudioImporter_EditorPlatform: d09bf68614088b80899f8185d706f6e7 -> 
  custom:video-encoder-webm-vp8: eb34c28f22e8b96e1ab97ce403110664 -> 
  custom:audio-decoder-ogg-vorbis: bf7c407c2cedff20999df2af8eb42d56 -> 
  custom:audio-encoder-webm-vorbis: bf7c407c2cedff20999df2af8eb42d56 -> 
========================================================================
Received Prepare
Caller must complete domain reload
Begin MonoManager ReloadAssembly
Symbol file data-000001D9F4EE2240 doesn't match image C:\Users\asdf\Desktop\unity\ReactiveTurnBase\My project A\Library\ScriptAssemblies\Unity.EditorCoroutines.Editor.dll
Symbol file LoadedFromMemory is not a mono symbol file
Symbol file data-000001DA1FF1D010 doesn't match image C:\Users\asdf\Desktop\unity\ReactiveTurnBase\My project A\Library\ScriptAssemblies\UniTask.TextMeshPro.dll
Symbol file LoadedFromMemory is not a mono symbol file
Symbol file data-000001D9F4948F90 doesn't match image C:\Users\asdf\Desktop\unity\ReactiveTurnBase\My project A\Library\ScriptAssemblies\Unity.Timeline.Editor.dll
Symbol file LoadedFromMemory is not a mono symbol file
Symbol file data-000001DA1FF1D010 doesn't match image C:\Users\asdf\Desktop\unity\ReactiveTurnBase\My project A\Library\ScriptAssemblies\Unity.VisualScripting.Shared.Editor.dll
Symbol file LoadedFromMemory is not a mono symbol file
Symbol file data-000001DA1FF1D010 doesn't match image C:\Users\asdf\Desktop\unity\ReactiveTurnBase\My project A\Library\ScriptAssemblies\UniTask.DOTween.dll
Symbol file LoadedFromMemory is not a mono symbol file
Symbol file data-000001DA1FF1D010 doesn't match image C:\Users\asdf\Desktop\unity\ReactiveTurnBase\My project A\Library\ScriptAssemblies\UniTask.Addressables.dll
Symbol file LoadedFromMemory is not a mono symbol file
Symbol file data-000001DA1846D030 doesn't match image C:\Users\asdf\Desktop\unity\ReactiveTurnBase\My project A\Library\ScriptAssemblies\UnityEditor.UI.dll
Symbol file LoadedFromMemory is not a mono symbol file
Symbol file data-000001D9F3F20080 doesn't match image C:\Users\asdf\Desktop\unity\ReactiveTurnBase\My project A\Library\ScriptAssemblies\Unity.VisualScripting.Core.dll
Symbol file LoadedFromMemory is not a mono symbol file
Symbol file data-000001DA17BCF010 doesn't match image C:\Users\asdf\Desktop\unity\ReactiveTurnBase\My project A\Library\ScriptAssemblies\UnityEngine.UI.dll
Symbol file LoadedFromMemory is not a mono symbol file
Symbol file data-000001DA21681820 doesn't match image C:\Users\asdf\Desktop\unity\ReactiveTurnBase\My project A\Library\ScriptAssemblies\UniTask.Editor.dll
Symbol file LoadedFromMemory is not a mono symbol file
Symbol file data-000001D9F4B57020 doesn't match image C:\Users\asdf\Desktop\unity\ReactiveTurnBase\My project A\Library\ScriptAssemblies\Unity.VisualScripting.Core.Editor.dll
Symbol file LoadedFromMemory is not a mono symbol file
Symbol file data-000001DA165CC010 doesn't match image C:\Users\asdf\Desktop\unity\ReactiveTurnBase\My project A\Library\ScriptAssemblies\UniTask.Linq.dll
Symbol file LoadedFromMemory is not a mono symbol file
Symbol file data-000001DA16AF0040 doesn't match image C:\Users\asdf\Desktop\unity\ReactiveTurnBase\My project A\Library\ScriptAssemblies\Unity.VisualScripting.Flow.dll
Symbol file LoadedFromMemory is not a mono symbol file
Symbol file data-000001D9F42F4050 doesn't match image C:\Users\asdf\Desktop\unity\ReactiveTurnBase\My project A\Library\ScriptAssemblies\Unity.VisualScripting.Flow.Editor.dll
Symbol file LoadedFromMemory is not a mono symbol file
Symbol file data-000001DA21653020 doesn't match image C:\Users\asdf\Desktop\unity\ReactiveTurnBase\My project A\Library\ScriptAssemblies\Unity.Timeline.dll
Symbol file LoadedFromMemory is not a mono symbol file
Symbol file data-000001DA16C91020 doesn't match image C:\Users\asdf\Desktop\unity\ReactiveTurnBase\My project A\Library\ScriptAssemblies\Unity.InputSystem.dll
Symbol file LoadedFromMemory is not a mono symbol file
Symbol file data-000001DA210DC380 doesn't match image C:\Users\asdf\Desktop\unity\ReactiveTurnBase\My project A\Library\ScriptAssemblies\Unity.InputSystem.ForUI.dll
Symbol file LoadedFromMemory is not a mono symbol file
Symbol file data-000001DA21681820 doesn't match image C:\Users\asdf\Desktop\unity\ReactiveTurnBase\My project A\Library\ScriptAssemblies\Unity.TestTools.CodeCoverage.Editor.OpenCover.Mono.Reflection.dll
Symbol file LoadedFromMemory is not a mono symbol file
Symbol file data-000001DA21681820 doesn't match image C:\Users\asdf\Desktop\unity\ReactiveTurnBase\My project A\Library\ScriptAssemblies\Unity.VisualScripting.SettingsProvider.Editor.dll
Symbol file LoadedFromMemory is not a mono symbol file
Symbol file data-000001D9F4C2B940 doesn't match image C:\Users\asdf\Desktop\unity\ReactiveTurnBase\My project A\Library\ScriptAssemblies\Unity.Performance.Profile-Analyzer.Editor.dll
Symbol file LoadedFromMemory is not a mono symbol file
Symbol file data-000001D9F4C57070 doesn't match image C:\Users\asdf\Desktop\unity\ReactiveTurnBase\My project A\Library\ScriptAssemblies\Unity.TestTools.CodeCoverage.Editor.dll
Symbol file LoadedFromMemory is not a mono symbol file
Symbol file data-000001DA21681820 doesn't match image C:\Users\asdf\Desktop\unity\ReactiveTurnBase\My project A\Library\ScriptAssemblies\Unity.TestTools.CodeCoverage.Editor.OpenCover.Model.dll
Symbol file LoadedFromMemory is not a mono symbol file
Symbol file data-000001DA231FA020 doesn't match image C:\Users\asdf\Desktop\unity\ReactiveTurnBase\My project A\Library\ScriptAssemblies\Unity.VisualScripting.State.Editor.dll
Symbol file LoadedFromMemory is not a mono symbol file
Symbol file data-000001DA20686010 doesn't match image C:\Users\asdf\Desktop\unity\ReactiveTurnBase\My project A\Library\ScriptAssemblies\Unity.Settings.Editor.dll
Symbol file LoadedFromMemory is not a mono symbol file
Symbol file data-000001DA23205430 doesn't match image C:\Users\asdf\Desktop\unity\ReactiveTurnBase\My project A\Library\ScriptAssemblies\Unity.CollabProxy.Editor.dll
Symbol file LoadedFromMemory is not a mono symbol file
Symbol file data-000001DA16AF0040 doesn't match image C:\Users\asdf\Desktop\unity\ReactiveTurnBase\My project A\Library\ScriptAssemblies\Unity.TextMeshPro.dll
Symbol file LoadedFromMemory is not a mono symbol file
Symbol file data-000001D9F45F0010 doesn't match image C:\Users\asdf\Desktop\unity\ReactiveTurnBase\My project A\Library\ScriptAssemblies\Unity.TextMeshPro.Editor.dll
Symbol file LoadedFromMemory is not a mono symbol file
Symbol file data-000001DA1783E010 doesn't match image C:\Users\asdf\Desktop\unity\ReactiveTurnBase\My project A\Library\ScriptAssemblies\UniTask.dll
Symbol file LoadedFromMemory is not a mono symbol file
Symbol file data-000001DA2068E420 doesn't match image C:\Users\asdf\Desktop\unity\ReactiveTurnBase\My project A\Library\ScriptAssemblies\Unity.VisualScripting.State.dll
Symbol file LoadedFromMemory is not a mono symbol file
Symbol file data-000001DA2068E420 doesn't match image C:\Users\asdf\Desktop\unity\ReactiveTurnBase\My project A\Library\ScriptAssemblies\Unity.VSCode.Editor.dll
Symbol file LoadedFromMemory is not a mono symbol file
- Loaded All Assemblies, in  0.430 seconds
Native extension for WindowsStandalone target not found
Native extension for Android target not found
Mono: successfully reloaded assembly
- Finished resetting the current domain, in  1.135 seconds
Domain Reload Profiling: 1563ms
	BeginReloadAssembly (133ms)
		ExecutionOrderSort (0ms)
		DisableScriptedObjects (6ms)
		BackupInstance (0ms)
		ReleaseScriptingObjects (0ms)
		CreateAndSetChildDomain (31ms)
	RebuildCommonClasses (26ms)
	RebuildNativeTypeToScriptingClass (8ms)
	initialDomainReloadingComplete (26ms)
	LoadAllAssembliesAndSetupDomain (234ms)
		LoadAssemblies (289ms)
		RebuildTransferFunctionScriptingTraits (0ms)
		AnalyzeDomain (13ms)
			TypeCache.Refresh (5ms)
				TypeCache.ScanAssembly (0ms)
			ScanForSourceGeneratedMonoScriptInfo (0ms)
			ResolveRequiredComponents (7ms)
	FinalizeReload (1136ms)
		ReleaseScriptCaches (0ms)
		RebuildScriptCaches (0ms)
		SetupLoadedEditorAssemblies (629ms)
			LogAssemblyErrors (0ms)
			InitializePlatformSupportModulesInManaged (21ms)
			SetLoadedEditorAssemblies (5ms)
			RefreshPlugins (0ms)
			BeforeProcessingInitializeOnLoad (110ms)
			ProcessInitializeOnLoadAttributes (441ms)
			ProcessInitializeOnLoadMethodAttributes (42ms)
			AfterProcessingInitializeOnLoad (10ms)
			EditorAssembliesLoaded (0ms)
		ExecutionOrderSort2 (0ms)
		AwakeInstancesAfterBackupRestoration (8ms)
Refreshing native plugins compatible for Editor in 4.56 ms, found 3 plugins.
Preloading 0 native plugins for Editor in 0.00 ms.
Unloading 3941 Unused Serialized files (Serialized files now loaded: 0)
Unloading 22 unused Assets / (32.6 KB). Loaded Objects now: 4466.
Memory consumption went from 225.5 MB to 225.5 MB.
Total: 3.204700 ms (FindLiveObjects: 0.270800 ms CreateObjectMapping: 0.258300 ms MarkObjects: 2.629000 ms  DeleteObjects: 0.045700 ms)

Prepare: number of updated asset objects reloaded= 0
AssetImportParameters requested are different than current active one (requested -> active):
  custom:container-demuxer-ogg: 62fdf1f143b41e24485cea50d1cbac27 -> 
  custom:video-decoder-ogg-theora: a1e56fd34408186e4bbccfd4996cb3dc -> 
  custom:framework-win-MediaFoundation: 216162199b28c13a410421893ffa2e32 -> 
  custom:CustomObjectIndexerAttribute: 9a22284fe3817be447336de3de66b15e -> 
  custom:container-demuxer-webm: 4f35f7cbe854078d1ac9338744f61a02 -> 
  custom:container-muxer-webm: aa71ff27fc2769a1b78a27578f13a17b -> 
  custom:video-decoder-webm-vp8: 9c59270c3fd7afecdb556c50c9e8de78 -> 
  custom:SearchIndexIgnoredProperties: e643bd26f0fe6173181afceb89e7c659 -> 
  custom:AudioImporter_EditorPlatform: d09bf68614088b80899f8185d706f6e7 -> 
  custom:video-encoder-webm-vp8: eb34c28f22e8b96e1ab97ce403110664 -> 
  custom:audio-decoder-ogg-vorbis: bf7c407c2cedff20999df2af8eb42d56 -> 
  custom:audio-encoder-webm-vorbis: bf7c407c2cedff20999df2af8eb42d56 -> 
========================================================================
Received Prepare
Caller must complete domain reload
Begin MonoManager ReloadAssembly
Symbol file data-000001D9F475F160 doesn't match image C:\Users\asdf\Desktop\unity\ReactiveTurnBase\My project A\Library\ScriptAssemblies\Unity.EditorCoroutines.Editor.dll
Symbol file LoadedFromMemory is not a mono symbol file
Symbol file data-000001D9F475F160 doesn't match image C:\Users\asdf\Desktop\unity\ReactiveTurnBase\My project A\Library\ScriptAssemblies\UniTask.TextMeshPro.dll
Symbol file LoadedFromMemory is not a mono symbol file
Symbol file data-000001D9F4948F90 doesn't match image C:\Users\asdf\Desktop\unity\ReactiveTurnBase\My project A\Library\ScriptAssemblies\Unity.Timeline.Editor.dll
Symbol file LoadedFromMemory is not a mono symbol file
Symbol file data-000001D9F475F160 doesn't match image C:\Users\asdf\Desktop\unity\ReactiveTurnBase\My project A\Library\ScriptAssemblies\Unity.VisualScripting.Shared.Editor.dll
Symbol file LoadedFromMemory is not a mono symbol file
Symbol file data-000001D9F475F160 doesn't match image C:\Users\asdf\Desktop\unity\ReactiveTurnBase\My project A\Library\ScriptAssemblies\UniTask.DOTween.dll
Symbol file LoadedFromMemory is not a mono symbol file
Symbol file data-000001D9F475F160 doesn't match image C:\Users\asdf\Desktop\unity\ReactiveTurnBase\My project A\Library\ScriptAssemblies\UniTask.Addressables.dll
Symbol file LoadedFromMemory is not a mono symbol file
Symbol file data-000001DA218A8050 doesn't match image C:\Users\asdf\Desktop\unity\ReactiveTurnBase\My project A\Library\ScriptAssemblies\UnityEditor.UI.dll
Symbol file LoadedFromMemory is not a mono symbol file
Symbol file data-000001D9F3F20080 doesn't match image C:\Users\asdf\Desktop\unity\ReactiveTurnBase\My project A\Library\ScriptAssemblies\Unity.VisualScripting.Core.dll
Symbol file LoadedFromMemory is not a mono symbol file
Symbol file data-000001DA21876010 doesn't match image C:\Users\asdf\Desktop\unity\ReactiveTurnBase\My project A\Library\ScriptAssemblies\UnityEngine.UI.dll
Symbol file LoadedFromMemory is not a mono symbol file
Symbol file data-000001D9F453AEF0 doesn't match image C:\Users\asdf\Desktop\unity\ReactiveTurnBase\My project A\Library\ScriptAssemblies\UniTask.Editor.dll
Symbol file LoadedFromMemory is not a mono symbol file
Symbol file data-000001D9F4B57020 doesn't match image C:\Users\asdf\Desktop\unity\ReactiveTurnBase\My project A\Library\ScriptAssemblies\Unity.VisualScripting.Core.Editor.dll
Symbol file LoadedFromMemory is not a mono symbol file
Symbol file data-000001DA237A2070 doesn't match image C:\Users\asdf\Desktop\unity\ReactiveTurnBase\My project A\Library\ScriptAssemblies\UniTask.Linq.dll
Symbol file LoadedFromMemory is not a mono symbol file
Symbol file data-000001DA239BF010 doesn't match image C:\Users\asdf\Desktop\unity\ReactiveTurnBase\My project A\Library\ScriptAssemblies\Unity.VisualScripting.Flow.dll
Symbol file LoadedFromMemory is not a mono symbol file
Symbol file data-000001D9F42F4050 doesn't match image C:\Users\asdf\Desktop\unity\ReactiveTurnBase\My project A\Library\ScriptAssemblies\Unity.VisualScripting.Flow.Editor.dll
Symbol file LoadedFromMemory is not a mono symbol file
Symbol file data-000001DA1670A010 doesn't match image C:\Users\asdf\Desktop\unity\ReactiveTurnBase\My project A\Library\ScriptAssemblies\Unity.Timeline.dll
Symbol file LoadedFromMemory is not a mono symbol file
Symbol file data-000001DA16C91020 doesn't match image C:\Users\asdf\Desktop\unity\ReactiveTurnBase\My project A\Library\ScriptAssemblies\Unity.InputSystem.dll
Symbol file LoadedFromMemory is not a mono symbol file
Symbol file data-000001D9F453AEF0 doesn't match image C:\Users\asdf\Desktop\unity\ReactiveTurnBase\My project A\Library\ScriptAssemblies\Unity.InputSystem.ForUI.dll
Symbol file LoadedFromMemory is not a mono symbol file
Symbol file data-000001D9F453AEF0 doesn't match image C:\Users\asdf\Desktop\unity\ReactiveTurnBase\My project A\Library\ScriptAssemblies\Unity.TestTools.CodeCoverage.Editor.OpenCover.Mono.Reflection.dll
Symbol file LoadedFromMemory is not a mono symbol file
Symbol file data-000001DA20A2CE20 doesn't match image C:\Users\asdf\Desktop\unity\ReactiveTurnBase\My project A\Library\ScriptAssemblies\Unity.VisualScripting.SettingsProvider.Editor.dll
Symbol file LoadedFromMemory is not a mono symbol file
Symbol file data-000001D9F4C2B940 doesn't match image C:\Users\asdf\Desktop\unity\ReactiveTurnBase\My project A\Library\ScriptAssemblies\Unity.Performance.Profile-Analyzer.Editor.dll
Symbol file LoadedFromMemory is not a mono symbol file
Symbol file data-000001D9F4C57070 doesn't match image C:\Users\asdf\Desktop\unity\ReactiveTurnBase\My project A\Library\ScriptAssemblies\Unity.TestTools.CodeCoverage.Editor.dll
Symbol file LoadedFromMemory is not a mono symbol file
Symbol file data-000001D9F4C4E950 doesn't match image C:\Users\asdf\Desktop\unity\ReactiveTurnBase\My project A\Library\ScriptAssemblies\Unity.TestTools.CodeCoverage.Editor.OpenCover.Model.dll
Symbol file LoadedFromMemory is not a mono symbol file
Symbol file data-000001D9F48B5750 doesn't match image C:\Users\asdf\Desktop\unity\ReactiveTurnBase\My project A\Library\ScriptAssemblies\Unity.VisualScripting.State.Editor.dll
Symbol file LoadedFromMemory is not a mono symbol file
Symbol file data-000001DA237F1020 doesn't match image C:\Users\asdf\Desktop\unity\ReactiveTurnBase\My project A\Library\ScriptAssemblies\Unity.Settings.Editor.dll
Symbol file LoadedFromMemory is not a mono symbol file
Symbol file data-000001DA2329F630 doesn't match image C:\Users\asdf\Desktop\unity\ReactiveTurnBase\My project A\Library\ScriptAssemblies\Unity.CollabProxy.Editor.dll
Symbol file LoadedFromMemory is not a mono symbol file
Symbol file data-000001DA176D2010 doesn't match image C:\Users\asdf\Desktop\unity\ReactiveTurnBase\My project A\Library\ScriptAssemblies\Unity.TextMeshPro.dll
Symbol file LoadedFromMemory is not a mono symbol file
Symbol file data-000001D9F2F265B0 doesn't match image C:\Users\asdf\Desktop\unity\ReactiveTurnBase\My project A\Library\ScriptAssemblies\Unity.TextMeshPro.Editor.dll
Symbol file LoadedFromMemory is not a mono symbol file
Symbol file data-000001DA2156D010 doesn't match image C:\Users\asdf\Desktop\unity\ReactiveTurnBase\My project A\Library\ScriptAssemblies\UniTask.dll
Symbol file LoadedFromMemory is not a mono symbol file
Symbol file data-000001DA237F9430 doesn't match image C:\Users\asdf\Desktop\unity\ReactiveTurnBase\My project A\Library\ScriptAssemblies\Unity.VisualScripting.State.dll
Symbol file LoadedFromMemory is not a mono symbol file
Symbol file data-000001DA237F9430 doesn't match image C:\Users\asdf\Desktop\unity\ReactiveTurnBase\My project A\Library\ScriptAssemblies\Unity.VSCode.Editor.dll
Symbol file LoadedFromMemory is not a mono symbol file
- Loaded All Assemblies, in  0.495 seconds
Native extension for WindowsStandalone target not found
Native extension for Android target not found
Mono: successfully reloaded assembly
- Finished resetting the current domain, in  1.028 seconds
Domain Reload Profiling: 1520ms
	BeginReloadAssembly (150ms)
		ExecutionOrderSort (0ms)
		DisableScriptedObjects (9ms)
		BackupInstance (0ms)
		ReleaseScriptingObjects (0ms)
		CreateAndSetChildDomain (35ms)
	RebuildCommonClasses (28ms)
	RebuildNativeTypeToScriptingClass (9ms)
	initialDomainReloadingComplete (35ms)
	LoadAllAssembliesAndSetupDomain (270ms)
		LoadAssemblies (313ms)
		RebuildTransferFunctionScriptingTraits (0ms)
		AnalyzeDomain (32ms)
			TypeCache.Refresh (10ms)
				TypeCache.ScanAssembly (2ms)
			ScanForSourceGeneratedMonoScriptInfo (11ms)
			ResolveRequiredComponents (9ms)
	FinalizeReload (1028ms)
		ReleaseScriptCaches (0ms)
		RebuildScriptCaches (0ms)
		SetupLoadedEditorAssemblies (573ms)
			LogAssemblyErrors (0ms)
			InitializePlatformSupportModulesInManaged (21ms)
			SetLoadedEditorAssemblies (4ms)
			RefreshPlugins (0ms)
			BeforeProcessingInitializeOnLoad (85ms)
			ProcessInitializeOnLoadAttributes (427ms)
			ProcessInitializeOnLoadMethodAttributes (31ms)
			AfterProcessingInitializeOnLoad (6ms)
			EditorAssembliesLoaded (0ms)
		ExecutionOrderSort2 (0ms)
		AwakeInstancesAfterBackupRestoration (5ms)
Refreshing native plugins compatible for Editor in 3.98 ms, found 3 plugins.
Preloading 0 native plugins for Editor in 0.00 ms.
Unloading 3941 Unused Serialized files (Serialized files now loaded: 0)
Unloading 22 unused Assets / (32.6 KB). Loaded Objects now: 4469.
Memory consumption went from 225.5 MB to 225.5 MB.
Total: 3.151500 ms (FindLiveObjects: 0.301900 ms CreateObjectMapping: 0.095900 ms MarkObjects: 2.700400 ms  DeleteObjects: 0.051800 ms)

Prepare: number of updated asset objects reloaded= 0
AssetImportParameters requested are different than current active one (requested -> active):
  custom:container-demuxer-ogg: 62fdf1f143b41e24485cea50d1cbac27 -> 
  custom:video-decoder-ogg-theora: a1e56fd34408186e4bbccfd4996cb3dc -> 
  custom:framework-win-MediaFoundation: 216162199b28c13a410421893ffa2e32 -> 
  custom:CustomObjectIndexerAttribute: 9a22284fe3817be447336de3de66b15e -> 
  custom:container-demuxer-webm: 4f35f7cbe854078d1ac9338744f61a02 -> 
  custom:container-muxer-webm: aa71ff27fc2769a1b78a27578f13a17b -> 
  custom:video-decoder-webm-vp8: 9c59270c3fd7afecdb556c50c9e8de78 -> 
  custom:SearchIndexIgnoredProperties: e643bd26f0fe6173181afceb89e7c659 -> 
  custom:AudioImporter_EditorPlatform: d09bf68614088b80899f8185d706f6e7 -> 
  custom:video-encoder-webm-vp8: eb34c28f22e8b96e1ab97ce403110664 -> 
  custom:audio-decoder-ogg-vorbis: bf7c407c2cedff20999df2af8eb42d56 -> 
  custom:audio-encoder-webm-vorbis: bf7c407c2cedff20999df2af8eb42d56 -> 
========================================================================
Received Prepare
Caller must complete domain reload
Begin MonoManager ReloadAssembly
Symbol file data-000001DA21825040 doesn't match image C:\Users\asdf\Desktop\unity\ReactiveTurnBase\My project A\Library\ScriptAssemblies\Unity.EditorCoroutines.Editor.dll
Symbol file LoadedFromMemory is not a mono symbol file
Symbol file data-000001DA21825040 doesn't match image C:\Users\asdf\Desktop\unity\ReactiveTurnBase\My project A\Library\ScriptAssemblies\UniTask.TextMeshPro.dll
Symbol file LoadedFromMemory is not a mono symbol file
Symbol file data-000001D9F4948F90 doesn't match image C:\Users\asdf\Desktop\unity\ReactiveTurnBase\My project A\Library\ScriptAssemblies\Unity.Timeline.Editor.dll
Symbol file LoadedFromMemory is not a mono symbol file
Symbol file data-000001DA21825040 doesn't match image C:\Users\asdf\Desktop\unity\ReactiveTurnBase\My project A\Library\ScriptAssemblies\Unity.VisualScripting.Shared.Editor.dll
Symbol file LoadedFromMemory is not a mono symbol file
Symbol file data-000001DA21825040 doesn't match image C:\Users\asdf\Desktop\unity\ReactiveTurnBase\My project A\Library\ScriptAssemblies\UniTask.DOTween.dll
Symbol file LoadedFromMemory is not a mono symbol file
Symbol file data-000001DA21825040 doesn't match image C:\Users\asdf\Desktop\unity\ReactiveTurnBase\My project A\Library\ScriptAssemblies\UniTask.Addressables.dll
Symbol file LoadedFromMemory is not a mono symbol file
Symbol file data-000001D9F4916980 doesn't match image C:\Users\asdf\Desktop\unity\ReactiveTurnBase\My project A\Library\ScriptAssemblies\UnityEditor.UI.dll
Symbol file LoadedFromMemory is not a mono symbol file
Symbol file data-000001D9F3F20080 doesn't match image C:\Users\asdf\Desktop\unity\ReactiveTurnBase\My project A\Library\ScriptAssemblies\Unity.VisualScripting.Core.dll
Symbol file LoadedFromMemory is not a mono symbol file
Symbol file data-000001DA1783E010 doesn't match image C:\Users\asdf\Desktop\unity\ReactiveTurnBase\My project A\Library\ScriptAssemblies\UnityEngine.UI.dll
Symbol file LoadedFromMemory is not a mono symbol file
Symbol file data-000001DA17880370 doesn't match image C:\Users\asdf\Desktop\unity\ReactiveTurnBase\My project A\Library\ScriptAssemblies\UniTask.Editor.dll
Symbol file LoadedFromMemory is not a mono symbol file
Symbol file data-000001D9F4B57020 doesn't match image C:\Users\asdf\Desktop\unity\ReactiveTurnBase\My project A\Library\ScriptAssemblies\Unity.VisualScripting.Core.Editor.dll
Symbol file LoadedFromMemory is not a mono symbol file
Symbol file data-000001DA216077B0 doesn't match image C:\Users\asdf\Desktop\unity\ReactiveTurnBase\My project A\Library\ScriptAssemblies\UniTask.Linq.dll
Symbol file LoadedFromMemory is not a mono symbol file
Symbol file data-000001D9F432BDC0 doesn't match image C:\Users\asdf\Desktop\unity\ReactiveTurnBase\My project A\Library\ScriptAssemblies\Unity.VisualScripting.Flow.dll
Symbol file LoadedFromMemory is not a mono symbol file
Symbol file data-000001DA2127B030 doesn't match image C:\Users\asdf\Desktop\unity\ReactiveTurnBase\My project A\Library\ScriptAssemblies\Unity.VisualScripting.Flow.Editor.dll
Symbol file LoadedFromMemory is not a mono symbol file
Symbol file data-000001D9F4C08060 doesn't match image C:\Users\asdf\Desktop\unity\ReactiveTurnBase\My project A\Library\ScriptAssemblies\Unity.Timeline.dll
Symbol file LoadedFromMemory is not a mono symbol file
Symbol file data-000001D9F40CB010 doesn't match image C:\Users\asdf\Desktop\unity\ReactiveTurnBase\My project A\Library\ScriptAssemblies\Unity.InputSystem.dll
Symbol file LoadedFromMemory is not a mono symbol file
Symbol file data-000001DA17880370 doesn't match image C:\Users\asdf\Desktop\unity\ReactiveTurnBase\My project A\Library\ScriptAssemblies\Unity.InputSystem.ForUI.dll
Symbol file LoadedFromMemory is not a mono symbol file
Symbol file data-000001DA17880370 doesn't match image C:\Users\asdf\Desktop\unity\ReactiveTurnBase\My project A\Library\ScriptAssemblies\Unity.TestTools.CodeCoverage.Editor.OpenCover.Mono.Reflection.dll
Symbol file LoadedFromMemory is not a mono symbol file
Symbol file data-000001DA18653020 doesn't match image C:\Users\asdf\Desktop\unity\ReactiveTurnBase\My project A\Library\ScriptAssemblies\Unity.VisualScripting.SettingsProvider.Editor.dll
Symbol file LoadedFromMemory is not a mono symbol file
Symbol file data-000001D9F42F4050 doesn't match image C:\Users\asdf\Desktop\unity\ReactiveTurnBase\My project A\Library\ScriptAssemblies\Unity.Performance.Profile-Analyzer.Editor.dll
Symbol file LoadedFromMemory is not a mono symbol file
Symbol file data-000001D9F4C57070 doesn't match image C:\Users\asdf\Desktop\unity\ReactiveTurnBase\My project A\Library\ScriptAssemblies\Unity.TestTools.CodeCoverage.Editor.dll
Symbol file LoadedFromMemory is not a mono symbol file
Symbol file data-000001DA18653020 doesn't match image C:\Users\asdf\Desktop\unity\ReactiveTurnBase\My project A\Library\ScriptAssemblies\Unity.TestTools.CodeCoverage.Editor.OpenCover.Model.dll
Symbol file LoadedFromMemory is not a mono symbol file
Symbol file data-000001D9F48B5750 doesn't match image C:\Users\asdf\Desktop\unity\ReactiveTurnBase\My project A\Library\ScriptAssemblies\Unity.VisualScripting.State.Editor.dll
Symbol file LoadedFromMemory is not a mono symbol file
Symbol file data-000001DA20C9E040 doesn't match image C:\Users\asdf\Desktop\unity\ReactiveTurnBase\My project A\Library\ScriptAssemblies\Unity.Settings.Editor.dll
Symbol file LoadedFromMemory is not a mono symbol file
Symbol file data-000001D9F4C4EF50 doesn't match image C:\Users\asdf\Desktop\unity\ReactiveTurnBase\My project A\Library\ScriptAssemblies\Unity.CollabProxy.Editor.dll
Symbol file LoadedFromMemory is not a mono symbol file
Symbol file data-000001DA16AA3010 doesn't match image C:\Users\asdf\Desktop\unity\ReactiveTurnBase\My project A\Library\ScriptAssemblies\Unity.TextMeshPro.dll
Symbol file LoadedFromMemory is not a mono symbol file
Symbol file data-000001D9F2F265B0 doesn't match image C:\Users\asdf\Desktop\unity\ReactiveTurnBase\My project A\Library\ScriptAssemblies\Unity.TextMeshPro.Editor.dll
Symbol file LoadedFromMemory is not a mono symbol file
Symbol file data-000001DA216AF010 doesn't match image C:\Users\asdf\Desktop\unity\ReactiveTurnBase\My project A\Library\ScriptAssemblies\UniTask.dll
Symbol file LoadedFromMemory is not a mono symbol file
Symbol file data-000001D9F4C4EF50 doesn't match image C:\Users\asdf\Desktop\unity\ReactiveTurnBase\My project A\Library\ScriptAssemblies\Unity.VisualScripting.State.dll
Symbol file LoadedFromMemory is not a mono symbol file
Symbol file data-000001D9F4C4EF50 doesn't match image C:\Users\asdf\Desktop\unity\ReactiveTurnBase\My project A\Library\ScriptAssemblies\Unity.VSCode.Editor.dll
Symbol file LoadedFromMemory is not a mono symbol file
- Loaded All Assemblies, in  0.493 seconds
Native extension for WindowsStandalone target not found
Native extension for Android target not found
Mono: successfully reloaded assembly
- Finished resetting the current domain, in  1.210 seconds
Domain Reload Profiling: 1700ms
	BeginReloadAssembly (129ms)
		ExecutionOrderSort (0ms)
		DisableScriptedObjects (6ms)
		BackupInstance (0ms)
		ReleaseScriptingObjects (0ms)
		CreateAndSetChildDomain (30ms)
	RebuildCommonClasses (25ms)
	RebuildNativeTypeToScriptingClass (8ms)
	initialDomainReloadingComplete (39ms)
	LoadAllAssembliesAndSetupDomain (287ms)
		LoadAssemblies (335ms)
		RebuildTransferFunctionScriptingTraits (0ms)
		AnalyzeDomain (17ms)
			TypeCache.Refresh (7ms)
				TypeCache.ScanAssembly (0ms)
			ScanForSourceGeneratedMonoScriptInfo (0ms)
			ResolveRequiredComponents (9ms)
	FinalizeReload (1211ms)
		ReleaseScriptCaches (0ms)
		RebuildScriptCaches (0ms)
		SetupLoadedEditorAssemblies (700ms)
			LogAssemblyErrors (0ms)
			InitializePlatformSupportModulesInManaged (17ms)
			SetLoadedEditorAssemblies (5ms)
			RefreshPlugins (0ms)
			BeforeProcessingInitializeOnLoad (102ms)
			ProcessInitializeOnLoadAttributes (528ms)
			ProcessInitializeOnLoadMethodAttributes (39ms)
			AfterProcessingInitializeOnLoad (8ms)
			EditorAssembliesLoaded (0ms)
		ExecutionOrderSort2 (0ms)
		AwakeInstancesAfterBackupRestoration (8ms)
Refreshing native plugins compatible for Editor in 4.51 ms, found 3 plugins.
Preloading 0 native plugins for Editor in 0.00 ms.
Unloading 3941 Unused Serialized files (Serialized files now loaded: 0)
Unloading 22 unused Assets / (32.6 KB). Loaded Objects now: 4472.
Memory consumption went from 225.5 MB to 225.5 MB.
Total: 3.763500 ms (FindLiveObjects: 0.503100 ms CreateObjectMapping: 0.206100 ms MarkObjects: 2.989500 ms  DeleteObjects: 0.062900 ms)

Prepare: number of updated asset objects reloaded= 0
AssetImportParameters requested are different than current active one (requested -> active):
  custom:container-demuxer-ogg: 62fdf1f143b41e24485cea50d1cbac27 -> 
  custom:video-decoder-ogg-theora: a1e56fd34408186e4bbccfd4996cb3dc -> 
  custom:framework-win-MediaFoundation: 216162199b28c13a410421893ffa2e32 -> 
  custom:CustomObjectIndexerAttribute: 9a22284fe3817be447336de3de66b15e -> 
  custom:container-demuxer-webm: 4f35f7cbe854078d1ac9338744f61a02 -> 
  custom:container-muxer-webm: aa71ff27fc2769a1b78a27578f13a17b -> 
  custom:video-decoder-webm-vp8: 9c59270c3fd7afecdb556c50c9e8de78 -> 
  custom:SearchIndexIgnoredProperties: e643bd26f0fe6173181afceb89e7c659 -> 
  custom:AudioImporter_EditorPlatform: d09bf68614088b80899f8185d706f6e7 -> 
  custom:video-encoder-webm-vp8: eb34c28f22e8b96e1ab97ce403110664 -> 
  custom:audio-decoder-ogg-vorbis: bf7c407c2cedff20999df2af8eb42d56 -> 
  custom:audio-encoder-webm-vorbis: bf7c407c2cedff20999df2af8eb42d56 -> 
========================================================================
Received Prepare
Caller must complete domain reload
Begin MonoManager ReloadAssembly
Symbol file data-000001D9F44C7010 doesn't match image C:\Users\asdf\Desktop\unity\ReactiveTurnBase\My project A\Library\ScriptAssemblies\Unity.EditorCoroutines.Editor.dll
Symbol file LoadedFromMemory is not a mono symbol file
Symbol file data-000001DA18659830 doesn't match image C:\Users\asdf\Desktop\unity\ReactiveTurnBase\My project A\Library\ScriptAssemblies\UniTask.TextMeshPro.dll
Symbol file LoadedFromMemory is not a mono symbol file
Symbol file data-000001D9F4948F90 doesn't match image C:\Users\asdf\Desktop\unity\ReactiveTurnBase\My project A\Library\ScriptAssemblies\Unity.Timeline.Editor.dll
Symbol file LoadedFromMemory is not a mono symbol file
Symbol file data-000001DA18659830 doesn't match image C:\Users\asdf\Desktop\unity\ReactiveTurnBase\My project A\Library\ScriptAssemblies\Unity.VisualScripting.Shared.Editor.dll
Symbol file LoadedFromMemory is not a mono symbol file
Symbol file data-000001D9F44C7010 doesn't match image C:\Users\asdf\Desktop\unity\ReactiveTurnBase\My project A\Library\ScriptAssemblies\UniTask.DOTween.dll
Symbol file LoadedFromMemory is not a mono symbol file
Symbol file data-000001D9F44C7010 doesn't match image C:\Users\asdf\Desktop\unity\ReactiveTurnBase\My project A\Library\ScriptAssemblies\UniTask.Addressables.dll
Symbol file LoadedFromMemory is not a mono symbol file
Symbol file data-000001DA237F1020 doesn't match image C:\Users\asdf\Desktop\unity\ReactiveTurnBase\My project A\Library\ScriptAssemblies\UnityEditor.UI.dll
Symbol file LoadedFromMemory is not a mono symbol file
Symbol file data-000001D9F3F20080 doesn't match image C:\Users\asdf\Desktop\unity\ReactiveTurnBase\My project A\Library\ScriptAssemblies\Unity.VisualScripting.Core.dll
Symbol file LoadedFromMemory is not a mono symbol file
Symbol file data-000001DA20E78020 doesn't match image C:\Users\asdf\Desktop\unity\ReactiveTurnBase\My project A\Library\ScriptAssemblies\UnityEngine.UI.dll
Symbol file LoadedFromMemory is not a mono symbol file
Symbol file data-000001DA18659830 doesn't match image C:\Users\asdf\Desktop\unity\ReactiveTurnBase\My project A\Library\ScriptAssemblies\UniTask.Editor.dll
Symbol file LoadedFromMemory is not a mono symbol file
Symbol file data-000001D9F4B57020 doesn't match image C:\Users\asdf\Desktop\unity\ReactiveTurnBase\My project A\Library\ScriptAssemblies\Unity.VisualScripting.Core.Editor.dll
Symbol file LoadedFromMemory is not a mono symbol file
Symbol file data-000001DA216077B0 doesn't match image C:\Users\asdf\Desktop\unity\ReactiveTurnBase\My project A\Library\ScriptAssemblies\UniTask.Linq.dll
Symbol file LoadedFromMemory is not a mono symbol file
Symbol file data-000001D9F432BDC0 doesn't match image C:\Users\asdf\Desktop\unity\ReactiveTurnBase\My project A\Library\ScriptAssemblies\Unity.VisualScripting.Flow.dll
Symbol file LoadedFromMemory is not a mono symbol file
Symbol file data-000001D9F3FB50E0 doesn't match image C:\Users\asdf\Desktop\unity\ReactiveTurnBase\My project A\Library\ScriptAssemblies\Unity.VisualScripting.Flow.Editor.dll
Symbol file LoadedFromMemory is not a mono symbol file
Symbol file data-000001D9F45C6010 doesn't match image C:\Users\asdf\Desktop\unity\ReactiveTurnBase\My project A\Library\ScriptAssemblies\Unity.Timeline.dll
Symbol file LoadedFromMemory is not a mono symbol file
Symbol file data-000001D9F40CB010 doesn't match image C:\Users\asdf\Desktop\unity\ReactiveTurnBase\My project A\Library\ScriptAssemblies\Unity.InputSystem.dll
Symbol file LoadedFromMemory is not a mono symbol file
Symbol file data-000001DA18659830 doesn't match image C:\Users\asdf\Desktop\unity\ReactiveTurnBase\My project A\Library\ScriptAssemblies\Unity.InputSystem.ForUI.dll
Symbol file LoadedFromMemory is not a mono symbol file
Symbol file data-000001DA23680950 doesn't match image C:\Users\asdf\Desktop\unity\ReactiveTurnBase\My project A\Library\ScriptAssemblies\Unity.TestTools.CodeCoverage.Editor.OpenCover.Mono.Reflection.dll
Symbol file LoadedFromMemory is not a mono symbol file
Symbol file data-000001DA23680950 doesn't match image C:\Users\asdf\Desktop\unity\ReactiveTurnBase\My project A\Library\ScriptAssemblies\Unity.VisualScripting.SettingsProvider.Editor.dll
Symbol file LoadedFromMemory is not a mono symbol file
Symbol file data-000001DA1FEBE010 doesn't match image C:\Users\asdf\Desktop\unity\ReactiveTurnBase\My project A\Library\ScriptAssemblies\Unity.Performance.Profile-Analyzer.Editor.dll
Symbol file LoadedFromMemory is not a mono symbol file
Symbol file data-000001D9F4C57070 doesn't match image C:\Users\asdf\Desktop\unity\ReactiveTurnBase\My project A\Library\ScriptAssemblies\Unity.TestTools.CodeCoverage.Editor.dll
Symbol file LoadedFromMemory is not a mono symbol file
Symbol file data-000001D9F491E990 doesn't match image C:\Users\asdf\Desktop\unity\ReactiveTurnBase\My project A\Library\ScriptAssemblies\Unity.TestTools.CodeCoverage.Editor.OpenCover.Model.dll
Symbol file LoadedFromMemory is not a mono symbol file
Symbol file data-000001D9F48B5750 doesn't match image C:\Users\asdf\Desktop\unity\ReactiveTurnBase\My project A\Library\ScriptAssemblies\Unity.VisualScripting.State.Editor.dll
Symbol file LoadedFromMemory is not a mono symbol file
Symbol file data-000001DA2167D010 doesn't match image C:\Users\asdf\Desktop\unity\ReactiveTurnBase\My project A\Library\ScriptAssemblies\Unity.Settings.Editor.dll
Symbol file LoadedFromMemory is not a mono symbol file
Symbol file data-000001DA23680950 doesn't match image C:\Users\asdf\Desktop\unity\ReactiveTurnBase\My project A\Library\ScriptAssemblies\Unity.CollabProxy.Editor.dll
Symbol file LoadedFromMemory is not a mono symbol file
Symbol file data-000001DA16AA3010 doesn't match image C:\Users\asdf\Desktop\unity\ReactiveTurnBase\My project A\Library\ScriptAssemblies\Unity.TextMeshPro.dll
Symbol file LoadedFromMemory is not a mono symbol file
Symbol file data-000001D9F45F0010 doesn't match image C:\Users\asdf\Desktop\unity\ReactiveTurnBase\My project A\Library\ScriptAssemblies\Unity.TextMeshPro.Editor.dll
Symbol file LoadedFromMemory is not a mono symbol file
Symbol file data-000001DA1783E010 doesn't match image C:\Users\asdf\Desktop\unity\ReactiveTurnBase\My project A\Library\ScriptAssemblies\UniTask.dll
Symbol file LoadedFromMemory is not a mono symbol file
Symbol file data-000001DA21685420 doesn't match image C:\Users\asdf\Desktop\unity\ReactiveTurnBase\My project A\Library\ScriptAssemblies\Unity.VisualScripting.State.dll
Symbol file LoadedFromMemory is not a mono symbol file
Symbol file data-000001DA21685420 doesn't match image C:\Users\asdf\Desktop\unity\ReactiveTurnBase\My project A\Library\ScriptAssemblies\Unity.VSCode.Editor.dll
Symbol file LoadedFromMemory is not a mono symbol file
- Loaded All Assemblies, in  0.449 seconds
Native extension for WindowsStandalone target not found
Native extension for Android target not found
Mono: successfully reloaded assembly
- Finished resetting the current domain, in  0.968 seconds
Domain Reload Profiling: 1415ms
	BeginReloadAssembly (135ms)
		ExecutionOrderSort (0ms)
		DisableScriptedObjects (6ms)
		BackupInstance (0ms)
		ReleaseScriptingObjects (0ms)
		CreateAndSetChildDomain (28ms)
	RebuildCommonClasses (28ms)
	RebuildNativeTypeToScriptingClass (8ms)
	initialDomainReloadingComplete (27ms)
	LoadAllAssembliesAndSetupDomain (248ms)
		LoadAssemblies (289ms)
		RebuildTransferFunctionScriptingTraits (0ms)
		AnalyzeDomain (27ms)
			TypeCache.Refresh (9ms)
				TypeCache.ScanAssembly (2ms)
			ScanForSourceGeneratedMonoScriptInfo (11ms)
			ResolveRequiredComponents (6ms)
	FinalizeReload (968ms)
		ReleaseScriptCaches (0ms)
		RebuildScriptCaches (0ms)
		SetupLoadedEditorAssemblies (518ms)
			LogAssemblyErrors (0ms)
			InitializePlatformSupportModulesInManaged (21ms)
			SetLoadedEditorAssemblies (6ms)
			RefreshPlugins (0ms)
			BeforeProcessingInitializeOnLoad (111ms)
			ProcessInitializeOnLoadAttributes (344ms)
			ProcessInitializeOnLoadMethodAttributes (30ms)
			AfterProcessingInitializeOnLoad (7ms)
			EditorAssembliesLoaded (0ms)
		ExecutionOrderSort2 (0ms)
		AwakeInstancesAfterBackupRestoration (6ms)
Refreshing native plugins compatible for Editor in 4.80 ms, found 3 plugins.
Preloading 0 native plugins for Editor in 0.00 ms.
Unloading 3941 Unused Serialized files (Serialized files now loaded: 0)
Unloading 22 unused Assets / (32.6 KB). Loaded Objects now: 4475.
Memory consumption went from 225.5 MB to 225.5 MB.
Total: 3.227100 ms (FindLiveObjects: 0.264400 ms CreateObjectMapping: 0.198600 ms MarkObjects: 2.703600 ms  DeleteObjects: 0.059500 ms)

Prepare: number of updated asset objects reloaded= 0
AssetImportParameters requested are different than current active one (requested -> active):
  custom:container-demuxer-ogg: 62fdf1f143b41e24485cea50d1cbac27 -> 
  custom:video-decoder-ogg-theora: a1e56fd34408186e4bbccfd4996cb3dc -> 
  custom:framework-win-MediaFoundation: 216162199b28c13a410421893ffa2e32 -> 
  custom:CustomObjectIndexerAttribute: 9a22284fe3817be447336de3de66b15e -> 
  custom:container-demuxer-webm: 4f35f7cbe854078d1ac9338744f61a02 -> 
  custom:container-muxer-webm: aa71ff27fc2769a1b78a27578f13a17b -> 
  custom:video-decoder-webm-vp8: 9c59270c3fd7afecdb556c50c9e8de78 -> 
  custom:SearchIndexIgnoredProperties: e643bd26f0fe6173181afceb89e7c659 -> 
  custom:AudioImporter_EditorPlatform: d09bf68614088b80899f8185d706f6e7 -> 
  custom:video-encoder-webm-vp8: eb34c28f22e8b96e1ab97ce403110664 -> 
  custom:audio-decoder-ogg-vorbis: bf7c407c2cedff20999df2af8eb42d56 -> 
  custom:audio-encoder-webm-vorbis: bf7c407c2cedff20999df2af8eb42d56 -> 
========================================================================
Received Prepare
Caller must complete domain reload
Begin MonoManager ReloadAssembly
Symbol file data-000001DA21829050 doesn't match image C:\Users\asdf\Desktop\unity\ReactiveTurnBase\My project A\Library\ScriptAssemblies\Unity.EditorCoroutines.Editor.dll
Symbol file LoadedFromMemory is not a mono symbol file
Symbol file data-000001DA162E22E0 doesn't match image C:\Users\asdf\Desktop\unity\ReactiveTurnBase\My project A\Library\ScriptAssemblies\UniTask.TextMeshPro.dll
Symbol file LoadedFromMemory is not a mono symbol file
Symbol file data-000001D9F4948F90 doesn't match image C:\Users\asdf\Desktop\unity\ReactiveTurnBase\My project A\Library\ScriptAssemblies\Unity.Timeline.Editor.dll
Symbol file LoadedFromMemory is not a mono symbol file
Symbol file data-000001DA162E22E0 doesn't match image C:\Users\asdf\Desktop\unity\ReactiveTurnBase\My project A\Library\ScriptAssemblies\Unity.VisualScripting.Shared.Editor.dll
Symbol file LoadedFromMemory is not a mono symbol file
Symbol file data-000001DA162E22E0 doesn't match image C:\Users\asdf\Desktop\unity\ReactiveTurnBase\My project A\Library\ScriptAssemblies\UniTask.DOTween.dll
Symbol file LoadedFromMemory is not a mono symbol file
Symbol file data-000001DA162E22E0 doesn't match image C:\Users\asdf\Desktop\unity\ReactiveTurnBase\My project A\Library\ScriptAssemblies\UniTask.Addressables.dll
Symbol file LoadedFromMemory is not a mono symbol file
Symbol file data-000001D9F4916980 doesn't match image C:\Users\asdf\Desktop\unity\ReactiveTurnBase\My project A\Library\ScriptAssemblies\UnityEditor.UI.dll
Symbol file LoadedFromMemory is not a mono symbol file
Symbol file data-000001DA2112B060 doesn't match image C:\Users\asdf\Desktop\unity\ReactiveTurnBase\My project A\Library\ScriptAssemblies\Unity.VisualScripting.Core.dll
Symbol file LoadedFromMemory is not a mono symbol file
Symbol file data-000001DA21928010 doesn't match image C:\Users\asdf\Desktop\unity\ReactiveTurnBase\My project A\Library\ScriptAssemblies\UnityEngine.UI.dll
Symbol file LoadedFromMemory is not a mono symbol file
Symbol file data-000001DA2188A830 doesn't match image C:\Users\asdf\Desktop\unity\ReactiveTurnBase\My project A\Library\ScriptAssemblies\UniTask.Editor.dll
Symbol file LoadedFromMemory is not a mono symbol file
Symbol file data-000001D9F4B57020 doesn't match image C:\Users\asdf\Desktop\unity\ReactiveTurnBase\My project A\Library\ScriptAssemblies\Unity.VisualScripting.Core.Editor.dll
Symbol file LoadedFromMemory is not a mono symbol file
Symbol file data-000001DA237A2070 doesn't match image C:\Users\asdf\Desktop\unity\ReactiveTurnBase\My project A\Library\ScriptAssemblies\UniTask.Linq.dll
Symbol file LoadedFromMemory is not a mono symbol file
Symbol file data-000001DA16AA3010 doesn't match image C:\Users\asdf\Desktop\unity\ReactiveTurnBase\My project A\Library\ScriptAssemblies\Unity.VisualScripting.Flow.dll
Symbol file LoadedFromMemory is not a mono symbol file
Symbol file data-000001D9F3FB50E0 doesn't match image C:\Users\asdf\Desktop\unity\ReactiveTurnBase\My project A\Library\ScriptAssemblies\Unity.VisualScripting.Flow.Editor.dll
Symbol file LoadedFromMemory is not a mono symbol file
Symbol file data-000001D9F45C6010 doesn't match image C:\Users\asdf\Desktop\unity\ReactiveTurnBase\My project A\Library\ScriptAssemblies\Unity.Timeline.dll
Symbol file LoadedFromMemory is not a mono symbol file
Symbol file data-000001D9F40CB010 doesn't match image C:\Users\asdf\Desktop\unity\ReactiveTurnBase\My project A\Library\ScriptAssemblies\Unity.InputSystem.dll
Symbol file LoadedFromMemory is not a mono symbol file
Symbol file data-000001DA2188A830 doesn't match image C:\Users\asdf\Desktop\unity\ReactiveTurnBase\My project A\Library\ScriptAssemblies\Unity.InputSystem.ForUI.dll
Symbol file LoadedFromMemory is not a mono symbol file
Symbol file data-000001DA2188A830 doesn't match image C:\Users\asdf\Desktop\unity\ReactiveTurnBase\My project A\Library\ScriptAssemblies\Unity.TestTools.CodeCoverage.Editor.OpenCover.Mono.Reflection.dll
Symbol file LoadedFromMemory is not a mono symbol file
Symbol file data-000001DA218B0060 doesn't match image C:\Users\asdf\Desktop\unity\ReactiveTurnBase\My project A\Library\ScriptAssemblies\Unity.VisualScripting.SettingsProvider.Editor.dll
Symbol file LoadedFromMemory is not a mono symbol file
Symbol file data-000001DA2109B050 doesn't match image C:\Users\asdf\Desktop\unity\ReactiveTurnBase\My project A\Library\ScriptAssemblies\Unity.Performance.Profile-Analyzer.Editor.dll
Symbol file LoadedFromMemory is not a mono symbol file
Symbol file data-000001D9F4C57070 doesn't match image C:\Users\asdf\Desktop\unity\ReactiveTurnBase\My project A\Library\ScriptAssemblies\Unity.TestTools.CodeCoverage.Editor.dll
Symbol file LoadedFromMemory is not a mono symbol file
Symbol file data-000001DA16240070 doesn't match image C:\Users\asdf\Desktop\unity\ReactiveTurnBase\My project A\Library\ScriptAssemblies\Unity.TestTools.CodeCoverage.Editor.OpenCover.Model.dll
Symbol file LoadedFromMemory is not a mono symbol file
Symbol file data-000001D9F48B5750 doesn't match image C:\Users\asdf\Desktop\unity\ReactiveTurnBase\My project A\Library\ScriptAssemblies\Unity.VisualScripting.State.Editor.dll
Symbol file LoadedFromMemory is not a mono symbol file
Symbol file data-000001DA21073030 doesn't match image C:\Users\asdf\Desktop\unity\ReactiveTurnBase\My project A\Library\ScriptAssemblies\Unity.Settings.Editor.dll
Symbol file LoadedFromMemory is not a mono symbol file
Symbol file data-000001DA210BE660 doesn't match image C:\Users\asdf\Desktop\unity\ReactiveTurnBase\My project A\Library\ScriptAssemblies\Unity.CollabProxy.Editor.dll
Symbol file LoadedFromMemory is not a mono symbol file
Symbol file data-000001DA16AA3010 doesn't match image C:\Users\asdf\Desktop\unity\ReactiveTurnBase\My project A\Library\ScriptAssemblies\Unity.TextMeshPro.dll
Symbol file LoadedFromMemory is not a mono symbol file
Symbol file data-000001D9F45F0010 doesn't match image C:\Users\asdf\Desktop\unity\ReactiveTurnBase\My project A\Library\ScriptAssemblies\Unity.TextMeshPro.Editor.dll
Symbol file LoadedFromMemory is not a mono symbol file
Symbol file data-000001DA1783E010 doesn't match image C:\Users\asdf\Desktop\unity\ReactiveTurnBase\My project A\Library\ScriptAssemblies\UniTask.dll
Symbol file LoadedFromMemory is not a mono symbol file
Symbol file data-000001DA21CEC420 doesn't match image C:\Users\asdf\Desktop\unity\ReactiveTurnBase\My project A\Library\ScriptAssemblies\Unity.VisualScripting.State.dll
Symbol file LoadedFromMemory is not a mono symbol file
Symbol file data-000001DA21CEC420 doesn't match image C:\Users\asdf\Desktop\unity\ReactiveTurnBase\My project A\Library\ScriptAssemblies\Unity.VSCode.Editor.dll
Symbol file LoadedFromMemory is not a mono symbol file
- Loaded All Assemblies, in  0.423 seconds
Native extension for WindowsStandalone target not found
Native extension for Android target not found
Mono: successfully reloaded assembly
- Finished resetting the current domain, in  1.107 seconds
Domain Reload Profiling: 1528ms
	BeginReloadAssembly (131ms)
		ExecutionOrderSort (0ms)
		DisableScriptedObjects (6ms)
		BackupInstance (0ms)
		ReleaseScriptingObjects (0ms)
		CreateAndSetChildDomain (30ms)
	RebuildCommonClasses (26ms)
	RebuildNativeTypeToScriptingClass (8ms)
	initialDomainReloadingComplete (26ms)
	LoadAllAssembliesAndSetupDomain (230ms)
		LoadAssemblies (281ms)
		RebuildTransferFunctionScriptingTraits (0ms)
		AnalyzeDomain (15ms)
			TypeCache.Refresh (5ms)
				TypeCache.ScanAssembly (0ms)
			ScanForSourceGeneratedMonoScriptInfo (0ms)
			ResolveRequiredComponents (8ms)
	FinalizeReload (1108ms)
		ReleaseScriptCaches (0ms)
		RebuildScriptCaches (0ms)
		SetupLoadedEditorAssemblies (626ms)
			LogAssemblyErrors (0ms)
			InitializePlatformSupportModulesInManaged (16ms)
			SetLoadedEditorAssemblies (4ms)
			RefreshPlugins (0ms)
			BeforeProcessingInitializeOnLoad (98ms)
			ProcessInitializeOnLoadAttributes (457ms)
			ProcessInitializeOnLoadMethodAttributes (39ms)
			AfterProcessingInitializeOnLoad (11ms)
			EditorAssembliesLoaded (0ms)
		ExecutionOrderSort2 (0ms)
		AwakeInstancesAfterBackupRestoration (7ms)
Refreshing native plugins compatible for Editor in 4.90 ms, found 3 plugins.
Preloading 0 native plugins for Editor in 0.00 ms.
Unloading 3941 Unused Serialized files (Serialized files now loaded: 0)
Unloading 22 unused Assets / (32.6 KB). Loaded Objects now: 4478.
Memory consumption went from 225.5 MB to 225.5 MB.
Total: 4.431700 ms (FindLiveObjects: 0.285100 ms CreateObjectMapping: 0.248800 ms MarkObjects: 3.768700 ms  DeleteObjects: 0.128100 ms)

Prepare: number of updated asset objects reloaded= 0
AssetImportParameters requested are different than current active one (requested -> active):
  custom:container-demuxer-ogg: 62fdf1f143b41e24485cea50d1cbac27 -> 
  custom:video-decoder-ogg-theora: a1e56fd34408186e4bbccfd4996cb3dc -> 
  custom:framework-win-MediaFoundation: 216162199b28c13a410421893ffa2e32 -> 
  custom:CustomObjectIndexerAttribute: 9a22284fe3817be447336de3de66b15e -> 
  custom:container-demuxer-webm: 4f35f7cbe854078d1ac9338744f61a02 -> 
  custom:container-muxer-webm: aa71ff27fc2769a1b78a27578f13a17b -> 
  custom:video-decoder-webm-vp8: 9c59270c3fd7afecdb556c50c9e8de78 -> 
  custom:SearchIndexIgnoredProperties: e643bd26f0fe6173181afceb89e7c659 -> 
  custom:AudioImporter_EditorPlatform: d09bf68614088b80899f8185d706f6e7 -> 
  custom:video-encoder-webm-vp8: eb34c28f22e8b96e1ab97ce403110664 -> 
  custom:audio-decoder-ogg-vorbis: bf7c407c2cedff20999df2af8eb42d56 -> 
  custom:audio-encoder-webm-vorbis: bf7c407c2cedff20999df2af8eb42d56 -> 
========================================================================
Received Prepare
Caller must complete domain reload
Begin MonoManager ReloadAssembly
Symbol file data-000001DA23678940 doesn't match image C:\Users\asdf\Desktop\unity\ReactiveTurnBase\My project A\Library\ScriptAssemblies\Unity.EditorCoroutines.Editor.dll
Symbol file LoadedFromMemory is not a mono symbol file
Symbol file data-000001DA2367CF80 doesn't match image C:\Users\asdf\Desktop\unity\ReactiveTurnBase\My project A\Library\ScriptAssemblies\UniTask.TextMeshPro.dll
Symbol file LoadedFromMemory is not a mono symbol file
Symbol file data-000001D9F4948F90 doesn't match image C:\Users\asdf\Desktop\unity\ReactiveTurnBase\My project A\Library\ScriptAssemblies\Unity.Timeline.Editor.dll
Symbol file LoadedFromMemory is not a mono symbol file
Symbol file data-000001DA2367CF80 doesn't match image C:\Users\asdf\Desktop\unity\ReactiveTurnBase\My project A\Library\ScriptAssemblies\Unity.VisualScripting.Shared.Editor.dll
Symbol file LoadedFromMemory is not a mono symbol file
Symbol file data-000001DA2367CF80 doesn't match image C:\Users\asdf\Desktop\unity\ReactiveTurnBase\My project A\Library\ScriptAssemblies\UniTask.DOTween.dll
Symbol file LoadedFromMemory is not a mono symbol file
Symbol file data-000001DA2367CF80 doesn't match image C:\Users\asdf\Desktop\unity\ReactiveTurnBase\My project A\Library\ScriptAssemblies\UniTask.Addressables.dll
Symbol file LoadedFromMemory is not a mono symbol file
Symbol file data-000001D9F4756010 doesn't match image C:\Users\asdf\Desktop\unity\ReactiveTurnBase\My project A\Library\ScriptAssemblies\UnityEditor.UI.dll
Symbol file LoadedFromMemory is not a mono symbol file
Symbol file data-000001D9F3F20080 doesn't match image C:\Users\asdf\Desktop\unity\ReactiveTurnBase\My project A\Library\ScriptAssemblies\Unity.VisualScripting.Core.dll
Symbol file LoadedFromMemory is not a mono symbol file
Symbol file data-000001DA21876010 doesn't match image C:\Users\asdf\Desktop\unity\ReactiveTurnBase\My project A\Library\ScriptAssemblies\UnityEngine.UI.dll
Symbol file LoadedFromMemory is not a mono symbol file
Symbol file data-000001D9F4916980 doesn't match image C:\Users\asdf\Desktop\unity\ReactiveTurnBase\My project A\Library\ScriptAssemblies\UniTask.Editor.dll
Symbol file LoadedFromMemory is not a mono symbol file
Symbol file data-000001DA21191020 doesn't match image C:\Users\asdf\Desktop\unity\ReactiveTurnBase\My project A\Library\ScriptAssemblies\Unity.VisualScripting.Core.Editor.dll
Symbol file LoadedFromMemory is not a mono symbol file
Symbol file data-000001DA165CC010 doesn't match image C:\Users\asdf\Desktop\unity\ReactiveTurnBase\My project A\Library\ScriptAssemblies\UniTask.Linq.dll
Symbol file LoadedFromMemory is not a mono symbol file
Symbol file data-000001DA16AA3010 doesn't match image C:\Users\asdf\Desktop\unity\ReactiveTurnBase\My project A\Library\ScriptAssemblies\Unity.VisualScripting.Flow.dll
Symbol file LoadedFromMemory is not a mono symbol file
Symbol file data-000001DA239D1020 doesn't match image C:\Users\asdf\Desktop\unity\ReactiveTurnBase\My project A\Library\ScriptAssemblies\Unity.VisualScripting.Flow.Editor.dll
Symbol file LoadedFromMemory is not a mono symbol file
Symbol file data-000001DA16240070 doesn't match image C:\Users\asdf\Desktop\unity\ReactiveTurnBase\My project A\Library\ScriptAssemblies\Unity.Timeline.dll
Symbol file LoadedFromMemory is not a mono symbol file
Symbol file data-000001D9F40CB010 doesn't match image C:\Users\asdf\Desktop\unity\ReactiveTurnBase\My project A\Library\ScriptAssemblies\Unity.InputSystem.dll
Symbol file LoadedFromMemory is not a mono symbol file
Symbol file data-000001DA214A7040 doesn't match image C:\Users\asdf\Desktop\unity\ReactiveTurnBase\My project A\Library\ScriptAssemblies\Unity.InputSystem.ForUI.dll
Symbol file LoadedFromMemory is not a mono symbol file
Symbol file data-000001DA214A7040 doesn't match image C:\Users\asdf\Desktop\unity\ReactiveTurnBase\My project A\Library\ScriptAssemblies\Unity.TestTools.CodeCoverage.Editor.OpenCover.Mono.Reflection.dll
Symbol file LoadedFromMemory is not a mono symbol file
Symbol file data-000001DA2167D010 doesn't match image C:\Users\asdf\Desktop\unity\ReactiveTurnBase\My project A\Library\ScriptAssemblies\Unity.VisualScripting.SettingsProvider.Editor.dll
Symbol file LoadedFromMemory is not a mono symbol file
Symbol file data-000001D9F4C2B940 doesn't match image C:\Users\asdf\Desktop\unity\ReactiveTurnBase\My project A\Library\ScriptAssemblies\Unity.Performance.Profile-Analyzer.Editor.dll
Symbol file LoadedFromMemory is not a mono symbol file
Symbol file data-000001D9F4C57070 doesn't match image C:\Users\asdf\Desktop\unity\ReactiveTurnBase\My project A\Library\ScriptAssemblies\Unity.TestTools.CodeCoverage.Editor.dll
Symbol file LoadedFromMemory is not a mono symbol file
Symbol file data-000001DA21683E20 doesn't match image C:\Users\asdf\Desktop\unity\ReactiveTurnBase\My project A\Library\ScriptAssemblies\Unity.TestTools.CodeCoverage.Editor.OpenCover.Model.dll
Symbol file LoadedFromMemory is not a mono symbol file
Symbol file data-000001D9F48B5750 doesn't match image C:\Users\asdf\Desktop\unity\ReactiveTurnBase\My project A\Library\ScriptAssemblies\Unity.VisualScripting.State.Editor.dll
Symbol file LoadedFromMemory is not a mono symbol file
Symbol file data-000001DA21683E20 doesn't match image C:\Users\asdf\Desktop\unity\ReactiveTurnBase\My project A\Library\ScriptAssemblies\Unity.Settings.Editor.dll
Symbol file LoadedFromMemory is not a mono symbol file
Symbol file data-000001DA210FB030 doesn't match image C:\Users\asdf\Desktop\unity\ReactiveTurnBase\My project A\Library\ScriptAssemblies\Unity.CollabProxy.Editor.dll
Symbol file LoadedFromMemory is not a mono symbol file
Symbol file data-000001DA16AA3010 doesn't match image C:\Users\asdf\Desktop\unity\ReactiveTurnBase\My project A\Library\ScriptAssemblies\Unity.TextMeshPro.dll
Symbol file LoadedFromMemory is not a mono symbol file
Symbol file data-000001D9F45F0010 doesn't match image C:\Users\asdf\Desktop\unity\ReactiveTurnBase\My project A\Library\ScriptAssemblies\Unity.TextMeshPro.Editor.dll
Symbol file LoadedFromMemory is not a mono symbol file
Symbol file data-000001DA1783E010 doesn't match image C:\Users\asdf\Desktop\unity\ReactiveTurnBase\My project A\Library\ScriptAssemblies\UniTask.dll
Symbol file LoadedFromMemory is not a mono symbol file
Symbol file data-000001DA210FB030 doesn't match image C:\Users\asdf\Desktop\unity\ReactiveTurnBase\My project A\Library\ScriptAssemblies\Unity.VisualScripting.State.dll
Symbol file LoadedFromMemory is not a mono symbol file
Symbol file data-000001DA210FB030 doesn't match image C:\Users\asdf\Desktop\unity\ReactiveTurnBase\My project A\Library\ScriptAssemblies\Unity.VSCode.Editor.dll
Symbol file LoadedFromMemory is not a mono symbol file
- Loaded All Assemblies, in  0.458 seconds
Native extension for WindowsStandalone target not found
Native extension for Android target not found
Mono: successfully reloaded assembly
- Finished resetting the current domain, in  1.020 seconds
Domain Reload Profiling: 1475ms
	BeginReloadAssembly (136ms)
		ExecutionOrderSort (0ms)
		DisableScriptedObjects (6ms)
		BackupInstance (0ms)
		ReleaseScriptingObjects (0ms)
		CreateAndSetChildDomain (36ms)
	RebuildCommonClasses (26ms)
	RebuildNativeTypeToScriptingClass (8ms)
	initialDomainReloadingComplete (26ms)
	LoadAllAssembliesAndSetupDomain (258ms)
		LoadAssemblies (296ms)
		RebuildTransferFunctionScriptingTraits (0ms)
		AnalyzeDomain (29ms)
			TypeCache.Refresh (9ms)
				TypeCache.ScanAssembly (2ms)
			ScanForSourceGeneratedMonoScriptInfo (11ms)
			ResolveRequiredComponents (7ms)
	FinalizeReload (1020ms)
		ReleaseScriptCaches (0ms)
		RebuildScriptCaches (0ms)
		SetupLoadedEditorAssemblies (583ms)
			LogAssemblyErrors (0ms)
			InitializePlatformSupportModulesInManaged (26ms)
			SetLoadedEditorAssemblies (6ms)
			RefreshPlugins (0ms)
			BeforeProcessingInitializeOnLoad (144ms)
			ProcessInitializeOnLoadAttributes (361ms)
			ProcessInitializeOnLoadMethodAttributes (36ms)
			AfterProcessingInitializeOnLoad (9ms)
			EditorAssembliesLoaded (0ms)
		ExecutionOrderSort2 (0ms)
		AwakeInstancesAfterBackupRestoration (6ms)
Refreshing native plugins compatible for Editor in 3.98 ms, found 3 plugins.
Preloading 0 native plugins for Editor in 0.00 ms.
Unloading 3941 Unused Serialized files (Serialized files now loaded: 0)
Unloading 22 unused Assets / (32.6 KB). Loaded Objects now: 4481.
Memory consumption went from 225.5 MB to 225.5 MB.
Total: 3.417100 ms (FindLiveObjects: 0.273400 ms CreateObjectMapping: 0.109600 ms MarkObjects: 2.984200 ms  DeleteObjects: 0.049000 ms)

Prepare: number of updated asset objects reloaded= 0
AssetImportParameters requested are different than current active one (requested -> active):
  custom:container-demuxer-ogg: 62fdf1f143b41e24485cea50d1cbac27 -> 
  custom:video-decoder-ogg-theora: a1e56fd34408186e4bbccfd4996cb3dc -> 
  custom:framework-win-MediaFoundation: 216162199b28c13a410421893ffa2e32 -> 
  custom:CustomObjectIndexerAttribute: 9a22284fe3817be447336de3de66b15e -> 
  custom:container-demuxer-webm: 4f35f7cbe854078d1ac9338744f61a02 -> 
  custom:container-muxer-webm: aa71ff27fc2769a1b78a27578f13a17b -> 
  custom:video-decoder-webm-vp8: 9c59270c3fd7afecdb556c50c9e8de78 -> 
  custom:SearchIndexIgnoredProperties: e643bd26f0fe6173181afceb89e7c659 -> 
  custom:AudioImporter_EditorPlatform: d09bf68614088b80899f8185d706f6e7 -> 
  custom:video-encoder-webm-vp8: eb34c28f22e8b96e1ab97ce403110664 -> 
  custom:audio-decoder-ogg-vorbis: bf7c407c2cedff20999df2af8eb42d56 -> 
  custom:audio-encoder-webm-vorbis: bf7c407c2cedff20999df2af8eb42d56 -> 
========================================================================
Received Prepare
Caller must complete domain reload
Begin MonoManager ReloadAssembly
Symbol file data-000001D9F452D020 doesn't match image C:\Users\asdf\Desktop\unity\ReactiveTurnBase\My project A\Library\ScriptAssemblies\Unity.EditorCoroutines.Editor.dll
Symbol file LoadedFromMemory is not a mono symbol file
Symbol file data-000001DA216F0350 doesn't match image C:\Users\asdf\Desktop\unity\ReactiveTurnBase\My project A\Library\ScriptAssemblies\UniTask.TextMeshPro.dll
Symbol file LoadedFromMemory is not a mono symbol file
Symbol file data-000001D9F4948F90 doesn't match image C:\Users\asdf\Desktop\unity\ReactiveTurnBase\My project A\Library\ScriptAssemblies\Unity.Timeline.Editor.dll
Symbol file LoadedFromMemory is not a mono symbol file
Symbol file data-000001DA216F0350 doesn't match image C:\Users\asdf\Desktop\unity\ReactiveTurnBase\My project A\Library\ScriptAssemblies\Unity.VisualScripting.Shared.Editor.dll
Symbol file LoadedFromMemory is not a mono symbol file
Symbol file data-000001DA216F0350 doesn't match image C:\Users\asdf\Desktop\unity\ReactiveTurnBase\My project A\Library\ScriptAssemblies\UniTask.DOTween.dll
Symbol file LoadedFromMemory is not a mono symbol file
Symbol file data-000001DA216F0350 doesn't match image C:\Users\asdf\Desktop\unity\ReactiveTurnBase\My project A\Library\ScriptAssemblies\UniTask.Addressables.dll
Symbol file LoadedFromMemory is not a mono symbol file
Symbol file data-000001D9F4756010 doesn't match image C:\Users\asdf\Desktop\unity\ReactiveTurnBase\My project A\Library\ScriptAssemblies\UnityEditor.UI.dll
Symbol file LoadedFromMemory is not a mono symbol file
Symbol file data-000001D9F3F20080 doesn't match image C:\Users\asdf\Desktop\unity\ReactiveTurnBase\My project A\Library\ScriptAssemblies\Unity.VisualScripting.Core.dll
Symbol file LoadedFromMemory is not a mono symbol file
Symbol file data-000001DA20E78020 doesn't match image C:\Users\asdf\Desktop\unity\ReactiveTurnBase\My project A\Library\ScriptAssemblies\UnityEngine.UI.dll
Symbol file LoadedFromMemory is not a mono symbol file
Symbol file data-000001D9F48CB590 doesn't match image C:\Users\asdf\Desktop\unity\ReactiveTurnBase\My project A\Library\ScriptAssemblies\UniTask.Editor.dll
Symbol file LoadedFromMemory is not a mono symbol file
Symbol file data-000001DA21191020 doesn't match image C:\Users\asdf\Desktop\unity\ReactiveTurnBase\My project A\Library\ScriptAssemblies\Unity.VisualScripting.Core.Editor.dll
Symbol file LoadedFromMemory is not a mono symbol file
Symbol file data-000001DA165CC010 doesn't match image C:\Users\asdf\Desktop\unity\ReactiveTurnBase\My project A\Library\ScriptAssemblies\UniTask.Linq.dll
Symbol file LoadedFromMemory is not a mono symbol file
Symbol file data-000001DA1784E020 doesn't match image C:\Users\asdf\Desktop\unity\ReactiveTurnBase\My project A\Library\ScriptAssemblies\Unity.VisualScripting.Flow.dll
Symbol file LoadedFromMemory is not a mono symbol file
Symbol file data-000001D9F3FB50E0 doesn't match image C:\Users\asdf\Desktop\unity\ReactiveTurnBase\My project A\Library\ScriptAssemblies\Unity.VisualScripting.Flow.Editor.dll
Symbol file LoadedFromMemory is not a mono symbol file
Symbol file data-000001DA16240070 doesn't match image C:\Users\asdf\Desktop\unity\ReactiveTurnBase\My project A\Library\ScriptAssemblies\Unity.Timeline.dll
Symbol file LoadedFromMemory is not a mono symbol file
Symbol file data-000001D9F40CB010 doesn't match image C:\Users\asdf\Desktop\unity\ReactiveTurnBase\My project A\Library\ScriptAssemblies\Unity.InputSystem.dll
Symbol file LoadedFromMemory is not a mono symbol file
Symbol file data-000001D9F48CB590 doesn't match image C:\Users\asdf\Desktop\unity\ReactiveTurnBase\My project A\Library\ScriptAssemblies\Unity.InputSystem.ForUI.dll
Symbol file LoadedFromMemory is not a mono symbol file
Symbol file data-000001DA218983F0 doesn't match image C:\Users\asdf\Desktop\unity\ReactiveTurnBase\My project A\Library\ScriptAssemblies\Unity.TestTools.CodeCoverage.Editor.OpenCover.Mono.Reflection.dll
Symbol file LoadedFromMemory is not a mono symbol file
Symbol file data-000001DA218983F0 doesn't match image C:\Users\asdf\Desktop\unity\ReactiveTurnBase\My project A\Library\ScriptAssemblies\Unity.VisualScripting.SettingsProvider.Editor.dll
Symbol file LoadedFromMemory is not a mono symbol file
Symbol file data-000001D9F42F4050 doesn't match image C:\Users\asdf\Desktop\unity\ReactiveTurnBase\My project A\Library\ScriptAssemblies\Unity.Performance.Profile-Analyzer.Editor.dll
Symbol file LoadedFromMemory is not a mono symbol file
Symbol file data-000001D9F4C57070 doesn't match image C:\Users\asdf\Desktop\unity\ReactiveTurnBase\My project A\Library\ScriptAssemblies\Unity.TestTools.CodeCoverage.Editor.dll
Symbol file LoadedFromMemory is not a mono symbol file
Symbol file data-000001DA18653020 doesn't match image C:\Users\asdf\Desktop\unity\ReactiveTurnBase\My project A\Library\ScriptAssemblies\Unity.TestTools.CodeCoverage.Editor.OpenCover.Model.dll
Symbol file LoadedFromMemory is not a mono symbol file
Symbol file data-000001D9F48B5750 doesn't match image C:\Users\asdf\Desktop\unity\ReactiveTurnBase\My project A\Library\ScriptAssemblies\Unity.VisualScripting.State.Editor.dll
Symbol file LoadedFromMemory is not a mono symbol file
Symbol file data-000001DA210D5010 doesn't match image C:\Users\asdf\Desktop\unity\ReactiveTurnBase\My project A\Library\ScriptAssemblies\Unity.Settings.Editor.dll
Symbol file LoadedFromMemory is not a mono symbol file
Symbol file data-000001DA2189F200 doesn't match image C:\Users\asdf\Desktop\unity\ReactiveTurnBase\My project A\Library\ScriptAssemblies\Unity.CollabProxy.Editor.dll
Symbol file LoadedFromMemory is not a mono symbol file
Symbol file data-000001DA16AA3010 doesn't match image C:\Users\asdf\Desktop\unity\ReactiveTurnBase\My project A\Library\ScriptAssemblies\Unity.TextMeshPro.dll
Symbol file LoadedFromMemory is not a mono symbol file
Symbol file data-000001D9F2F265B0 doesn't match image C:\Users\asdf\Desktop\unity\ReactiveTurnBase\My project A\Library\ScriptAssemblies\Unity.TextMeshPro.Editor.dll
Symbol file LoadedFromMemory is not a mono symbol file
Symbol file data-000001DA1FF6A010 doesn't match image C:\Users\asdf\Desktop\unity\ReactiveTurnBase\My project A\Library\ScriptAssemblies\UniTask.dll
Symbol file LoadedFromMemory is not a mono symbol file
Symbol file data-000001D9F4317660 doesn't match image C:\Users\asdf\Desktop\unity\ReactiveTurnBase\My project A\Library\ScriptAssemblies\Unity.VisualScripting.State.dll
Symbol file LoadedFromMemory is not a mono symbol file
Symbol file data-000001D9F4317660 doesn't match image C:\Users\asdf\Desktop\unity\ReactiveTurnBase\My project A\Library\ScriptAssemblies\Unity.VSCode.Editor.dll
Symbol file LoadedFromMemory is not a mono symbol file
- Loaded All Assemblies, in  0.422 seconds
Native extension for WindowsStandalone target not found
Native extension for Android target not found
Mono: successfully reloaded assembly
- Finished resetting the current domain, in  1.076 seconds
Domain Reload Profiling: 1496ms
	BeginReloadAssembly (136ms)
		ExecutionOrderSort (0ms)
		DisableScriptedObjects (7ms)
		BackupInstance (0ms)
		ReleaseScriptingObjects (0ms)
		CreateAndSetChildDomain (30ms)
	RebuildCommonClasses (24ms)
	RebuildNativeTypeToScriptingClass (8ms)
	initialDomainReloadingComplete (25ms)
	LoadAllAssembliesAndSetupDomain (225ms)
		LoadAssemblies (281ms)
		RebuildTransferFunctionScriptingTraits (0ms)
		AnalyzeDomain (15ms)
			TypeCache.Refresh (6ms)
				TypeCache.ScanAssembly (0ms)
			ScanForSourceGeneratedMonoScriptInfo (0ms)
			ResolveRequiredComponents (7ms)
	FinalizeReload (1077ms)
		ReleaseScriptCaches (0ms)
		RebuildScriptCaches (0ms)
		SetupLoadedEditorAssemblies (608ms)
			LogAssemblyErrors (0ms)
			InitializePlatformSupportModulesInManaged (16ms)
			SetLoadedEditorAssemblies (5ms)
			RefreshPlugins (0ms)
			BeforeProcessingInitializeOnLoad (91ms)
			ProcessInitializeOnLoadAttributes (451ms)
			ProcessInitializeOnLoadMethodAttributes (36ms)
			AfterProcessingInitializeOnLoad (8ms)
			EditorAssembliesLoaded (0ms)
		ExecutionOrderSort2 (0ms)
		AwakeInstancesAfterBackupRestoration (9ms)
Refreshing native plugins compatible for Editor in 5.63 ms, found 3 plugins.
Preloading 0 native plugins for Editor in 0.00 ms.
Unloading 3941 Unused Serialized files (Serialized files now loaded: 0)
Unloading 22 unused Assets / (32.7 KB). Loaded Objects now: 4484.
Memory consumption went from 225.5 MB to 225.5 MB.
Total: 4.462100 ms (FindLiveObjects: 0.291000 ms CreateObjectMapping: 0.230600 ms MarkObjects: 3.817000 ms  DeleteObjects: 0.122100 ms)

Prepare: number of updated asset objects reloaded= 0
AssetImportParameters requested are different than current active one (requested -> active):
  custom:container-demuxer-ogg: 62fdf1f143b41e24485cea50d1cbac27 -> 
  custom:video-decoder-ogg-theora: a1e56fd34408186e4bbccfd4996cb3dc -> 
  custom:framework-win-MediaFoundation: 216162199b28c13a410421893ffa2e32 -> 
  custom:CustomObjectIndexerAttribute: 9a22284fe3817be447336de3de66b15e -> 
  custom:container-demuxer-webm: 4f35f7cbe854078d1ac9338744f61a02 -> 
  custom:container-muxer-webm: aa71ff27fc2769a1b78a27578f13a17b -> 
  custom:video-decoder-webm-vp8: 9c59270c3fd7afecdb556c50c9e8de78 -> 
  custom:SearchIndexIgnoredProperties: e643bd26f0fe6173181afceb89e7c659 -> 
  custom:AudioImporter_EditorPlatform: d09bf68614088b80899f8185d706f6e7 -> 
  custom:video-encoder-webm-vp8: eb34c28f22e8b96e1ab97ce403110664 -> 
  custom:audio-decoder-ogg-vorbis: bf7c407c2cedff20999df2af8eb42d56 -> 
  custom:audio-encoder-webm-vorbis: bf7c407c2cedff20999df2af8eb42d56 -> 
========================================================================
Received Prepare
Caller must complete domain reload
Begin MonoManager ReloadAssembly
Symbol file data-000001D9F452D020 doesn't match image C:\Users\asdf\Desktop\unity\ReactiveTurnBase\My project A\Library\ScriptAssemblies\Unity.EditorCoroutines.Editor.dll
Symbol file LoadedFromMemory is not a mono symbol file
Symbol file data-000001DA16EF0010 doesn't match image C:\Users\asdf\Desktop\unity\ReactiveTurnBase\My project A\Library\ScriptAssemblies\UniTask.TextMeshPro.dll
Symbol file LoadedFromMemory is not a mono symbol file
Symbol file data-000001D9F4948F90 doesn't match image C:\Users\asdf\Desktop\unity\ReactiveTurnBase\My project A\Library\ScriptAssemblies\Unity.Timeline.Editor.dll
Symbol file LoadedFromMemory is not a mono symbol file
Symbol file data-000001DA16EF0010 doesn't match image C:\Users\asdf\Desktop\unity\ReactiveTurnBase\My project A\Library\ScriptAssemblies\Unity.VisualScripting.Shared.Editor.dll
Symbol file LoadedFromMemory is not a mono symbol file
Symbol file data-000001DA16EF0010 doesn't match image C:\Users\asdf\Desktop\unity\ReactiveTurnBase\My project A\Library\ScriptAssemblies\UniTask.DOTween.dll
Symbol file LoadedFromMemory is not a mono symbol file
Symbol file data-000001DA16EF0010 doesn't match image C:\Users\asdf\Desktop\unity\ReactiveTurnBase\My project A\Library\ScriptAssemblies\UniTask.Addressables.dll
Symbol file LoadedFromMemory is not a mono symbol file
Symbol file data-000001D9F4756010 doesn't match image C:\Users\asdf\Desktop\unity\ReactiveTurnBase\My project A\Library\ScriptAssemblies\UnityEditor.UI.dll
Symbol file LoadedFromMemory is not a mono symbol file
Symbol file data-000001DA2110B050 doesn't match image C:\Users\asdf\Desktop\unity\ReactiveTurnBase\My project A\Library\ScriptAssemblies\Unity.VisualScripting.Core.dll
Symbol file LoadedFromMemory is not a mono symbol file
Symbol file data-000001DA21876010 doesn't match image C:\Users\asdf\Desktop\unity\ReactiveTurnBase\My project A\Library\ScriptAssemblies\UnityEngine.UI.dll
Symbol file LoadedFromMemory is not a mono symbol file
Symbol file data-000001D9F4667510 doesn't match image C:\Users\asdf\Desktop\unity\ReactiveTurnBase\My project A\Library\ScriptAssemblies\UniTask.Editor.dll
Symbol file LoadedFromMemory is not a mono symbol file
Symbol file data-000001DA21191020 doesn't match image C:\Users\asdf\Desktop\unity\ReactiveTurnBase\My project A\Library\ScriptAssemblies\Unity.VisualScripting.Core.Editor.dll
Symbol file LoadedFromMemory is not a mono symbol file
Symbol file data-000001DA216077B0 doesn't match image C:\Users\asdf\Desktop\unity\ReactiveTurnBase\My project A\Library\ScriptAssemblies\UniTask.Linq.dll
Symbol file LoadedFromMemory is not a mono symbol file
Symbol file data-000001DA16AA3010 doesn't match image C:\Users\asdf\Desktop\unity\ReactiveTurnBase\My project A\Library\ScriptAssemblies\Unity.VisualScripting.Flow.dll
Symbol file LoadedFromMemory is not a mono symbol file
Symbol file data-000001D9F3FB50E0 doesn't match image C:\Users\asdf\Desktop\unity\ReactiveTurnBase\My project A\Library\ScriptAssemblies\Unity.VisualScripting.Flow.Editor.dll
Symbol file LoadedFromMemory is not a mono symbol file
Symbol file data-000001DA16F00030 doesn't match image C:\Users\asdf\Desktop\unity\ReactiveTurnBase\My project A\Library\ScriptAssemblies\Unity.Timeline.dll
Symbol file LoadedFromMemory is not a mono symbol file
Symbol file data-000001D9F40CB010 doesn't match image C:\Users\asdf\Desktop\unity\ReactiveTurnBase\My project A\Library\ScriptAssemblies\Unity.InputSystem.dll
Symbol file LoadedFromMemory is not a mono symbol file
Symbol file data-000001D9F45F8020 doesn't match image C:\Users\asdf\Desktop\unity\ReactiveTurnBase\My project A\Library\ScriptAssemblies\Unity.InputSystem.ForUI.dll
Symbol file LoadedFromMemory is not a mono symbol file
Symbol file data-000001D9F45F8020 doesn't match image C:\Users\asdf\Desktop\unity\ReactiveTurnBase\My project A\Library\ScriptAssemblies\Unity.TestTools.CodeCoverage.Editor.OpenCover.Mono.Reflection.dll
Symbol file LoadedFromMemory is not a mono symbol file
Symbol file data-000001DA216DEA30 doesn't match image C:\Users\asdf\Desktop\unity\ReactiveTurnBase\My project A\Library\ScriptAssemblies\Unity.VisualScripting.SettingsProvider.Editor.dll
Symbol file LoadedFromMemory is not a mono symbol file
Symbol file data-000001DA237A2070 doesn't match image C:\Users\asdf\Desktop\unity\ReactiveTurnBase\My project A\Library\ScriptAssemblies\Unity.Performance.Profile-Analyzer.Editor.dll
Symbol file LoadedFromMemory is not a mono symbol file
Symbol file data-000001D9F4C57070 doesn't match image C:\Users\asdf\Desktop\unity\ReactiveTurnBase\My project A\Library\ScriptAssemblies\Unity.TestTools.CodeCoverage.Editor.dll
Symbol file LoadedFromMemory is not a mono symbol file
Symbol file data-000001DA17A34040 doesn't match image C:\Users\asdf\Desktop\unity\ReactiveTurnBase\My project A\Library\ScriptAssemblies\Unity.TestTools.CodeCoverage.Editor.OpenCover.Model.dll
Symbol file LoadedFromMemory is not a mono symbol file
Symbol file data-000001D9F48B5750 doesn't match image C:\Users\asdf\Desktop\unity\ReactiveTurnBase\My project A\Library\ScriptAssemblies\Unity.VisualScripting.State.Editor.dll
Symbol file LoadedFromMemory is not a mono symbol file
Symbol file data-000001DA17A34040 doesn't match image C:\Users\asdf\Desktop\unity\ReactiveTurnBase\My project A\Library\ScriptAssemblies\Unity.Settings.Editor.dll
Symbol file LoadedFromMemory is not a mono symbol file
Symbol file data-000001DA237C5680 doesn't match image C:\Users\asdf\Desktop\unity\ReactiveTurnBase\My project A\Library\ScriptAssemblies\Unity.CollabProxy.Editor.dll
Symbol file LoadedFromMemory is not a mono symbol file
Symbol file data-000001DA16AA3010 doesn't match image C:\Users\asdf\Desktop\unity\ReactiveTurnBase\My project A\Library\ScriptAssemblies\Unity.TextMeshPro.dll
Symbol file LoadedFromMemory is not a mono symbol file
Symbol file data-000001DA2170B010 doesn't match image C:\Users\asdf\Desktop\unity\ReactiveTurnBase\My project A\Library\ScriptAssemblies\Unity.TextMeshPro.Editor.dll
Symbol file LoadedFromMemory is not a mono symbol file
Symbol file data-000001DA2156D010 doesn't match image C:\Users\asdf\Desktop\unity\ReactiveTurnBase\My project A\Library\ScriptAssemblies\UniTask.dll
Symbol file LoadedFromMemory is not a mono symbol file
Symbol file data-000001D9F48C6D80 doesn't match image C:\Users\asdf\Desktop\unity\ReactiveTurnBase\My project A\Library\ScriptAssemblies\Unity.VisualScripting.State.dll
Symbol file LoadedFromMemory is not a mono symbol file
Symbol file data-000001D9F48C6D80 doesn't match image C:\Users\asdf\Desktop\unity\ReactiveTurnBase\My project A\Library\ScriptAssemblies\Unity.VSCode.Editor.dll
Symbol file LoadedFromMemory is not a mono symbol file
- Loaded All Assemblies, in  0.455 seconds
Native extension for WindowsStandalone target not found
Native extension for Android target not found
Mono: successfully reloaded assembly
- Finished resetting the current domain, in  1.084 seconds
Domain Reload Profiling: 1537ms
	BeginReloadAssembly (137ms)
		ExecutionOrderSort (0ms)
		DisableScriptedObjects (6ms)
		BackupInstance (0ms)
		ReleaseScriptingObjects (0ms)
		CreateAndSetChildDomain (30ms)
	RebuildCommonClasses (26ms)
	RebuildNativeTypeToScriptingClass (9ms)
	initialDomainReloadingComplete (27ms)
	LoadAllAssembliesAndSetupDomain (253ms)
		LoadAssemblies (295ms)
		RebuildTransferFunctionScriptingTraits (0ms)
		AnalyzeDomain (30ms)
			TypeCache.Refresh (10ms)
				TypeCache.ScanAssembly (3ms)
			ScanForSourceGeneratedMonoScriptInfo (11ms)
			ResolveRequiredComponents (8ms)
	FinalizeReload (1085ms)
		ReleaseScriptCaches (0ms)
		RebuildScriptCaches (0ms)
		SetupLoadedEditorAssemblies (550ms)
			LogAssemblyErrors (0ms)
			InitializePlatformSupportModulesInManaged (23ms)
			SetLoadedEditorAssemblies (6ms)
			RefreshPlugins (0ms)
			BeforeProcessingInitializeOnLoad (95ms)
			ProcessInitializeOnLoadAttributes (381ms)
			ProcessInitializeOnLoadMethodAttributes (35ms)
			AfterProcessingInitializeOnLoad (10ms)
			EditorAssembliesLoaded (0ms)
		ExecutionOrderSort2 (0ms)
		AwakeInstancesAfterBackupRestoration (7ms)
Refreshing native plugins compatible for Editor in 4.02 ms, found 3 plugins.
Preloading 0 native plugins for Editor in 0.00 ms.
Unloading 3941 Unused Serialized files (Serialized files now loaded: 0)
Unloading 22 unused Assets / (32.8 KB). Loaded Objects now: 4487.
Memory consumption went from 225.5 MB to 225.5 MB.
Total: 3.404800 ms (FindLiveObjects: 0.284600 ms CreateObjectMapping: 0.262900 ms MarkObjects: 2.805400 ms  DeleteObjects: 0.050600 ms)

Prepare: number of updated asset objects reloaded= 0
AssetImportParameters requested are different than current active one (requested -> active):
  custom:container-demuxer-ogg: 62fdf1f143b41e24485cea50d1cbac27 -> 
  custom:video-decoder-ogg-theora: a1e56fd34408186e4bbccfd4996cb3dc -> 
  custom:framework-win-MediaFoundation: 216162199b28c13a410421893ffa2e32 -> 
  custom:CustomObjectIndexerAttribute: 9a22284fe3817be447336de3de66b15e -> 
  custom:container-demuxer-webm: 4f35f7cbe854078d1ac9338744f61a02 -> 
  custom:container-muxer-webm: aa71ff27fc2769a1b78a27578f13a17b -> 
  custom:video-decoder-webm-vp8: 9c59270c3fd7afecdb556c50c9e8de78 -> 
  custom:SearchIndexIgnoredProperties: e643bd26f0fe6173181afceb89e7c659 -> 
  custom:AudioImporter_EditorPlatform: d09bf68614088b80899f8185d706f6e7 -> 
  custom:video-encoder-webm-vp8: eb34c28f22e8b96e1ab97ce403110664 -> 
  custom:audio-decoder-ogg-vorbis: bf7c407c2cedff20999df2af8eb42d56 -> 
  custom:audio-encoder-webm-vorbis: bf7c407c2cedff20999df2af8eb42d56 -> 
========================================================================
Received Prepare
Caller must complete domain reload
Begin MonoManager ReloadAssembly
Symbol file data-000001DA182B7010 doesn't match image C:\Users\asdf\Desktop\unity\ReactiveTurnBase\My project A\Library\ScriptAssemblies\Unity.EditorCoroutines.Editor.dll
Symbol file LoadedFromMemory is not a mono symbol file
Symbol file data-000001DA18193010 doesn't match image C:\Users\asdf\Desktop\unity\ReactiveTurnBase\My project A\Library\ScriptAssemblies\UniTask.TextMeshPro.dll
Symbol file LoadedFromMemory is not a mono symbol file
Symbol file data-000001D9F4948F90 doesn't match image C:\Users\asdf\Desktop\unity\ReactiveTurnBase\My project A\Library\ScriptAssemblies\Unity.Timeline.Editor.dll
Symbol file LoadedFromMemory is not a mono symbol file
Symbol file data-000001DA230FE010 doesn't match image C:\Users\asdf\Desktop\unity\ReactiveTurnBase\My project A\Library\ScriptAssemblies\Unity.VisualScripting.Shared.Editor.dll
Symbol file LoadedFromMemory is not a mono symbol file
Symbol file data-000001DA18196820 doesn't match image C:\Users\asdf\Desktop\unity\ReactiveTurnBase\My project A\Library\ScriptAssemblies\UniTask.DOTween.dll
Symbol file LoadedFromMemory is not a mono symbol file
Symbol file data-000001DA18196820 doesn't match image C:\Users\asdf\Desktop\unity\ReactiveTurnBase\My project A\Library\ScriptAssemblies\UniTask.Addressables.dll
Symbol file LoadedFromMemory is not a mono symbol file
Symbol file data-000001D9F4756010 doesn't match image C:\Users\asdf\Desktop\unity\ReactiveTurnBase\My project A\Library\ScriptAssemblies\UnityEditor.UI.dll
Symbol file LoadedFromMemory is not a mono symbol file
Symbol file data-000001D9F3F20080 doesn't match image C:\Users\asdf\Desktop\unity\ReactiveTurnBase\My project A\Library\ScriptAssemblies\Unity.VisualScripting.Core.dll
Symbol file LoadedFromMemory is not a mono symbol file
Symbol file data-000001DA21876010 doesn't match image C:\Users\asdf\Desktop\unity\ReactiveTurnBase\My project A\Library\ScriptAssemblies\UnityEngine.UI.dll
Symbol file LoadedFromMemory is not a mono symbol file
Symbol file data-000001DA216F0350 doesn't match image C:\Users\asdf\Desktop\unity\ReactiveTurnBase\My project A\Library\ScriptAssemblies\UniTask.Editor.dll
Symbol file LoadedFromMemory is not a mono symbol file
Symbol file data-000001DA21191020 doesn't match image C:\Users\asdf\Desktop\unity\ReactiveTurnBase\My project A\Library\ScriptAssemblies\Unity.VisualScripting.Core.Editor.dll
Symbol file LoadedFromMemory is not a mono symbol file
Symbol file data-000001DA216077B0 doesn't match image C:\Users\asdf\Desktop\unity\ReactiveTurnBase\My project A\Library\ScriptAssemblies\UniTask.Linq.dll
Symbol file LoadedFromMemory is not a mono symbol file
Symbol file data-000001DA2112B070 doesn't match image C:\Users\asdf\Desktop\unity\ReactiveTurnBase\My project A\Library\ScriptAssemblies\Unity.VisualScripting.Flow.dll
Symbol file LoadedFromMemory is not a mono symbol file
Symbol file data-000001DA20E80030 doesn't match image C:\Users\asdf\Desktop\unity\ReactiveTurnBase\My project A\Library\ScriptAssemblies\Unity.VisualScripting.Flow.Editor.dll
Symbol file LoadedFromMemory is not a mono symbol file
Symbol file data-000001DA16240070 doesn't match image C:\Users\asdf\Desktop\unity\ReactiveTurnBase\My project A\Library\ScriptAssemblies\Unity.Timeline.dll
Symbol file LoadedFromMemory is not a mono symbol file
Symbol file data-000001D9F40CB010 doesn't match image C:\Users\asdf\Desktop\unity\ReactiveTurnBase\My project A\Library\ScriptAssemblies\Unity.InputSystem.dll
Symbol file LoadedFromMemory is not a mono symbol file
Symbol file data-000001DA18196820 doesn't match image C:\Users\asdf\Desktop\unity\ReactiveTurnBase\My project A\Library\ScriptAssemblies\Unity.InputSystem.ForUI.dll
Symbol file LoadedFromMemory is not a mono symbol file
Symbol file data-000001DA17A34040 doesn't match image C:\Users\asdf\Desktop\unity\ReactiveTurnBase\My project A\Library\ScriptAssemblies\Unity.TestTools.CodeCoverage.Editor.OpenCover.Mono.Reflection.dll
Symbol file LoadedFromMemory is not a mono symbol file
Symbol file data-000001DA21175020 doesn't match image C:\Users\asdf\Desktop\unity\ReactiveTurnBase\My project A\Library\ScriptAssemblies\Unity.VisualScripting.SettingsProvider.Editor.dll
Symbol file LoadedFromMemory is not a mono symbol file
Symbol file data-000001DA2109B050 doesn't match image C:\Users\asdf\Desktop\unity\ReactiveTurnBase\My project A\Library\ScriptAssemblies\Unity.Performance.Profile-Analyzer.Editor.dll
Symbol file LoadedFromMemory is not a mono symbol file
Symbol file data-000001D9F4C57070 doesn't match image C:\Users\asdf\Desktop\unity\ReactiveTurnBase\My project A\Library\ScriptAssemblies\Unity.TestTools.CodeCoverage.Editor.dll
Symbol file LoadedFromMemory is not a mono symbol file
Symbol file data-000001D9F4537040 doesn't match image C:\Users\asdf\Desktop\unity\ReactiveTurnBase\My project A\Library\ScriptAssemblies\Unity.TestTools.CodeCoverage.Editor.OpenCover.Model.dll
Symbol file LoadedFromMemory is not a mono symbol file
Symbol file data-000001D9F48B5750 doesn't match image C:\Users\asdf\Desktop\unity\ReactiveTurnBase\My project A\Library\ScriptAssemblies\Unity.VisualScripting.State.Editor.dll
Symbol file LoadedFromMemory is not a mono symbol file
Symbol file data-000001D9F4537040 doesn't match image C:\Users\asdf\Desktop\unity\ReactiveTurnBase\My project A\Library\ScriptAssemblies\Unity.Settings.Editor.dll
Symbol file LoadedFromMemory is not a mono symbol file
Symbol file data-000001DA17A38A50 doesn't match image C:\Users\asdf\Desktop\unity\ReactiveTurnBase\My project A\Library\ScriptAssemblies\Unity.CollabProxy.Editor.dll
Symbol file LoadedFromMemory is not a mono symbol file
Symbol file data-000001DA176D2010 doesn't match image C:\Users\asdf\Desktop\unity\ReactiveTurnBase\My project A\Library\ScriptAssemblies\Unity.TextMeshPro.dll
Symbol file LoadedFromMemory is not a mono symbol file
Symbol file data-000001DA16D3F240 doesn't match image C:\Users\asdf\Desktop\unity\ReactiveTurnBase\My project A\Library\ScriptAssemblies\Unity.TextMeshPro.Editor.dll
Symbol file LoadedFromMemory is not a mono symbol file
Symbol file data-000001DA2156D010 doesn't match image C:\Users\asdf\Desktop\unity\ReactiveTurnBase\My project A\Library\ScriptAssemblies\UniTask.dll
Symbol file LoadedFromMemory is not a mono symbol file
Symbol file data-000001DA21825040 doesn't match image C:\Users\asdf\Desktop\unity\ReactiveTurnBase\My project A\Library\ScriptAssemblies\Unity.VisualScripting.State.dll
Symbol file LoadedFromMemory is not a mono symbol file
Symbol file data-000001DA21825040 doesn't match image C:\Users\asdf\Desktop\unity\ReactiveTurnBase\My project A\Library\ScriptAssemblies\Unity.VSCode.Editor.dll
Symbol file LoadedFromMemory is not a mono symbol file
- Loaded All Assemblies, in  0.450 seconds
Native extension for WindowsStandalone target not found
Native extension for Android target not found
Mono: successfully reloaded assembly
- Finished resetting the current domain, in  0.891 seconds
Domain Reload Profiling: 1338ms
	BeginReloadAssembly (138ms)
		ExecutionOrderSort (0ms)
		DisableScriptedObjects (6ms)
		BackupInstance (0ms)
		ReleaseScriptingObjects (0ms)
		CreateAndSetChildDomain (34ms)
	RebuildCommonClasses (26ms)
	RebuildNativeTypeToScriptingClass (8ms)
	initialDomainReloadingComplete (26ms)
	LoadAllAssembliesAndSetupDomain (249ms)
		LoadAssemblies (290ms)
		RebuildTransferFunctionScriptingTraits (0ms)
		AnalyzeDomain (28ms)
			TypeCache.Refresh (9ms)
				TypeCache.ScanAssembly (2ms)
			ScanForSourceGeneratedMonoScriptInfo (11ms)
			ResolveRequiredComponents (7ms)
	FinalizeReload (891ms)
		ReleaseScriptCaches (0ms)
		RebuildScriptCaches (0ms)
		SetupLoadedEditorAssemblies (483ms)
			LogAssemblyErrors (0ms)
			InitializePlatformSupportModulesInManaged (16ms)
			SetLoadedEditorAssemblies (4ms)
			RefreshPlugins (0ms)
			BeforeProcessingInitializeOnLoad (85ms)
			ProcessInitializeOnLoadAttributes (342ms)
			ProcessInitializeOnLoadMethodAttributes (30ms)
			AfterProcessingInitializeOnLoad (7ms)
			EditorAssembliesLoaded (0ms)
		ExecutionOrderSort2 (0ms)
		AwakeInstancesAfterBackupRestoration (5ms)
Refreshing native plugins compatible for Editor in 4.23 ms, found 3 plugins.
Preloading 0 native plugins for Editor in 0.00 ms.
Unloading 3941 Unused Serialized files (Serialized files now loaded: 0)
Unloading 22 unused Assets / (32.8 KB). Loaded Objects now: 4490.
Memory consumption went from 225.5 MB to 225.5 MB.
Total: 3.170700 ms (FindLiveObjects: 0.272800 ms CreateObjectMapping: 0.215600 ms MarkObjects: 2.632400 ms  DeleteObjects: 0.049200 ms)

Prepare: number of updated asset objects reloaded= 0
AssetImportParameters requested are different than current active one (requested -> active):
  custom:container-demuxer-ogg: 62fdf1f143b41e24485cea50d1cbac27 -> 
  custom:video-decoder-ogg-theora: a1e56fd34408186e4bbccfd4996cb3dc -> 
  custom:framework-win-MediaFoundation: 216162199b28c13a410421893ffa2e32 -> 
  custom:CustomObjectIndexerAttribute: 9a22284fe3817be447336de3de66b15e -> 
  custom:container-demuxer-webm: 4f35f7cbe854078d1ac9338744f61a02 -> 
  custom:container-muxer-webm: aa71ff27fc2769a1b78a27578f13a17b -> 
  custom:video-decoder-webm-vp8: 9c59270c3fd7afecdb556c50c9e8de78 -> 
  custom:SearchIndexIgnoredProperties: e643bd26f0fe6173181afceb89e7c659 -> 
  custom:AudioImporter_EditorPlatform: d09bf68614088b80899f8185d706f6e7 -> 
  custom:video-encoder-webm-vp8: eb34c28f22e8b96e1ab97ce403110664 -> 
  custom:audio-decoder-ogg-vorbis: bf7c407c2cedff20999df2af8eb42d56 -> 
  custom:audio-encoder-webm-vorbis: bf7c407c2cedff20999df2af8eb42d56 -> 
========================================================================
Received Prepare
Caller must complete domain reload
Begin MonoManager ReloadAssembly
Symbol file data-000001D9F4667510 doesn't match image C:\Users\asdf\Desktop\unity\ReactiveTurnBase\My project A\Library\ScriptAssemblies\Unity.EditorCoroutines.Editor.dll
Symbol file LoadedFromMemory is not a mono symbol file
Symbol file data-000001DA216F0350 doesn't match image C:\Users\asdf\Desktop\unity\ReactiveTurnBase\My project A\Library\ScriptAssemblies\UniTask.TextMeshPro.dll
Symbol file LoadedFromMemory is not a mono symbol file
Symbol file data-000001D9F4948F90 doesn't match image C:\Users\asdf\Desktop\unity\ReactiveTurnBase\My project A\Library\ScriptAssemblies\Unity.Timeline.Editor.dll
Symbol file LoadedFromMemory is not a mono symbol file
Symbol file data-000001D9F44AC160 doesn't match image C:\Users\asdf\Desktop\unity\ReactiveTurnBase\My project A\Library\ScriptAssemblies\Unity.VisualScripting.Shared.Editor.dll
Symbol file LoadedFromMemory is not a mono symbol file
Symbol file data-000001D9F44AC160 doesn't match image C:\Users\asdf\Desktop\unity\ReactiveTurnBase\My project A\Library\ScriptAssemblies\UniTask.DOTween.dll
Symbol file LoadedFromMemory is not a mono symbol file
Symbol file data-000001D9F44AC160 doesn't match image C:\Users\asdf\Desktop\unity\ReactiveTurnBase\My project A\Library\ScriptAssemblies\UniTask.Addressables.dll
Symbol file LoadedFromMemory is not a mono symbol file
Symbol file data-000001D9F4756010 doesn't match image C:\Users\asdf\Desktop\unity\ReactiveTurnBase\My project A\Library\ScriptAssemblies\UnityEditor.UI.dll
Symbol file LoadedFromMemory is not a mono symbol file
Symbol file data-000001D9F3F20080 doesn't match image C:\Users\asdf\Desktop\unity\ReactiveTurnBase\My project A\Library\ScriptAssemblies\Unity.VisualScripting.Core.dll
Symbol file LoadedFromMemory is not a mono symbol file
Symbol file data-000001DA17BCF010 doesn't match image C:\Users\asdf\Desktop\unity\ReactiveTurnBase\My project A\Library\ScriptAssemblies\UnityEngine.UI.dll
Symbol file LoadedFromMemory is not a mono symbol file
Symbol file data-000001DA23977890 doesn't match image C:\Users\asdf\Desktop\unity\ReactiveTurnBase\My project A\Library\ScriptAssemblies\UniTask.Editor.dll
Symbol file LoadedFromMemory is not a mono symbol file
Symbol file data-000001DA21191020 doesn't match image C:\Users\asdf\Desktop\unity\ReactiveTurnBase\My project A\Library\ScriptAssemblies\Unity.VisualScripting.Core.Editor.dll
Symbol file LoadedFromMemory is not a mono symbol file
Symbol file data-000001DA237A2070 doesn't match image C:\Users\asdf\Desktop\unity\ReactiveTurnBase\My project A\Library\ScriptAssemblies\UniTask.Linq.dll
Symbol file LoadedFromMemory is not a mono symbol file
Symbol file data-000001DA209D8010 doesn't match image C:\Users\asdf\Desktop\unity\ReactiveTurnBase\My project A\Library\ScriptAssemblies\Unity.VisualScripting.Flow.dll
Symbol file LoadedFromMemory is not a mono symbol file
Symbol file data-000001D9F3FB50E0 doesn't match image C:\Users\asdf\Desktop\unity\ReactiveTurnBase\My project A\Library\ScriptAssemblies\Unity.VisualScripting.Flow.Editor.dll
Symbol file LoadedFromMemory is not a mono symbol file
Symbol file data-000001DA16240070 doesn't match image C:\Users\asdf\Desktop\unity\ReactiveTurnBase\My project A\Library\ScriptAssemblies\Unity.Timeline.dll
Symbol file LoadedFromMemory is not a mono symbol file
Symbol file data-000001D9F40CB010 doesn't match image C:\Users\asdf\Desktop\unity\ReactiveTurnBase\My project A\Library\ScriptAssemblies\Unity.InputSystem.dll
Symbol file LoadedFromMemory is not a mono symbol file
Symbol file data-000001DA23977890 doesn't match image C:\Users\asdf\Desktop\unity\ReactiveTurnBase\My project A\Library\ScriptAssemblies\Unity.InputSystem.ForUI.dll
Symbol file LoadedFromMemory is not a mono symbol file
Symbol file data-000001DA2386D010 doesn't match image C:\Users\asdf\Desktop\unity\ReactiveTurnBase\My project A\Library\ScriptAssemblies\Unity.TestTools.CodeCoverage.Editor.OpenCover.Mono.Reflection.dll
Symbol file LoadedFromMemory is not a mono symbol file
Symbol file data-000001DA2386D010 doesn't match image C:\Users\asdf\Desktop\unity\ReactiveTurnBase\My project A\Library\ScriptAssemblies\Unity.VisualScripting.SettingsProvider.Editor.dll
Symbol file LoadedFromMemory is not a mono symbol file
Symbol file data-000001DA16C47020 doesn't match image C:\Users\asdf\Desktop\unity\ReactiveTurnBase\My project A\Library\ScriptAssemblies\Unity.Performance.Profile-Analyzer.Editor.dll
Symbol file LoadedFromMemory is not a mono symbol file
Symbol file data-000001D9F4C57070 doesn't match image C:\Users\asdf\Desktop\unity\ReactiveTurnBase\My project A\Library\ScriptAssemblies\Unity.TestTools.CodeCoverage.Editor.dll
Symbol file LoadedFromMemory is not a mono symbol file
Symbol file data-000001DA21825040 doesn't match image C:\Users\asdf\Desktop\unity\ReactiveTurnBase\My project A\Library\ScriptAssemblies\Unity.TestTools.CodeCoverage.Editor.OpenCover.Model.dll
Symbol file LoadedFromMemory is not a mono symbol file
Symbol file data-000001DA218A8050 doesn't match image C:\Users\asdf\Desktop\unity\ReactiveTurnBase\My project A\Library\ScriptAssemblies\Unity.VisualScripting.State.Editor.dll
Symbol file LoadedFromMemory is not a mono symbol file
Symbol file data-000001DA21825040 doesn't match image C:\Users\asdf\Desktop\unity\ReactiveTurnBase\My project A\Library\ScriptAssemblies\Unity.Settings.Editor.dll
Symbol file LoadedFromMemory is not a mono symbol file
Symbol file data-000001DA16C6A630 doesn't match image C:\Users\asdf\Desktop\unity\ReactiveTurnBase\My project A\Library\ScriptAssemblies\Unity.CollabProxy.Editor.dll
Symbol file LoadedFromMemory is not a mono symbol file
Symbol file data-000001DA176D2010 doesn't match image C:\Users\asdf\Desktop\unity\ReactiveTurnBase\My project A\Library\ScriptAssemblies\Unity.TextMeshPro.dll
Symbol file LoadedFromMemory is not a mono symbol file
Symbol file data-000001DA16D3F240 doesn't match image C:\Users\asdf\Desktop\unity\ReactiveTurnBase\My project A\Library\ScriptAssemblies\Unity.TextMeshPro.Editor.dll
Symbol file LoadedFromMemory is not a mono symbol file
Symbol file data-000001DA2156D010 doesn't match image C:\Users\asdf\Desktop\unity\ReactiveTurnBase\My project A\Library\ScriptAssemblies\UniTask.dll
Symbol file LoadedFromMemory is not a mono symbol file
Symbol file data-000001D9F44C7010 doesn't match image C:\Users\asdf\Desktop\unity\ReactiveTurnBase\My project A\Library\ScriptAssemblies\Unity.VisualScripting.State.dll
Symbol file LoadedFromMemory is not a mono symbol file
Symbol file data-000001D9F44C7010 doesn't match image C:\Users\asdf\Desktop\unity\ReactiveTurnBase\My project A\Library\ScriptAssemblies\Unity.VSCode.Editor.dll
Symbol file LoadedFromMemory is not a mono symbol file
- Loaded All Assemblies, in  0.455 seconds
Native extension for WindowsStandalone target not found
Native extension for Android target not found
Mono: successfully reloaded assembly
- Finished resetting the current domain, in  0.955 seconds
Domain Reload Profiling: 1409ms
	BeginReloadAssembly (140ms)
		ExecutionOrderSort (0ms)
		DisableScriptedObjects (6ms)
		BackupInstance (0ms)
		ReleaseScriptingObjects (0ms)
		CreateAndSetChildDomain (35ms)
	RebuildCommonClasses (27ms)
	RebuildNativeTypeToScriptingClass (8ms)
	initialDomainReloadingComplete (27ms)
	LoadAllAssembliesAndSetupDomain (251ms)
		LoadAssemblies (289ms)
		RebuildTransferFunctionScriptingTraits (0ms)
		AnalyzeDomain (30ms)
			TypeCache.Refresh (11ms)
				TypeCache.ScanAssembly (3ms)
			ScanForSourceGeneratedMonoScriptInfo (12ms)
			ResolveRequiredComponents (7ms)
	FinalizeReload (956ms)
		ReleaseScriptCaches (0ms)
		RebuildScriptCaches (0ms)
		SetupLoadedEditorAssemblies (511ms)
			LogAssemblyErrors (0ms)
			InitializePlatformSupportModulesInManaged (17ms)
			SetLoadedEditorAssemblies (7ms)
			RefreshPlugins (0ms)
			BeforeProcessingInitializeOnLoad (87ms)
			ProcessInitializeOnLoadAttributes (343ms)
			ProcessInitializeOnLoadMethodAttributes (49ms)
			AfterProcessingInitializeOnLoad (8ms)
			EditorAssembliesLoaded (0ms)
		ExecutionOrderSort2 (0ms)
		AwakeInstancesAfterBackupRestoration (8ms)
Refreshing native plugins compatible for Editor in 3.97 ms, found 3 plugins.
Preloading 0 native plugins for Editor in 0.00 ms.
Unloading 3941 Unused Serialized files (Serialized files now loaded: 0)
Unloading 22 unused Assets / (32.8 KB). Loaded Objects now: 4493.
Memory consumption went from 225.5 MB to 225.5 MB.
Total: 3.779400 ms (FindLiveObjects: 0.270800 ms CreateObjectMapping: 0.241400 ms MarkObjects: 3.217500 ms  DeleteObjects: 0.048900 ms)

Prepare: number of updated asset objects reloaded= 0
AssetImportParameters requested are different than current active one (requested -> active):
  custom:container-demuxer-ogg: 62fdf1f143b41e24485cea50d1cbac27 -> 
  custom:video-decoder-ogg-theora: a1e56fd34408186e4bbccfd4996cb3dc -> 
  custom:framework-win-MediaFoundation: 216162199b28c13a410421893ffa2e32 -> 
  custom:CustomObjectIndexerAttribute: 9a22284fe3817be447336de3de66b15e -> 
  custom:container-demuxer-webm: 4f35f7cbe854078d1ac9338744f61a02 -> 
  custom:container-muxer-webm: aa71ff27fc2769a1b78a27578f13a17b -> 
  custom:video-decoder-webm-vp8: 9c59270c3fd7afecdb556c50c9e8de78 -> 
  custom:SearchIndexIgnoredProperties: e643bd26f0fe6173181afceb89e7c659 -> 
  custom:AudioImporter_EditorPlatform: d09bf68614088b80899f8185d706f6e7 -> 
  custom:video-encoder-webm-vp8: eb34c28f22e8b96e1ab97ce403110664 -> 
  custom:audio-decoder-ogg-vorbis: bf7c407c2cedff20999df2af8eb42d56 -> 
  custom:audio-encoder-webm-vorbis: bf7c407c2cedff20999df2af8eb42d56 -> 
========================================================================
Received Prepare
Caller must complete domain reload
Begin MonoManager ReloadAssembly
Symbol file data-000001DA20A0A030 doesn't match image C:\Users\asdf\Desktop\unity\ReactiveTurnBase\My project A\Library\ScriptAssemblies\Unity.EditorCoroutines.Editor.dll
Symbol file LoadedFromMemory is not a mono symbol file
Symbol file data-000001DA165F6020 doesn't match image C:\Users\asdf\Desktop\unity\ReactiveTurnBase\My project A\Library\ScriptAssemblies\UniTask.TextMeshPro.dll
Symbol file LoadedFromMemory is not a mono symbol file
Symbol file data-000001D9F4948F90 doesn't match image C:\Users\asdf\Desktop\unity\ReactiveTurnBase\My project A\Library\ScriptAssemblies\Unity.Timeline.Editor.dll
Symbol file LoadedFromMemory is not a mono symbol file
Symbol file data-000001DA165F6020 doesn't match image C:\Users\asdf\Desktop\unity\ReactiveTurnBase\My project A\Library\ScriptAssemblies\Unity.VisualScripting.Shared.Editor.dll
Symbol file LoadedFromMemory is not a mono symbol file
Symbol file data-000001DA165F6020 doesn't match image C:\Users\asdf\Desktop\unity\ReactiveTurnBase\My project A\Library\ScriptAssemblies\UniTask.DOTween.dll
Symbol file LoadedFromMemory is not a mono symbol file
Symbol file data-000001DA165F6020 doesn't match image C:\Users\asdf\Desktop\unity\ReactiveTurnBase\My project A\Library\ScriptAssemblies\UniTask.Addressables.dll
Symbol file LoadedFromMemory is not a mono symbol file
Symbol file data-000001DA17D1B020 doesn't match image C:\Users\asdf\Desktop\unity\ReactiveTurnBase\My project A\Library\ScriptAssemblies\UnityEditor.UI.dll
Symbol file LoadedFromMemory is not a mono symbol file
Symbol file data-000001D9F3F20080 doesn't match image C:\Users\asdf\Desktop\unity\ReactiveTurnBase\My project A\Library\ScriptAssemblies\Unity.VisualScripting.Core.dll
Symbol file LoadedFromMemory is not a mono symbol file
Symbol file data-000001DA20E78020 doesn't match image C:\Users\asdf\Desktop\unity\ReactiveTurnBase\My project A\Library\ScriptAssemblies\UnityEngine.UI.dll
Symbol file LoadedFromMemory is not a mono symbol file
Symbol file data-000001DA16F1C8C0 doesn't match image C:\Users\asdf\Desktop\unity\ReactiveTurnBase\My project A\Library\ScriptAssemblies\UniTask.Editor.dll
Symbol file LoadedFromMemory is not a mono symbol file
Symbol file data-000001DA21191020 doesn't match image C:\Users\asdf\Desktop\unity\ReactiveTurnBase\My project A\Library\ScriptAssemblies\Unity.VisualScripting.Core.Editor.dll
Symbol file LoadedFromMemory is not a mono symbol file
Symbol file data-000001DA216077B0 doesn't match image C:\Users\asdf\Desktop\unity\ReactiveTurnBase\My project A\Library\ScriptAssemblies\UniTask.Linq.dll
Symbol file LoadedFromMemory is not a mono symbol file
Symbol file data-000001D9F432BDC0 doesn't match image C:\Users\asdf\Desktop\unity\ReactiveTurnBase\My project A\Library\ScriptAssemblies\Unity.VisualScripting.Flow.dll
Symbol file LoadedFromMemory is not a mono symbol file
Symbol file data-000001D9F3FB50E0 doesn't match image C:\Users\asdf\Desktop\unity\ReactiveTurnBase\My project A\Library\ScriptAssemblies\Unity.VisualScripting.Flow.Editor.dll
Symbol file LoadedFromMemory is not a mono symbol file
Symbol file data-000001D9F2F265B0 doesn't match image C:\Users\asdf\Desktop\unity\ReactiveTurnBase\My project A\Library\ScriptAssemblies\Unity.Timeline.dll
Symbol file LoadedFromMemory is not a mono symbol file
Symbol file data-000001D9F40CB010 doesn't match image C:\Users\asdf\Desktop\unity\ReactiveTurnBase\My project A\Library\ScriptAssemblies\Unity.InputSystem.dll
Symbol file LoadedFromMemory is not a mono symbol file
Symbol file data-000001D9F452D020 doesn't match image C:\Users\asdf\Desktop\unity\ReactiveTurnBase\My project A\Library\ScriptAssemblies\Unity.InputSystem.ForUI.dll
Symbol file LoadedFromMemory is not a mono symbol file
Symbol file data-000001D9F452D020 doesn't match image C:\Users\asdf\Desktop\unity\ReactiveTurnBase\My project A\Library\ScriptAssemblies\Unity.TestTools.CodeCoverage.Editor.OpenCover.Mono.Reflection.dll
Symbol file LoadedFromMemory is not a mono symbol file
Symbol file data-000001DA18193010 doesn't match image C:\Users\asdf\Desktop\unity\ReactiveTurnBase\My project A\Library\ScriptAssemblies\Unity.VisualScripting.SettingsProvider.Editor.dll
Symbol file LoadedFromMemory is not a mono symbol file
Symbol file data-000001DA2109B050 doesn't match image C:\Users\asdf\Desktop\unity\ReactiveTurnBase\My project A\Library\ScriptAssemblies\Unity.Performance.Profile-Analyzer.Editor.dll
Symbol file LoadedFromMemory is not a mono symbol file
Symbol file data-000001D9F4C57070 doesn't match image C:\Users\asdf\Desktop\unity\ReactiveTurnBase\My project A\Library\ScriptAssemblies\Unity.TestTools.CodeCoverage.Editor.dll
Symbol file LoadedFromMemory is not a mono symbol file
Symbol file data-000001DA2154B020 doesn't match image C:\Users\asdf\Desktop\unity\ReactiveTurnBase\My project A\Library\ScriptAssemblies\Unity.TestTools.CodeCoverage.Editor.OpenCover.Model.dll
Symbol file LoadedFromMemory is not a mono symbol file
Symbol file data-000001D9F4916980 doesn't match image C:\Users\asdf\Desktop\unity\ReactiveTurnBase\My project A\Library\ScriptAssemblies\Unity.VisualScripting.State.Editor.dll
Symbol file LoadedFromMemory is not a mono symbol file
Symbol file data-000001DA212B4350 doesn't match image C:\Users\asdf\Desktop\unity\ReactiveTurnBase\My project A\Library\ScriptAssemblies\Unity.Settings.Editor.dll
Symbol file LoadedFromMemory is not a mono symbol file
Symbol file data-000001DA210BE660 doesn't match image C:\Users\asdf\Desktop\unity\ReactiveTurnBase\My project A\Library\ScriptAssemblies\Unity.CollabProxy.Editor.dll
Symbol file LoadedFromMemory is not a mono symbol file
Symbol file data-000001DA176D2010 doesn't match image C:\Users\asdf\Desktop\unity\ReactiveTurnBase\My project A\Library\ScriptAssemblies\Unity.TextMeshPro.dll
Symbol file LoadedFromMemory is not a mono symbol file
Symbol file data-000001DA16F00030 doesn't match image C:\Users\asdf\Desktop\unity\ReactiveTurnBase\My project A\Library\ScriptAssemblies\Unity.TextMeshPro.Editor.dll
Symbol file LoadedFromMemory is not a mono symbol file
Symbol file data-000001DA2156D010 doesn't match image C:\Users\asdf\Desktop\unity\ReactiveTurnBase\My project A\Library\ScriptAssemblies\UniTask.dll
Symbol file LoadedFromMemory is not a mono symbol file
Symbol file data-000001DA2154B020 doesn't match image C:\Users\asdf\Desktop\unity\ReactiveTurnBase\My project A\Library\ScriptAssemblies\Unity.VisualScripting.State.dll
Symbol file LoadedFromMemory is not a mono symbol file
Symbol file data-000001DA2154B020 doesn't match image C:\Users\asdf\Desktop\unity\ReactiveTurnBase\My project A\Library\ScriptAssemblies\Unity.VSCode.Editor.dll
Symbol file LoadedFromMemory is not a mono symbol file
- Loaded All Assemblies, in  0.429 seconds
Native extension for WindowsStandalone target not found
Native extension for Android target not found
Mono: successfully reloaded assembly
- Finished resetting the current domain, in  1.044 seconds
Domain Reload Profiling: 1471ms
	BeginReloadAssembly (136ms)
		ExecutionOrderSort (0ms)
		DisableScriptedObjects (6ms)
		BackupInstance (0ms)
		ReleaseScriptingObjects (0ms)
		CreateAndSetChildDomain (31ms)
	RebuildCommonClasses (26ms)
	RebuildNativeTypeToScriptingClass (8ms)
	initialDomainReloadingComplete (26ms)
	LoadAllAssembliesAndSetupDomain (230ms)
		LoadAssemblies (285ms)
		RebuildTransferFunctionScriptingTraits (0ms)
		AnalyzeDomain (14ms)
			TypeCache.Refresh (5ms)
				TypeCache.ScanAssembly (0ms)
			ScanForSourceGeneratedMonoScriptInfo (0ms)
			ResolveRequiredComponents (7ms)
	FinalizeReload (1044ms)
		ReleaseScriptCaches (0ms)
		RebuildScriptCaches (0ms)
		SetupLoadedEditorAssemblies (606ms)
			LogAssemblyErrors (0ms)
			InitializePlatformSupportModulesInManaged (49ms)
			SetLoadedEditorAssemblies (4ms)
			RefreshPlugins (0ms)
			BeforeProcessingInitializeOnLoad (92ms)
			ProcessInitializeOnLoadAttributes (414ms)
			ProcessInitializeOnLoadMethodAttributes (39ms)
			AfterProcessingInitializeOnLoad (8ms)
			EditorAssembliesLoaded (0ms)
		ExecutionOrderSort2 (0ms)
		AwakeInstancesAfterBackupRestoration (8ms)
Refreshing native plugins compatible for Editor in 5.02 ms, found 3 plugins.
Preloading 0 native plugins for Editor in 0.00 ms.
Unloading 3941 Unused Serialized files (Serialized files now loaded: 0)
Unloading 22 unused Assets / (32.9 KB). Loaded Objects now: 4496.
Memory consumption went from 225.5 MB to 225.5 MB.
Total: 4.301300 ms (FindLiveObjects: 0.894200 ms CreateObjectMapping: 0.358900 ms MarkObjects: 2.994200 ms  DeleteObjects: 0.052700 ms)

Prepare: number of updated asset objects reloaded= 0
AssetImportParameters requested are different than current active one (requested -> active):
  custom:container-demuxer-ogg: 62fdf1f143b41e24485cea50d1cbac27 -> 
  custom:video-decoder-ogg-theora: a1e56fd34408186e4bbccfd4996cb3dc -> 
  custom:framework-win-MediaFoundation: 216162199b28c13a410421893ffa2e32 -> 
  custom:CustomObjectIndexerAttribute: 9a22284fe3817be447336de3de66b15e -> 
  custom:container-demuxer-webm: 4f35f7cbe854078d1ac9338744f61a02 -> 
  custom:container-muxer-webm: aa71ff27fc2769a1b78a27578f13a17b -> 
  custom:video-decoder-webm-vp8: 9c59270c3fd7afecdb556c50c9e8de78 -> 
  custom:SearchIndexIgnoredProperties: e643bd26f0fe6173181afceb89e7c659 -> 
  custom:AudioImporter_EditorPlatform: d09bf68614088b80899f8185d706f6e7 -> 
  custom:video-encoder-webm-vp8: eb34c28f22e8b96e1ab97ce403110664 -> 
  custom:audio-decoder-ogg-vorbis: bf7c407c2cedff20999df2af8eb42d56 -> 
  custom:audio-encoder-webm-vorbis: bf7c407c2cedff20999df2af8eb42d56 -> 
========================================================================
Received Prepare
Caller must complete domain reload
Begin MonoManager ReloadAssembly
Symbol file data-000001DA23359030 doesn't match image C:\Users\asdf\Desktop\unity\ReactiveTurnBase\My project A\Library\ScriptAssemblies\Unity.EditorCoroutines.Editor.dll
Symbol file LoadedFromMemory is not a mono symbol file
Symbol file data-000001DA2314C010 doesn't match image C:\Users\asdf\Desktop\unity\ReactiveTurnBase\My project A\Library\ScriptAssemblies\UniTask.TextMeshPro.dll
Symbol file LoadedFromMemory is not a mono symbol file
Symbol file data-000001D9F4948F90 doesn't match image C:\Users\asdf\Desktop\unity\ReactiveTurnBase\My project A\Library\ScriptAssemblies\Unity.Timeline.Editor.dll
Symbol file LoadedFromMemory is not a mono symbol file
Symbol file data-000001DA2314C010 doesn't match image C:\Users\asdf\Desktop\unity\ReactiveTurnBase\My project A\Library\ScriptAssemblies\Unity.VisualScripting.Shared.Editor.dll
Symbol file LoadedFromMemory is not a mono symbol file
Symbol file data-000001DA2314C010 doesn't match image C:\Users\asdf\Desktop\unity\ReactiveTurnBase\My project A\Library\ScriptAssemblies\UniTask.DOTween.dll
Symbol file LoadedFromMemory is not a mono symbol file
Symbol file data-000001DA2314C010 doesn't match image C:\Users\asdf\Desktop\unity\ReactiveTurnBase\My project A\Library\ScriptAssemblies\UniTask.Addressables.dll
Symbol file LoadedFromMemory is not a mono symbol file
Symbol file data-000001DA17D1B020 doesn't match image C:\Users\asdf\Desktop\unity\ReactiveTurnBase\My project A\Library\ScriptAssemblies\UnityEditor.UI.dll
Symbol file LoadedFromMemory is not a mono symbol file
Symbol file data-000001D9F3F20080 doesn't match image C:\Users\asdf\Desktop\unity\ReactiveTurnBase\My project A\Library\ScriptAssemblies\Unity.VisualScripting.Core.dll
Symbol file LoadedFromMemory is not a mono symbol file
Symbol file data-000001DA21876010 doesn't match image C:\Users\asdf\Desktop\unity\ReactiveTurnBase\My project A\Library\ScriptAssemblies\UnityEngine.UI.dll
Symbol file LoadedFromMemory is not a mono symbol file
Symbol file data-000001DA2154B020 doesn't match image C:\Users\asdf\Desktop\unity\ReactiveTurnBase\My project A\Library\ScriptAssemblies\UniTask.Editor.dll
Symbol file LoadedFromMemory is not a mono symbol file
Symbol file data-000001DA21191020 doesn't match image C:\Users\asdf\Desktop\unity\ReactiveTurnBase\My project A\Library\ScriptAssemblies\Unity.VisualScripting.Core.Editor.dll
Symbol file LoadedFromMemory is not a mono symbol file
Symbol file data-000001DA216077B0 doesn't match image C:\Users\asdf\Desktop\unity\ReactiveTurnBase\My project A\Library\ScriptAssemblies\UniTask.Linq.dll
Symbol file LoadedFromMemory is not a mono symbol file
Symbol file data-000001DA209D8010 doesn't match image C:\Users\asdf\Desktop\unity\ReactiveTurnBase\My project A\Library\ScriptAssemblies\Unity.VisualScripting.Flow.dll
Symbol file LoadedFromMemory is not a mono symbol file
Symbol file data-000001DA239D1020 doesn't match image C:\Users\asdf\Desktop\unity\ReactiveTurnBase\My project A\Library\ScriptAssemblies\Unity.VisualScripting.Flow.Editor.dll
Symbol file LoadedFromMemory is not a mono symbol file
Symbol file data-000001D9F45C6010 doesn't match image C:\Users\asdf\Desktop\unity\ReactiveTurnBase\My project A\Library\ScriptAssemblies\Unity.Timeline.dll
Symbol file LoadedFromMemory is not a mono symbol file
Symbol file data-000001D9F40CB010 doesn't match image C:\Users\asdf\Desktop\unity\ReactiveTurnBase\My project A\Library\ScriptAssemblies\Unity.InputSystem.dll
Symbol file LoadedFromMemory is not a mono symbol file
Symbol file data-000001DA17050010 doesn't match image C:\Users\asdf\Desktop\unity\ReactiveTurnBase\My project A\Library\ScriptAssemblies\Unity.InputSystem.ForUI.dll
Symbol file LoadedFromMemory is not a mono symbol file
Symbol file data-000001DA17050010 doesn't match image C:\Users\asdf\Desktop\unity\ReactiveTurnBase\My project A\Library\ScriptAssemblies\Unity.TestTools.CodeCoverage.Editor.OpenCover.Mono.Reflection.dll
Symbol file LoadedFromMemory is not a mono symbol file
Symbol file data-000001D9F4667510 doesn't match image C:\Users\asdf\Desktop\unity\ReactiveTurnBase\My project A\Library\ScriptAssemblies\Unity.VisualScripting.SettingsProvider.Editor.dll
Symbol file LoadedFromMemory is not a mono symbol file
Symbol file data-000001D9F42F4050 doesn't match image C:\Users\asdf\Desktop\unity\ReactiveTurnBase\My project A\Library\ScriptAssemblies\Unity.Performance.Profile-Analyzer.Editor.dll
Symbol file LoadedFromMemory is not a mono symbol file
Symbol file data-000001DA237A2070 doesn't match image C:\Users\asdf\Desktop\unity\ReactiveTurnBase\My project A\Library\ScriptAssemblies\Unity.TestTools.CodeCoverage.Editor.dll
Symbol file LoadedFromMemory is not a mono symbol file
Symbol file data-000001DA16558040 doesn't match image C:\Users\asdf\Desktop\unity\ReactiveTurnBase\My project A\Library\ScriptAssemblies\Unity.TestTools.CodeCoverage.Editor.OpenCover.Model.dll
Symbol file LoadedFromMemory is not a mono symbol file
Symbol file data-000001D9F4916980 doesn't match image C:\Users\asdf\Desktop\unity\ReactiveTurnBase\My project A\Library\ScriptAssemblies\Unity.VisualScripting.State.Editor.dll
Symbol file LoadedFromMemory is not a mono symbol file
Symbol file data-000001DA16558040 doesn't match image C:\Users\asdf\Desktop\unity\ReactiveTurnBase\My project A\Library\ScriptAssemblies\Unity.Settings.Editor.dll
Symbol file LoadedFromMemory is not a mono symbol file
Symbol file data-000001DA16558040 doesn't match image C:\Users\asdf\Desktop\unity\ReactiveTurnBase\My project A\Library\ScriptAssemblies\Unity.CollabProxy.Editor.dll
Symbol file LoadedFromMemory is not a mono symbol file
Symbol file data-000001DA176D2010 doesn't match image C:\Users\asdf\Desktop\unity\ReactiveTurnBase\My project A\Library\ScriptAssemblies\Unity.TextMeshPro.dll
Symbol file LoadedFromMemory is not a mono symbol file
Symbol file data-000001DA16F00030 doesn't match image C:\Users\asdf\Desktop\unity\ReactiveTurnBase\My project A\Library\ScriptAssemblies\Unity.TextMeshPro.Editor.dll
Symbol file LoadedFromMemory is not a mono symbol file
Symbol file data-000001DA2156D010 doesn't match image C:\Users\asdf\Desktop\unity\ReactiveTurnBase\My project A\Library\ScriptAssemblies\UniTask.dll
Symbol file LoadedFromMemory is not a mono symbol file
Symbol file data-000001D9F4537040 doesn't match image C:\Users\asdf\Desktop\unity\ReactiveTurnBase\My project A\Library\ScriptAssemblies\Unity.VisualScripting.State.dll
Symbol file LoadedFromMemory is not a mono symbol file
Symbol file data-000001D9F4537040 doesn't match image C:\Users\asdf\Desktop\unity\ReactiveTurnBase\My project A\Library\ScriptAssemblies\Unity.VSCode.Editor.dll
Symbol file LoadedFromMemory is not a mono symbol file
- Loaded All Assemblies, in  0.424 seconds
Native extension for WindowsStandalone target not found
Native extension for Android target not found
Mono: successfully reloaded assembly
- Finished resetting the current domain, in  1.121 seconds
Domain Reload Profiling: 1543ms
	BeginReloadAssembly (134ms)
		ExecutionOrderSort (0ms)
		DisableScriptedObjects (6ms)
		BackupInstance (0ms)
		ReleaseScriptingObjects (0ms)
		CreateAndSetChildDomain (32ms)
	RebuildCommonClasses (25ms)
	RebuildNativeTypeToScriptingClass (8ms)
	initialDomainReloadingComplete (26ms)
	LoadAllAssembliesAndSetupDomain (229ms)
		LoadAssemblies (282ms)
		RebuildTransferFunctionScriptingTraits (0ms)
		AnalyzeDomain (14ms)
			TypeCache.Refresh (5ms)
				TypeCache.ScanAssembly (0ms)
			ScanForSourceGeneratedMonoScriptInfo (0ms)
			ResolveRequiredComponents (7ms)
	FinalizeReload (1122ms)
		ReleaseScriptCaches (0ms)
		RebuildScriptCaches (0ms)
		SetupLoadedEditorAssemblies (623ms)
			LogAssemblyErrors (0ms)
			InitializePlatformSupportModulesInManaged (22ms)
			SetLoadedEditorAssemblies (7ms)
			RefreshPlugins (0ms)
			BeforeProcessingInitializeOnLoad (118ms)
			ProcessInitializeOnLoadAttributes (430ms)
			ProcessInitializeOnLoadMethodAttributes (38ms)
			AfterProcessingInitializeOnLoad (8ms)
			EditorAssembliesLoaded (0ms)
		ExecutionOrderSort2 (0ms)
		AwakeInstancesAfterBackupRestoration (10ms)
Refreshing native plugins compatible for Editor in 5.46 ms, found 3 plugins.
Preloading 0 native plugins for Editor in 0.00 ms.
Unloading 3941 Unused Serialized files (Serialized files now loaded: 0)
Unloading 22 unused Assets / (32.8 KB). Loaded Objects now: 4499.
Memory consumption went from 225.5 MB to 225.5 MB.
Total: 4.392400 ms (FindLiveObjects: 0.270500 ms CreateObjectMapping: 0.233300 ms MarkObjects: 3.749200 ms  DeleteObjects: 0.138000 ms)

Prepare: number of updated asset objects reloaded= 0
AssetImportParameters requested are different than current active one (requested -> active):
  custom:container-demuxer-ogg: 62fdf1f143b41e24485cea50d1cbac27 -> 
  custom:video-decoder-ogg-theora: a1e56fd34408186e4bbccfd4996cb3dc -> 
  custom:framework-win-MediaFoundation: 216162199b28c13a410421893ffa2e32 -> 
  custom:CustomObjectIndexerAttribute: 9a22284fe3817be447336de3de66b15e -> 
  custom:container-demuxer-webm: 4f35f7cbe854078d1ac9338744f61a02 -> 
  custom:container-muxer-webm: aa71ff27fc2769a1b78a27578f13a17b -> 
  custom:video-decoder-webm-vp8: 9c59270c3fd7afecdb556c50c9e8de78 -> 
  custom:SearchIndexIgnoredProperties: e643bd26f0fe6173181afceb89e7c659 -> 
  custom:AudioImporter_EditorPlatform: d09bf68614088b80899f8185d706f6e7 -> 
  custom:video-encoder-webm-vp8: eb34c28f22e8b96e1ab97ce403110664 -> 
  custom:audio-decoder-ogg-vorbis: bf7c407c2cedff20999df2af8eb42d56 -> 
  custom:audio-encoder-webm-vorbis: bf7c407c2cedff20999df2af8eb42d56 -> 
========================================================================
Received Import Request.
  Time since last request: 1206.031968 seconds.
  path: Assets/2.Model/Prefabs/Grogbar.prefab
  artifactKey: Guid(7f5e70fe0f1889b4d8fa43e022ebad62) Importer(815301076,1909f56bfc062723c751e8b465ee728b)
Start importing Assets/2.Model/Prefabs/Grogbar.prefab using Guid(7f5e70fe0f1889b4d8fa43e022ebad62) Importer(815301076,1909f56bfc062723c751e8b465ee728b) [PhysX] Initialized MultithreadedTaskDispatcher with 12 workers.
 -> (artifact id: 'c380932a82883361358bcc287fd6caea') in 0.026398 seconds
Number of updated asset objects reloaded before import = 0
Number of asset objects unloaded after import = 14
========================================================================
Received Import Request.
  Time since last request: 17.580372 seconds.
  path: Assets/2.Model/Prefabs/player1.prefab
  artifactKey: Guid(3e95b49165f9ae640bc4d9619235bf8a) Importer(815301076,1909f56bfc062723c751e8b465ee728b)
Start importing Assets/2.Model/Prefabs/player1.prefab using Guid(3e95b49165f9ae640bc4d9619235bf8a) Importer(815301076,1909f56bfc062723c751e8b465ee728b) [PhysX] Initialized MultithreadedTaskDispatcher with 12 workers.
[PhysX] Initialized MultithreadedTaskDispatcher with 12 workers.
 -> (artifact id: 'cff550b6ed2970664a043f234dc178d6') in 0.113281 seconds
Number of updated asset objects reloaded before import = 0
Number of asset objects unloaded after import = 287
========================================================================
Received Import Request.
  Time since last request: 21.137701 seconds.
  path: Assets/2.Model/Prefabs/Grogbar.prefab
  artifactKey: Guid(7f5e70fe0f1889b4d8fa43e022ebad62) Importer(815301076,1909f56bfc062723c751e8b465ee728b)
Start importing Assets/2.Model/Prefabs/Grogbar.prefab using Guid(7f5e70fe0f1889b4d8fa43e022ebad62) Importer(815301076,1909f56bfc062723c751e8b465ee728b) [PhysX] Initialized MultithreadedTaskDispatcher with 12 workers.
 -> (artifact id: '4ea7e366e6f5701e980a55f87458587a') in 0.002339 seconds
Number of updated asset objects reloaded before import = 0
Number of asset objects unloaded after import = 14
========================================================================
Received Prepare
Caller must complete domain reload
Begin MonoManager ReloadAssembly
Symbol file data-000001DA2024A010 doesn't match image C:\Users\asdf\Desktop\unity\ReactiveTurnBase\My project A\Library\ScriptAssemblies\Unity.EditorCoroutines.Editor.dll
Symbol file LoadedFromMemory is not a mono symbol file
Symbol file data-000001DA21249050 doesn't match image C:\Users\asdf\Desktop\unity\ReactiveTurnBase\My project A\Library\ScriptAssemblies\UniTask.TextMeshPro.dll
Symbol file LoadedFromMemory is not a mono symbol file
Symbol file data-000001D9F4948F90 doesn't match image C:\Users\asdf\Desktop\unity\ReactiveTurnBase\My project A\Library\ScriptAssemblies\Unity.Timeline.Editor.dll
Symbol file LoadedFromMemory is not a mono symbol file
Symbol file data-000001DA2154B020 doesn't match image C:\Users\asdf\Desktop\unity\ReactiveTurnBase\My project A\Library\ScriptAssemblies\Unity.VisualScripting.Shared.Editor.dll
Symbol file LoadedFromMemory is not a mono symbol file
Symbol file data-000001DA2124C860 doesn't match image C:\Users\asdf\Desktop\unity\ReactiveTurnBase\My project A\Library\ScriptAssemblies\UniTask.DOTween.dll
Symbol file LoadedFromMemory is not a mono symbol file
Symbol file data-000001DA2124C860 doesn't match image C:\Users\asdf\Desktop\unity\ReactiveTurnBase\My project A\Library\ScriptAssemblies\UniTask.Addressables.dll
Symbol file LoadedFromMemory is not a mono symbol file
Symbol file data-000001DA2393D010 doesn't match image C:\Users\asdf\Desktop\unity\ReactiveTurnBase\My project A\Library\ScriptAssemblies\UnityEditor.UI.dll
Symbol file LoadedFromMemory is not a mono symbol file
Symbol file data-000001D9F3F20080 doesn't match image C:\Users\asdf\Desktop\unity\ReactiveTurnBase\My project A\Library\ScriptAssemblies\Unity.VisualScripting.Core.dll
Symbol file LoadedFromMemory is not a mono symbol file
Symbol file data-000001DA21876010 doesn't match image C:\Users\asdf\Desktop\unity\ReactiveTurnBase\My project A\Library\ScriptAssemblies\UnityEngine.UI.dll
Symbol file LoadedFromMemory is not a mono symbol file
Symbol file data-000001DA18193010 doesn't match image C:\Users\asdf\Desktop\unity\ReactiveTurnBase\My project A\Library\ScriptAssemblies\UniTask.Editor.dll
Symbol file LoadedFromMemory is not a mono symbol file
Symbol file data-000001DA21191020 doesn't match image C:\Users\asdf\Desktop\unity\ReactiveTurnBase\My project A\Library\ScriptAssemblies\Unity.VisualScripting.Core.Editor.dll
Symbol file LoadedFromMemory is not a mono symbol file
Symbol file data-000001DA216077B0 doesn't match image C:\Users\asdf\Desktop\unity\ReactiveTurnBase\My project A\Library\ScriptAssemblies\UniTask.Linq.dll
Symbol file LoadedFromMemory is not a mono symbol file
Symbol file data-000001DA176D2010 doesn't match image C:\Users\asdf\Desktop\unity\ReactiveTurnBase\My project A\Library\ScriptAssemblies\Unity.VisualScripting.Flow.dll
Symbol file LoadedFromMemory is not a mono symbol file
Symbol file data-000001D9F3FB50E0 doesn't match image C:\Users\asdf\Desktop\unity\ReactiveTurnBase\My project A\Library\ScriptAssemblies\Unity.VisualScripting.Flow.Editor.dll
Symbol file LoadedFromMemory is not a mono symbol file
Symbol file data-000001D9F2F265B0 doesn't match image C:\Users\asdf\Desktop\unity\ReactiveTurnBase\My project A\Library\ScriptAssemblies\Unity.Timeline.dll
Symbol file LoadedFromMemory is not a mono symbol file
Symbol file data-000001D9F40CB010 doesn't match image C:\Users\asdf\Desktop\unity\ReactiveTurnBase\My project A\Library\ScriptAssemblies\Unity.InputSystem.dll
Symbol file LoadedFromMemory is not a mono symbol file
Symbol file data-000001DA2124C860 doesn't match image C:\Users\asdf\Desktop\unity\ReactiveTurnBase\My project A\Library\ScriptAssemblies\Unity.InputSystem.ForUI.dll
Symbol file LoadedFromMemory is not a mono symbol file
Symbol file data-000001DA2314C010 doesn't match image C:\Users\asdf\Desktop\unity\ReactiveTurnBase\My project A\Library\ScriptAssemblies\Unity.TestTools.CodeCoverage.Editor.OpenCover.Mono.Reflection.dll
Symbol file LoadedFromMemory is not a mono symbol file
Symbol file data-000001DA17F2B020 doesn't match image C:\Users\asdf\Desktop\unity\ReactiveTurnBase\My project A\Library\ScriptAssemblies\Unity.VisualScripting.SettingsProvider.Editor.dll
Symbol file LoadedFromMemory is not a mono symbol file
Symbol file data-000001D9F433BDD0 doesn't match image C:\Users\asdf\Desktop\unity\ReactiveTurnBase\My project A\Library\ScriptAssemblies\Unity.Performance.Profile-Analyzer.Editor.dll
Symbol file LoadedFromMemory is not a mono symbol file
Symbol file data-000001DA237A2070 doesn't match image C:\Users\asdf\Desktop\unity\ReactiveTurnBase\My project A\Library\ScriptAssemblies\Unity.TestTools.CodeCoverage.Editor.dll
Symbol file LoadedFromMemory is not a mono symbol file
Symbol file data-000001DA230FE010 doesn't match image C:\Users\asdf\Desktop\unity\ReactiveTurnBase\My project A\Library\ScriptAssemblies\Unity.TestTools.CodeCoverage.Editor.OpenCover.Model.dll
Symbol file LoadedFromMemory is not a mono symbol file
Symbol file data-000001DA17D1B020 doesn't match image C:\Users\asdf\Desktop\unity\ReactiveTurnBase\My project A\Library\ScriptAssemblies\Unity.VisualScripting.State.Editor.dll
Symbol file LoadedFromMemory is not a mono symbol file
Symbol file data-000001D9F44AC160 doesn't match image C:\Users\asdf\Desktop\unity\ReactiveTurnBase\My project A\Library\ScriptAssemblies\Unity.Settings.Editor.dll
Symbol file LoadedFromMemory is not a mono symbol file
Symbol file data-000001D9F435F3E0 doesn't match image C:\Users\asdf\Desktop\unity\ReactiveTurnBase\My project A\Library\ScriptAssemblies\Unity.CollabProxy.Editor.dll
Symbol file LoadedFromMemory is not a mono symbol file
Symbol file data-000001DA176D2010 doesn't match image C:\Users\asdf\Desktop\unity\ReactiveTurnBase\My project A\Library\ScriptAssemblies\Unity.TextMeshPro.dll
Symbol file LoadedFromMemory is not a mono symbol file
Symbol file data-000001DA16F00030 doesn't match image C:\Users\asdf\Desktop\unity\ReactiveTurnBase\My project A\Library\ScriptAssemblies\Unity.TextMeshPro.Editor.dll
Symbol file LoadedFromMemory is not a mono symbol file
Symbol file data-000001DA2156D010 doesn't match image C:\Users\asdf\Desktop\unity\ReactiveTurnBase\My project A\Library\ScriptAssemblies\UniTask.dll
Symbol file LoadedFromMemory is not a mono symbol file
Symbol file data-000001DA230FE010 doesn't match image C:\Users\asdf\Desktop\unity\ReactiveTurnBase\My project A\Library\ScriptAssemblies\Unity.VisualScripting.State.dll
Symbol file LoadedFromMemory is not a mono symbol file
Symbol file data-000001DA230FE010 doesn't match image C:\Users\asdf\Desktop\unity\ReactiveTurnBase\My project A\Library\ScriptAssemblies\Unity.VSCode.Editor.dll
Symbol file LoadedFromMemory is not a mono symbol file
- Loaded All Assemblies, in  0.429 seconds
Native extension for WindowsStandalone target not found
Native extension for Android target not found
Mono: successfully reloaded assembly
- Finished resetting the current domain, in  1.071 seconds
Domain Reload Profiling: 1498ms
	BeginReloadAssembly (143ms)
		ExecutionOrderSort (0ms)
		DisableScriptedObjects (8ms)
		BackupInstance (0ms)
		ReleaseScriptingObjects (0ms)
		CreateAndSetChildDomain (34ms)
	RebuildCommonClasses (25ms)
	RebuildNativeTypeToScriptingClass (8ms)
	initialDomainReloadingComplete (25ms)
	LoadAllAssembliesAndSetupDomain (224ms)
		LoadAssemblies (281ms)
		RebuildTransferFunctionScriptingTraits (0ms)
		AnalyzeDomain (15ms)
			TypeCache.Refresh (4ms)
				TypeCache.ScanAssembly (0ms)
			ScanForSourceGeneratedMonoScriptInfo (0ms)
			ResolveRequiredComponents (9ms)
	FinalizeReload (1071ms)
		ReleaseScriptCaches (0ms)
		RebuildScriptCaches (0ms)
		SetupLoadedEditorAssemblies (608ms)
			LogAssemblyErrors (0ms)
			InitializePlatformSupportModulesInManaged (18ms)
			SetLoadedEditorAssemblies (4ms)
			RefreshPlugins (0ms)
			BeforeProcessingInitializeOnLoad (104ms)
			ProcessInitializeOnLoadAttributes (438ms)
			ProcessInitializeOnLoadMethodAttributes (36ms)
			AfterProcessingInitializeOnLoad (8ms)
			EditorAssembliesLoaded (0ms)
		ExecutionOrderSort2 (0ms)
		AwakeInstancesAfterBackupRestoration (8ms)
Refreshing native plugins compatible for Editor in 4.58 ms, found 3 plugins.
Preloading 0 native plugins for Editor in 0.00 ms.
Unloading 3940 Unused Serialized files (Serialized files now loaded: 0)
Unloading 24 unused Assets / (61.8 KB). Loaded Objects now: 4502.
Memory consumption went from 225.5 MB to 225.5 MB.
Total: 5.301200 ms (FindLiveObjects: 0.317700 ms CreateObjectMapping: 0.223900 ms MarkObjects: 4.500400 ms  DeleteObjects: 0.257300 ms)

Prepare: number of updated asset objects reloaded= 0
AssetImportParameters requested are different than current active one (requested -> active):
  custom:container-demuxer-ogg: 62fdf1f143b41e24485cea50d1cbac27 -> 
  custom:video-decoder-ogg-theora: a1e56fd34408186e4bbccfd4996cb3dc -> 
  custom:framework-win-MediaFoundation: 216162199b28c13a410421893ffa2e32 -> 
  custom:CustomObjectIndexerAttribute: 9a22284fe3817be447336de3de66b15e -> 
  custom:container-demuxer-webm: 4f35f7cbe854078d1ac9338744f61a02 -> 
  custom:container-muxer-webm: aa71ff27fc2769a1b78a27578f13a17b -> 
  custom:video-decoder-webm-vp8: 9c59270c3fd7afecdb556c50c9e8de78 -> 
  custom:SearchIndexIgnoredProperties: e643bd26f0fe6173181afceb89e7c659 -> 
  custom:AudioImporter_EditorPlatform: d09bf68614088b80899f8185d706f6e7 -> 
  custom:video-encoder-webm-vp8: eb34c28f22e8b96e1ab97ce403110664 -> 
  custom:audio-decoder-ogg-vorbis: bf7c407c2cedff20999df2af8eb42d56 -> 
  custom:audio-encoder-webm-vorbis: bf7c407c2cedff20999df2af8eb42d56 -> 
========================================================================
Received Prepare
Caller must complete domain reload
Begin MonoManager ReloadAssembly
Symbol file data-000001DA17F2B020 doesn't match image C:\Users\asdf\Desktop\unity\ReactiveTurnBase\My project A\Library\ScriptAssemblies\Unity.EditorCoroutines.Editor.dll
Symbol file LoadedFromMemory is not a mono symbol file
Symbol file data-000001DA2314C010 doesn't match image C:\Users\asdf\Desktop\unity\ReactiveTurnBase\My project A\Library\ScriptAssemblies\UniTask.TextMeshPro.dll
Symbol file LoadedFromMemory is not a mono symbol file
Symbol file data-000001D9F4948F90 doesn't match image C:\Users\asdf\Desktop\unity\ReactiveTurnBase\My project A\Library\ScriptAssemblies\Unity.Timeline.Editor.dll
Symbol file LoadedFromMemory is not a mono symbol file
Symbol file data-000001D9F4EE2240 doesn't match image C:\Users\asdf\Desktop\unity\ReactiveTurnBase\My project A\Library\ScriptAssemblies\Unity.VisualScripting.Shared.Editor.dll
Symbol file LoadedFromMemory is not a mono symbol file
Symbol file data-000001DA2314F820 doesn't match image C:\Users\asdf\Desktop\unity\ReactiveTurnBase\My project A\Library\ScriptAssemblies\UniTask.DOTween.dll
Symbol file LoadedFromMemory is not a mono symbol file
Symbol file data-000001DA2314F820 doesn't match image C:\Users\asdf\Desktop\unity\ReactiveTurnBase\My project A\Library\ScriptAssemblies\UniTask.Addressables.dll
Symbol file LoadedFromMemory is not a mono symbol file
Symbol file data-000001DA23678940 doesn't match image C:\Users\asdf\Desktop\unity\ReactiveTurnBase\My project A\Library\ScriptAssemblies\UnityEditor.UI.dll
Symbol file LoadedFromMemory is not a mono symbol file
Symbol file data-000001D9F3F20080 doesn't match image C:\Users\asdf\Desktop\unity\ReactiveTurnBase\My project A\Library\ScriptAssemblies\Unity.VisualScripting.Core.dll
Symbol file LoadedFromMemory is not a mono symbol file
Symbol file data-000001DA1FEBE010 doesn't match image C:\Users\asdf\Desktop\unity\ReactiveTurnBase\My project A\Library\ScriptAssemblies\UnityEngine.UI.dll
Symbol file LoadedFromMemory is not a mono symbol file
Symbol file data-000001DA212B4350 doesn't match image C:\Users\asdf\Desktop\unity\ReactiveTurnBase\My project A\Library\ScriptAssemblies\UniTask.Editor.dll
Symbol file LoadedFromMemory is not a mono symbol file
Symbol file data-000001DA21191020 doesn't match image C:\Users\asdf\Desktop\unity\ReactiveTurnBase\My project A\Library\ScriptAssemblies\Unity.VisualScripting.Core.Editor.dll
Symbol file LoadedFromMemory is not a mono symbol file
Symbol file data-000001DA216077B0 doesn't match image C:\Users\asdf\Desktop\unity\ReactiveTurnBase\My project A\Library\ScriptAssemblies\UniTask.Linq.dll
Symbol file LoadedFromMemory is not a mono symbol file
Symbol file data-000001DA176D2010 doesn't match image C:\Users\asdf\Desktop\unity\ReactiveTurnBase\My project A\Library\ScriptAssemblies\Unity.VisualScripting.Flow.dll
Symbol file LoadedFromMemory is not a mono symbol file
Symbol file data-000001D9F3FB50E0 doesn't match image C:\Users\asdf\Desktop\unity\ReactiveTurnBase\My project A\Library\ScriptAssemblies\Unity.VisualScripting.Flow.Editor.dll
Symbol file LoadedFromMemory is not a mono symbol file
Symbol file data-000001DA16240070 doesn't match image C:\Users\asdf\Desktop\unity\ReactiveTurnBase\My project A\Library\ScriptAssemblies\Unity.Timeline.dll
Symbol file LoadedFromMemory is not a mono symbol file
Symbol file data-000001D9F40CB010 doesn't match image C:\Users\asdf\Desktop\unity\ReactiveTurnBase\My project A\Library\ScriptAssemblies\Unity.InputSystem.dll
Symbol file LoadedFromMemory is not a mono symbol file
Symbol file data-000001DA2314F820 doesn't match image C:\Users\asdf\Desktop\unity\ReactiveTurnBase\My project A\Library\ScriptAssemblies\Unity.InputSystem.ForUI.dll
Symbol file LoadedFromMemory is not a mono symbol file
Symbol file data-000001DA2386D010 doesn't match image C:\Users\asdf\Desktop\unity\ReactiveTurnBase\My project A\Library\ScriptAssemblies\Unity.TestTools.CodeCoverage.Editor.OpenCover.Mono.Reflection.dll
Symbol file LoadedFromMemory is not a mono symbol file
Symbol file data-000001D9F4537040 doesn't match image C:\Users\asdf\Desktop\unity\ReactiveTurnBase\My project A\Library\ScriptAssemblies\Unity.VisualScripting.SettingsProvider.Editor.dll
Symbol file LoadedFromMemory is not a mono symbol file
Symbol file data-000001D9F433BDD0 doesn't match image C:\Users\asdf\Desktop\unity\ReactiveTurnBase\My project A\Library\ScriptAssemblies\Unity.Performance.Profile-Analyzer.Editor.dll
Symbol file LoadedFromMemory is not a mono symbol file
Symbol file data-000001DA237A2070 doesn't match image C:\Users\asdf\Desktop\unity\ReactiveTurnBase\My project A\Library\ScriptAssemblies\Unity.TestTools.CodeCoverage.Editor.dll
Symbol file LoadedFromMemory is not a mono symbol file
Symbol file data-000001DA18653020 doesn't match image C:\Users\asdf\Desktop\unity\ReactiveTurnBase\My project A\Library\ScriptAssemblies\Unity.TestTools.CodeCoverage.Editor.OpenCover.Model.dll
Symbol file LoadedFromMemory is not a mono symbol file
Symbol file data-000001DA23678940 doesn't match image C:\Users\asdf\Desktop\unity\ReactiveTurnBase\My project A\Library\ScriptAssemblies\Unity.VisualScripting.State.Editor.dll
Symbol file LoadedFromMemory is not a mono symbol file
Symbol file data-000001DA210D5010 doesn't match image C:\Users\asdf\Desktop\unity\ReactiveTurnBase\My project A\Library\ScriptAssemblies\Unity.Settings.Editor.dll
Symbol file LoadedFromMemory is not a mono symbol file
Symbol file data-000001DA23871A20 doesn't match image C:\Users\asdf\Desktop\unity\ReactiveTurnBase\My project A\Library\ScriptAssemblies\Unity.CollabProxy.Editor.dll
Symbol file LoadedFromMemory is not a mono symbol file
Symbol file data-000001DA176D2010 doesn't match image C:\Users\asdf\Desktop\unity\ReactiveTurnBase\My project A\Library\ScriptAssemblies\Unity.TextMeshPro.dll
Symbol file LoadedFromMemory is not a mono symbol file
Symbol file data-000001DA2017E050 doesn't match image C:\Users\asdf\Desktop\unity\ReactiveTurnBase\My project A\Library\ScriptAssemblies\Unity.TextMeshPro.Editor.dll
Symbol file LoadedFromMemory is not a mono symbol file
Symbol file data-000001DA1641E030 doesn't match image C:\Users\asdf\Desktop\unity\ReactiveTurnBase\My project A\Library\ScriptAssemblies\UniTask.dll
Symbol file LoadedFromMemory is not a mono symbol file
Symbol file data-000001DA17032010 doesn't match image C:\Users\asdf\Desktop\unity\ReactiveTurnBase\My project A\Library\ScriptAssemblies\Unity.VisualScripting.State.dll
Symbol file LoadedFromMemory is not a mono symbol file
Symbol file data-000001DA17032010 doesn't match image C:\Users\asdf\Desktop\unity\ReactiveTurnBase\My project A\Library\ScriptAssemblies\Unity.VSCode.Editor.dll
Symbol file LoadedFromMemory is not a mono symbol file
- Loaded All Assemblies, in  0.428 seconds
Native extension for WindowsStandalone target not found
Native extension for Android target not found
Mono: successfully reloaded assembly
- Finished resetting the current domain, in  1.038 seconds
Domain Reload Profiling: 1464ms
	BeginReloadAssembly (135ms)
		ExecutionOrderSort (0ms)
		DisableScriptedObjects (6ms)
		BackupInstance (0ms)
		ReleaseScriptingObjects (0ms)
		CreateAndSetChildDomain (30ms)
	RebuildCommonClasses (25ms)
	RebuildNativeTypeToScriptingClass (11ms)
	initialDomainReloadingComplete (27ms)
	LoadAllAssembliesAndSetupDomain (229ms)
		LoadAssemblies (288ms)
		RebuildTransferFunctionScriptingTraits (0ms)
		AnalyzeDomain (13ms)
			TypeCache.Refresh (4ms)
				TypeCache.ScanAssembly (0ms)
			ScanForSourceGeneratedMonoScriptInfo (0ms)
			ResolveRequiredComponents (7ms)
	FinalizeReload (1038ms)
		ReleaseScriptCaches (0ms)
		RebuildScriptCaches (0ms)
		SetupLoadedEditorAssemblies (576ms)
			LogAssemblyErrors (0ms)
			InitializePlatformSupportModulesInManaged (16ms)
			SetLoadedEditorAssemblies (4ms)
			RefreshPlugins (0ms)
			BeforeProcessingInitializeOnLoad (91ms)
			ProcessInitializeOnLoadAttributes (422ms)
			ProcessInitializeOnLoadMethodAttributes (36ms)
			AfterProcessingInitializeOnLoad (7ms)
			EditorAssembliesLoaded (0ms)
		ExecutionOrderSort2 (0ms)
		AwakeInstancesAfterBackupRestoration (10ms)
Refreshing native plugins compatible for Editor in 5.04 ms, found 3 plugins.
Preloading 0 native plugins for Editor in 0.00 ms.
Unloading 3941 Unused Serialized files (Serialized files now loaded: 0)
Unloading 22 unused Assets / (32.9 KB). Loaded Objects now: 4505.
Memory consumption went from 225.8 MB to 225.7 MB.
Total: 5.800700 ms (FindLiveObjects: 0.636200 ms CreateObjectMapping: 0.438700 ms MarkObjects: 4.675400 ms  DeleteObjects: 0.048700 ms)

Prepare: number of updated asset objects reloaded= 0
AssetImportParameters requested are different than current active one (requested -> active):
  custom:container-demuxer-ogg: 62fdf1f143b41e24485cea50d1cbac27 -> 
  custom:video-decoder-ogg-theora: a1e56fd34408186e4bbccfd4996cb3dc -> 
  custom:framework-win-MediaFoundation: 216162199b28c13a410421893ffa2e32 -> 
  custom:CustomObjectIndexerAttribute: 9a22284fe3817be447336de3de66b15e -> 
  custom:container-demuxer-webm: 4f35f7cbe854078d1ac9338744f61a02 -> 
  custom:container-muxer-webm: aa71ff27fc2769a1b78a27578f13a17b -> 
  custom:video-decoder-webm-vp8: 9c59270c3fd7afecdb556c50c9e8de78 -> 
  custom:SearchIndexIgnoredProperties: e643bd26f0fe6173181afceb89e7c659 -> 
  custom:AudioImporter_EditorPlatform: d09bf68614088b80899f8185d706f6e7 -> 
  custom:video-encoder-webm-vp8: eb34c28f22e8b96e1ab97ce403110664 -> 
  custom:audio-decoder-ogg-vorbis: bf7c407c2cedff20999df2af8eb42d56 -> 
  custom:audio-encoder-webm-vorbis: bf7c407c2cedff20999df2af8eb42d56 -> 
========================================================================
Received Prepare
Caller must complete domain reload
Begin MonoManager ReloadAssembly
Symbol file data-000001DA16D3F240 doesn't match image C:\Users\asdf\Desktop\unity\ReactiveTurnBase\My project A\Library\ScriptAssemblies\Unity.EditorCoroutines.Editor.dll
Symbol file LoadedFromMemory is not a mono symbol file
Symbol file data-000001DA16F1C8C0 doesn't match image C:\Users\asdf\Desktop\unity\ReactiveTurnBase\My project A\Library\ScriptAssemblies\UniTask.TextMeshPro.dll
Symbol file LoadedFromMemory is not a mono symbol file
Symbol file data-000001D9F4948F90 doesn't match image C:\Users\asdf\Desktop\unity\ReactiveTurnBase\My project A\Library\ScriptAssemblies\Unity.Timeline.Editor.dll
Symbol file LoadedFromMemory is not a mono symbol file
Symbol file data-000001DA18193010 doesn't match image C:\Users\asdf\Desktop\unity\ReactiveTurnBase\My project A\Library\ScriptAssemblies\Unity.VisualScripting.Shared.Editor.dll
Symbol file LoadedFromMemory is not a mono symbol file
Symbol file data-000001DA16F200D0 doesn't match image C:\Users\asdf\Desktop\unity\ReactiveTurnBase\My project A\Library\ScriptAssemblies\UniTask.DOTween.dll
Symbol file LoadedFromMemory is not a mono symbol file
Symbol file data-000001DA16F200D0 doesn't match image C:\Users\asdf\Desktop\unity\ReactiveTurnBase\My project A\Library\ScriptAssemblies\UniTask.Addressables.dll
Symbol file LoadedFromMemory is not a mono symbol file
Symbol file data-000001DA21876010 doesn't match image C:\Users\asdf\Desktop\unity\ReactiveTurnBase\My project A\Library\ScriptAssemblies\UnityEditor.UI.dll
Symbol file LoadedFromMemory is not a mono symbol file
Symbol file data-000001DA16824030 doesn't match image C:\Users\asdf\Desktop\unity\ReactiveTurnBase\My project A\Library\ScriptAssemblies\Unity.VisualScripting.Core.dll
Symbol file LoadedFromMemory is not a mono symbol file
Symbol file data-000001DA16D4F260 doesn't match image C:\Users\asdf\Desktop\unity\ReactiveTurnBase\My project A\Library\ScriptAssemblies\UnityEngine.UI.dll
Symbol file LoadedFromMemory is not a mono symbol file
Symbol file data-000001DA17F2B020 doesn't match image C:\Users\asdf\Desktop\unity\ReactiveTurnBase\My project A\Library\ScriptAssemblies\UniTask.Editor.dll
Symbol file LoadedFromMemory is not a mono symbol file
Symbol file data-000001DA21191020 doesn't match image C:\Users\asdf\Desktop\unity\ReactiveTurnBase\My project A\Library\ScriptAssemblies\Unity.VisualScripting.Core.Editor.dll
Symbol file LoadedFromMemory is not a mono symbol file
Symbol file data-000001DA216077B0 doesn't match image C:\Users\asdf\Desktop\unity\ReactiveTurnBase\My project A\Library\ScriptAssemblies\UniTask.Linq.dll
Symbol file LoadedFromMemory is not a mono symbol file
Symbol file data-000001DA176D2010 doesn't match image C:\Users\asdf\Desktop\unity\ReactiveTurnBase\My project A\Library\ScriptAssemblies\Unity.VisualScripting.Flow.dll
Symbol file LoadedFromMemory is not a mono symbol file
Symbol file data-000001D9F3FB50E0 doesn't match image C:\Users\asdf\Desktop\unity\ReactiveTurnBase\My project A\Library\ScriptAssemblies\Unity.VisualScripting.Flow.Editor.dll
Symbol file LoadedFromMemory is not a mono symbol file
Symbol file data-000001D9F4C08060 doesn't match image C:\Users\asdf\Desktop\unity\ReactiveTurnBase\My project A\Library\ScriptAssemblies\Unity.Timeline.dll
Symbol file LoadedFromMemory is not a mono symbol file
Symbol file data-000001DA207AE020 doesn't match image C:\Users\asdf\Desktop\unity\ReactiveTurnBase\My project A\Library\ScriptAssemblies\Unity.InputSystem.dll
Symbol file LoadedFromMemory is not a mono symbol file
Symbol file data-000001DA16F200D0 doesn't match image C:\Users\asdf\Desktop\unity\ReactiveTurnBase\My project A\Library\ScriptAssemblies\Unity.InputSystem.ForUI.dll
Symbol file LoadedFromMemory is not a mono symbol file
Symbol file data-000001DA17050010 doesn't match image C:\Users\asdf\Desktop\unity\ReactiveTurnBase\My project A\Library\ScriptAssemblies\Unity.TestTools.CodeCoverage.Editor.OpenCover.Mono.Reflection.dll
Symbol file LoadedFromMemory is not a mono symbol file
Symbol file data-000001D9F4667510 doesn't match image C:\Users\asdf\Desktop\unity\ReactiveTurnBase\My project A\Library\ScriptAssemblies\Unity.VisualScripting.SettingsProvider.Editor.dll
Symbol file LoadedFromMemory is not a mono symbol file
Symbol file data-000001DA2109B050 doesn't match image C:\Users\asdf\Desktop\unity\ReactiveTurnBase\My project A\Library\ScriptAssemblies\Unity.Performance.Profile-Analyzer.Editor.dll
Symbol file LoadedFromMemory is not a mono symbol file
Symbol file data-000001DA237A2070 doesn't match image C:\Users\asdf\Desktop\unity\ReactiveTurnBase\My project A\Library\ScriptAssemblies\Unity.TestTools.CodeCoverage.Editor.dll
Symbol file LoadedFromMemory is not a mono symbol file
Symbol file data-000001DA210D5010 doesn't match image C:\Users\asdf\Desktop\unity\ReactiveTurnBase\My project A\Library\ScriptAssemblies\Unity.TestTools.CodeCoverage.Editor.OpenCover.Model.dll
Symbol file LoadedFromMemory is not a mono symbol file
Symbol file data-000001DA2391D010 doesn't match image C:\Users\asdf\Desktop\unity\ReactiveTurnBase\My project A\Library\ScriptAssemblies\Unity.VisualScripting.State.Editor.dll
Symbol file LoadedFromMemory is not a mono symbol file
Symbol file data-000001DA212B4350 doesn't match image C:\Users\asdf\Desktop\unity\ReactiveTurnBase\My project A\Library\ScriptAssemblies\Unity.Settings.Editor.dll
Symbol file LoadedFromMemory is not a mono symbol file
Symbol file data-000001DA210D5010 doesn't match image C:\Users\asdf\Desktop\unity\ReactiveTurnBase\My project A\Library\ScriptAssemblies\Unity.CollabProxy.Editor.dll
Symbol file LoadedFromMemory is not a mono symbol file
Symbol file data-000001DA176D2010 doesn't match image C:\Users\asdf\Desktop\unity\ReactiveTurnBase\My project A\Library\ScriptAssemblies\Unity.TextMeshPro.dll
Symbol file LoadedFromMemory is not a mono symbol file
Symbol file data-000001DA16F00030 doesn't match image C:\Users\asdf\Desktop\unity\ReactiveTurnBase\My project A\Library\ScriptAssemblies\Unity.TextMeshPro.Editor.dll
Symbol file LoadedFromMemory is not a mono symbol file
Symbol file data-000001DA2156D010 doesn't match image C:\Users\asdf\Desktop\unity\ReactiveTurnBase\My project A\Library\ScriptAssemblies\UniTask.dll
Symbol file LoadedFromMemory is not a mono symbol file
Symbol file data-000001DA2189BB50 doesn't match image C:\Users\asdf\Desktop\unity\ReactiveTurnBase\My project A\Library\ScriptAssemblies\Unity.VisualScripting.State.dll
Symbol file LoadedFromMemory is not a mono symbol file
Symbol file data-000001DA2189BB50 doesn't match image C:\Users\asdf\Desktop\unity\ReactiveTurnBase\My project A\Library\ScriptAssemblies\Unity.VSCode.Editor.dll
Symbol file LoadedFromMemory is not a mono symbol file
- Loaded All Assemblies, in  0.435 seconds
Native extension for WindowsStandalone target not found
Native extension for Android target not found
Mono: successfully reloaded assembly
- Finished resetting the current domain, in  1.059 seconds
Domain Reload Profiling: 1492ms
	BeginReloadAssembly (140ms)
		ExecutionOrderSort (0ms)
		DisableScriptedObjects (6ms)
		BackupInstance (0ms)
		ReleaseScriptingObjects (0ms)
		CreateAndSetChildDomain (30ms)
	RebuildCommonClasses (24ms)
	RebuildNativeTypeToScriptingClass (14ms)
	initialDomainReloadingComplete (27ms)
	LoadAllAssembliesAndSetupDomain (227ms)
		LoadAssemblies (290ms)
		RebuildTransferFunctionScriptingTraits (0ms)
		AnalyzeDomain (13ms)
			TypeCache.Refresh (4ms)
				TypeCache.ScanAssembly (0ms)
			ScanForSourceGeneratedMonoScriptInfo (0ms)
			ResolveRequiredComponents (7ms)
	FinalizeReload (1060ms)
		ReleaseScriptCaches (0ms)
		RebuildScriptCaches (0ms)
		SetupLoadedEditorAssemblies (613ms)
			LogAssemblyErrors (0ms)
			InitializePlatformSupportModulesInManaged (17ms)
			SetLoadedEditorAssemblies (4ms)
			RefreshPlugins (0ms)
			BeforeProcessingInitializeOnLoad (97ms)
			ProcessInitializeOnLoadAttributes (450ms)
			ProcessInitializeOnLoadMethodAttributes (37ms)
			AfterProcessingInitializeOnLoad (8ms)
			EditorAssembliesLoaded (0ms)
		ExecutionOrderSort2 (0ms)
		AwakeInstancesAfterBackupRestoration (12ms)
Refreshing native plugins compatible for Editor in 4.44 ms, found 3 plugins.
Preloading 0 native plugins for Editor in 0.00 ms.
Unloading 3941 Unused Serialized files (Serialized files now loaded: 0)
Unloading 22 unused Assets / (32.8 KB). Loaded Objects now: 4508.
Memory consumption went from 225.8 MB to 225.7 MB.
Total: 4.141500 ms (FindLiveObjects: 0.324800 ms CreateObjectMapping: 0.260400 ms MarkObjects: 3.443600 ms  DeleteObjects: 0.111900 ms)

Prepare: number of updated asset objects reloaded= 0
AssetImportParameters requested are different than current active one (requested -> active):
  custom:container-demuxer-ogg: 62fdf1f143b41e24485cea50d1cbac27 -> 
  custom:video-decoder-ogg-theora: a1e56fd34408186e4bbccfd4996cb3dc -> 
  custom:framework-win-MediaFoundation: 216162199b28c13a410421893ffa2e32 -> 
  custom:CustomObjectIndexerAttribute: 9a22284fe3817be447336de3de66b15e -> 
  custom:container-demuxer-webm: 4f35f7cbe854078d1ac9338744f61a02 -> 
  custom:container-muxer-webm: aa71ff27fc2769a1b78a27578f13a17b -> 
  custom:video-decoder-webm-vp8: 9c59270c3fd7afecdb556c50c9e8de78 -> 
  custom:SearchIndexIgnoredProperties: e643bd26f0fe6173181afceb89e7c659 -> 
  custom:AudioImporter_EditorPlatform: d09bf68614088b80899f8185d706f6e7 -> 
  custom:video-encoder-webm-vp8: eb34c28f22e8b96e1ab97ce403110664 -> 
  custom:audio-decoder-ogg-vorbis: bf7c407c2cedff20999df2af8eb42d56 -> 
  custom:audio-encoder-webm-vorbis: bf7c407c2cedff20999df2af8eb42d56 -> 
========================================================================
Received Import Request.
  Time since last request: 242.049452 seconds.
  path: Assets/3.Script/UI/GroggyBar.cs
  artifactKey: Guid(49f96174fc620254eab2b99685564b85) Importer(815301076,1909f56bfc062723c751e8b465ee728b)
Start importing Assets/3.Script/UI/GroggyBar.cs using Guid(49f96174fc620254eab2b99685564b85) Importer(815301076,1909f56bfc062723c751e8b465ee728b) [PhysX] Initialized MultithreadedTaskDispatcher with 12 workers.
 -> (artifact id: '7fb555fdca36e2d097a1a032be427eb9') in 0.001624 seconds
Number of updated asset objects reloaded before import = 0
Number of asset objects unloaded after import = 0
========================================================================
Received Prepare
Caller must complete domain reload
Begin MonoManager ReloadAssembly
Symbol file data-000001D9F491E990 doesn't match image C:\Users\asdf\Desktop\unity\ReactiveTurnBase\My project A\Library\ScriptAssemblies\Unity.EditorCoroutines.Editor.dll
Symbol file LoadedFromMemory is not a mono symbol file
Symbol file data-000001DA202C2040 doesn't match image C:\Users\asdf\Desktop\unity\ReactiveTurnBase\My project A\Library\ScriptAssemblies\UniTask.TextMeshPro.dll
Symbol file LoadedFromMemory is not a mono symbol file
Symbol file data-000001D9F4948F90 doesn't match image C:\Users\asdf\Desktop\unity\ReactiveTurnBase\My project A\Library\ScriptAssemblies\Unity.Timeline.Editor.dll
Symbol file LoadedFromMemory is not a mono symbol file
Symbol file data-000001D867E02B50 doesn't match image C:\Users\asdf\Desktop\unity\ReactiveTurnBase\My project A\Library\ScriptAssemblies\Unity.VisualScripting.Shared.Editor.dll
Symbol file LoadedFromMemory is not a mono symbol file
Symbol file data-000001DA202C5850 doesn't match image C:\Users\asdf\Desktop\unity\ReactiveTurnBase\My project A\Library\ScriptAssemblies\UniTask.DOTween.dll
Symbol file LoadedFromMemory is not a mono symbol file
Symbol file data-000001DA202C5850 doesn't match image C:\Users\asdf\Desktop\unity\ReactiveTurnBase\My project A\Library\ScriptAssemblies\UniTask.Addressables.dll
Symbol file LoadedFromMemory is not a mono symbol file
Symbol file data-000001DA21876010 doesn't match image C:\Users\asdf\Desktop\unity\ReactiveTurnBase\My project A\Library\ScriptAssemblies\UnityEditor.UI.dll
Symbol file LoadedFromMemory is not a mono symbol file
Symbol file data-000001D9F3F20080 doesn't match image C:\Users\asdf\Desktop\unity\ReactiveTurnBase\My project A\Library\ScriptAssemblies\Unity.VisualScripting.Core.dll
Symbol file LoadedFromMemory is not a mono symbol file
Symbol file data-000001DA2334B010 doesn't match image C:\Users\asdf\Desktop\unity\ReactiveTurnBase\My project A\Library\ScriptAssemblies\UnityEngine.UI.dll
Symbol file LoadedFromMemory is not a mono symbol file
Symbol file data-000001DA2154B020 doesn't match image C:\Users\asdf\Desktop\unity\ReactiveTurnBase\My project A\Library\ScriptAssemblies\UniTask.Editor.dll
Symbol file LoadedFromMemory is not a mono symbol file
Symbol file data-000001DA21191020 doesn't match image C:\Users\asdf\Desktop\unity\ReactiveTurnBase\My project A\Library\ScriptAssemblies\Unity.VisualScripting.Core.Editor.dll
Symbol file LoadedFromMemory is not a mono symbol file
Symbol file data-000001DA216077B0 doesn't match image C:\Users\asdf\Desktop\unity\ReactiveTurnBase\My project A\Library\ScriptAssemblies\UniTask.Linq.dll
Symbol file LoadedFromMemory is not a mono symbol file
Symbol file data-000001D9F4197C40 doesn't match image C:\Users\asdf\Desktop\unity\ReactiveTurnBase\My project A\Library\ScriptAssemblies\Unity.VisualScripting.Flow.dll
Symbol file LoadedFromMemory is not a mono symbol file
Symbol file data-000001D9F3FB50E0 doesn't match image C:\Users\asdf\Desktop\unity\ReactiveTurnBase\My project A\Library\ScriptAssemblies\Unity.VisualScripting.Flow.Editor.dll
Symbol file LoadedFromMemory is not a mono symbol file
Symbol file data-000001D9F2F265B0 doesn't match image C:\Users\asdf\Desktop\unity\ReactiveTurnBase\My project A\Library\ScriptAssemblies\Unity.Timeline.dll
Symbol file LoadedFromMemory is not a mono symbol file
Symbol file data-000001DA184FD010 doesn't match image C:\Users\asdf\Desktop\unity\ReactiveTurnBase\My project A\Library\ScriptAssemblies\Unity.InputSystem.dll
Symbol file LoadedFromMemory is not a mono symbol file
Symbol file data-000001DA202C5850 doesn't match image C:\Users\asdf\Desktop\unity\ReactiveTurnBase\My project A\Library\ScriptAssemblies\Unity.InputSystem.ForUI.dll
Symbol file LoadedFromMemory is not a mono symbol file
Symbol file data-000001DA18193010 doesn't match image C:\Users\asdf\Desktop\unity\ReactiveTurnBase\My project A\Library\ScriptAssemblies\Unity.TestTools.CodeCoverage.Editor.OpenCover.Mono.Reflection.dll
Symbol file LoadedFromMemory is not a mono symbol file
Symbol file data-000001DA2098E020 doesn't match image C:\Users\asdf\Desktop\unity\ReactiveTurnBase\My project A\Library\ScriptAssemblies\Unity.VisualScripting.SettingsProvider.Editor.dll
Symbol file LoadedFromMemory is not a mono symbol file
Symbol file data-000001DA16D8C690 doesn't match image C:\Users\asdf\Desktop\unity\ReactiveTurnBase\My project A\Library\ScriptAssemblies\Unity.Performance.Profile-Analyzer.Editor.dll
Symbol file LoadedFromMemory is not a mono symbol file
Symbol file data-000001D9F4C57070 doesn't match image C:\Users\asdf\Desktop\unity\ReactiveTurnBase\My project A\Library\ScriptAssemblies\Unity.TestTools.CodeCoverage.Editor.dll
Symbol file LoadedFromMemory is not a mono symbol file
Symbol file data-000001DA17D1B020 doesn't match image C:\Users\asdf\Desktop\unity\ReactiveTurnBase\My project A\Library\ScriptAssemblies\Unity.TestTools.CodeCoverage.Editor.OpenCover.Model.dll
Symbol file LoadedFromMemory is not a mono symbol file
Symbol file data-000001DA21876010 doesn't match image C:\Users\asdf\Desktop\unity\ReactiveTurnBase\My project A\Library\ScriptAssemblies\Unity.VisualScripting.State.Editor.dll
Symbol file LoadedFromMemory is not a mono symbol file
Symbol file data-000001DA212B4350 doesn't match image C:\Users\asdf\Desktop\unity\ReactiveTurnBase\My project A\Library\ScriptAssemblies\Unity.Settings.Editor.dll
Symbol file LoadedFromMemory is not a mono symbol file
Symbol file data-000001DA17D1B020 doesn't match image C:\Users\asdf\Desktop\unity\ReactiveTurnBase\My project A\Library\ScriptAssemblies\Unity.CollabProxy.Editor.dll
Symbol file LoadedFromMemory is not a mono symbol file
Symbol file data-000001DA176D2010 doesn't match image C:\Users\asdf\Desktop\unity\ReactiveTurnBase\My project A\Library\ScriptAssemblies\Unity.TextMeshPro.dll
Symbol file LoadedFromMemory is not a mono symbol file
Symbol file data-000001D9F461E010 doesn't match image C:\Users\asdf\Desktop\unity\ReactiveTurnBase\My project A\Library\ScriptAssemblies\Unity.TextMeshPro.Editor.dll
Symbol file LoadedFromMemory is not a mono symbol file
Symbol file data-000001DA2156D010 doesn't match image C:\Users\asdf\Desktop\unity\ReactiveTurnBase\My project A\Library\ScriptAssemblies\UniTask.dll
Symbol file LoadedFromMemory is not a mono symbol file
Symbol file data-000001DA17D1B020 doesn't match image C:\Users\asdf\Desktop\unity\ReactiveTurnBase\My project A\Library\ScriptAssemblies\Unity.VisualScripting.State.dll
Symbol file LoadedFromMemory is not a mono symbol file
Symbol file data-000001DA17D1B020 doesn't match image C:\Users\asdf\Desktop\unity\ReactiveTurnBase\My project A\Library\ScriptAssemblies\Unity.VSCode.Editor.dll
Symbol file LoadedFromMemory is not a mono symbol file
- Loaded All Assemblies, in  0.510 seconds
Native extension for WindowsStandalone target not found
Native extension for Android target not found
Mono: successfully reloaded assembly
- Finished resetting the current domain, in  0.945 seconds
Domain Reload Profiling: 1452ms
	BeginReloadAssembly (147ms)
		ExecutionOrderSort (0ms)
		DisableScriptedObjects (6ms)
		BackupInstance (0ms)
		ReleaseScriptingObjects (0ms)
		CreateAndSetChildDomain (31ms)
	RebuildCommonClasses (30ms)
	RebuildNativeTypeToScriptingClass (8ms)
	initialDomainReloadingComplete (28ms)
	LoadAllAssembliesAndSetupDomain (294ms)
		LoadAssemblies (345ms)
		RebuildTransferFunctionScriptingTraits (0ms)
		AnalyzeDomain (30ms)
			TypeCache.Refresh (10ms)
				TypeCache.ScanAssembly (3ms)
			ScanForSourceGeneratedMonoScriptInfo (12ms)
			ResolveRequiredComponents (7ms)
	FinalizeReload (945ms)
		ReleaseScriptCaches (0ms)
		RebuildScriptCaches (0ms)
		SetupLoadedEditorAssemblies (468ms)
			LogAssemblyErrors (0ms)
			InitializePlatformSupportModulesInManaged (16ms)
			SetLoadedEditorAssemblies (4ms)
			RefreshPlugins (0ms)
			BeforeProcessingInitializeOnLoad (87ms)
			ProcessInitializeOnLoadAttributes (328ms)
			ProcessInitializeOnLoadMethodAttributes (27ms)
			AfterProcessingInitializeOnLoad (6ms)
			EditorAssembliesLoaded (0ms)
		ExecutionOrderSort2 (0ms)
		AwakeInstancesAfterBackupRestoration (5ms)
Refreshing native plugins compatible for Editor in 4.31 ms, found 3 plugins.
Preloading 0 native plugins for Editor in 0.00 ms.
Unloading 3940 Unused Serialized files (Serialized files now loaded: 0)
Unloading 22 unused Assets / (32.8 KB). Loaded Objects now: 4511.
Memory consumption went from 225.5 MB to 225.5 MB.
Total: 3.380900 ms (FindLiveObjects: 0.279600 ms CreateObjectMapping: 0.229200 ms MarkObjects: 2.823400 ms  DeleteObjects: 0.047700 ms)

Prepare: number of updated asset objects reloaded= 0
AssetImportParameters requested are different than current active one (requested -> active):
  custom:container-demuxer-ogg: 62fdf1f143b41e24485cea50d1cbac27 -> 
  custom:video-decoder-ogg-theora: a1e56fd34408186e4bbccfd4996cb3dc -> 
  custom:framework-win-MediaFoundation: 216162199b28c13a410421893ffa2e32 -> 
  custom:CustomObjectIndexerAttribute: 9a22284fe3817be447336de3de66b15e -> 
  custom:container-demuxer-webm: 4f35f7cbe854078d1ac9338744f61a02 -> 
  custom:container-muxer-webm: aa71ff27fc2769a1b78a27578f13a17b -> 
  custom:video-decoder-webm-vp8: 9c59270c3fd7afecdb556c50c9e8de78 -> 
  custom:SearchIndexIgnoredProperties: e643bd26f0fe6173181afceb89e7c659 -> 
  custom:AudioImporter_EditorPlatform: d09bf68614088b80899f8185d706f6e7 -> 
  custom:video-encoder-webm-vp8: eb34c28f22e8b96e1ab97ce403110664 -> 
  custom:audio-decoder-ogg-vorbis: bf7c407c2cedff20999df2af8eb42d56 -> 
  custom:audio-encoder-webm-vorbis: bf7c407c2cedff20999df2af8eb42d56 -> 
========================================================================
Received Prepare
Caller must complete domain reload
Begin MonoManager ReloadAssembly
Symbol file data-000001D9F4054750 doesn't match image C:\Users\asdf\Desktop\unity\ReactiveTurnBase\My project A\Library\ScriptAssemblies\Unity.EditorCoroutines.Editor.dll
Symbol file LoadedFromMemory is not a mono symbol file
Symbol file data-000001DA202C2040 doesn't match image C:\Users\asdf\Desktop\unity\ReactiveTurnBase\My project A\Library\ScriptAssemblies\UniTask.TextMeshPro.dll
Symbol file LoadedFromMemory is not a mono symbol file
Symbol file data-000001D9F4948F90 doesn't match image C:\Users\asdf\Desktop\unity\ReactiveTurnBase\My project A\Library\ScriptAssemblies\Unity.Timeline.Editor.dll
Symbol file LoadedFromMemory is not a mono symbol file
Symbol file data-000001D867E02B50 doesn't match image C:\Users\asdf\Desktop\unity\ReactiveTurnBase\My project A\Library\ScriptAssemblies\Unity.VisualScripting.Shared.Editor.dll
Symbol file LoadedFromMemory is not a mono symbol file
Symbol file data-000001DA202C5850 doesn't match image C:\Users\asdf\Desktop\unity\ReactiveTurnBase\My project A\Library\ScriptAssemblies\UniTask.DOTween.dll
Symbol file LoadedFromMemory is not a mono symbol file
Symbol file data-000001DA202C5850 doesn't match image C:\Users\asdf\Desktop\unity\ReactiveTurnBase\My project A\Library\ScriptAssemblies\UniTask.Addressables.dll
Symbol file LoadedFromMemory is not a mono symbol file
Symbol file data-000001DA21876010 doesn't match image C:\Users\asdf\Desktop\unity\ReactiveTurnBase\My project A\Library\ScriptAssemblies\UnityEditor.UI.dll
Symbol file LoadedFromMemory is not a mono symbol file
Symbol file data-000001D9F3F20080 doesn't match image C:\Users\asdf\Desktop\unity\ReactiveTurnBase\My project A\Library\ScriptAssemblies\Unity.VisualScripting.Core.dll
Symbol file LoadedFromMemory is not a mono symbol file
Symbol file data-000001DA2334B010 doesn't match image C:\Users\asdf\Desktop\unity\ReactiveTurnBase\My project A\Library\ScriptAssemblies\UnityEngine.UI.dll
Symbol file LoadedFromMemory is not a mono symbol file
Symbol file data-000001DA237F9030 doesn't match image C:\Users\asdf\Desktop\unity\ReactiveTurnBase\My project A\Library\ScriptAssemblies\UniTask.Editor.dll
Symbol file LoadedFromMemory is not a mono symbol file
Symbol file data-000001DA21191020 doesn't match image C:\Users\asdf\Desktop\unity\ReactiveTurnBase\My project A\Library\ScriptAssemblies\Unity.VisualScripting.Core.Editor.dll
Symbol file LoadedFromMemory is not a mono symbol file
Symbol file data-000001DA216077B0 doesn't match image C:\Users\asdf\Desktop\unity\ReactiveTurnBase\My project A\Library\ScriptAssemblies\UniTask.Linq.dll
Symbol file LoadedFromMemory is not a mono symbol file
Symbol file data-000001DA2112B070 doesn't match image C:\Users\asdf\Desktop\unity\ReactiveTurnBase\My project A\Library\ScriptAssemblies\Unity.VisualScripting.Flow.dll
Symbol file LoadedFromMemory is not a mono symbol file
Symbol file data-000001DA2109B050 doesn't match image C:\Users\asdf\Desktop\unity\ReactiveTurnBase\My project A\Library\ScriptAssemblies\Unity.VisualScripting.Flow.Editor.dll
Symbol file LoadedFromMemory is not a mono symbol file
Symbol file data-000001D9F2F265B0 doesn't match image C:\Users\asdf\Desktop\unity\ReactiveTurnBase\My project A\Library\ScriptAssemblies\Unity.Timeline.dll
Symbol file LoadedFromMemory is not a mono symbol file
Symbol file data-000001DA20348020 doesn't match image C:\Users\asdf\Desktop\unity\ReactiveTurnBase\My project A\Library\ScriptAssemblies\Unity.InputSystem.dll
Symbol file LoadedFromMemory is not a mono symbol file
Symbol file data-000001DA202C5850 doesn't match image C:\Users\asdf\Desktop\unity\ReactiveTurnBase\My project A\Library\ScriptAssemblies\Unity.InputSystem.ForUI.dll
Symbol file LoadedFromMemory is not a mono symbol file
Symbol file data-000001DA237F9030 doesn't match image C:\Users\asdf\Desktop\unity\ReactiveTurnBase\My project A\Library\ScriptAssemblies\Unity.TestTools.CodeCoverage.Editor.OpenCover.Mono.Reflection.dll
Symbol file LoadedFromMemory is not a mono symbol file
Symbol file data-000001DA23331030 doesn't match image C:\Users\asdf\Desktop\unity\ReactiveTurnBase\My project A\Library\ScriptAssemblies\Unity.VisualScripting.SettingsProvider.Editor.dll
Symbol file LoadedFromMemory is not a mono symbol file
Symbol file data-000001DA16D8C690 doesn't match image C:\Users\asdf\Desktop\unity\ReactiveTurnBase\My project A\Library\ScriptAssemblies\Unity.Performance.Profile-Analyzer.Editor.dll
Symbol file LoadedFromMemory is not a mono symbol file
Symbol file data-000001D9F4C57070 doesn't match image C:\Users\asdf\Desktop\unity\ReactiveTurnBase\My project A\Library\ScriptAssemblies\Unity.TestTools.CodeCoverage.Editor.dll
Symbol file LoadedFromMemory is not a mono symbol file
Symbol file data-000001DA2314C010 doesn't match image C:\Users\asdf\Desktop\unity\ReactiveTurnBase\My project A\Library\ScriptAssemblies\Unity.TestTools.CodeCoverage.Editor.OpenCover.Model.dll
Symbol file LoadedFromMemory is not a mono symbol file
Symbol file data-000001DA16AD3030 doesn't match image C:\Users\asdf\Desktop\unity\ReactiveTurnBase\My project A\Library\ScriptAssemblies\Unity.VisualScripting.State.Editor.dll
Symbol file LoadedFromMemory is not a mono symbol file
Symbol file data-000001DA212B4350 doesn't match image C:\Users\asdf\Desktop\unity\ReactiveTurnBase\My project A\Library\ScriptAssemblies\Unity.Settings.Editor.dll
Symbol file LoadedFromMemory is not a mono symbol file
Symbol file data-000001DA2314C010 doesn't match image C:\Users\asdf\Desktop\unity\ReactiveTurnBase\My project A\Library\ScriptAssemblies\Unity.CollabProxy.Editor.dll
Symbol file LoadedFromMemory is not a mono symbol file
Symbol file data-000001DA176D2010 doesn't match image C:\Users\asdf\Desktop\unity\ReactiveTurnBase\My project A\Library\ScriptAssemblies\Unity.TextMeshPro.dll
Symbol file LoadedFromMemory is not a mono symbol file
Symbol file data-000001DA206AA010 doesn't match image C:\Users\asdf\Desktop\unity\ReactiveTurnBase\My project A\Library\ScriptAssemblies\Unity.TextMeshPro.Editor.dll
Symbol file LoadedFromMemory is not a mono symbol file
Symbol file data-000001DA2156D010 doesn't match image C:\Users\asdf\Desktop\unity\ReactiveTurnBase\My project A\Library\ScriptAssemblies\UniTask.dll
Symbol file LoadedFromMemory is not a mono symbol file
Symbol file data-000001DA2314C010 doesn't match image C:\Users\asdf\Desktop\unity\ReactiveTurnBase\My project A\Library\ScriptAssemblies\Unity.VisualScripting.State.dll
Symbol file LoadedFromMemory is not a mono symbol file
Symbol file data-000001DA2314C010 doesn't match image C:\Users\asdf\Desktop\unity\ReactiveTurnBase\My project A\Library\ScriptAssemblies\Unity.VSCode.Editor.dll
Symbol file LoadedFromMemory is not a mono symbol file
- Loaded All Assemblies, in  0.459 seconds
Native extension for WindowsStandalone target not found
Native extension for Android target not found
Mono: successfully reloaded assembly
- Finished resetting the current domain, in  0.941 seconds
Domain Reload Profiling: 1397ms
	BeginReloadAssembly (143ms)
		ExecutionOrderSort (0ms)
		DisableScriptedObjects (5ms)
		BackupInstance (0ms)
		ReleaseScriptingObjects (0ms)
		CreateAndSetChildDomain (31ms)
	RebuildCommonClasses (27ms)
	RebuildNativeTypeToScriptingClass (9ms)
	initialDomainReloadingComplete (27ms)
	LoadAllAssembliesAndSetupDomain (250ms)
		LoadAssemblies (298ms)
		RebuildTransferFunctionScriptingTraits (0ms)
		AnalyzeDomain (29ms)
			TypeCache.Refresh (10ms)
				TypeCache.ScanAssembly (2ms)
			ScanForSourceGeneratedMonoScriptInfo (11ms)
			ResolveRequiredComponents (6ms)
	FinalizeReload (941ms)
		ReleaseScriptCaches (0ms)
		RebuildScriptCaches (0ms)
		SetupLoadedEditorAssemblies (497ms)
			LogAssemblyErrors (0ms)
			InitializePlatformSupportModulesInManaged (16ms)
			SetLoadedEditorAssemblies (4ms)
			RefreshPlugins (0ms)
			BeforeProcessingInitializeOnLoad (100ms)
			ProcessInitializeOnLoadAttributes (344ms)
			ProcessInitializeOnLoadMethodAttributes (27ms)
			AfterProcessingInitializeOnLoad (6ms)
			EditorAssembliesLoaded (0ms)
		ExecutionOrderSort2 (0ms)
		AwakeInstancesAfterBackupRestoration (5ms)
Refreshing native plugins compatible for Editor in 7.79 ms, found 3 plugins.
Preloading 0 native plugins for Editor in 0.00 ms.
Unloading 3941 Unused Serialized files (Serialized files now loaded: 0)
Unloading 22 unused Assets / (32.9 KB). Loaded Objects now: 4514.
Memory consumption went from 225.8 MB to 225.7 MB.
Total: 3.609400 ms (FindLiveObjects: 0.252000 ms CreateObjectMapping: 0.107300 ms MarkObjects: 3.197500 ms  DeleteObjects: 0.051900 ms)

Prepare: number of updated asset objects reloaded= 0
AssetImportParameters requested are different than current active one (requested -> active):
  custom:container-demuxer-ogg: 62fdf1f143b41e24485cea50d1cbac27 -> 
  custom:video-decoder-ogg-theora: a1e56fd34408186e4bbccfd4996cb3dc -> 
  custom:framework-win-MediaFoundation: 216162199b28c13a410421893ffa2e32 -> 
  custom:CustomObjectIndexerAttribute: 9a22284fe3817be447336de3de66b15e -> 
  custom:container-demuxer-webm: 4f35f7cbe854078d1ac9338744f61a02 -> 
  custom:container-muxer-webm: aa71ff27fc2769a1b78a27578f13a17b -> 
  custom:video-decoder-webm-vp8: 9c59270c3fd7afecdb556c50c9e8de78 -> 
  custom:SearchIndexIgnoredProperties: e643bd26f0fe6173181afceb89e7c659 -> 
  custom:AudioImporter_EditorPlatform: d09bf68614088b80899f8185d706f6e7 -> 
  custom:video-encoder-webm-vp8: eb34c28f22e8b96e1ab97ce403110664 -> 
  custom:audio-decoder-ogg-vorbis: bf7c407c2cedff20999df2af8eb42d56 -> 
  custom:audio-encoder-webm-vorbis: bf7c407c2cedff20999df2af8eb42d56 -> 
========================================================================
Received Prepare
Caller must complete domain reload
Begin MonoManager ReloadAssembly
Symbol file data-000001D9F491E990 doesn't match image C:\Users\asdf\Desktop\unity\ReactiveTurnBase\My project A\Library\ScriptAssemblies\Unity.EditorCoroutines.Editor.dll
Symbol file LoadedFromMemory is not a mono symbol file
Symbol file data-000001DA21307030 doesn't match image C:\Users\asdf\Desktop\unity\ReactiveTurnBase\My project A\Library\ScriptAssemblies\UniTask.TextMeshPro.dll
Symbol file LoadedFromMemory is not a mono symbol file
Symbol file data-000001D9F4948F90 doesn't match image C:\Users\asdf\Desktop\unity\ReactiveTurnBase\My project A\Library\ScriptAssemblies\Unity.Timeline.Editor.dll
Symbol file LoadedFromMemory is not a mono symbol file
Symbol file data-000001DA21307030 doesn't match image C:\Users\asdf\Desktop\unity\ReactiveTurnBase\My project A\Library\ScriptAssemblies\Unity.VisualScripting.Shared.Editor.dll
Symbol file LoadedFromMemory is not a mono symbol file
Symbol file data-000001DA21307030 doesn't match image C:\Users\asdf\Desktop\unity\ReactiveTurnBase\My project A\Library\ScriptAssemblies\UniTask.DOTween.dll
Symbol file LoadedFromMemory is not a mono symbol file
Symbol file data-000001DA21307030 doesn't match image C:\Users\asdf\Desktop\unity\ReactiveTurnBase\My project A\Library\ScriptAssemblies\UniTask.Addressables.dll
Symbol file LoadedFromMemory is not a mono symbol file
Symbol file data-000001DA233ED020 doesn't match image C:\Users\asdf\Desktop\unity\ReactiveTurnBase\My project A\Library\ScriptAssemblies\UnityEditor.UI.dll
Symbol file LoadedFromMemory is not a mono symbol file
Symbol file data-000001D9F3F20080 doesn't match image C:\Users\asdf\Desktop\unity\ReactiveTurnBase\My project A\Library\ScriptAssemblies\Unity.VisualScripting.Core.dll
Symbol file LoadedFromMemory is not a mono symbol file
Symbol file data-000001DA2334B010 doesn't match image C:\Users\asdf\Desktop\unity\ReactiveTurnBase\My project A\Library\ScriptAssemblies\UnityEngine.UI.dll
Symbol file LoadedFromMemory is not a mono symbol file
Symbol file data-000001D867E02B50 doesn't match image C:\Users\asdf\Desktop\unity\ReactiveTurnBase\My project A\Library\ScriptAssemblies\UniTask.Editor.dll
Symbol file LoadedFromMemory is not a mono symbol file
Symbol file data-000001DA16D3F240 doesn't match image C:\Users\asdf\Desktop\unity\ReactiveTurnBase\My project A\Library\ScriptAssemblies\Unity.VisualScripting.Core.Editor.dll
Symbol file LoadedFromMemory is not a mono symbol file
Symbol file data-000001DA216077B0 doesn't match image C:\Users\asdf\Desktop\unity\ReactiveTurnBase\My project A\Library\ScriptAssemblies\UniTask.Linq.dll
Symbol file LoadedFromMemory is not a mono symbol file
Symbol file data-000001DA176D2010 doesn't match image C:\Users\asdf\Desktop\unity\ReactiveTurnBase\My project A\Library\ScriptAssemblies\Unity.VisualScripting.Flow.dll
Symbol file LoadedFromMemory is not a mono symbol file
Symbol file data-000001D9F3FB50E0 doesn't match image C:\Users\asdf\Desktop\unity\ReactiveTurnBase\My project A\Library\ScriptAssemblies\Unity.VisualScripting.Flow.Editor.dll
Symbol file LoadedFromMemory is not a mono symbol file
Symbol file data-000001D9F2F265B0 doesn't match image C:\Users\asdf\Desktop\unity\ReactiveTurnBase\My project A\Library\ScriptAssemblies\Unity.Timeline.dll
Symbol file LoadedFromMemory is not a mono symbol file
Symbol file data-000001DA1FFFE020 doesn't match image C:\Users\asdf\Desktop\unity\ReactiveTurnBase\My project A\Library\ScriptAssemblies\Unity.InputSystem.dll
Symbol file LoadedFromMemory is not a mono symbol file
Symbol file data-000001D867E02B50 doesn't match image C:\Users\asdf\Desktop\unity\ReactiveTurnBase\My project A\Library\ScriptAssemblies\Unity.InputSystem.ForUI.dll
Symbol file LoadedFromMemory is not a mono symbol file
Symbol file data-000001D867E02B50 doesn't match image C:\Users\asdf\Desktop\unity\ReactiveTurnBase\My project A\Library\ScriptAssemblies\Unity.TestTools.CodeCoverage.Editor.OpenCover.Mono.Reflection.dll
Symbol file LoadedFromMemory is not a mono symbol file
Symbol file data-000001DA2024A010 doesn't match image C:\Users\asdf\Desktop\unity\ReactiveTurnBase\My project A\Library\ScriptAssemblies\Unity.VisualScripting.SettingsProvider.Editor.dll
Symbol file LoadedFromMemory is not a mono symbol file
Symbol file data-000001D9F433BDD0 doesn't match image C:\Users\asdf\Desktop\unity\ReactiveTurnBase\My project A\Library\ScriptAssemblies\Unity.Performance.Profile-Analyzer.Editor.dll
Symbol file LoadedFromMemory is not a mono symbol file
Symbol file data-000001DA237A2070 doesn't match image C:\Users\asdf\Desktop\unity\ReactiveTurnBase\My project A\Library\ScriptAssemblies\Unity.TestTools.CodeCoverage.Editor.dll
Symbol file LoadedFromMemory is not a mono symbol file
Symbol file data-000001DA1833B010 doesn't match image C:\Users\asdf\Desktop\unity\ReactiveTurnBase\My project A\Library\ScriptAssemblies\Unity.TestTools.CodeCoverage.Editor.OpenCover.Model.dll
Symbol file LoadedFromMemory is not a mono symbol file
Symbol file data-000001DA16AD3030 doesn't match image C:\Users\asdf\Desktop\unity\ReactiveTurnBase\My project A\Library\ScriptAssemblies\Unity.VisualScripting.State.Editor.dll
Symbol file LoadedFromMemory is not a mono symbol file
Symbol file data-000001DA212B4350 doesn't match image C:\Users\asdf\Desktop\unity\ReactiveTurnBase\My project A\Library\ScriptAssemblies\Unity.Settings.Editor.dll
Symbol file LoadedFromMemory is not a mono symbol file
Symbol file data-000001DA1833B010 doesn't match image C:\Users\asdf\Desktop\unity\ReactiveTurnBase\My project A\Library\ScriptAssemblies\Unity.CollabProxy.Editor.dll
Symbol file LoadedFromMemory is not a mono symbol file
Symbol file data-000001DA176D2010 doesn't match image C:\Users\asdf\Desktop\unity\ReactiveTurnBase\My project A\Library\ScriptAssemblies\Unity.TextMeshPro.dll
Symbol file LoadedFromMemory is not a mono symbol file
Symbol file data-000001D9F461E010 doesn't match image C:\Users\asdf\Desktop\unity\ReactiveTurnBase\My project A\Library\ScriptAssemblies\Unity.TextMeshPro.Editor.dll
Symbol file LoadedFromMemory is not a mono symbol file
Symbol file data-000001DA2156D010 doesn't match image C:\Users\asdf\Desktop\unity\ReactiveTurnBase\My project A\Library\ScriptAssemblies\UniTask.dll
Symbol file LoadedFromMemory is not a mono symbol file
Symbol file data-000001DA1833B010 doesn't match image C:\Users\asdf\Desktop\unity\ReactiveTurnBase\My project A\Library\ScriptAssemblies\Unity.VisualScripting.State.dll
Symbol file LoadedFromMemory is not a mono symbol file
Symbol file data-000001DA1833B010 doesn't match image C:\Users\asdf\Desktop\unity\ReactiveTurnBase\My project A\Library\ScriptAssemblies\Unity.VSCode.Editor.dll
Symbol file LoadedFromMemory is not a mono symbol file
- Loaded All Assemblies, in  0.433 seconds
Native extension for WindowsStandalone target not found
Native extension for Android target not found
Mono: successfully reloaded assembly
- Finished resetting the current domain, in  1.109 seconds
Domain Reload Profiling: 1540ms
	BeginReloadAssembly (140ms)
		ExecutionOrderSort (0ms)
		DisableScriptedObjects (6ms)
		BackupInstance (0ms)
		ReleaseScriptingObjects (0ms)
		CreateAndSetChildDomain (30ms)
	RebuildCommonClasses (26ms)
	RebuildNativeTypeToScriptingClass (8ms)
	initialDomainReloadingComplete (26ms)
	LoadAllAssembliesAndSetupDomain (230ms)
		LoadAssemblies (293ms)
		RebuildTransferFunctionScriptingTraits (0ms)
		AnalyzeDomain (13ms)
			TypeCache.Refresh (4ms)
				TypeCache.ScanAssembly (0ms)
			ScanForSourceGeneratedMonoScriptInfo (0ms)
			ResolveRequiredComponents (6ms)
	FinalizeReload (1109ms)
		ReleaseScriptCaches (0ms)
		RebuildScriptCaches (0ms)
		SetupLoadedEditorAssemblies (633ms)
			LogAssemblyErrors (0ms)
			InitializePlatformSupportModulesInManaged (24ms)
			SetLoadedEditorAssemblies (5ms)
			RefreshPlugins (0ms)
			BeforeProcessingInitializeOnLoad (113ms)
			ProcessInitializeOnLoadAttributes (447ms)
			ProcessInitializeOnLoadMethodAttributes (34ms)
			AfterProcessingInitializeOnLoad (8ms)
			EditorAssembliesLoaded (1ms)
		ExecutionOrderSort2 (0ms)
		AwakeInstancesAfterBackupRestoration (7ms)
Refreshing native plugins compatible for Editor in 5.51 ms, found 3 plugins.
Preloading 0 native plugins for Editor in 0.00 ms.
Unloading 3941 Unused Serialized files (Serialized files now loaded: 0)
Unloading 22 unused Assets / (32.8 KB). Loaded Objects now: 4517.
Memory consumption went from 225.8 MB to 225.7 MB.
Total: 4.584700 ms (FindLiveObjects: 0.464800 ms CreateObjectMapping: 0.312700 ms MarkObjects: 3.677100 ms  DeleteObjects: 0.128300 ms)

Prepare: number of updated asset objects reloaded= 0
AssetImportParameters requested are different than current active one (requested -> active):
  custom:container-demuxer-ogg: 62fdf1f143b41e24485cea50d1cbac27 -> 
  custom:video-decoder-ogg-theora: a1e56fd34408186e4bbccfd4996cb3dc -> 
  custom:framework-win-MediaFoundation: 216162199b28c13a410421893ffa2e32 -> 
  custom:CustomObjectIndexerAttribute: 9a22284fe3817be447336de3de66b15e -> 
  custom:container-demuxer-webm: 4f35f7cbe854078d1ac9338744f61a02 -> 
  custom:container-muxer-webm: aa71ff27fc2769a1b78a27578f13a17b -> 
  custom:video-decoder-webm-vp8: 9c59270c3fd7afecdb556c50c9e8de78 -> 
  custom:SearchIndexIgnoredProperties: e643bd26f0fe6173181afceb89e7c659 -> 
  custom:AudioImporter_EditorPlatform: d09bf68614088b80899f8185d706f6e7 -> 
  custom:video-encoder-webm-vp8: eb34c28f22e8b96e1ab97ce403110664 -> 
  custom:audio-decoder-ogg-vorbis: bf7c407c2cedff20999df2af8eb42d56 -> 
  custom:audio-encoder-webm-vorbis: bf7c407c2cedff20999df2af8eb42d56 -> 
========================================================================
Received Prepare
Caller must complete domain reload
Begin MonoManager ReloadAssembly
Symbol file data-000001DA16460010 doesn't match image C:\Users\asdf\Desktop\unity\ReactiveTurnBase\My project A\Library\ScriptAssemblies\Unity.EditorCoroutines.Editor.dll
Symbol file LoadedFromMemory is not a mono symbol file
Symbol file data-000001DA202C2040 doesn't match image C:\Users\asdf\Desktop\unity\ReactiveTurnBase\My project A\Library\ScriptAssemblies\UniTask.TextMeshPro.dll
Symbol file LoadedFromMemory is not a mono symbol file
Symbol file data-000001D9F4948F90 doesn't match image C:\Users\asdf\Desktop\unity\ReactiveTurnBase\My project A\Library\ScriptAssemblies\Unity.Timeline.Editor.dll
Symbol file LoadedFromMemory is not a mono symbol file
Symbol file data-000001DA1FFB4030 doesn't match image C:\Users\asdf\Desktop\unity\ReactiveTurnBase\My project A\Library\ScriptAssemblies\Unity.VisualScripting.Shared.Editor.dll
Symbol file LoadedFromMemory is not a mono symbol file
Symbol file data-000001DA202C5850 doesn't match image C:\Users\asdf\Desktop\unity\ReactiveTurnBase\My project A\Library\ScriptAssemblies\UniTask.DOTween.dll
Symbol file LoadedFromMemory is not a mono symbol file
Symbol file data-000001DA202C5850 doesn't match image C:\Users\asdf\Desktop\unity\ReactiveTurnBase\My project A\Library\ScriptAssemblies\UniTask.Addressables.dll
Symbol file LoadedFromMemory is not a mono symbol file
Symbol file data-000001DA233ED020 doesn't match image C:\Users\asdf\Desktop\unity\ReactiveTurnBase\My project A\Library\ScriptAssemblies\UnityEditor.UI.dll
Symbol file LoadedFromMemory is not a mono symbol file
Symbol file data-000001D9F3F20080 doesn't match image C:\Users\asdf\Desktop\unity\ReactiveTurnBase\My project A\Library\ScriptAssemblies\Unity.VisualScripting.Core.dll
Symbol file LoadedFromMemory is not a mono symbol file
Symbol file data-000001DA16D87280 doesn't match image C:\Users\asdf\Desktop\unity\ReactiveTurnBase\My project A\Library\ScriptAssemblies\UnityEngine.UI.dll
Symbol file LoadedFromMemory is not a mono symbol file
Symbol file data-000001D867E02B50 doesn't match image C:\Users\asdf\Desktop\unity\ReactiveTurnBase\My project A\Library\ScriptAssemblies\UniTask.Editor.dll
Symbol file LoadedFromMemory is not a mono symbol file
Symbol file data-000001DA21191020 doesn't match image C:\Users\asdf\Desktop\unity\ReactiveTurnBase\My project A\Library\ScriptAssemblies\Unity.VisualScripting.Core.Editor.dll
Symbol file LoadedFromMemory is not a mono symbol file
Symbol file data-000001DA216077B0 doesn't match image C:\Users\asdf\Desktop\unity\ReactiveTurnBase\My project A\Library\ScriptAssemblies\UniTask.Linq.dll
Symbol file LoadedFromMemory is not a mono symbol file
Symbol file data-000001DA176D2010 doesn't match image C:\Users\asdf\Desktop\unity\ReactiveTurnBase\My project A\Library\ScriptAssemblies\Unity.VisualScripting.Flow.dll
Symbol file LoadedFromMemory is not a mono symbol file
Symbol file data-000001D9F3FB50E0 doesn't match image C:\Users\asdf\Desktop\unity\ReactiveTurnBase\My project A\Library\ScriptAssemblies\Unity.VisualScripting.Flow.Editor.dll
Symbol file LoadedFromMemory is not a mono symbol file
Symbol file data-000001DA1FD42020 doesn't match image C:\Users\asdf\Desktop\unity\ReactiveTurnBase\My project A\Library\ScriptAssemblies\Unity.Timeline.dll
Symbol file LoadedFromMemory is not a mono symbol file
Symbol file data-000001DA1FFFE020 doesn't match image C:\Users\asdf\Desktop\unity\ReactiveTurnBase\My project A\Library\ScriptAssemblies\Unity.InputSystem.dll
Symbol file LoadedFromMemory is not a mono symbol file
Symbol file data-000001DA202C5850 doesn't match image C:\Users\asdf\Desktop\unity\ReactiveTurnBase\My project A\Library\ScriptAssemblies\Unity.InputSystem.ForUI.dll
Symbol file LoadedFromMemory is not a mono symbol file
Symbol file data-000001D867E02B50 doesn't match image C:\Users\asdf\Desktop\unity\ReactiveTurnBase\My project A\Library\ScriptAssemblies\Unity.TestTools.CodeCoverage.Editor.OpenCover.Mono.Reflection.dll
Symbol file LoadedFromMemory is not a mono symbol file
Symbol file data-000001DA2024A010 doesn't match image C:\Users\asdf\Desktop\unity\ReactiveTurnBase\My project A\Library\ScriptAssemblies\Unity.VisualScripting.SettingsProvider.Editor.dll
Symbol file LoadedFromMemory is not a mono symbol file
Symbol file data-000001DA2109B050 doesn't match image C:\Users\asdf\Desktop\unity\ReactiveTurnBase\My project A\Library\ScriptAssemblies\Unity.Performance.Profile-Analyzer.Editor.dll
Symbol file LoadedFromMemory is not a mono symbol file
Symbol file data-000001DA237A2070 doesn't match image C:\Users\asdf\Desktop\unity\ReactiveTurnBase\My project A\Library\ScriptAssemblies\Unity.TestTools.CodeCoverage.Editor.dll
Symbol file LoadedFromMemory is not a mono symbol file
Symbol file data-000001DA20A0A010 doesn't match image C:\Users\asdf\Desktop\unity\ReactiveTurnBase\My project A\Library\ScriptAssemblies\Unity.TestTools.CodeCoverage.Editor.OpenCover.Model.dll
Symbol file LoadedFromMemory is not a mono symbol file
Symbol file data-000001DA16AD3030 doesn't match image C:\Users\asdf\Desktop\unity\ReactiveTurnBase\My project A\Library\ScriptAssemblies\Unity.VisualScripting.State.Editor.dll
Symbol file LoadedFromMemory is not a mono symbol file
Symbol file data-000001DA212B4350 doesn't match image C:\Users\asdf\Desktop\unity\ReactiveTurnBase\My project A\Library\ScriptAssemblies\Unity.Settings.Editor.dll
Symbol file LoadedFromMemory is not a mono symbol file
Symbol file data-000001DA20A0A010 doesn't match image C:\Users\asdf\Desktop\unity\ReactiveTurnBase\My project A\Library\ScriptAssemblies\Unity.CollabProxy.Editor.dll
Symbol file LoadedFromMemory is not a mono symbol file
Symbol file data-000001DA176D2010 doesn't match image C:\Users\asdf\Desktop\unity\ReactiveTurnBase\My project A\Library\ScriptAssemblies\Unity.TextMeshPro.dll
Symbol file LoadedFromMemory is not a mono symbol file
Symbol file data-000001DA16F00030 doesn't match image C:\Users\asdf\Desktop\unity\ReactiveTurnBase\My project A\Library\ScriptAssemblies\Unity.TextMeshPro.Editor.dll
Symbol file LoadedFromMemory is not a mono symbol file
Symbol file data-000001DA2156D010 doesn't match image C:\Users\asdf\Desktop\unity\ReactiveTurnBase\My project A\Library\ScriptAssemblies\UniTask.dll
Symbol file LoadedFromMemory is not a mono symbol file
Symbol file data-000001DA20A0A010 doesn't match image C:\Users\asdf\Desktop\unity\ReactiveTurnBase\My project A\Library\ScriptAssemblies\Unity.VisualScripting.State.dll
Symbol file LoadedFromMemory is not a mono symbol file
Symbol file data-000001DA20A0A010 doesn't match image C:\Users\asdf\Desktop\unity\ReactiveTurnBase\My project A\Library\ScriptAssemblies\Unity.VSCode.Editor.dll
Symbol file LoadedFromMemory is not a mono symbol file
- Loaded All Assemblies, in  0.461 seconds
Native extension for WindowsStandalone target not found
Native extension for Android target not found
Mono: successfully reloaded assembly
- Finished resetting the current domain, in  0.941 seconds
Domain Reload Profiling: 1399ms
	BeginReloadAssembly (145ms)
		ExecutionOrderSort (0ms)
		DisableScriptedObjects (6ms)
		BackupInstance (0ms)
		ReleaseScriptingObjects (0ms)
		CreateAndSetChildDomain (32ms)
	RebuildCommonClasses (24ms)
	RebuildNativeTypeToScriptingClass (8ms)
	initialDomainReloadingComplete (26ms)
	LoadAllAssembliesAndSetupDomain (255ms)
		LoadAssemblies (298ms)
		RebuildTransferFunctionScriptingTraits (0ms)
		AnalyzeDomain (35ms)
			TypeCache.Refresh (9ms)
				TypeCache.ScanAssembly (2ms)
			ScanForSourceGeneratedMonoScriptInfo (13ms)
			ResolveRequiredComponents (10ms)
	FinalizeReload (941ms)
		ReleaseScriptCaches (0ms)
		RebuildScriptCaches (0ms)
		SetupLoadedEditorAssemblies (482ms)
			LogAssemblyErrors (0ms)
			InitializePlatformSupportModulesInManaged (22ms)
			SetLoadedEditorAssemblies (4ms)
			RefreshPlugins (0ms)
			BeforeProcessingInitializeOnLoad (89ms)
			ProcessInitializeOnLoadAttributes (334ms)
			ProcessInitializeOnLoadMethodAttributes (27ms)
			AfterProcessingInitializeOnLoad (6ms)
			EditorAssembliesLoaded (0ms)
		ExecutionOrderSort2 (0ms)
		AwakeInstancesAfterBackupRestoration (5ms)
Refreshing native plugins compatible for Editor in 4.57 ms, found 3 plugins.
Preloading 0 native plugins for Editor in 0.00 ms.
Unloading 3941 Unused Serialized files (Serialized files now loaded: 0)
Unloading 22 unused Assets / (32.8 KB). Loaded Objects now: 4520.
Memory consumption went from 225.8 MB to 225.7 MB.
Total: 3.258300 ms (FindLiveObjects: 0.290100 ms CreateObjectMapping: 0.232200 ms MarkObjects: 2.687500 ms  DeleteObjects: 0.047700 ms)

Prepare: number of updated asset objects reloaded= 0
AssetImportParameters requested are different than current active one (requested -> active):
  custom:container-demuxer-ogg: 62fdf1f143b41e24485cea50d1cbac27 -> 
  custom:video-decoder-ogg-theora: a1e56fd34408186e4bbccfd4996cb3dc -> 
  custom:framework-win-MediaFoundation: 216162199b28c13a410421893ffa2e32 -> 
  custom:CustomObjectIndexerAttribute: 9a22284fe3817be447336de3de66b15e -> 
  custom:container-demuxer-webm: 4f35f7cbe854078d1ac9338744f61a02 -> 
  custom:container-muxer-webm: aa71ff27fc2769a1b78a27578f13a17b -> 
  custom:video-decoder-webm-vp8: 9c59270c3fd7afecdb556c50c9e8de78 -> 
  custom:SearchIndexIgnoredProperties: e643bd26f0fe6173181afceb89e7c659 -> 
  custom:AudioImporter_EditorPlatform: d09bf68614088b80899f8185d706f6e7 -> 
  custom:video-encoder-webm-vp8: eb34c28f22e8b96e1ab97ce403110664 -> 
  custom:audio-decoder-ogg-vorbis: bf7c407c2cedff20999df2af8eb42d56 -> 
  custom:audio-encoder-webm-vorbis: bf7c407c2cedff20999df2af8eb42d56 -> 
========================================================================
Received Prepare
Caller must complete domain reload
Begin MonoManager ReloadAssembly
Symbol file data-000001D9F4056B60 doesn't match image C:\Users\asdf\Desktop\unity\ReactiveTurnBase\My project A\Library\ScriptAssemblies\Unity.EditorCoroutines.Editor.dll
Symbol file LoadedFromMemory is not a mono symbol file
Symbol file data-000001DA1FFB4030 doesn't match image C:\Users\asdf\Desktop\unity\ReactiveTurnBase\My project A\Library\ScriptAssemblies\UniTask.TextMeshPro.dll
Symbol file LoadedFromMemory is not a mono symbol file
Symbol file data-000001D9F4948F90 doesn't match image C:\Users\asdf\Desktop\unity\ReactiveTurnBase\My project A\Library\ScriptAssemblies\Unity.Timeline.Editor.dll
Symbol file LoadedFromMemory is not a mono symbol file
Symbol file data-000001DA1FFB4030 doesn't match image C:\Users\asdf\Desktop\unity\ReactiveTurnBase\My project A\Library\ScriptAssemblies\Unity.VisualScripting.Shared.Editor.dll
Symbol file LoadedFromMemory is not a mono symbol file
Symbol file data-000001DA1FFB4030 doesn't match image C:\Users\asdf\Desktop\unity\ReactiveTurnBase\My project A\Library\ScriptAssemblies\UniTask.DOTween.dll
Symbol file LoadedFromMemory is not a mono symbol file
Symbol file data-000001DA1FFB4030 doesn't match image C:\Users\asdf\Desktop\unity\ReactiveTurnBase\My project A\Library\ScriptAssemblies\UniTask.Addressables.dll
Symbol file LoadedFromMemory is not a mono symbol file
Symbol file data-000001DA233ED020 doesn't match image C:\Users\asdf\Desktop\unity\ReactiveTurnBase\My project A\Library\ScriptAssemblies\UnityEditor.UI.dll
Symbol file LoadedFromMemory is not a mono symbol file
Symbol file data-000001D9F3F20080 doesn't match image C:\Users\asdf\Desktop\unity\ReactiveTurnBase\My project A\Library\ScriptAssemblies\Unity.VisualScripting.Core.dll
Symbol file LoadedFromMemory is not a mono symbol file
Symbol file data-000001DA2334B010 doesn't match image C:\Users\asdf\Desktop\unity\ReactiveTurnBase\My project A\Library\ScriptAssemblies\UnityEngine.UI.dll
Symbol file LoadedFromMemory is not a mono symbol file
Symbol file data-000001D867E02B50 doesn't match image C:\Users\asdf\Desktop\unity\ReactiveTurnBase\My project A\Library\ScriptAssemblies\UniTask.Editor.dll
Symbol file LoadedFromMemory is not a mono symbol file
Symbol file data-000001DA21191020 doesn't match image C:\Users\asdf\Desktop\unity\ReactiveTurnBase\My project A\Library\ScriptAssemblies\Unity.VisualScripting.Core.Editor.dll
Symbol file LoadedFromMemory is not a mono symbol file
Symbol file data-000001DA216077B0 doesn't match image C:\Users\asdf\Desktop\unity\ReactiveTurnBase\My project A\Library\ScriptAssemblies\UniTask.Linq.dll
Symbol file LoadedFromMemory is not a mono symbol file
Symbol file data-000001DA176D2010 doesn't match image C:\Users\asdf\Desktop\unity\ReactiveTurnBase\My project A\Library\ScriptAssemblies\Unity.VisualScripting.Flow.dll
Symbol file LoadedFromMemory is not a mono symbol file
Symbol file data-000001D9F3FB50E0 doesn't match image C:\Users\asdf\Desktop\unity\ReactiveTurnBase\My project A\Library\ScriptAssemblies\Unity.VisualScripting.Flow.Editor.dll
Symbol file LoadedFromMemory is not a mono symbol file
Symbol file data-000001D9F2F265B0 doesn't match image C:\Users\asdf\Desktop\unity\ReactiveTurnBase\My project A\Library\ScriptAssemblies\Unity.Timeline.dll
Symbol file LoadedFromMemory is not a mono symbol file
Symbol file data-000001DA1FFFE020 doesn't match image C:\Users\asdf\Desktop\unity\ReactiveTurnBase\My project A\Library\ScriptAssemblies\Unity.InputSystem.dll
Symbol file LoadedFromMemory is not a mono symbol file
Symbol file data-000001D867E02B50 doesn't match image C:\Users\asdf\Desktop\unity\ReactiveTurnBase\My project A\Library\ScriptAssemblies\Unity.InputSystem.ForUI.dll
Symbol file LoadedFromMemory is not a mono symbol file
Symbol file data-000001D867E02B50 doesn't match image C:\Users\asdf\Desktop\unity\ReactiveTurnBase\My project A\Library\ScriptAssemblies\Unity.TestTools.CodeCoverage.Editor.OpenCover.Mono.Reflection.dll
Symbol file LoadedFromMemory is not a mono symbol file
Symbol file data-000001DA2024A010 doesn't match image C:\Users\asdf\Desktop\unity\ReactiveTurnBase\My project A\Library\ScriptAssemblies\Unity.VisualScripting.SettingsProvider.Editor.dll
Symbol file LoadedFromMemory is not a mono symbol file
Symbol file data-000001D9F433BDD0 doesn't match image C:\Users\asdf\Desktop\unity\ReactiveTurnBase\My project A\Library\ScriptAssemblies\Unity.Performance.Profile-Analyzer.Editor.dll
Symbol file LoadedFromMemory is not a mono symbol file
Symbol file data-000001DA237A2070 doesn't match image C:\Users\asdf\Desktop\unity\ReactiveTurnBase\My project A\Library\ScriptAssemblies\Unity.TestTools.CodeCoverage.Editor.dll
Symbol file LoadedFromMemory is not a mono symbol file
Symbol file data-000001DA21825040 doesn't match image C:\Users\asdf\Desktop\unity\ReactiveTurnBase\My project A\Library\ScriptAssemblies\Unity.TestTools.CodeCoverage.Editor.OpenCover.Model.dll
Symbol file LoadedFromMemory is not a mono symbol file
Symbol file data-000001DA233ED020 doesn't match image C:\Users\asdf\Desktop\unity\ReactiveTurnBase\My project A\Library\ScriptAssemblies\Unity.VisualScripting.State.Editor.dll
Symbol file LoadedFromMemory is not a mono symbol file
Symbol file data-000001D9F48C8040 doesn't match image C:\Users\asdf\Desktop\unity\ReactiveTurnBase\My project A\Library\ScriptAssemblies\Unity.Settings.Editor.dll
Symbol file LoadedFromMemory is not a mono symbol file
Symbol file data-000001DA21825040 doesn't match image C:\Users\asdf\Desktop\unity\ReactiveTurnBase\My project A\Library\ScriptAssemblies\Unity.CollabProxy.Editor.dll
Symbol file LoadedFromMemory is not a mono symbol file
Symbol file data-000001DA176D2010 doesn't match image C:\Users\asdf\Desktop\unity\ReactiveTurnBase\My project A\Library\ScriptAssemblies\Unity.TextMeshPro.dll
Symbol file LoadedFromMemory is not a mono symbol file
Symbol file data-000001DA16F00030 doesn't match image C:\Users\asdf\Desktop\unity\ReactiveTurnBase\My project A\Library\ScriptAssemblies\Unity.TextMeshPro.Editor.dll
Symbol file LoadedFromMemory is not a mono symbol file
Symbol file data-000001DA16D3F240 doesn't match image C:\Users\asdf\Desktop\unity\ReactiveTurnBase\My project A\Library\ScriptAssemblies\UniTask.dll
Symbol file LoadedFromMemory is not a mono symbol file
Symbol file data-000001DA21825040 doesn't match image C:\Users\asdf\Desktop\unity\ReactiveTurnBase\My project A\Library\ScriptAssemblies\Unity.VisualScripting.State.dll
Symbol file LoadedFromMemory is not a mono symbol file
Symbol file data-000001DA21825040 doesn't match image C:\Users\asdf\Desktop\unity\ReactiveTurnBase\My project A\Library\ScriptAssemblies\Unity.VSCode.Editor.dll
Symbol file LoadedFromMemory is not a mono symbol file
- Loaded All Assemblies, in  0.434 seconds
Native extension for WindowsStandalone target not found
Native extension for Android target not found
Mono: successfully reloaded assembly
- Finished resetting the current domain, in  1.109 seconds
Domain Reload Profiling: 1540ms
	BeginReloadAssembly (136ms)
		ExecutionOrderSort (0ms)
		DisableScriptedObjects (6ms)
		BackupInstance (0ms)
		ReleaseScriptingObjects (0ms)
		CreateAndSetChildDomain (30ms)
	RebuildCommonClasses (26ms)
	RebuildNativeTypeToScriptingClass (8ms)
	initialDomainReloadingComplete (30ms)
	LoadAllAssembliesAndSetupDomain (231ms)
		LoadAssemblies (290ms)
		RebuildTransferFunctionScriptingTraits (0ms)
		AnalyzeDomain (14ms)
			TypeCache.Refresh (5ms)
				TypeCache.ScanAssembly (0ms)
			ScanForSourceGeneratedMonoScriptInfo (0ms)
			ResolveRequiredComponents (7ms)
	FinalizeReload (1109ms)
		ReleaseScriptCaches (0ms)
		RebuildScriptCaches (0ms)
		SetupLoadedEditorAssemblies (626ms)
			LogAssemblyErrors (0ms)
			InitializePlatformSupportModulesInManaged (22ms)
			SetLoadedEditorAssemblies (5ms)
			RefreshPlugins (0ms)
			BeforeProcessingInitializeOnLoad (117ms)
			ProcessInitializeOnLoadAttributes (437ms)
			ProcessInitializeOnLoadMethodAttributes (38ms)
			AfterProcessingInitializeOnLoad (7ms)
			EditorAssembliesLoaded (0ms)
		ExecutionOrderSort2 (0ms)
		AwakeInstancesAfterBackupRestoration (7ms)
Refreshing native plugins compatible for Editor in 5.78 ms, found 3 plugins.
Preloading 0 native plugins for Editor in 0.00 ms.
Unloading 3941 Unused Serialized files (Serialized files now loaded: 0)
Unloading 22 unused Assets / (32.8 KB). Loaded Objects now: 4523.
Memory consumption went from 225.8 MB to 225.7 MB.
Total: 3.773800 ms (FindLiveObjects: 0.536800 ms CreateObjectMapping: 0.248200 ms MarkObjects: 2.941500 ms  DeleteObjects: 0.046600 ms)

Prepare: number of updated asset objects reloaded= 0
AssetImportParameters requested are different than current active one (requested -> active):
  custom:container-demuxer-ogg: 62fdf1f143b41e24485cea50d1cbac27 -> 
  custom:video-decoder-ogg-theora: a1e56fd34408186e4bbccfd4996cb3dc -> 
  custom:framework-win-MediaFoundation: 216162199b28c13a410421893ffa2e32 -> 
  custom:CustomObjectIndexerAttribute: 9a22284fe3817be447336de3de66b15e -> 
  custom:container-demuxer-webm: 4f35f7cbe854078d1ac9338744f61a02 -> 
  custom:container-muxer-webm: aa71ff27fc2769a1b78a27578f13a17b -> 
  custom:video-decoder-webm-vp8: 9c59270c3fd7afecdb556c50c9e8de78 -> 
  custom:SearchIndexIgnoredProperties: e643bd26f0fe6173181afceb89e7c659 -> 
  custom:AudioImporter_EditorPlatform: d09bf68614088b80899f8185d706f6e7 -> 
  custom:video-encoder-webm-vp8: eb34c28f22e8b96e1ab97ce403110664 -> 
  custom:audio-decoder-ogg-vorbis: bf7c407c2cedff20999df2af8eb42d56 -> 
  custom:audio-encoder-webm-vorbis: bf7c407c2cedff20999df2af8eb42d56 -> 
========================================================================
Received Prepare
Caller must complete domain reload
Begin MonoManager ReloadAssembly
Symbol file data-000001DA20DFA030 doesn't match image C:\Users\asdf\Desktop\unity\ReactiveTurnBase\My project A\Library\ScriptAssemblies\Unity.EditorCoroutines.Editor.dll
Symbol file LoadedFromMemory is not a mono symbol file
Symbol file data-000001D867E02B50 doesn't match image C:\Users\asdf\Desktop\unity\ReactiveTurnBase\My project A\Library\ScriptAssemblies\UniTask.TextMeshPro.dll
Symbol file LoadedFromMemory is not a mono symbol file
Symbol file data-000001D9F4948F90 doesn't match image C:\Users\asdf\Desktop\unity\ReactiveTurnBase\My project A\Library\ScriptAssemblies\Unity.Timeline.Editor.dll
Symbol file LoadedFromMemory is not a mono symbol file
Symbol file data-000001D867E02B50 doesn't match image C:\Users\asdf\Desktop\unity\ReactiveTurnBase\My project A\Library\ScriptAssemblies\Unity.VisualScripting.Shared.Editor.dll
Symbol file LoadedFromMemory is not a mono symbol file
Symbol file data-000001D867E02B50 doesn't match image C:\Users\asdf\Desktop\unity\ReactiveTurnBase\My project A\Library\ScriptAssemblies\UniTask.DOTween.dll
Symbol file LoadedFromMemory is not a mono symbol file
Symbol file data-000001D867E02B50 doesn't match image C:\Users\asdf\Desktop\unity\ReactiveTurnBase\My project A\Library\ScriptAssemblies\UniTask.Addressables.dll
Symbol file LoadedFromMemory is not a mono symbol file
Symbol file data-000001DA233ED020 doesn't match image C:\Users\asdf\Desktop\unity\ReactiveTurnBase\My project A\Library\ScriptAssemblies\UnityEditor.UI.dll
Symbol file LoadedFromMemory is not a mono symbol file
Symbol file data-000001D9F3F20080 doesn't match image C:\Users\asdf\Desktop\unity\ReactiveTurnBase\My project A\Library\ScriptAssemblies\Unity.VisualScripting.Core.dll
Symbol file LoadedFromMemory is not a mono symbol file
Symbol file data-000001DA2334B010 doesn't match image C:\Users\asdf\Desktop\unity\ReactiveTurnBase\My project A\Library\ScriptAssemblies\UnityEngine.UI.dll
Symbol file LoadedFromMemory is not a mono symbol file
Symbol file data-000001DA16EF0010 doesn't match image C:\Users\asdf\Desktop\unity\ReactiveTurnBase\My project A\Library\ScriptAssemblies\UniTask.Editor.dll
Symbol file LoadedFromMemory is not a mono symbol file
Symbol file data-000001DA16D3F240 doesn't match image C:\Users\asdf\Desktop\unity\ReactiveTurnBase\My project A\Library\ScriptAssemblies\Unity.VisualScripting.Core.Editor.dll
Symbol file LoadedFromMemory is not a mono symbol file
Symbol file data-000001DA216077B0 doesn't match image C:\Users\asdf\Desktop\unity\ReactiveTurnBase\My project A\Library\ScriptAssemblies\UniTask.Linq.dll
Symbol file LoadedFromMemory is not a mono symbol file
Symbol file data-000001DA176D2010 doesn't match image C:\Users\asdf\Desktop\unity\ReactiveTurnBase\My project A\Library\ScriptAssemblies\Unity.VisualScripting.Flow.dll
Symbol file LoadedFromMemory is not a mono symbol file
Symbol file data-000001D9F3FB50E0 doesn't match image C:\Users\asdf\Desktop\unity\ReactiveTurnBase\My project A\Library\ScriptAssemblies\Unity.VisualScripting.Flow.Editor.dll
Symbol file LoadedFromMemory is not a mono symbol file
Symbol file data-000001D9F2F265B0 doesn't match image C:\Users\asdf\Desktop\unity\ReactiveTurnBase\My project A\Library\ScriptAssemblies\Unity.Timeline.dll
Symbol file LoadedFromMemory is not a mono symbol file
Symbol file data-000001DA20348020 doesn't match image C:\Users\asdf\Desktop\unity\ReactiveTurnBase\My project A\Library\ScriptAssemblies\Unity.InputSystem.dll
Symbol file LoadedFromMemory is not a mono symbol file
Symbol file data-000001DA2098E020 doesn't match image C:\Users\asdf\Desktop\unity\ReactiveTurnBase\My project A\Library\ScriptAssemblies\Unity.InputSystem.ForUI.dll
Symbol file LoadedFromMemory is not a mono symbol file
Symbol file data-000001DA2098E020 doesn't match image C:\Users\asdf\Desktop\unity\ReactiveTurnBase\My project A\Library\ScriptAssemblies\Unity.TestTools.CodeCoverage.Editor.OpenCover.Mono.Reflection.dll
Symbol file LoadedFromMemory is not a mono symbol file
Symbol file data-000001DA182B7010 doesn't match image C:\Users\asdf\Desktop\unity\ReactiveTurnBase\My project A\Library\ScriptAssemblies\Unity.VisualScripting.SettingsProvider.Editor.dll
Symbol file LoadedFromMemory is not a mono symbol file
Symbol file data-000001D9F433BDD0 doesn't match image C:\Users\asdf\Desktop\unity\ReactiveTurnBase\My project A\Library\ScriptAssemblies\Unity.Performance.Profile-Analyzer.Editor.dll
Symbol file LoadedFromMemory is not a mono symbol file
Symbol file data-000001DA237A2070 doesn't match image C:\Users\asdf\Desktop\unity\ReactiveTurnBase\My project A\Library\ScriptAssemblies\Unity.TestTools.CodeCoverage.Editor.dll
Symbol file LoadedFromMemory is not a mono symbol file
Symbol file data-000001DA2154B020 doesn't match image C:\Users\asdf\Desktop\unity\ReactiveTurnBase\My project A\Library\ScriptAssemblies\Unity.TestTools.CodeCoverage.Editor.OpenCover.Model.dll
Symbol file LoadedFromMemory is not a mono symbol file
Symbol file data-000001DA233ED020 doesn't match image C:\Users\asdf\Desktop\unity\ReactiveTurnBase\My project A\Library\ScriptAssemblies\Unity.VisualScripting.State.Editor.dll
Symbol file LoadedFromMemory is not a mono symbol file
Symbol file data-000001D9F48C8040 doesn't match image C:\Users\asdf\Desktop\unity\ReactiveTurnBase\My project A\Library\ScriptAssemblies\Unity.Settings.Editor.dll
Symbol file LoadedFromMemory is not a mono symbol file
Symbol file data-000001DA2154B020 doesn't match image C:\Users\asdf\Desktop\unity\ReactiveTurnBase\My project A\Library\ScriptAssemblies\Unity.CollabProxy.Editor.dll
Symbol file LoadedFromMemory is not a mono symbol file
Symbol file data-000001DA176D2010 doesn't match image C:\Users\asdf\Desktop\unity\ReactiveTurnBase\My project A\Library\ScriptAssemblies\Unity.TextMeshPro.dll
Symbol file LoadedFromMemory is not a mono symbol file
Symbol file data-000001DA16F00030 doesn't match image C:\Users\asdf\Desktop\unity\ReactiveTurnBase\My project A\Library\ScriptAssemblies\Unity.TextMeshPro.Editor.dll
Symbol file LoadedFromMemory is not a mono symbol file
Symbol file data-000001DA2156D010 doesn't match image C:\Users\asdf\Desktop\unity\ReactiveTurnBase\My project A\Library\ScriptAssemblies\UniTask.dll
Symbol file LoadedFromMemory is not a mono symbol file
Symbol file data-000001DA2154B020 doesn't match image C:\Users\asdf\Desktop\unity\ReactiveTurnBase\My project A\Library\ScriptAssemblies\Unity.VisualScripting.State.dll
Symbol file LoadedFromMemory is not a mono symbol file
Symbol file data-000001DA2154B020 doesn't match image C:\Users\asdf\Desktop\unity\ReactiveTurnBase\My project A\Library\ScriptAssemblies\Unity.VSCode.Editor.dll
Symbol file LoadedFromMemory is not a mono symbol file
- Loaded All Assemblies, in  0.430 seconds
Native extension for WindowsStandalone target not found
Native extension for Android target not found
Mono: successfully reloaded assembly
- Finished resetting the current domain, in  1.115 seconds
Domain Reload Profiling: 1544ms
	BeginReloadAssembly (135ms)
		ExecutionOrderSort (0ms)
		DisableScriptedObjects (6ms)
		BackupInstance (0ms)
		ReleaseScriptingObjects (0ms)
		CreateAndSetChildDomain (30ms)
	RebuildCommonClasses (26ms)
	RebuildNativeTypeToScriptingClass (8ms)
	initialDomainReloadingComplete (26ms)
	LoadAllAssembliesAndSetupDomain (232ms)
		LoadAssemblies (289ms)
		RebuildTransferFunctionScriptingTraits (0ms)
		AnalyzeDomain (14ms)
			TypeCache.Refresh (5ms)
				TypeCache.ScanAssembly (0ms)
			ScanForSourceGeneratedMonoScriptInfo (0ms)
			ResolveRequiredComponents (7ms)
	FinalizeReload (1116ms)
		ReleaseScriptCaches (0ms)
		RebuildScriptCaches (0ms)
		SetupLoadedEditorAssemblies (608ms)
			LogAssemblyErrors (0ms)
			InitializePlatformSupportModulesInManaged (20ms)
			SetLoadedEditorAssemblies (5ms)
			RefreshPlugins (0ms)
			BeforeProcessingInitializeOnLoad (110ms)
			ProcessInitializeOnLoadAttributes (428ms)
			ProcessInitializeOnLoadMethodAttributes (37ms)
			AfterProcessingInitializeOnLoad (8ms)
			EditorAssembliesLoaded (0ms)
		ExecutionOrderSort2 (0ms)
		AwakeInstancesAfterBackupRestoration (8ms)
Refreshing native plugins compatible for Editor in 5.22 ms, found 3 plugins.
Preloading 0 native plugins for Editor in 0.00 ms.
Unloading 3941 Unused Serialized files (Serialized files now loaded: 0)
Unloading 22 unused Assets / (32.8 KB). Loaded Objects now: 4526.
Memory consumption went from 225.8 MB to 225.7 MB.
Total: 4.812100 ms (FindLiveObjects: 0.318300 ms CreateObjectMapping: 0.265300 ms MarkObjects: 4.121800 ms  DeleteObjects: 0.105700 ms)

Prepare: number of updated asset objects reloaded= 0
AssetImportParameters requested are different than current active one (requested -> active):
  custom:container-demuxer-ogg: 62fdf1f143b41e24485cea50d1cbac27 -> 
  custom:video-decoder-ogg-theora: a1e56fd34408186e4bbccfd4996cb3dc -> 
  custom:framework-win-MediaFoundation: 216162199b28c13a410421893ffa2e32 -> 
  custom:CustomObjectIndexerAttribute: 9a22284fe3817be447336de3de66b15e -> 
  custom:container-demuxer-webm: 4f35f7cbe854078d1ac9338744f61a02 -> 
  custom:container-muxer-webm: aa71ff27fc2769a1b78a27578f13a17b -> 
  custom:video-decoder-webm-vp8: 9c59270c3fd7afecdb556c50c9e8de78 -> 
  custom:SearchIndexIgnoredProperties: e643bd26f0fe6173181afceb89e7c659 -> 
  custom:AudioImporter_EditorPlatform: d09bf68614088b80899f8185d706f6e7 -> 
  custom:video-encoder-webm-vp8: eb34c28f22e8b96e1ab97ce403110664 -> 
  custom:audio-decoder-ogg-vorbis: bf7c407c2cedff20999df2af8eb42d56 -> 
  custom:audio-encoder-webm-vorbis: bf7c407c2cedff20999df2af8eb42d56 -> 
========================================================================
Received Prepare
Caller must complete domain reload
Begin MonoManager ReloadAssembly
Symbol file data-000001D9F4054750 doesn't match image C:\Users\asdf\Desktop\unity\ReactiveTurnBase\My project A\Library\ScriptAssemblies\Unity.EditorCoroutines.Editor.dll
Symbol file LoadedFromMemory is not a mono symbol file
Symbol file data-000001DA181EF020 doesn't match image C:\Users\asdf\Desktop\unity\ReactiveTurnBase\My project A\Library\ScriptAssemblies\UniTask.TextMeshPro.dll
Symbol file LoadedFromMemory is not a mono symbol file
Symbol file data-000001D9F4948F90 doesn't match image C:\Users\asdf\Desktop\unity\ReactiveTurnBase\My project A\Library\ScriptAssemblies\Unity.Timeline.Editor.dll
Symbol file LoadedFromMemory is not a mono symbol file
Symbol file data-000001DA181EF020 doesn't match image C:\Users\asdf\Desktop\unity\ReactiveTurnBase\My project A\Library\ScriptAssemblies\Unity.VisualScripting.Shared.Editor.dll
Symbol file LoadedFromMemory is not a mono symbol file
Symbol file data-000001DA181EF020 doesn't match image C:\Users\asdf\Desktop\unity\ReactiveTurnBase\My project A\Library\ScriptAssemblies\UniTask.DOTween.dll
Symbol file LoadedFromMemory is not a mono symbol file
Symbol file data-000001DA181EF020 doesn't match image C:\Users\asdf\Desktop\unity\ReactiveTurnBase\My project A\Library\ScriptAssemblies\UniTask.Addressables.dll
Symbol file LoadedFromMemory is not a mono symbol file
Symbol file data-000001DA2391D010 doesn't match image C:\Users\asdf\Desktop\unity\ReactiveTurnBase\My project A\Library\ScriptAssemblies\UnityEditor.UI.dll
Symbol file LoadedFromMemory is not a mono symbol file
Symbol file data-000001DA23B4B020 doesn't match image C:\Users\asdf\Desktop\unity\ReactiveTurnBase\My project A\Library\ScriptAssemblies\Unity.VisualScripting.Core.dll
Symbol file LoadedFromMemory is not a mono symbol file
Symbol file data-000001DA16AF0040 doesn't match image C:\Users\asdf\Desktop\unity\ReactiveTurnBase\My project A\Library\ScriptAssemblies\UnityEngine.UI.dll
Symbol file LoadedFromMemory is not a mono symbol file
Symbol file data-000001DA214A7040 doesn't match image C:\Users\asdf\Desktop\unity\ReactiveTurnBase\My project A\Library\ScriptAssemblies\UniTask.Editor.dll
Symbol file LoadedFromMemory is not a mono symbol file
Symbol file data-000001DA21191020 doesn't match image C:\Users\asdf\Desktop\unity\ReactiveTurnBase\My project A\Library\ScriptAssemblies\Unity.VisualScripting.Core.Editor.dll
Symbol file LoadedFromMemory is not a mono symbol file
Symbol file data-000001DA216077B0 doesn't match image C:\Users\asdf\Desktop\unity\ReactiveTurnBase\My project A\Library\ScriptAssemblies\UniTask.Linq.dll
Symbol file LoadedFromMemory is not a mono symbol file
Symbol file data-000001DA176D2010 doesn't match image C:\Users\asdf\Desktop\unity\ReactiveTurnBase\My project A\Library\ScriptAssemblies\Unity.VisualScripting.Flow.dll
Symbol file LoadedFromMemory is not a mono symbol file
Symbol file data-000001DA208BC010 doesn't match image C:\Users\asdf\Desktop\unity\ReactiveTurnBase\My project A\Library\ScriptAssemblies\Unity.VisualScripting.Flow.Editor.dll
Symbol file LoadedFromMemory is not a mono symbol file
Symbol file data-000001D9F2F265B0 doesn't match image C:\Users\asdf\Desktop\unity\ReactiveTurnBase\My project A\Library\ScriptAssemblies\Unity.Timeline.dll
Symbol file LoadedFromMemory is not a mono symbol file
Symbol file data-000001DA23B4B020 doesn't match image C:\Users\asdf\Desktop\unity\ReactiveTurnBase\My project A\Library\ScriptAssemblies\Unity.InputSystem.dll
Symbol file LoadedFromMemory is not a mono symbol file
Symbol file data-000001DA214A7040 doesn't match image C:\Users\asdf\Desktop\unity\ReactiveTurnBase\My project A\Library\ScriptAssemblies\Unity.InputSystem.ForUI.dll
Symbol file LoadedFromMemory is not a mono symbol file
Symbol file data-000001DA214A7040 doesn't match image C:\Users\asdf\Desktop\unity\ReactiveTurnBase\My project A\Library\ScriptAssemblies\Unity.TestTools.CodeCoverage.Editor.OpenCover.Mono.Reflection.dll
Symbol file LoadedFromMemory is not a mono symbol file
Symbol file data-000001DA202C2040 doesn't match image C:\Users\asdf\Desktop\unity\ReactiveTurnBase\My project A\Library\ScriptAssemblies\Unity.VisualScripting.SettingsProvider.Editor.dll
Symbol file LoadedFromMemory is not a mono symbol file
Symbol file data-000001D9F433BDD0 doesn't match image C:\Users\asdf\Desktop\unity\ReactiveTurnBase\My project A\Library\ScriptAssemblies\Unity.Performance.Profile-Analyzer.Editor.dll
Symbol file LoadedFromMemory is not a mono symbol file
Symbol file data-000001DA16935040 doesn't match image C:\Users\asdf\Desktop\unity\ReactiveTurnBase\My project A\Library\ScriptAssemblies\Unity.TestTools.CodeCoverage.Editor.dll
Symbol file LoadedFromMemory is not a mono symbol file
Symbol file data-000001D867E02B50 doesn't match image C:\Users\asdf\Desktop\unity\ReactiveTurnBase\My project A\Library\ScriptAssemblies\Unity.TestTools.CodeCoverage.Editor.OpenCover.Model.dll
Symbol file LoadedFromMemory is not a mono symbol file
Symbol file data-000001DA16AD3030 doesn't match image C:\Users\asdf\Desktop\unity\ReactiveTurnBase\My project A\Library\ScriptAssemblies\Unity.VisualScripting.State.Editor.dll
Symbol file LoadedFromMemory is not a mono symbol file
Symbol file data-000001D9F48C8040 doesn't match image C:\Users\asdf\Desktop\unity\ReactiveTurnBase\My project A\Library\ScriptAssemblies\Unity.Settings.Editor.dll
Symbol file LoadedFromMemory is not a mono symbol file
Symbol file data-000001D867E02B50 doesn't match image C:\Users\asdf\Desktop\unity\ReactiveTurnBase\My project A\Library\ScriptAssemblies\Unity.CollabProxy.Editor.dll
Symbol file LoadedFromMemory is not a mono symbol file
Symbol file data-000001DA176D2010 doesn't match image C:\Users\asdf\Desktop\unity\ReactiveTurnBase\My project A\Library\ScriptAssemblies\Unity.TextMeshPro.dll
Symbol file LoadedFromMemory is not a mono symbol file
Symbol file data-000001DA16F00030 doesn't match image C:\Users\asdf\Desktop\unity\ReactiveTurnBase\My project A\Library\ScriptAssemblies\Unity.TextMeshPro.Editor.dll
Symbol file LoadedFromMemory is not a mono symbol file
Symbol file data-000001DA2156D010 doesn't match image C:\Users\asdf\Desktop\unity\ReactiveTurnBase\My project A\Library\ScriptAssemblies\UniTask.dll
Symbol file LoadedFromMemory is not a mono symbol file
Symbol file data-000001D867E02B50 doesn't match image C:\Users\asdf\Desktop\unity\ReactiveTurnBase\My project A\Library\ScriptAssemblies\Unity.VisualScripting.State.dll
Symbol file LoadedFromMemory is not a mono symbol file
Symbol file data-000001D867E02B50 doesn't match image C:\Users\asdf\Desktop\unity\ReactiveTurnBase\My project A\Library\ScriptAssemblies\Unity.VSCode.Editor.dll
Symbol file LoadedFromMemory is not a mono symbol file
- Loaded All Assemblies, in  0.437 seconds
Native extension for WindowsStandalone target not found
Native extension for Android target not found
Mono: successfully reloaded assembly
- Finished resetting the current domain, in  1.018 seconds
Domain Reload Profiling: 1453ms
	BeginReloadAssembly (143ms)
		ExecutionOrderSort (0ms)
		DisableScriptedObjects (6ms)
		BackupInstance (0ms)
		ReleaseScriptingObjects (0ms)
		CreateAndSetChildDomain (34ms)
	RebuildCommonClasses (26ms)
	RebuildNativeTypeToScriptingClass (8ms)
	initialDomainReloadingComplete (26ms)
	LoadAllAssembliesAndSetupDomain (231ms)
		LoadAssemblies (293ms)
		RebuildTransferFunctionScriptingTraits (0ms)
		AnalyzeDomain (13ms)
			TypeCache.Refresh (4ms)
				TypeCache.ScanAssembly (0ms)
			ScanForSourceGeneratedMonoScriptInfo (0ms)
			ResolveRequiredComponents (7ms)
	FinalizeReload (1019ms)
		ReleaseScriptCaches (0ms)
		RebuildScriptCaches (0ms)
		SetupLoadedEditorAssemblies (576ms)
			LogAssemblyErrors (0ms)
			InitializePlatformSupportModulesInManaged (45ms)
			SetLoadedEditorAssemblies (6ms)
			RefreshPlugins (0ms)
			BeforeProcessingInitializeOnLoad (96ms)
			ProcessInitializeOnLoadAttributes (389ms)
			ProcessInitializeOnLoadMethodAttributes (34ms)
			AfterProcessingInitializeOnLoad (6ms)
			EditorAssembliesLoaded (0ms)
		ExecutionOrderSort2 (0ms)
		AwakeInstancesAfterBackupRestoration (8ms)
Refreshing native plugins compatible for Editor in 4.91 ms, found 3 plugins.
Preloading 0 native plugins for Editor in 0.00 ms.
Unloading 3941 Unused Serialized files (Serialized files now loaded: 0)
Unloading 22 unused Assets / (32.8 KB). Loaded Objects now: 4529.
Memory consumption went from 225.8 MB to 225.7 MB.
Total: 5.956400 ms (FindLiveObjects: 0.701200 ms CreateObjectMapping: 0.534900 ms MarkObjects: 4.662000 ms  DeleteObjects: 0.056700 ms)

Prepare: number of updated asset objects reloaded= 0
AssetImportParameters requested are different than current active one (requested -> active):
  custom:container-demuxer-ogg: 62fdf1f143b41e24485cea50d1cbac27 -> 
  custom:video-decoder-ogg-theora: a1e56fd34408186e4bbccfd4996cb3dc -> 
  custom:framework-win-MediaFoundation: 216162199b28c13a410421893ffa2e32 -> 
  custom:CustomObjectIndexerAttribute: 9a22284fe3817be447336de3de66b15e -> 
  custom:container-demuxer-webm: 4f35f7cbe854078d1ac9338744f61a02 -> 
  custom:container-muxer-webm: aa71ff27fc2769a1b78a27578f13a17b -> 
  custom:video-decoder-webm-vp8: 9c59270c3fd7afecdb556c50c9e8de78 -> 
  custom:SearchIndexIgnoredProperties: e643bd26f0fe6173181afceb89e7c659 -> 
  custom:AudioImporter_EditorPlatform: d09bf68614088b80899f8185d706f6e7 -> 
  custom:video-encoder-webm-vp8: eb34c28f22e8b96e1ab97ce403110664 -> 
  custom:audio-decoder-ogg-vorbis: bf7c407c2cedff20999df2af8eb42d56 -> 
  custom:audio-encoder-webm-vorbis: bf7c407c2cedff20999df2af8eb42d56 -> 
========================================================================
Received Import Request.
  Time since last request: 491.273095 seconds.
  path: Assets/2.Model/Prefabs/Grogbar.prefab
  artifactKey: Guid(7f5e70fe0f1889b4d8fa43e022ebad62) Importer(815301076,1909f56bfc062723c751e8b465ee728b)
Start importing Assets/2.Model/Prefabs/Grogbar.prefab using Guid(7f5e70fe0f1889b4d8fa43e022ebad62) Importer(815301076,1909f56bfc062723c751e8b465ee728b) [PhysX] Initialized MultithreadedTaskDispatcher with 12 workers.
 -> (artifact id: '835489423935b0b3f3c31ae327e9b69a') in 0.023990 seconds
Number of updated asset objects reloaded before import = 0
Number of asset objects unloaded after import = 14
========================================================================
Received Import Request.
  Time since last request: 62.118898 seconds.
  path: Assets/2.Model/Prefabs/Grogbar.prefab
  artifactKey: Guid(7f5e70fe0f1889b4d8fa43e022ebad62) Importer(815301076,1909f56bfc062723c751e8b465ee728b)
Start importing Assets/2.Model/Prefabs/Grogbar.prefab using Guid(7f5e70fe0f1889b4d8fa43e022ebad62) Importer(815301076,1909f56bfc062723c751e8b465ee728b) [PhysX] Initialized MultithreadedTaskDispatcher with 12 workers.
 -> (artifact id: '1e215ee980c521582fb216ae54f197be') in 0.002022 seconds
Number of updated asset objects reloaded before import = 0
Number of asset objects unloaded after import = 14
========================================================================
Received Prepare
Caller must complete domain reload
Begin MonoManager ReloadAssembly
Symbol file data-000001DA17882060 doesn't match image C:\Users\asdf\Desktop\unity\ReactiveTurnBase\My project A\Library\ScriptAssemblies\Unity.EditorCoroutines.Editor.dll
Symbol file LoadedFromMemory is not a mono symbol file
Symbol file data-000001DA21D78020 doesn't match image C:\Users\asdf\Desktop\unity\ReactiveTurnBase\My project A\Library\ScriptAssemblies\UniTask.TextMeshPro.dll
Symbol file LoadedFromMemory is not a mono symbol file
Symbol file data-000001D9F4948F90 doesn't match image C:\Users\asdf\Desktop\unity\ReactiveTurnBase\My project A\Library\ScriptAssemblies\Unity.Timeline.Editor.dll
Symbol file LoadedFromMemory is not a mono symbol file
Symbol file data-000001DA16460010 doesn't match image C:\Users\asdf\Desktop\unity\ReactiveTurnBase\My project A\Library\ScriptAssemblies\Unity.VisualScripting.Shared.Editor.dll
Symbol file LoadedFromMemory is not a mono symbol file
Symbol file data-000001DA16460010 doesn't match image C:\Users\asdf\Desktop\unity\ReactiveTurnBase\My project A\Library\ScriptAssemblies\UniTask.DOTween.dll
Symbol file LoadedFromMemory is not a mono symbol file
Symbol file data-000001DA16460010 doesn't match image C:\Users\asdf\Desktop\unity\ReactiveTurnBase\My project A\Library\ScriptAssemblies\UniTask.Addressables.dll
Symbol file LoadedFromMemory is not a mono symbol file
Symbol file data-000001DA233ED020 doesn't match image C:\Users\asdf\Desktop\unity\ReactiveTurnBase\My project A\Library\ScriptAssemblies\UnityEditor.UI.dll
Symbol file LoadedFromMemory is not a mono symbol file
Symbol file data-000001D9F3F20080 doesn't match image C:\Users\asdf\Desktop\unity\ReactiveTurnBase\My project A\Library\ScriptAssemblies\Unity.VisualScripting.Core.dll
Symbol file LoadedFromMemory is not a mono symbol file
Symbol file data-000001DA203DE010 doesn't match image C:\Users\asdf\Desktop\unity\ReactiveTurnBase\My project A\Library\ScriptAssemblies\UnityEngine.UI.dll
Symbol file LoadedFromMemory is not a mono symbol file
Symbol file data-000001D9F4054750 doesn't match image C:\Users\asdf\Desktop\unity\ReactiveTurnBase\My project A\Library\ScriptAssemblies\UniTask.Editor.dll
Symbol file LoadedFromMemory is not a mono symbol file
Symbol file data-000001DA21191020 doesn't match image C:\Users\asdf\Desktop\unity\ReactiveTurnBase\My project A\Library\ScriptAssemblies\Unity.VisualScripting.Core.Editor.dll
Symbol file LoadedFromMemory is not a mono symbol file
Symbol file data-000001DA216077B0 doesn't match image C:\Users\asdf\Desktop\unity\ReactiveTurnBase\My project A\Library\ScriptAssemblies\UniTask.Linq.dll
Symbol file LoadedFromMemory is not a mono symbol file
Symbol file data-000001DA16AF0040 doesn't match image C:\Users\asdf\Desktop\unity\ReactiveTurnBase\My project A\Library\ScriptAssemblies\Unity.VisualScripting.Flow.dll
Symbol file LoadedFromMemory is not a mono symbol file
Symbol file data-000001DA2109B050 doesn't match image C:\Users\asdf\Desktop\unity\ReactiveTurnBase\My project A\Library\ScriptAssemblies\Unity.VisualScripting.Flow.Editor.dll
Symbol file LoadedFromMemory is not a mono symbol file
Symbol file data-000001DA200B2020 doesn't match image C:\Users\asdf\Desktop\unity\ReactiveTurnBase\My project A\Library\ScriptAssemblies\Unity.Timeline.dll
Symbol file LoadedFromMemory is not a mono symbol file
Symbol file data-000001DA23C99020 doesn't match image C:\Users\asdf\Desktop\unity\ReactiveTurnBase\My project A\Library\ScriptAssemblies\Unity.InputSystem.dll
Symbol file LoadedFromMemory is not a mono symbol file
Symbol file data-000001D9F4054750 doesn't match image C:\Users\asdf\Desktop\unity\ReactiveTurnBase\My project A\Library\ScriptAssemblies\Unity.InputSystem.ForUI.dll
Symbol file LoadedFromMemory is not a mono symbol file
Symbol file data-000001D9F4054750 doesn't match image C:\Users\asdf\Desktop\unity\ReactiveTurnBase\My project A\Library\ScriptAssemblies\Unity.TestTools.CodeCoverage.Editor.OpenCover.Mono.Reflection.dll
Symbol file LoadedFromMemory is not a mono symbol file
Symbol file data-000001D9F491E990 doesn't match image C:\Users\asdf\Desktop\unity\ReactiveTurnBase\My project A\Library\ScriptAssemblies\Unity.VisualScripting.SettingsProvider.Editor.dll
Symbol file LoadedFromMemory is not a mono symbol file
Symbol file data-000001D9F433BDD0 doesn't match image C:\Users\asdf\Desktop\unity\ReactiveTurnBase\My project A\Library\ScriptAssemblies\Unity.Performance.Profile-Analyzer.Editor.dll
Symbol file LoadedFromMemory is not a mono symbol file
Symbol file data-000001D9F35EA470 doesn't match image C:\Users\asdf\Desktop\unity\ReactiveTurnBase\My project A\Library\ScriptAssemblies\Unity.TestTools.CodeCoverage.Editor.dll
Symbol file LoadedFromMemory is not a mono symbol file
Symbol file data-000001DA181EF020 doesn't match image C:\Users\asdf\Desktop\unity\ReactiveTurnBase\My project A\Library\ScriptAssemblies\Unity.TestTools.CodeCoverage.Editor.OpenCover.Model.dll
Symbol file LoadedFromMemory is not a mono symbol file
Symbol file data-000001DA21876010 doesn't match image C:\Users\asdf\Desktop\unity\ReactiveTurnBase\My project A\Library\ScriptAssemblies\Unity.VisualScripting.State.Editor.dll
Symbol file LoadedFromMemory is not a mono symbol file
Symbol file data-000001DA212B4350 doesn't match image C:\Users\asdf\Desktop\unity\ReactiveTurnBase\My project A\Library\ScriptAssemblies\Unity.Settings.Editor.dll
Symbol file LoadedFromMemory is not a mono symbol file
Symbol file data-000001DA181EF020 doesn't match image C:\Users\asdf\Desktop\unity\ReactiveTurnBase\My project A\Library\ScriptAssemblies\Unity.CollabProxy.Editor.dll
Symbol file LoadedFromMemory is not a mono symbol file
Symbol file data-000001DA16AF0040 doesn't match image C:\Users\asdf\Desktop\unity\ReactiveTurnBase\My project A\Library\ScriptAssemblies\Unity.TextMeshPro.dll
Symbol file LoadedFromMemory is not a mono symbol file
Symbol file data-000001DA204C2030 doesn't match image C:\Users\asdf\Desktop\unity\ReactiveTurnBase\My project A\Library\ScriptAssemblies\Unity.TextMeshPro.Editor.dll
Symbol file LoadedFromMemory is not a mono symbol file
Symbol file data-000001DA2156D010 doesn't match image C:\Users\asdf\Desktop\unity\ReactiveTurnBase\My project A\Library\ScriptAssemblies\UniTask.dll
Symbol file LoadedFromMemory is not a mono symbol file
Symbol file data-000001DA181EF020 doesn't match image C:\Users\asdf\Desktop\unity\ReactiveTurnBase\My project A\Library\ScriptAssemblies\Unity.VisualScripting.State.dll
Symbol file LoadedFromMemory is not a mono symbol file
Symbol file data-000001DA181EF020 doesn't match image C:\Users\asdf\Desktop\unity\ReactiveTurnBase\My project A\Library\ScriptAssemblies\Unity.VSCode.Editor.dll
Symbol file LoadedFromMemory is not a mono symbol file
- Loaded All Assemblies, in  0.439 seconds
Native extension for WindowsStandalone target not found
Native extension for Android target not found
Mono: successfully reloaded assembly
- Finished resetting the current domain, in  1.158 seconds
Domain Reload Profiling: 1595ms
	BeginReloadAssembly (139ms)
		ExecutionOrderSort (0ms)
		DisableScriptedObjects (6ms)
		BackupInstance (0ms)
		ReleaseScriptingObjects (0ms)
		CreateAndSetChildDomain (31ms)
	RebuildCommonClasses (25ms)
	RebuildNativeTypeToScriptingClass (8ms)
	initialDomainReloadingComplete (27ms)
	LoadAllAssembliesAndSetupDomain (236ms)
		LoadAssemblies (296ms)
		RebuildTransferFunctionScriptingTraits (0ms)
		AnalyzeDomain (13ms)
			TypeCache.Refresh (5ms)
				TypeCache.ScanAssembly (0ms)
			ScanForSourceGeneratedMonoScriptInfo (0ms)
			ResolveRequiredComponents (7ms)
	FinalizeReload (1158ms)
		ReleaseScriptCaches (0ms)
		RebuildScriptCaches (0ms)
		SetupLoadedEditorAssemblies (614ms)
			LogAssemblyErrors (0ms)
			InitializePlatformSupportModulesInManaged (20ms)
			SetLoadedEditorAssemblies (5ms)
			RefreshPlugins (0ms)
			BeforeProcessingInitializeOnLoad (119ms)
			ProcessInitializeOnLoadAttributes (426ms)
			ProcessInitializeOnLoadMethodAttributes (37ms)
			AfterProcessingInitializeOnLoad (7ms)
			EditorAssembliesLoaded (0ms)
		ExecutionOrderSort2 (0ms)
		AwakeInstancesAfterBackupRestoration (7ms)
Refreshing native plugins compatible for Editor in 5.41 ms, found 3 plugins.
Preloading 0 native plugins for Editor in 0.00 ms.
Unloading 3940 Unused Serialized files (Serialized files now loaded: 0)
Unloading 22 unused Assets / (32.7 KB). Loaded Objects now: 4532.
Memory consumption went from 225.5 MB to 225.5 MB.
Total: 3.801700 ms (FindLiveObjects: 0.276900 ms CreateObjectMapping: 0.225900 ms MarkObjects: 3.192300 ms  DeleteObjects: 0.105500 ms)

Prepare: number of updated asset objects reloaded= 0
AssetImportParameters requested are different than current active one (requested -> active):
  custom:container-demuxer-ogg: 62fdf1f143b41e24485cea50d1cbac27 -> 
  custom:video-decoder-ogg-theora: a1e56fd34408186e4bbccfd4996cb3dc -> 
  custom:framework-win-MediaFoundation: 216162199b28c13a410421893ffa2e32 -> 
  custom:CustomObjectIndexerAttribute: 9a22284fe3817be447336de3de66b15e -> 
  custom:container-demuxer-webm: 4f35f7cbe854078d1ac9338744f61a02 -> 
  custom:container-muxer-webm: aa71ff27fc2769a1b78a27578f13a17b -> 
  custom:video-decoder-webm-vp8: 9c59270c3fd7afecdb556c50c9e8de78 -> 
  custom:SearchIndexIgnoredProperties: e643bd26f0fe6173181afceb89e7c659 -> 
  custom:AudioImporter_EditorPlatform: d09bf68614088b80899f8185d706f6e7 -> 
  custom:video-encoder-webm-vp8: eb34c28f22e8b96e1ab97ce403110664 -> 
  custom:audio-decoder-ogg-vorbis: bf7c407c2cedff20999df2af8eb42d56 -> 
  custom:audio-encoder-webm-vorbis: bf7c407c2cedff20999df2af8eb42d56 -> 
========================================================================
Received Prepare
Caller must complete domain reload
Begin MonoManager ReloadAssembly
Symbol file data-000001DA16460010 doesn't match image C:\Users\asdf\Desktop\unity\ReactiveTurnBase\My project A\Library\ScriptAssemblies\Unity.EditorCoroutines.Editor.dll
Symbol file LoadedFromMemory is not a mono symbol file
Symbol file data-000001D9F491E990 doesn't match image C:\Users\asdf\Desktop\unity\ReactiveTurnBase\My project A\Library\ScriptAssemblies\UniTask.TextMeshPro.dll
Symbol file LoadedFromMemory is not a mono symbol file
Symbol file data-000001D9F4948F90 doesn't match image C:\Users\asdf\Desktop\unity\ReactiveTurnBase\My project A\Library\ScriptAssemblies\Unity.Timeline.Editor.dll
Symbol file LoadedFromMemory is not a mono symbol file
Symbol file data-000001D9F491E990 doesn't match image C:\Users\asdf\Desktop\unity\ReactiveTurnBase\My project A\Library\ScriptAssemblies\Unity.VisualScripting.Shared.Editor.dll
Symbol file LoadedFromMemory is not a mono symbol file
Symbol file data-000001D9F491E990 doesn't match image C:\Users\asdf\Desktop\unity\ReactiveTurnBase\My project A\Library\ScriptAssemblies\UniTask.DOTween.dll
Symbol file LoadedFromMemory is not a mono symbol file
Symbol file data-000001D9F491E990 doesn't match image C:\Users\asdf\Desktop\unity\ReactiveTurnBase\My project A\Library\ScriptAssemblies\UniTask.Addressables.dll
Symbol file LoadedFromMemory is not a mono symbol file
Symbol file data-000001DA237A2070 doesn't match image C:\Users\asdf\Desktop\unity\ReactiveTurnBase\My project A\Library\ScriptAssemblies\UnityEditor.UI.dll
Symbol file LoadedFromMemory is not a mono symbol file
Symbol file data-000001D9F3F20080 doesn't match image C:\Users\asdf\Desktop\unity\ReactiveTurnBase\My project A\Library\ScriptAssemblies\Unity.VisualScripting.Core.dll
Symbol file LoadedFromMemory is not a mono symbol file
Symbol file data-000001DA2334B010 doesn't match image C:\Users\asdf\Desktop\unity\ReactiveTurnBase\My project A\Library\ScriptAssemblies\UnityEngine.UI.dll
Symbol file LoadedFromMemory is not a mono symbol file
Symbol file data-000001DA181EF020 doesn't match image C:\Users\asdf\Desktop\unity\ReactiveTurnBase\My project A\Library\ScriptAssemblies\UniTask.Editor.dll
Symbol file LoadedFromMemory is not a mono symbol file
Symbol file data-000001DA21191020 doesn't match image C:\Users\asdf\Desktop\unity\ReactiveTurnBase\My project A\Library\ScriptAssemblies\Unity.VisualScripting.Core.Editor.dll
Symbol file LoadedFromMemory is not a mono symbol file
Symbol file data-000001DA216077B0 doesn't match image C:\Users\asdf\Desktop\unity\ReactiveTurnBase\My project A\Library\ScriptAssemblies\UniTask.Linq.dll
Symbol file LoadedFromMemory is not a mono symbol file
Symbol file data-000001DA16AF0040 doesn't match image C:\Users\asdf\Desktop\unity\ReactiveTurnBase\My project A\Library\ScriptAssemblies\Unity.VisualScripting.Flow.dll
Symbol file LoadedFromMemory is not a mono symbol file
Symbol file data-000001D9F3FB50E0 doesn't match image C:\Users\asdf\Desktop\unity\ReactiveTurnBase\My project A\Library\ScriptAssemblies\Unity.VisualScripting.Flow.Editor.dll
Symbol file LoadedFromMemory is not a mono symbol file
Symbol file data-000001DA1FD42020 doesn't match image C:\Users\asdf\Desktop\unity\ReactiveTurnBase\My project A\Library\ScriptAssemblies\Unity.Timeline.dll
Symbol file LoadedFromMemory is not a mono symbol file
Symbol file data-000001DA23C99020 doesn't match image C:\Users\asdf\Desktop\unity\ReactiveTurnBase\My project A\Library\ScriptAssemblies\Unity.InputSystem.dll
Symbol file LoadedFromMemory is not a mono symbol file
Symbol file data-000001DA181EF020 doesn't match image C:\Users\asdf\Desktop\unity\ReactiveTurnBase\My project A\Library\ScriptAssemblies\Unity.InputSystem.ForUI.dll
Symbol file LoadedFromMemory is not a mono symbol file
Symbol file data-000001DA181EF020 doesn't match image C:\Users\asdf\Desktop\unity\ReactiveTurnBase\My project A\Library\ScriptAssemblies\Unity.TestTools.CodeCoverage.Editor.OpenCover.Mono.Reflection.dll
Symbol file LoadedFromMemory is not a mono symbol file
Symbol file data-000001DA1FFB4030 doesn't match image C:\Users\asdf\Desktop\unity\ReactiveTurnBase\My project A\Library\ScriptAssemblies\Unity.VisualScripting.SettingsProvider.Editor.dll
Symbol file LoadedFromMemory is not a mono symbol file
Symbol file data-000001D9F433BDD0 doesn't match image C:\Users\asdf\Desktop\unity\ReactiveTurnBase\My project A\Library\ScriptAssemblies\Unity.Performance.Profile-Analyzer.Editor.dll
Symbol file LoadedFromMemory is not a mono symbol file
Symbol file data-000001DA2396B070 doesn't match image C:\Users\asdf\Desktop\unity\ReactiveTurnBase\My project A\Library\ScriptAssemblies\Unity.TestTools.CodeCoverage.Editor.dll
Symbol file LoadedFromMemory is not a mono symbol file
Symbol file data-000001DA21307030 doesn't match image C:\Users\asdf\Desktop\unity\ReactiveTurnBase\My project A\Library\ScriptAssemblies\Unity.TestTools.CodeCoverage.Editor.OpenCover.Model.dll
Symbol file LoadedFromMemory is not a mono symbol file
Symbol file data-000001DA237A2070 doesn't match image C:\Users\asdf\Desktop\unity\ReactiveTurnBase\My project A\Library\ScriptAssemblies\Unity.VisualScripting.State.Editor.dll
Symbol file LoadedFromMemory is not a mono symbol file
Symbol file data-000001DA200C2030 doesn't match image C:\Users\asdf\Desktop\unity\ReactiveTurnBase\My project A\Library\ScriptAssemblies\Unity.Settings.Editor.dll
Symbol file LoadedFromMemory is not a mono symbol file
Symbol file data-000001DA21307030 doesn't match image C:\Users\asdf\Desktop\unity\ReactiveTurnBase\My project A\Library\ScriptAssemblies\Unity.CollabProxy.Editor.dll
Symbol file LoadedFromMemory is not a mono symbol file
Symbol file data-000001DA16AF0040 doesn't match image C:\Users\asdf\Desktop\unity\ReactiveTurnBase\My project A\Library\ScriptAssemblies\Unity.TextMeshPro.dll
Symbol file LoadedFromMemory is not a mono symbol file
Symbol file data-000001DA20DE2010 doesn't match image C:\Users\asdf\Desktop\unity\ReactiveTurnBase\My project A\Library\ScriptAssemblies\Unity.TextMeshPro.Editor.dll
Symbol file LoadedFromMemory is not a mono symbol file
Symbol file data-000001DA2156D010 doesn't match image C:\Users\asdf\Desktop\unity\ReactiveTurnBase\My project A\Library\ScriptAssemblies\UniTask.dll
Symbol file LoadedFromMemory is not a mono symbol file
Symbol file data-000001DA21307030 doesn't match image C:\Users\asdf\Desktop\unity\ReactiveTurnBase\My project A\Library\ScriptAssemblies\Unity.VisualScripting.State.dll
Symbol file LoadedFromMemory is not a mono symbol file
Symbol file data-000001DA21307030 doesn't match image C:\Users\asdf\Desktop\unity\ReactiveTurnBase\My project A\Library\ScriptAssemblies\Unity.VSCode.Editor.dll
Symbol file LoadedFromMemory is not a mono symbol file
- Loaded All Assemblies, in  0.434 seconds
Native extension for WindowsStandalone target not found
Native extension for Android target not found
Mono: successfully reloaded assembly
- Finished resetting the current domain, in  1.129 seconds
Domain Reload Profiling: 1562ms
	BeginReloadAssembly (134ms)
		ExecutionOrderSort (0ms)
		DisableScriptedObjects (6ms)
		BackupInstance (0ms)
		ReleaseScriptingObjects (0ms)
		CreateAndSetChildDomain (31ms)
	RebuildCommonClasses (25ms)
	RebuildNativeTypeToScriptingClass (8ms)
	initialDomainReloadingComplete (27ms)
	LoadAllAssembliesAndSetupDomain (237ms)
		LoadAssemblies (292ms)
		RebuildTransferFunctionScriptingTraits (0ms)
		AnalyzeDomain (13ms)
			TypeCache.Refresh (5ms)
				TypeCache.ScanAssembly (0ms)
			ScanForSourceGeneratedMonoScriptInfo (0ms)
			ResolveRequiredComponents (7ms)
	FinalizeReload (1130ms)
		ReleaseScriptCaches (0ms)
		RebuildScriptCaches (0ms)
		SetupLoadedEditorAssemblies (624ms)
			LogAssemblyErrors (0ms)
			InitializePlatformSupportModulesInManaged (21ms)
			SetLoadedEditorAssemblies (4ms)
			RefreshPlugins (0ms)
			BeforeProcessingInitializeOnLoad (115ms)
			ProcessInitializeOnLoadAttributes (439ms)
			ProcessInitializeOnLoadMethodAttributes (37ms)
			AfterProcessingInitializeOnLoad (8ms)
			EditorAssembliesLoaded (0ms)
		ExecutionOrderSort2 (0ms)
		AwakeInstancesAfterBackupRestoration (7ms)
Refreshing native plugins compatible for Editor in 5.22 ms, found 3 plugins.
Preloading 0 native plugins for Editor in 0.00 ms.
Unloading 3941 Unused Serialized files (Serialized files now loaded: 0)
Unloading 22 unused Assets / (32.8 KB). Loaded Objects now: 4535.
Memory consumption went from 225.8 MB to 225.8 MB.
Total: 3.965900 ms (FindLiveObjects: 0.670500 ms CreateObjectMapping: 0.235900 ms MarkObjects: 2.974300 ms  DeleteObjects: 0.083200 ms)

Prepare: number of updated asset objects reloaded= 0
AssetImportParameters requested are different than current active one (requested -> active):
  custom:container-demuxer-ogg: 62fdf1f143b41e24485cea50d1cbac27 -> 
  custom:video-decoder-ogg-theora: a1e56fd34408186e4bbccfd4996cb3dc -> 
  custom:framework-win-MediaFoundation: 216162199b28c13a410421893ffa2e32 -> 
  custom:CustomObjectIndexerAttribute: 9a22284fe3817be447336de3de66b15e -> 
  custom:container-demuxer-webm: 4f35f7cbe854078d1ac9338744f61a02 -> 
  custom:container-muxer-webm: aa71ff27fc2769a1b78a27578f13a17b -> 
  custom:video-decoder-webm-vp8: 9c59270c3fd7afecdb556c50c9e8de78 -> 
  custom:SearchIndexIgnoredProperties: e643bd26f0fe6173181afceb89e7c659 -> 
  custom:AudioImporter_EditorPlatform: d09bf68614088b80899f8185d706f6e7 -> 
  custom:video-encoder-webm-vp8: eb34c28f22e8b96e1ab97ce403110664 -> 
  custom:audio-decoder-ogg-vorbis: bf7c407c2cedff20999df2af8eb42d56 -> 
  custom:audio-encoder-webm-vorbis: bf7c407c2cedff20999df2af8eb42d56 -> 
========================================================================
Received Prepare
Caller must complete domain reload
Begin MonoManager ReloadAssembly
Symbol file data-000001DA21D78020 doesn't match image C:\Users\asdf\Desktop\unity\ReactiveTurnBase\My project A\Library\ScriptAssemblies\Unity.EditorCoroutines.Editor.dll
Symbol file LoadedFromMemory is not a mono symbol file
Symbol file data-000001DA16460010 doesn't match image C:\Users\asdf\Desktop\unity\ReactiveTurnBase\My project A\Library\ScriptAssemblies\UniTask.TextMeshPro.dll
Symbol file LoadedFromMemory is not a mono symbol file
Symbol file data-000001D9F4948F90 doesn't match image C:\Users\asdf\Desktop\unity\ReactiveTurnBase\My project A\Library\ScriptAssemblies\Unity.Timeline.Editor.dll
Symbol file LoadedFromMemory is not a mono symbol file
Symbol file data-000001DA16460010 doesn't match image C:\Users\asdf\Desktop\unity\ReactiveTurnBase\My project A\Library\ScriptAssemblies\Unity.VisualScripting.Shared.Editor.dll
Symbol file LoadedFromMemory is not a mono symbol file
Symbol file data-000001DA16460010 doesn't match image C:\Users\asdf\Desktop\unity\ReactiveTurnBase\My project A\Library\ScriptAssemblies\UniTask.DOTween.dll
Symbol file LoadedFromMemory is not a mono symbol file
Symbol file data-000001DA16460010 doesn't match image C:\Users\asdf\Desktop\unity\ReactiveTurnBase\My project A\Library\ScriptAssemblies\UniTask.Addressables.dll
Symbol file LoadedFromMemory is not a mono symbol file
Symbol file data-000001DA233ED020 doesn't match image C:\Users\asdf\Desktop\unity\ReactiveTurnBase\My project A\Library\ScriptAssemblies\UnityEditor.UI.dll
Symbol file LoadedFromMemory is not a mono symbol file
Symbol file data-000001D9F3F20080 doesn't match image C:\Users\asdf\Desktop\unity\ReactiveTurnBase\My project A\Library\ScriptAssemblies\Unity.VisualScripting.Core.dll
Symbol file LoadedFromMemory is not a mono symbol file
Symbol file data-000001DA2334B010 doesn't match image C:\Users\asdf\Desktop\unity\ReactiveTurnBase\My project A\Library\ScriptAssemblies\UnityEngine.UI.dll
Symbol file LoadedFromMemory is not a mono symbol file
Symbol file data-000001D9F491E990 doesn't match image C:\Users\asdf\Desktop\unity\ReactiveTurnBase\My project A\Library\ScriptAssemblies\UniTask.Editor.dll
Symbol file LoadedFromMemory is not a mono symbol file
Symbol file data-000001DA21191020 doesn't match image C:\Users\asdf\Desktop\unity\ReactiveTurnBase\My project A\Library\ScriptAssemblies\Unity.VisualScripting.Core.Editor.dll
Symbol file LoadedFromMemory is not a mono symbol file
Symbol file data-000001DA216077B0 doesn't match image C:\Users\asdf\Desktop\unity\ReactiveTurnBase\My project A\Library\ScriptAssemblies\UniTask.Linq.dll
Symbol file LoadedFromMemory is not a mono symbol file
Symbol file data-000001DA16AF0040 doesn't match image C:\Users\asdf\Desktop\unity\ReactiveTurnBase\My project A\Library\ScriptAssemblies\Unity.VisualScripting.Flow.dll
Symbol file LoadedFromMemory is not a mono symbol file
Symbol file data-000001D9F3FB50E0 doesn't match image C:\Users\asdf\Desktop\unity\ReactiveTurnBase\My project A\Library\ScriptAssemblies\Unity.VisualScripting.Flow.Editor.dll
Symbol file LoadedFromMemory is not a mono symbol file
Symbol file data-000001DA200B2020 doesn't match image C:\Users\asdf\Desktop\unity\ReactiveTurnBase\My project A\Library\ScriptAssemblies\Unity.Timeline.dll
Symbol file LoadedFromMemory is not a mono symbol file
Symbol file data-000001DA23C99020 doesn't match image C:\Users\asdf\Desktop\unity\ReactiveTurnBase\My project A\Library\ScriptAssemblies\Unity.InputSystem.dll
Symbol file LoadedFromMemory is not a mono symbol file
Symbol file data-000001D9F491E990 doesn't match image C:\Users\asdf\Desktop\unity\ReactiveTurnBase\My project A\Library\ScriptAssemblies\Unity.InputSystem.ForUI.dll
Symbol file LoadedFromMemory is not a mono symbol file
Symbol file data-000001D9F491E990 doesn't match image C:\Users\asdf\Desktop\unity\ReactiveTurnBase\My project A\Library\ScriptAssemblies\Unity.TestTools.CodeCoverage.Editor.OpenCover.Mono.Reflection.dll
Symbol file LoadedFromMemory is not a mono symbol file
Symbol file data-000001DA21825040 doesn't match image C:\Users\asdf\Desktop\unity\ReactiveTurnBase\My project A\Library\ScriptAssemblies\Unity.VisualScripting.SettingsProvider.Editor.dll
Symbol file LoadedFromMemory is not a mono symbol file
Symbol file data-000001D9F433BDD0 doesn't match image C:\Users\asdf\Desktop\unity\ReactiveTurnBase\My project A\Library\ScriptAssemblies\Unity.Performance.Profile-Analyzer.Editor.dll
Symbol file LoadedFromMemory is not a mono symbol file
Symbol file data-000001D9F35EA470 doesn't match image C:\Users\asdf\Desktop\unity\ReactiveTurnBase\My project A\Library\ScriptAssemblies\Unity.TestTools.CodeCoverage.Editor.dll
Symbol file LoadedFromMemory is not a mono symbol file
Symbol file data-000001DA23B01030 doesn't match image C:\Users\asdf\Desktop\unity\ReactiveTurnBase\My project A\Library\ScriptAssemblies\Unity.TestTools.CodeCoverage.Editor.OpenCover.Model.dll
Symbol file LoadedFromMemory is not a mono symbol file
Symbol file data-000001DA233ED020 doesn't match image C:\Users\asdf\Desktop\unity\ReactiveTurnBase\My project A\Library\ScriptAssemblies\Unity.VisualScripting.State.Editor.dll
Symbol file LoadedFromMemory is not a mono symbol file
Symbol file data-000001DA16665050 doesn't match image C:\Users\asdf\Desktop\unity\ReactiveTurnBase\My project A\Library\ScriptAssemblies\Unity.Settings.Editor.dll
Symbol file LoadedFromMemory is not a mono symbol file
Symbol file data-000001DA23B01030 doesn't match image C:\Users\asdf\Desktop\unity\ReactiveTurnBase\My project A\Library\ScriptAssemblies\Unity.CollabProxy.Editor.dll
Symbol file LoadedFromMemory is not a mono symbol file
Symbol file data-000001DA16AF0040 doesn't match image C:\Users\asdf\Desktop\unity\ReactiveTurnBase\My project A\Library\ScriptAssemblies\Unity.TextMeshPro.dll
Symbol file LoadedFromMemory is not a mono symbol file
Symbol file data-000001DA16F00030 doesn't match image C:\Users\asdf\Desktop\unity\ReactiveTurnBase\My project A\Library\ScriptAssemblies\Unity.TextMeshPro.Editor.dll
Symbol file LoadedFromMemory is not a mono symbol file
Symbol file data-000001DA2156D010 doesn't match image C:\Users\asdf\Desktop\unity\ReactiveTurnBase\My project A\Library\ScriptAssemblies\UniTask.dll
Symbol file LoadedFromMemory is not a mono symbol file
Symbol file data-000001DA23B01030 doesn't match image C:\Users\asdf\Desktop\unity\ReactiveTurnBase\My project A\Library\ScriptAssemblies\Unity.VisualScripting.State.dll
Symbol file LoadedFromMemory is not a mono symbol file
Symbol file data-000001DA23B01030 doesn't match image C:\Users\asdf\Desktop\unity\ReactiveTurnBase\My project A\Library\ScriptAssemblies\Unity.VSCode.Editor.dll
Symbol file LoadedFromMemory is not a mono symbol file
- Loaded All Assemblies, in  0.433 seconds
Native extension for WindowsStandalone target not found
Native extension for Android target not found
Mono: successfully reloaded assembly
- Finished resetting the current domain, in  1.075 seconds
Domain Reload Profiling: 1507ms
	BeginReloadAssembly (138ms)
		ExecutionOrderSort (0ms)
		DisableScriptedObjects (6ms)
		BackupInstance (0ms)
		ReleaseScriptingObjects (0ms)
		CreateAndSetChildDomain (30ms)
	RebuildCommonClasses (26ms)
	RebuildNativeTypeToScriptingClass (9ms)
	initialDomainReloadingComplete (27ms)
	LoadAllAssembliesAndSetupDomain (231ms)
		LoadAssemblies (285ms)
		RebuildTransferFunctionScriptingTraits (0ms)
		AnalyzeDomain (18ms)
			TypeCache.Refresh (5ms)
				TypeCache.ScanAssembly (0ms)
			ScanForSourceGeneratedMonoScriptInfo (0ms)
			ResolveRequiredComponents (10ms)
	FinalizeReload (1076ms)
		ReleaseScriptCaches (0ms)
		RebuildScriptCaches (0ms)
		SetupLoadedEditorAssemblies (610ms)
			LogAssemblyErrors (0ms)
			InitializePlatformSupportModulesInManaged (17ms)
			SetLoadedEditorAssemblies (4ms)
			RefreshPlugins (0ms)
			BeforeProcessingInitializeOnLoad (94ms)
			ProcessInitializeOnLoadAttributes (450ms)
			ProcessInitializeOnLoadMethodAttributes (37ms)
			AfterProcessingInitializeOnLoad (7ms)
			EditorAssembliesLoaded (0ms)
		ExecutionOrderSort2 (0ms)
		AwakeInstancesAfterBackupRestoration (7ms)
Refreshing native plugins compatible for Editor in 5.62 ms, found 3 plugins.
Preloading 0 native plugins for Editor in 0.00 ms.
Unloading 3941 Unused Serialized files (Serialized files now loaded: 0)
Unloading 22 unused Assets / (32.8 KB). Loaded Objects now: 4538.
Memory consumption went from 225.8 MB to 225.8 MB.
Total: 6.310400 ms (FindLiveObjects: 0.860300 ms CreateObjectMapping: 0.581400 ms MarkObjects: 4.817200 ms  DeleteObjects: 0.050500 ms)

Prepare: number of updated asset objects reloaded= 0
AssetImportParameters requested are different than current active one (requested -> active):
  custom:container-demuxer-ogg: 62fdf1f143b41e24485cea50d1cbac27 -> 
  custom:video-decoder-ogg-theora: a1e56fd34408186e4bbccfd4996cb3dc -> 
  custom:framework-win-MediaFoundation: 216162199b28c13a410421893ffa2e32 -> 
  custom:CustomObjectIndexerAttribute: 9a22284fe3817be447336de3de66b15e -> 
  custom:container-demuxer-webm: 4f35f7cbe854078d1ac9338744f61a02 -> 
  custom:container-muxer-webm: aa71ff27fc2769a1b78a27578f13a17b -> 
  custom:video-decoder-webm-vp8: 9c59270c3fd7afecdb556c50c9e8de78 -> 
  custom:SearchIndexIgnoredProperties: e643bd26f0fe6173181afceb89e7c659 -> 
  custom:AudioImporter_EditorPlatform: d09bf68614088b80899f8185d706f6e7 -> 
  custom:video-encoder-webm-vp8: eb34c28f22e8b96e1ab97ce403110664 -> 
  custom:audio-decoder-ogg-vorbis: bf7c407c2cedff20999df2af8eb42d56 -> 
  custom:audio-encoder-webm-vorbis: bf7c407c2cedff20999df2af8eb42d56 -> 
========================================================================
Received Prepare
Caller must complete domain reload
Begin MonoManager ReloadAssembly
Symbol file data-000001D9F47B2A50 doesn't match image C:\Users\asdf\Desktop\unity\ReactiveTurnBase\My project A\Library\ScriptAssemblies\Unity.EditorCoroutines.Editor.dll
Symbol file LoadedFromMemory is not a mono symbol file
Symbol file data-000001DA1FF04010 doesn't match image C:\Users\asdf\Desktop\unity\ReactiveTurnBase\My project A\Library\ScriptAssemblies\UniTask.TextMeshPro.dll
Symbol file LoadedFromMemory is not a mono symbol file
Symbol file data-000001D9F4948F90 doesn't match image C:\Users\asdf\Desktop\unity\ReactiveTurnBase\My project A\Library\ScriptAssemblies\Unity.Timeline.Editor.dll
Symbol file LoadedFromMemory is not a mono symbol file
Symbol file data-000001DA16460010 doesn't match image C:\Users\asdf\Desktop\unity\ReactiveTurnBase\My project A\Library\ScriptAssemblies\Unity.VisualScripting.Shared.Editor.dll
Symbol file LoadedFromMemory is not a mono symbol file
Symbol file data-000001DA16460010 doesn't match image C:\Users\asdf\Desktop\unity\ReactiveTurnBase\My project A\Library\ScriptAssemblies\UniTask.DOTween.dll
Symbol file LoadedFromMemory is not a mono symbol file
Symbol file data-000001DA16460010 doesn't match image C:\Users\asdf\Desktop\unity\ReactiveTurnBase\My project A\Library\ScriptAssemblies\UniTask.Addressables.dll
Symbol file LoadedFromMemory is not a mono symbol file
Symbol file data-000001DA237A2070 doesn't match image C:\Users\asdf\Desktop\unity\ReactiveTurnBase\My project A\Library\ScriptAssemblies\UnityEditor.UI.dll
Symbol file LoadedFromMemory is not a mono symbol file
Symbol file data-000001D9F3F20080 doesn't match image C:\Users\asdf\Desktop\unity\ReactiveTurnBase\My project A\Library\ScriptAssemblies\Unity.VisualScripting.Core.dll
Symbol file LoadedFromMemory is not a mono symbol file
Symbol file data-000001DA203DE010 doesn't match image C:\Users\asdf\Desktop\unity\ReactiveTurnBase\My project A\Library\ScriptAssemblies\UnityEngine.UI.dll
Symbol file LoadedFromMemory is not a mono symbol file
Symbol file data-000001D9F491E990 doesn't match image C:\Users\asdf\Desktop\unity\ReactiveTurnBase\My project A\Library\ScriptAssemblies\UniTask.Editor.dll
Symbol file LoadedFromMemory is not a mono symbol file
Symbol file data-000001DA21191020 doesn't match image C:\Users\asdf\Desktop\unity\ReactiveTurnBase\My project A\Library\ScriptAssemblies\Unity.VisualScripting.Core.Editor.dll
Symbol file LoadedFromMemory is not a mono symbol file
Symbol file data-000001DA216077B0 doesn't match image C:\Users\asdf\Desktop\unity\ReactiveTurnBase\My project A\Library\ScriptAssemblies\UniTask.Linq.dll
Symbol file LoadedFromMemory is not a mono symbol file
Symbol file data-000001DA16AF0040 doesn't match image C:\Users\asdf\Desktop\unity\ReactiveTurnBase\My project A\Library\ScriptAssemblies\Unity.VisualScripting.Flow.dll
Symbol file LoadedFromMemory is not a mono symbol file
Symbol file data-000001D9F3FB50E0 doesn't match image C:\Users\asdf\Desktop\unity\ReactiveTurnBase\My project A\Library\ScriptAssemblies\Unity.VisualScripting.Flow.Editor.dll
Symbol file LoadedFromMemory is not a mono symbol file
Symbol file data-000001DA200B2020 doesn't match image C:\Users\asdf\Desktop\unity\ReactiveTurnBase\My project A\Library\ScriptAssemblies\Unity.Timeline.dll
Symbol file LoadedFromMemory is not a mono symbol file
Symbol file data-000001DA23C99020 doesn't match image C:\Users\asdf\Desktop\unity\ReactiveTurnBase\My project A\Library\ScriptAssemblies\Unity.InputSystem.dll
Symbol file LoadedFromMemory is not a mono symbol file
Symbol file data-000001D9F491E990 doesn't match image C:\Users\asdf\Desktop\unity\ReactiveTurnBase\My project A\Library\ScriptAssemblies\Unity.InputSystem.ForUI.dll
Symbol file LoadedFromMemory is not a mono symbol file
Symbol file data-000001D9F491E990 doesn't match image C:\Users\asdf\Desktop\unity\ReactiveTurnBase\My project A\Library\ScriptAssemblies\Unity.TestTools.CodeCoverage.Editor.OpenCover.Mono.Reflection.dll
Symbol file LoadedFromMemory is not a mono symbol file
Symbol file data-000001DA21825040 doesn't match image C:\Users\asdf\Desktop\unity\ReactiveTurnBase\My project A\Library\ScriptAssemblies\Unity.VisualScripting.SettingsProvider.Editor.dll
Symbol file LoadedFromMemory is not a mono symbol file
Symbol file data-000001D9F433BDD0 doesn't match image C:\Users\asdf\Desktop\unity\ReactiveTurnBase\My project A\Library\ScriptAssemblies\Unity.Performance.Profile-Analyzer.Editor.dll
Symbol file LoadedFromMemory is not a mono symbol file
Symbol file data-000001DA2396B070 doesn't match image C:\Users\asdf\Desktop\unity\ReactiveTurnBase\My project A\Library\ScriptAssemblies\Unity.TestTools.CodeCoverage.Editor.dll
Symbol file LoadedFromMemory is not a mono symbol file
Symbol file data-000001DA21307030 doesn't match image C:\Users\asdf\Desktop\unity\ReactiveTurnBase\My project A\Library\ScriptAssemblies\Unity.TestTools.CodeCoverage.Editor.OpenCover.Model.dll
Symbol file LoadedFromMemory is not a mono symbol file
Symbol file data-000001DA237A2070 doesn't match image C:\Users\asdf\Desktop\unity\ReactiveTurnBase\My project A\Library\ScriptAssemblies\Unity.VisualScripting.State.Editor.dll
Symbol file LoadedFromMemory is not a mono symbol file
Symbol file data-000001DA212B4350 doesn't match image C:\Users\asdf\Desktop\unity\ReactiveTurnBase\My project A\Library\ScriptAssemblies\Unity.Settings.Editor.dll
Symbol file LoadedFromMemory is not a mono symbol file
Symbol file data-000001DA21307030 doesn't match image C:\Users\asdf\Desktop\unity\ReactiveTurnBase\My project A\Library\ScriptAssemblies\Unity.CollabProxy.Editor.dll
Symbol file LoadedFromMemory is not a mono symbol file
Symbol file data-000001DA16AF0040 doesn't match image C:\Users\asdf\Desktop\unity\ReactiveTurnBase\My project A\Library\ScriptAssemblies\Unity.TextMeshPro.dll
Symbol file LoadedFromMemory is not a mono symbol file
Symbol file data-000001DA204C2010 doesn't match image C:\Users\asdf\Desktop\unity\ReactiveTurnBase\My project A\Library\ScriptAssemblies\Unity.TextMeshPro.Editor.dll
Symbol file LoadedFromMemory is not a mono symbol file
Symbol file data-000001DA2156D010 doesn't match image C:\Users\asdf\Desktop\unity\ReactiveTurnBase\My project A\Library\ScriptAssemblies\UniTask.dll
Symbol file LoadedFromMemory is not a mono symbol file
Symbol file data-000001DA21307030 doesn't match image C:\Users\asdf\Desktop\unity\ReactiveTurnBase\My project A\Library\ScriptAssemblies\Unity.VisualScripting.State.dll
Symbol file LoadedFromMemory is not a mono symbol file
Symbol file data-000001DA21307030 doesn't match image C:\Users\asdf\Desktop\unity\ReactiveTurnBase\My project A\Library\ScriptAssemblies\Unity.VSCode.Editor.dll
Symbol file LoadedFromMemory is not a mono symbol file
- Loaded All Assemblies, in  0.478 seconds
Native extension for WindowsStandalone target not found
Native extension for Android target not found
Mono: successfully reloaded assembly
- Finished resetting the current domain, in  0.926 seconds
Domain Reload Profiling: 1402ms
	BeginReloadAssembly (149ms)
		ExecutionOrderSort (0ms)
		DisableScriptedObjects (6ms)
		BackupInstance (0ms)
		ReleaseScriptingObjects (0ms)
		CreateAndSetChildDomain (32ms)
	RebuildCommonClasses (31ms)
	RebuildNativeTypeToScriptingClass (12ms)
	initialDomainReloadingComplete (26ms)
	LoadAllAssembliesAndSetupDomain (257ms)
		LoadAssemblies (304ms)
		RebuildTransferFunctionScriptingTraits (0ms)
		AnalyzeDomain (35ms)
			TypeCache.Refresh (9ms)
				TypeCache.ScanAssembly (2ms)
			ScanForSourceGeneratedMonoScriptInfo (15ms)
			ResolveRequiredComponents (9ms)
	FinalizeReload (927ms)
		ReleaseScriptCaches (0ms)
		RebuildScriptCaches (0ms)
		SetupLoadedEditorAssemblies (486ms)
			LogAssemblyErrors (0ms)
			InitializePlatformSupportModulesInManaged (16ms)
			SetLoadedEditorAssemblies (4ms)
			RefreshPlugins (0ms)
			BeforeProcessingInitializeOnLoad (85ms)
			ProcessInitializeOnLoadAttributes (346ms)
			ProcessInitializeOnLoadMethodAttributes (30ms)
			AfterProcessingInitializeOnLoad (6ms)
			EditorAssembliesLoaded (0ms)
		ExecutionOrderSort2 (0ms)
		AwakeInstancesAfterBackupRestoration (5ms)
Refreshing native plugins compatible for Editor in 3.79 ms, found 3 plugins.
Preloading 0 native plugins for Editor in 0.00 ms.
Unloading 3941 Unused Serialized files (Serialized files now loaded: 0)
Unloading 22 unused Assets / (32.8 KB). Loaded Objects now: 4541.
Memory consumption went from 225.8 MB to 225.8 MB.
Total: 3.048000 ms (FindLiveObjects: 0.266200 ms CreateObjectMapping: 0.214200 ms MarkObjects: 2.522500 ms  DeleteObjects: 0.044500 ms)

Prepare: number of updated asset objects reloaded= 0
AssetImportParameters requested are different than current active one (requested -> active):
  custom:container-demuxer-ogg: 62fdf1f143b41e24485cea50d1cbac27 -> 
  custom:video-decoder-ogg-theora: a1e56fd34408186e4bbccfd4996cb3dc -> 
  custom:framework-win-MediaFoundation: 216162199b28c13a410421893ffa2e32 -> 
  custom:CustomObjectIndexerAttribute: 9a22284fe3817be447336de3de66b15e -> 
  custom:container-demuxer-webm: 4f35f7cbe854078d1ac9338744f61a02 -> 
  custom:container-muxer-webm: aa71ff27fc2769a1b78a27578f13a17b -> 
  custom:video-decoder-webm-vp8: 9c59270c3fd7afecdb556c50c9e8de78 -> 
  custom:SearchIndexIgnoredProperties: e643bd26f0fe6173181afceb89e7c659 -> 
  custom:AudioImporter_EditorPlatform: d09bf68614088b80899f8185d706f6e7 -> 
  custom:video-encoder-webm-vp8: eb34c28f22e8b96e1ab97ce403110664 -> 
  custom:audio-decoder-ogg-vorbis: bf7c407c2cedff20999df2af8eb42d56 -> 
  custom:audio-encoder-webm-vorbis: bf7c407c2cedff20999df2af8eb42d56 -> 
========================================================================
Received Prepare
Caller must complete domain reload
Begin MonoManager ReloadAssembly
Symbol file data-000001DA166AD450 doesn't match image C:\Users\asdf\Desktop\unity\ReactiveTurnBase\My project A\Library\ScriptAssemblies\Unity.EditorCoroutines.Editor.dll
Symbol file LoadedFromMemory is not a mono symbol file
Symbol file data-000001DA166AD450 doesn't match image C:\Users\asdf\Desktop\unity\ReactiveTurnBase\My project A\Library\ScriptAssemblies\UniTask.TextMeshPro.dll
Symbol file LoadedFromMemory is not a mono symbol file
Symbol file data-000001D9F4948F90 doesn't match image C:\Users\asdf\Desktop\unity\ReactiveTurnBase\My project A\Library\ScriptAssemblies\Unity.Timeline.Editor.dll
Symbol file LoadedFromMemory is not a mono symbol file
Symbol file data-000001DA166AD450 doesn't match image C:\Users\asdf\Desktop\unity\ReactiveTurnBase\My project A\Library\ScriptAssemblies\Unity.VisualScripting.Shared.Editor.dll
Symbol file LoadedFromMemory is not a mono symbol file
Symbol file data-000001DA16DEE040 doesn't match image C:\Users\asdf\Desktop\unity\ReactiveTurnBase\My project A\Library\ScriptAssemblies\UniTask.DOTween.dll
Symbol file LoadedFromMemory is not a mono symbol file
Symbol file data-000001DA16DEE040 doesn't match image C:\Users\asdf\Desktop\unity\ReactiveTurnBase\My project A\Library\ScriptAssemblies\UniTask.Addressables.dll
Symbol file LoadedFromMemory is not a mono symbol file
Symbol file data-000001DA237A2070 doesn't match image C:\Users\asdf\Desktop\unity\ReactiveTurnBase\My project A\Library\ScriptAssemblies\UnityEditor.UI.dll
Symbol file LoadedFromMemory is not a mono symbol file
Symbol file data-000001D9F3F20080 doesn't match image C:\Users\asdf\Desktop\unity\ReactiveTurnBase\My project A\Library\ScriptAssemblies\Unity.VisualScripting.Core.dll
Symbol file LoadedFromMemory is not a mono symbol file
Symbol file data-000001DA203DE010 doesn't match image C:\Users\asdf\Desktop\unity\ReactiveTurnBase\My project A\Library\ScriptAssemblies\UnityEngine.UI.dll
Symbol file LoadedFromMemory is not a mono symbol file
Symbol file data-000001DA166AD450 doesn't match image C:\Users\asdf\Desktop\unity\ReactiveTurnBase\My project A\Library\ScriptAssemblies\UniTask.Editor.dll
Symbol file LoadedFromMemory is not a mono symbol file
Symbol file data-000001DA21191020 doesn't match image C:\Users\asdf\Desktop\unity\ReactiveTurnBase\My project A\Library\ScriptAssemblies\Unity.VisualScripting.Core.Editor.dll
Symbol file LoadedFromMemory is not a mono symbol file
Symbol file data-000001DA216077B0 doesn't match image C:\Users\asdf\Desktop\unity\ReactiveTurnBase\My project A\Library\ScriptAssemblies\UniTask.Linq.dll
Symbol file LoadedFromMemory is not a mono symbol file
Symbol file data-000001DA16AF0040 doesn't match image C:\Users\asdf\Desktop\unity\ReactiveTurnBase\My project A\Library\ScriptAssemblies\Unity.VisualScripting.Flow.dll
Symbol file LoadedFromMemory is not a mono symbol file
Symbol file data-000001D9F3FB50E0 doesn't match image C:\Users\asdf\Desktop\unity\ReactiveTurnBase\My project A\Library\ScriptAssemblies\Unity.VisualScripting.Flow.Editor.dll
Symbol file LoadedFromMemory is not a mono symbol file
Symbol file data-000001DA1FD42020 doesn't match image C:\Users\asdf\Desktop\unity\ReactiveTurnBase\My project A\Library\ScriptAssemblies\Unity.Timeline.dll
Symbol file LoadedFromMemory is not a mono symbol file
Symbol file data-000001DA23C99020 doesn't match image C:\Users\asdf\Desktop\unity\ReactiveTurnBase\My project A\Library\ScriptAssemblies\Unity.InputSystem.dll
Symbol file LoadedFromMemory is not a mono symbol file
Symbol file data-000001DA166AD450 doesn't match image C:\Users\asdf\Desktop\unity\ReactiveTurnBase\My project A\Library\ScriptAssemblies\Unity.InputSystem.ForUI.dll
Symbol file LoadedFromMemory is not a mono symbol file
Symbol file data-000001DA166AD450 doesn't match image C:\Users\asdf\Desktop\unity\ReactiveTurnBase\My project A\Library\ScriptAssemblies\Unity.TestTools.CodeCoverage.Editor.OpenCover.Mono.Reflection.dll
Symbol file LoadedFromMemory is not a mono symbol file
Symbol file data-000001DA1FF04010 doesn't match image C:\Users\asdf\Desktop\unity\ReactiveTurnBase\My project A\Library\ScriptAssemblies\Unity.VisualScripting.SettingsProvider.Editor.dll
Symbol file LoadedFromMemory is not a mono symbol file
Symbol file data-000001DA2327C020 doesn't match image C:\Users\asdf\Desktop\unity\ReactiveTurnBase\My project A\Library\ScriptAssemblies\Unity.Performance.Profile-Analyzer.Editor.dll
Symbol file LoadedFromMemory is not a mono symbol file
Symbol file data-000001D9F4C57070 doesn't match image C:\Users\asdf\Desktop\unity\ReactiveTurnBase\My project A\Library\ScriptAssemblies\Unity.TestTools.CodeCoverage.Editor.dll
Symbol file LoadedFromMemory is not a mono symbol file
Symbol file data-000001D9F491E990 doesn't match image C:\Users\asdf\Desktop\unity\ReactiveTurnBase\My project A\Library\ScriptAssemblies\Unity.TestTools.CodeCoverage.Editor.OpenCover.Model.dll
Symbol file LoadedFromMemory is not a mono symbol file
Symbol file data-000001DA16AD3030 doesn't match image C:\Users\asdf\Desktop\unity\ReactiveTurnBase\My project A\Library\ScriptAssemblies\Unity.VisualScripting.State.Editor.dll
Symbol file LoadedFromMemory is not a mono symbol file
Symbol file data-000001D9F48C8040 doesn't match image C:\Users\asdf\Desktop\unity\ReactiveTurnBase\My project A\Library\ScriptAssemblies\Unity.Settings.Editor.dll
Symbol file LoadedFromMemory is not a mono symbol file
Symbol file data-000001D9F491E990 doesn't match image C:\Users\asdf\Desktop\unity\ReactiveTurnBase\My project A\Library\ScriptAssemblies\Unity.CollabProxy.Editor.dll
Symbol file LoadedFromMemory is not a mono symbol file
Symbol file data-000001DA16AF0040 doesn't match image C:\Users\asdf\Desktop\unity\ReactiveTurnBase\My project A\Library\ScriptAssemblies\Unity.TextMeshPro.dll
Symbol file LoadedFromMemory is not a mono symbol file
Symbol file data-000001DA204C2010 doesn't match image C:\Users\asdf\Desktop\unity\ReactiveTurnBase\My project A\Library\ScriptAssemblies\Unity.TextMeshPro.Editor.dll
Symbol file LoadedFromMemory is not a mono symbol file
Symbol file data-000001DA20B1E020 doesn't match image C:\Users\asdf\Desktop\unity\ReactiveTurnBase\My project A\Library\ScriptAssemblies\UniTask.dll
Symbol file LoadedFromMemory is not a mono symbol file
Symbol file data-000001D9F491E990 doesn't match image C:\Users\asdf\Desktop\unity\ReactiveTurnBase\My project A\Library\ScriptAssemblies\Unity.VisualScripting.State.dll
Symbol file LoadedFromMemory is not a mono symbol file
Symbol file data-000001D9F491E990 doesn't match image C:\Users\asdf\Desktop\unity\ReactiveTurnBase\My project A\Library\ScriptAssemblies\Unity.VSCode.Editor.dll
Symbol file LoadedFromMemory is not a mono symbol file
- Loaded All Assemblies, in  0.437 seconds
Native extension for WindowsStandalone target not found
Native extension for Android target not found
Mono: successfully reloaded assembly
- Finished resetting the current domain, in  1.069 seconds
Domain Reload Profiling: 1504ms
	BeginReloadAssembly (138ms)
		ExecutionOrderSort (0ms)
		DisableScriptedObjects (6ms)
		BackupInstance (0ms)
		ReleaseScriptingObjects (0ms)
		CreateAndSetChildDomain (31ms)
	RebuildCommonClasses (28ms)
	RebuildNativeTypeToScriptingClass (8ms)
	initialDomainReloadingComplete (26ms)
	LoadAllAssembliesAndSetupDomain (233ms)
		LoadAssemblies (290ms)
		RebuildTransferFunctionScriptingTraits (0ms)
		AnalyzeDomain (15ms)
			TypeCache.Refresh (6ms)
				TypeCache.ScanAssembly (0ms)
			ScanForSourceGeneratedMonoScriptInfo (0ms)
			ResolveRequiredComponents (7ms)
	FinalizeReload (1070ms)
		ReleaseScriptCaches (0ms)
		RebuildScriptCaches (0ms)
		SetupLoadedEditorAssemblies (601ms)
			LogAssemblyErrors (0ms)
			InitializePlatformSupportModulesInManaged (17ms)
			SetLoadedEditorAssemblies (4ms)
			RefreshPlugins (0ms)
			BeforeProcessingInitializeOnLoad (95ms)
			ProcessInitializeOnLoadAttributes (436ms)
			ProcessInitializeOnLoadMethodAttributes (39ms)
			AfterProcessingInitializeOnLoad (10ms)
			EditorAssembliesLoaded (0ms)
		ExecutionOrderSort2 (0ms)
		AwakeInstancesAfterBackupRestoration (8ms)
Refreshing native plugins compatible for Editor in 5.55 ms, found 3 plugins.
Preloading 0 native plugins for Editor in 0.00 ms.
Unloading 3941 Unused Serialized files (Serialized files now loaded: 0)
Unloading 22 unused Assets / (32.9 KB). Loaded Objects now: 4544.
Memory consumption went from 225.8 MB to 225.8 MB.
Total: 5.367800 ms (FindLiveObjects: 0.863800 ms CreateObjectMapping: 0.528400 ms MarkObjects: 3.912100 ms  DeleteObjects: 0.062100 ms)

Prepare: number of updated asset objects reloaded= 0
AssetImportParameters requested are different than current active one (requested -> active):
  custom:container-demuxer-ogg: 62fdf1f143b41e24485cea50d1cbac27 -> 
  custom:video-decoder-ogg-theora: a1e56fd34408186e4bbccfd4996cb3dc -> 
  custom:framework-win-MediaFoundation: 216162199b28c13a410421893ffa2e32 -> 
  custom:CustomObjectIndexerAttribute: 9a22284fe3817be447336de3de66b15e -> 
  custom:container-demuxer-webm: 4f35f7cbe854078d1ac9338744f61a02 -> 
  custom:container-muxer-webm: aa71ff27fc2769a1b78a27578f13a17b -> 
  custom:video-decoder-webm-vp8: 9c59270c3fd7afecdb556c50c9e8de78 -> 
  custom:SearchIndexIgnoredProperties: e643bd26f0fe6173181afceb89e7c659 -> 
  custom:AudioImporter_EditorPlatform: d09bf68614088b80899f8185d706f6e7 -> 
  custom:video-encoder-webm-vp8: eb34c28f22e8b96e1ab97ce403110664 -> 
  custom:audio-decoder-ogg-vorbis: bf7c407c2cedff20999df2af8eb42d56 -> 
  custom:audio-encoder-webm-vorbis: bf7c407c2cedff20999df2af8eb42d56 -> 
========================================================================
Received Import Request.
  Time since last request: 371.614435 seconds.
  path: Assets/2.Model/Prefabs/Grogbar.prefab
  artifactKey: Guid(7f5e70fe0f1889b4d8fa43e022ebad62) Importer(815301076,1909f56bfc062723c751e8b465ee728b)
Start importing Assets/2.Model/Prefabs/Grogbar.prefab using Guid(7f5e70fe0f1889b4d8fa43e022ebad62) Importer(815301076,1909f56bfc062723c751e8b465ee728b) [PhysX] Initialized MultithreadedTaskDispatcher with 12 workers.
 -> (artifact id: '0d282fbd198202176d78710dc7a4d2b6') in 0.024737 seconds
Number of updated asset objects reloaded before import = 0
Number of asset objects unloaded after import = 14
========================================================================
Received Prepare
Caller must complete domain reload
Begin MonoManager ReloadAssembly
Symbol file data-000001DA17D6D820 doesn't match image C:\Users\asdf\Desktop\unity\ReactiveTurnBase\My project A\Library\ScriptAssemblies\Unity.EditorCoroutines.Editor.dll
Symbol file LoadedFromMemory is not a mono symbol file
Symbol file data-000001DA21D78020 doesn't match image C:\Users\asdf\Desktop\unity\ReactiveTurnBase\My project A\Library\ScriptAssemblies\UniTask.TextMeshPro.dll
Symbol file LoadedFromMemory is not a mono symbol file
Symbol file data-000001D9F4948F90 doesn't match image C:\Users\asdf\Desktop\unity\ReactiveTurnBase\My project A\Library\ScriptAssemblies\Unity.Timeline.Editor.dll
Symbol file LoadedFromMemory is not a mono symbol file
Symbol file data-000001DA1FF04010 doesn't match image C:\Users\asdf\Desktop\unity\ReactiveTurnBase\My project A\Library\ScriptAssemblies\Unity.VisualScripting.Shared.Editor.dll
Symbol file LoadedFromMemory is not a mono symbol file
Symbol file data-000001DA1FF04010 doesn't match image C:\Users\asdf\Desktop\unity\ReactiveTurnBase\My project A\Library\ScriptAssemblies\UniTask.DOTween.dll
Symbol file LoadedFromMemory is not a mono symbol file
Symbol file data-000001DA1FF04010 doesn't match image C:\Users\asdf\Desktop\unity\ReactiveTurnBase\My project A\Library\ScriptAssemblies\UniTask.Addressables.dll
Symbol file LoadedFromMemory is not a mono symbol file
Symbol file data-000001DA233ED020 doesn't match image C:\Users\asdf\Desktop\unity\ReactiveTurnBase\My project A\Library\ScriptAssemblies\UnityEditor.UI.dll
Symbol file LoadedFromMemory is not a mono symbol file
Symbol file data-000001D9F3F20080 doesn't match image C:\Users\asdf\Desktop\unity\ReactiveTurnBase\My project A\Library\ScriptAssemblies\Unity.VisualScripting.Core.dll
Symbol file LoadedFromMemory is not a mono symbol file
Symbol file data-000001DA2334B010 doesn't match image C:\Users\asdf\Desktop\unity\ReactiveTurnBase\My project A\Library\ScriptAssemblies\UnityEngine.UI.dll
Symbol file LoadedFromMemory is not a mono symbol file
Symbol file data-000001DA16460010 doesn't match image C:\Users\asdf\Desktop\unity\ReactiveTurnBase\My project A\Library\ScriptAssemblies\UniTask.Editor.dll
Symbol file LoadedFromMemory is not a mono symbol file
Symbol file data-000001DA21191020 doesn't match image C:\Users\asdf\Desktop\unity\ReactiveTurnBase\My project A\Library\ScriptAssemblies\Unity.VisualScripting.Core.Editor.dll
Symbol file LoadedFromMemory is not a mono symbol file
Symbol file data-000001DA216077B0 doesn't match image C:\Users\asdf\Desktop\unity\ReactiveTurnBase\My project A\Library\ScriptAssemblies\UniTask.Linq.dll
Symbol file LoadedFromMemory is not a mono symbol file
Symbol file data-000001DA16AF0040 doesn't match image C:\Users\asdf\Desktop\unity\ReactiveTurnBase\My project A\Library\ScriptAssemblies\Unity.VisualScripting.Flow.dll
Symbol file LoadedFromMemory is not a mono symbol file
Symbol file data-000001D9F3FB50E0 doesn't match image C:\Users\asdf\Desktop\unity\ReactiveTurnBase\My project A\Library\ScriptAssemblies\Unity.VisualScripting.Flow.Editor.dll
Symbol file LoadedFromMemory is not a mono symbol file
Symbol file data-000001D9F2F265B0 doesn't match image C:\Users\asdf\Desktop\unity\ReactiveTurnBase\My project A\Library\ScriptAssemblies\Unity.Timeline.dll
Symbol file LoadedFromMemory is not a mono symbol file
Symbol file data-000001DA23DA8C20 doesn't match image C:\Users\asdf\Desktop\unity\ReactiveTurnBase\My project A\Library\ScriptAssemblies\Unity.InputSystem.dll
Symbol file LoadedFromMemory is not a mono symbol file
Symbol file data-000001DA16460010 doesn't match image C:\Users\asdf\Desktop\unity\ReactiveTurnBase\My project A\Library\ScriptAssemblies\Unity.InputSystem.ForUI.dll
Symbol file LoadedFromMemory is not a mono symbol file
Symbol file data-000001DA16460010 doesn't match image C:\Users\asdf\Desktop\unity\ReactiveTurnBase\My project A\Library\ScriptAssemblies\Unity.TestTools.CodeCoverage.Editor.OpenCover.Mono.Reflection.dll
Symbol file LoadedFromMemory is not a mono symbol file
Symbol file data-000001D9F491E990 doesn't match image C:\Users\asdf\Desktop\unity\ReactiveTurnBase\My project A\Library\ScriptAssemblies\Unity.VisualScripting.SettingsProvider.Editor.dll
Symbol file LoadedFromMemory is not a mono symbol file
Symbol file data-000001DA2327C020 doesn't match image C:\Users\asdf\Desktop\unity\ReactiveTurnBase\My project A\Library\ScriptAssemblies\Unity.Performance.Profile-Analyzer.Editor.dll
Symbol file LoadedFromMemory is not a mono symbol file
Symbol file data-000001D9F4C57070 doesn't match image C:\Users\asdf\Desktop\unity\ReactiveTurnBase\My project A\Library\ScriptAssemblies\Unity.TestTools.CodeCoverage.Editor.dll
Symbol file LoadedFromMemory is not a mono symbol file
Symbol file data-000001D9F435D010 doesn't match image C:\Users\asdf\Desktop\unity\ReactiveTurnBase\My project A\Library\ScriptAssemblies\Unity.TestTools.CodeCoverage.Editor.OpenCover.Model.dll
Symbol file LoadedFromMemory is not a mono symbol file
Symbol file data-000001DA233ED020 doesn't match image C:\Users\asdf\Desktop\unity\ReactiveTurnBase\My project A\Library\ScriptAssemblies\Unity.VisualScripting.State.Editor.dll
Symbol file LoadedFromMemory is not a mono symbol file
Symbol file data-000001D9F48C8040 doesn't match image C:\Users\asdf\Desktop\unity\ReactiveTurnBase\My project A\Library\ScriptAssemblies\Unity.Settings.Editor.dll
Symbol file LoadedFromMemory is not a mono symbol file
Symbol file data-000001D9F435D010 doesn't match image C:\Users\asdf\Desktop\unity\ReactiveTurnBase\My project A\Library\ScriptAssemblies\Unity.CollabProxy.Editor.dll
Symbol file LoadedFromMemory is not a mono symbol file
Symbol file data-000001DA16AF0040 doesn't match image C:\Users\asdf\Desktop\unity\ReactiveTurnBase\My project A\Library\ScriptAssemblies\Unity.TextMeshPro.dll
Symbol file LoadedFromMemory is not a mono symbol file
Symbol file data-000001DA204C2010 doesn't match image C:\Users\asdf\Desktop\unity\ReactiveTurnBase\My project A\Library\ScriptAssemblies\Unity.TextMeshPro.Editor.dll
Symbol file LoadedFromMemory is not a mono symbol file
Symbol file data-000001DA20B1E020 doesn't match image C:\Users\asdf\Desktop\unity\ReactiveTurnBase\My project A\Library\ScriptAssemblies\UniTask.dll
Symbol file LoadedFromMemory is not a mono symbol file
Symbol file data-000001D9F435D010 doesn't match image C:\Users\asdf\Desktop\unity\ReactiveTurnBase\My project A\Library\ScriptAssemblies\Unity.VisualScripting.State.dll
Symbol file LoadedFromMemory is not a mono symbol file
Symbol file data-000001D9F435D010 doesn't match image C:\Users\asdf\Desktop\unity\ReactiveTurnBase\My project A\Library\ScriptAssemblies\Unity.VSCode.Editor.dll
Symbol file LoadedFromMemory is not a mono symbol file
- Loaded All Assemblies, in  0.438 seconds
Native extension for WindowsStandalone target not found
Native extension for Android target not found
Mono: successfully reloaded assembly
- Finished resetting the current domain, in  1.130 seconds
Domain Reload Profiling: 1566ms
	BeginReloadAssembly (138ms)
		ExecutionOrderSort (0ms)
		DisableScriptedObjects (5ms)
		BackupInstance (0ms)
		ReleaseScriptingObjects (0ms)
		CreateAndSetChildDomain (33ms)
	RebuildCommonClasses (25ms)
	RebuildNativeTypeToScriptingClass (8ms)
	initialDomainReloadingComplete (27ms)
	LoadAllAssembliesAndSetupDomain (237ms)
		LoadAssemblies (293ms)
		RebuildTransferFunctionScriptingTraits (0ms)
		AnalyzeDomain (14ms)
			TypeCache.Refresh (5ms)
				TypeCache.ScanAssembly (0ms)
			ScanForSourceGeneratedMonoScriptInfo (0ms)
			ResolveRequiredComponents (6ms)
	FinalizeReload (1130ms)
		ReleaseScriptCaches (0ms)
		RebuildScriptCaches (0ms)
		SetupLoadedEditorAssemblies (616ms)
			LogAssemblyErrors (0ms)
			InitializePlatformSupportModulesInManaged (20ms)
			SetLoadedEditorAssemblies (4ms)
			RefreshPlugins (0ms)
			BeforeProcessingInitializeOnLoad (118ms)
			ProcessInitializeOnLoadAttributes (428ms)
			ProcessInitializeOnLoadMethodAttributes (37ms)
			AfterProcessingInitializeOnLoad (7ms)
			EditorAssembliesLoaded (0ms)
		ExecutionOrderSort2 (0ms)
		AwakeInstancesAfterBackupRestoration (8ms)
Refreshing native plugins compatible for Editor in 4.90 ms, found 3 plugins.
Preloading 0 native plugins for Editor in 0.00 ms.
Unloading 3940 Unused Serialized files (Serialized files now loaded: 0)
Unloading 22 unused Assets / (32.9 KB). Loaded Objects now: 4547.
Memory consumption went from 225.5 MB to 225.5 MB.
Total: 5.432700 ms (FindLiveObjects: 0.303000 ms CreateObjectMapping: 0.229100 ms MarkObjects: 4.798900 ms  DeleteObjects: 0.100500 ms)

Prepare: number of updated asset objects reloaded= 0
AssetImportParameters requested are different than current active one (requested -> active):
  custom:container-demuxer-ogg: 62fdf1f143b41e24485cea50d1cbac27 -> 
  custom:video-decoder-ogg-theora: a1e56fd34408186e4bbccfd4996cb3dc -> 
  custom:framework-win-MediaFoundation: 216162199b28c13a410421893ffa2e32 -> 
  custom:CustomObjectIndexerAttribute: 9a22284fe3817be447336de3de66b15e -> 
  custom:container-demuxer-webm: 4f35f7cbe854078d1ac9338744f61a02 -> 
  custom:container-muxer-webm: aa71ff27fc2769a1b78a27578f13a17b -> 
  custom:video-decoder-webm-vp8: 9c59270c3fd7afecdb556c50c9e8de78 -> 
  custom:SearchIndexIgnoredProperties: e643bd26f0fe6173181afceb89e7c659 -> 
  custom:AudioImporter_EditorPlatform: d09bf68614088b80899f8185d706f6e7 -> 
  custom:video-encoder-webm-vp8: eb34c28f22e8b96e1ab97ce403110664 -> 
  custom:audio-decoder-ogg-vorbis: bf7c407c2cedff20999df2af8eb42d56 -> 
  custom:audio-encoder-webm-vorbis: bf7c407c2cedff20999df2af8eb42d56 -> 
========================================================================
Received Prepare
Caller must complete domain reload
Begin MonoManager ReloadAssembly
Symbol file data-000001DA166AD450 doesn't match image C:\Users\asdf\Desktop\unity\ReactiveTurnBase\My project A\Library\ScriptAssemblies\Unity.EditorCoroutines.Editor.dll
Symbol file LoadedFromMemory is not a mono symbol file
Symbol file data-000001DA21D78020 doesn't match image C:\Users\asdf\Desktop\unity\ReactiveTurnBase\My project A\Library\ScriptAssemblies\UniTask.TextMeshPro.dll
Symbol file LoadedFromMemory is not a mono symbol file
Symbol file data-000001D9F4948F90 doesn't match image C:\Users\asdf\Desktop\unity\ReactiveTurnBase\My project A\Library\ScriptAssemblies\Unity.Timeline.Editor.dll
Symbol file LoadedFromMemory is not a mono symbol file
Symbol file data-000001DA2024A010 doesn't match image C:\Users\asdf\Desktop\unity\ReactiveTurnBase\My project A\Library\ScriptAssemblies\Unity.VisualScripting.Shared.Editor.dll
Symbol file LoadedFromMemory is not a mono symbol file
Symbol file data-000001DA2024A010 doesn't match image C:\Users\asdf\Desktop\unity\ReactiveTurnBase\My project A\Library\ScriptAssemblies\UniTask.DOTween.dll
Symbol file LoadedFromMemory is not a mono symbol file
Symbol file data-000001DA2024A010 doesn't match image C:\Users\asdf\Desktop\unity\ReactiveTurnBase\My project A\Library\ScriptAssemblies\UniTask.Addressables.dll
Symbol file LoadedFromMemory is not a mono symbol file
Symbol file data-000001DA233ED020 doesn't match image C:\Users\asdf\Desktop\unity\ReactiveTurnBase\My project A\Library\ScriptAssemblies\UnityEditor.UI.dll
Symbol file LoadedFromMemory is not a mono symbol file
Symbol file data-000001D9F3F20080 doesn't match image C:\Users\asdf\Desktop\unity\ReactiveTurnBase\My project A\Library\ScriptAssemblies\Unity.VisualScripting.Core.dll
Symbol file LoadedFromMemory is not a mono symbol file
Symbol file data-000001DA203DE010 doesn't match image C:\Users\asdf\Desktop\unity\ReactiveTurnBase\My project A\Library\ScriptAssemblies\UnityEngine.UI.dll
Symbol file LoadedFromMemory is not a mono symbol file
Symbol file data-000001DA1FF04010 doesn't match image C:\Users\asdf\Desktop\unity\ReactiveTurnBase\My project A\Library\ScriptAssemblies\UniTask.Editor.dll
Symbol file LoadedFromMemory is not a mono symbol file
Symbol file data-000001DA21191020 doesn't match image C:\Users\asdf\Desktop\unity\ReactiveTurnBase\My project A\Library\ScriptAssemblies\Unity.VisualScripting.Core.Editor.dll
Symbol file LoadedFromMemory is not a mono symbol file
Symbol file data-000001DA216077B0 doesn't match image C:\Users\asdf\Desktop\unity\ReactiveTurnBase\My project A\Library\ScriptAssemblies\UniTask.Linq.dll
Symbol file LoadedFromMemory is not a mono symbol file
Symbol file data-000001DA16AF0040 doesn't match image C:\Users\asdf\Desktop\unity\ReactiveTurnBase\My project A\Library\ScriptAssemblies\Unity.VisualScripting.Flow.dll
Symbol file LoadedFromMemory is not a mono symbol file
Symbol file data-000001D9F3FB50E0 doesn't match image C:\Users\asdf\Desktop\unity\ReactiveTurnBase\My project A\Library\ScriptAssemblies\Unity.VisualScripting.Flow.Editor.dll
Symbol file LoadedFromMemory is not a mono symbol file
Symbol file data-000001DA18253020 doesn't match image C:\Users\asdf\Desktop\unity\ReactiveTurnBase\My project A\Library\ScriptAssemblies\Unity.Timeline.dll
Symbol file LoadedFromMemory is not a mono symbol file
Symbol file data-000001DA23DA3010 doesn't match image C:\Users\asdf\Desktop\unity\ReactiveTurnBase\My project A\Library\ScriptAssemblies\Unity.InputSystem.dll
Symbol file LoadedFromMemory is not a mono symbol file
Symbol file data-000001DA1FF04010 doesn't match image C:\Users\asdf\Desktop\unity\ReactiveTurnBase\My project A\Library\ScriptAssemblies\Unity.InputSystem.ForUI.dll
Symbol file LoadedFromMemory is not a mono symbol file
Symbol file data-000001DA1FF04010 doesn't match image C:\Users\asdf\Desktop\unity\ReactiveTurnBase\My project A\Library\ScriptAssemblies\Unity.TestTools.CodeCoverage.Editor.OpenCover.Mono.Reflection.dll
Symbol file LoadedFromMemory is not a mono symbol file
Symbol file data-000001DA16460010 doesn't match image C:\Users\asdf\Desktop\unity\ReactiveTurnBase\My project A\Library\ScriptAssemblies\Unity.VisualScripting.SettingsProvider.Editor.dll
Symbol file LoadedFromMemory is not a mono symbol file
Symbol file data-000001DA2327C020 doesn't match image C:\Users\asdf\Desktop\unity\ReactiveTurnBase\My project A\Library\ScriptAssemblies\Unity.Performance.Profile-Analyzer.Editor.dll
Symbol file LoadedFromMemory is not a mono symbol file
Symbol file data-000001D9F4C57070 doesn't match image C:\Users\asdf\Desktop\unity\ReactiveTurnBase\My project A\Library\ScriptAssemblies\Unity.TestTools.CodeCoverage.Editor.dll
Symbol file LoadedFromMemory is not a mono symbol file
Symbol file data-000001D9F491E990 doesn't match image C:\Users\asdf\Desktop\unity\ReactiveTurnBase\My project A\Library\ScriptAssemblies\Unity.TestTools.CodeCoverage.Editor.OpenCover.Model.dll
Symbol file LoadedFromMemory is not a mono symbol file
Symbol file data-000001DA233ED020 doesn't match image C:\Users\asdf\Desktop\unity\ReactiveTurnBase\My project A\Library\ScriptAssemblies\Unity.VisualScripting.State.Editor.dll
Symbol file LoadedFromMemory is not a mono symbol file
Symbol file data-000001D9F48C8040 doesn't match image C:\Users\asdf\Desktop\unity\ReactiveTurnBase\My project A\Library\ScriptAssemblies\Unity.Settings.Editor.dll
Symbol file LoadedFromMemory is not a mono symbol file
Symbol file data-000001D9F491E990 doesn't match image C:\Users\asdf\Desktop\unity\ReactiveTurnBase\My project A\Library\ScriptAssemblies\Unity.CollabProxy.Editor.dll
Symbol file LoadedFromMemory is not a mono symbol file
Symbol file data-000001DA16AF0040 doesn't match image C:\Users\asdf\Desktop\unity\ReactiveTurnBase\My project A\Library\ScriptAssemblies\Unity.TextMeshPro.dll
Symbol file LoadedFromMemory is not a mono symbol file
Symbol file data-000001DA204C2010 doesn't match image C:\Users\asdf\Desktop\unity\ReactiveTurnBase\My project A\Library\ScriptAssemblies\Unity.TextMeshPro.Editor.dll
Symbol file LoadedFromMemory is not a mono symbol file
Symbol file data-000001DA2156D010 doesn't match image C:\Users\asdf\Desktop\unity\ReactiveTurnBase\My project A\Library\ScriptAssemblies\UniTask.dll
Symbol file LoadedFromMemory is not a mono symbol file
Symbol file data-000001D9F491E990 doesn't match image C:\Users\asdf\Desktop\unity\ReactiveTurnBase\My project A\Library\ScriptAssemblies\Unity.VisualScripting.State.dll
Symbol file LoadedFromMemory is not a mono symbol file
Symbol file data-000001D9F491E990 doesn't match image C:\Users\asdf\Desktop\unity\ReactiveTurnBase\My project A\Library\ScriptAssemblies\Unity.VSCode.Editor.dll
Symbol file LoadedFromMemory is not a mono symbol file
- Loaded All Assemblies, in  0.492 seconds
Native extension for WindowsStandalone target not found
Native extension for Android target not found
Mono: successfully reloaded assembly
- Finished resetting the current domain, in  0.938 seconds
Domain Reload Profiling: 1428ms
	BeginReloadAssembly (159ms)
		ExecutionOrderSort (0ms)
		DisableScriptedObjects (6ms)
		BackupInstance (0ms)
		ReleaseScriptingObjects (0ms)
		CreateAndSetChildDomain (36ms)
	RebuildCommonClasses (26ms)
	RebuildNativeTypeToScriptingClass (9ms)
	initialDomainReloadingComplete (27ms)
	LoadAllAssembliesAndSetupDomain (269ms)
		LoadAssemblies (314ms)
		RebuildTransferFunctionScriptingTraits (0ms)
		AnalyzeDomain (35ms)
			TypeCache.Refresh (12ms)
				TypeCache.ScanAssembly (4ms)
			ScanForSourceGeneratedMonoScriptInfo (11ms)
			ResolveRequiredComponents (9ms)
	FinalizeReload (938ms)
		ReleaseScriptCaches (0ms)
		RebuildScriptCaches (0ms)
		SetupLoadedEditorAssemblies (494ms)
			LogAssemblyErrors (0ms)
			InitializePlatformSupportModulesInManaged (17ms)
			SetLoadedEditorAssemblies (5ms)
			RefreshPlugins (0ms)
			BeforeProcessingInitializeOnLoad (94ms)
			ProcessInitializeOnLoadAttributes (339ms)
			ProcessInitializeOnLoadMethodAttributes (32ms)
			AfterProcessingInitializeOnLoad (6ms)
			EditorAssembliesLoaded (0ms)
		ExecutionOrderSort2 (0ms)
		AwakeInstancesAfterBackupRestoration (6ms)
Refreshing native plugins compatible for Editor in 3.98 ms, found 3 plugins.
Preloading 0 native plugins for Editor in 0.00 ms.
Unloading 3941 Unused Serialized files (Serialized files now loaded: 0)
Unloading 22 unused Assets / (32.9 KB). Loaded Objects now: 4550.
Memory consumption went from 225.8 MB to 225.8 MB.
Total: 2.767600 ms (FindLiveObjects: 0.270600 ms CreateObjectMapping: 0.107200 ms MarkObjects: 2.342200 ms  DeleteObjects: 0.046600 ms)

Prepare: number of updated asset objects reloaded= 0
AssetImportParameters requested are different than current active one (requested -> active):
  custom:container-demuxer-ogg: 62fdf1f143b41e24485cea50d1cbac27 -> 
  custom:video-decoder-ogg-theora: a1e56fd34408186e4bbccfd4996cb3dc -> 
  custom:framework-win-MediaFoundation: 216162199b28c13a410421893ffa2e32 -> 
  custom:CustomObjectIndexerAttribute: 9a22284fe3817be447336de3de66b15e -> 
  custom:container-demuxer-webm: 4f35f7cbe854078d1ac9338744f61a02 -> 
  custom:container-muxer-webm: aa71ff27fc2769a1b78a27578f13a17b -> 
  custom:video-decoder-webm-vp8: 9c59270c3fd7afecdb556c50c9e8de78 -> 
  custom:SearchIndexIgnoredProperties: e643bd26f0fe6173181afceb89e7c659 -> 
  custom:AudioImporter_EditorPlatform: d09bf68614088b80899f8185d706f6e7 -> 
  custom:video-encoder-webm-vp8: eb34c28f22e8b96e1ab97ce403110664 -> 
  custom:audio-decoder-ogg-vorbis: bf7c407c2cedff20999df2af8eb42d56 -> 
  custom:audio-encoder-webm-vorbis: bf7c407c2cedff20999df2af8eb42d56 -> 
========================================================================
Received Prepare
Caller must complete domain reload
Begin MonoManager ReloadAssembly
Symbol file data-000001DA17882060 doesn't match image C:\Users\asdf\Desktop\unity\ReactiveTurnBase\My project A\Library\ScriptAssemblies\Unity.EditorCoroutines.Editor.dll
Symbol file LoadedFromMemory is not a mono symbol file
Symbol file data-000001DA166AD450 doesn't match image C:\Users\asdf\Desktop\unity\ReactiveTurnBase\My project A\Library\ScriptAssemblies\UniTask.TextMeshPro.dll
Symbol file LoadedFromMemory is not a mono symbol file
Symbol file data-000001D9F4948F90 doesn't match image C:\Users\asdf\Desktop\unity\ReactiveTurnBase\My project A\Library\ScriptAssemblies\Unity.Timeline.Editor.dll
Symbol file LoadedFromMemory is not a mono symbol file
Symbol file data-000001DA17D6D820 doesn't match image C:\Users\asdf\Desktop\unity\ReactiveTurnBase\My project A\Library\ScriptAssemblies\Unity.VisualScripting.Shared.Editor.dll
Symbol file LoadedFromMemory is not a mono symbol file
Symbol file data-000001DA17D6D820 doesn't match image C:\Users\asdf\Desktop\unity\ReactiveTurnBase\My project A\Library\ScriptAssemblies\UniTask.DOTween.dll
Symbol file LoadedFromMemory is not a mono symbol file
Symbol file data-000001DA17D6D820 doesn't match image C:\Users\asdf\Desktop\unity\ReactiveTurnBase\My project A\Library\ScriptAssemblies\UniTask.Addressables.dll
Symbol file LoadedFromMemory is not a mono symbol file
Symbol file data-000001DA233ED020 doesn't match image C:\Users\asdf\Desktop\unity\ReactiveTurnBase\My project A\Library\ScriptAssemblies\UnityEditor.UI.dll
Symbol file LoadedFromMemory is not a mono symbol file
Symbol file data-000001D9F3F20080 doesn't match image C:\Users\asdf\Desktop\unity\ReactiveTurnBase\My project A\Library\ScriptAssemblies\Unity.VisualScripting.Core.dll
Symbol file LoadedFromMemory is not a mono symbol file
Symbol file data-000001DA1FEBE010 doesn't match image C:\Users\asdf\Desktop\unity\ReactiveTurnBase\My project A\Library\ScriptAssemblies\UnityEngine.UI.dll
Symbol file LoadedFromMemory is not a mono symbol file
Symbol file data-000001DA1FF04010 doesn't match image C:\Users\asdf\Desktop\unity\ReactiveTurnBase\My project A\Library\ScriptAssemblies\UniTask.Editor.dll
Symbol file LoadedFromMemory is not a mono symbol file
Symbol file data-000001DA21191020 doesn't match image C:\Users\asdf\Desktop\unity\ReactiveTurnBase\My project A\Library\ScriptAssemblies\Unity.VisualScripting.Core.Editor.dll
Symbol file LoadedFromMemory is not a mono symbol file
Symbol file data-000001DA216077B0 doesn't match image C:\Users\asdf\Desktop\unity\ReactiveTurnBase\My project A\Library\ScriptAssemblies\UniTask.Linq.dll
Symbol file LoadedFromMemory is not a mono symbol file
Symbol file data-000001DA16AF0040 doesn't match image C:\Users\asdf\Desktop\unity\ReactiveTurnBase\My project A\Library\ScriptAssemblies\Unity.VisualScripting.Flow.dll
Symbol file LoadedFromMemory is not a mono symbol file
Symbol file data-000001D9F3FB50E0 doesn't match image C:\Users\asdf\Desktop\unity\ReactiveTurnBase\My project A\Library\ScriptAssemblies\Unity.VisualScripting.Flow.Editor.dll
Symbol file LoadedFromMemory is not a mono symbol file
Symbol file data-000001DA18253020 doesn't match image C:\Users\asdf\Desktop\unity\ReactiveTurnBase\My project A\Library\ScriptAssemblies\Unity.Timeline.dll
Symbol file LoadedFromMemory is not a mono symbol file
Symbol file data-000001DA84530080 doesn't match image C:\Users\asdf\Desktop\unity\ReactiveTurnBase\My project A\Library\ScriptAssemblies\Unity.InputSystem.dll
Symbol file LoadedFromMemory is not a mono symbol file
Symbol file data-000001DA1FF04010 doesn't match image C:\Users\asdf\Desktop\unity\ReactiveTurnBase\My project A\Library\ScriptAssemblies\Unity.InputSystem.ForUI.dll
Symbol file LoadedFromMemory is not a mono symbol file
Symbol file data-000001DA1FF04010 doesn't match image C:\Users\asdf\Desktop\unity\ReactiveTurnBase\My project A\Library\ScriptAssemblies\Unity.TestTools.CodeCoverage.Editor.OpenCover.Mono.Reflection.dll
Symbol file LoadedFromMemory is not a mono symbol file
Symbol file data-000001DA16460010 doesn't match image C:\Users\asdf\Desktop\unity\ReactiveTurnBase\My project A\Library\ScriptAssemblies\Unity.VisualScripting.SettingsProvider.Editor.dll
Symbol file LoadedFromMemory is not a mono symbol file
Symbol file data-000001DA2327C020 doesn't match image C:\Users\asdf\Desktop\unity\ReactiveTurnBase\My project A\Library\ScriptAssemblies\Unity.Performance.Profile-Analyzer.Editor.dll
Symbol file LoadedFromMemory is not a mono symbol file
Symbol file data-000001D9F4C57070 doesn't match image C:\Users\asdf\Desktop\unity\ReactiveTurnBase\My project A\Library\ScriptAssemblies\Unity.TestTools.CodeCoverage.Editor.dll
Symbol file LoadedFromMemory is not a mono symbol file
Symbol file data-000001D9F491E990 doesn't match image C:\Users\asdf\Desktop\unity\ReactiveTurnBase\My project A\Library\ScriptAssemblies\Unity.TestTools.CodeCoverage.Editor.OpenCover.Model.dll
Symbol file LoadedFromMemory is not a mono symbol file
Symbol file data-000001DA233ED020 doesn't match image C:\Users\asdf\Desktop\unity\ReactiveTurnBase\My project A\Library\ScriptAssemblies\Unity.VisualScripting.State.Editor.dll
Symbol file LoadedFromMemory is not a mono symbol file
Symbol file data-000001DA212B4350 doesn't match image C:\Users\asdf\Desktop\unity\ReactiveTurnBase\My project A\Library\ScriptAssemblies\Unity.Settings.Editor.dll
Symbol file LoadedFromMemory is not a mono symbol file
Symbol file data-000001D9F491E990 doesn't match image C:\Users\asdf\Desktop\unity\ReactiveTurnBase\My project A\Library\ScriptAssemblies\Unity.CollabProxy.Editor.dll
Symbol file LoadedFromMemory is not a mono symbol file
Symbol file data-000001DA16AF0040 doesn't match image C:\Users\asdf\Desktop\unity\ReactiveTurnBase\My project A\Library\ScriptAssemblies\Unity.TextMeshPro.dll
Symbol file LoadedFromMemory is not a mono symbol file
Symbol file data-000001DA204C2010 doesn't match image C:\Users\asdf\Desktop\unity\ReactiveTurnBase\My project A\Library\ScriptAssemblies\Unity.TextMeshPro.Editor.dll
Symbol file LoadedFromMemory is not a mono symbol file
Symbol file data-000001DA2156D010 doesn't match image C:\Users\asdf\Desktop\unity\ReactiveTurnBase\My project A\Library\ScriptAssemblies\UniTask.dll
Symbol file LoadedFromMemory is not a mono symbol file
Symbol file data-000001D9F491E990 doesn't match image C:\Users\asdf\Desktop\unity\ReactiveTurnBase\My project A\Library\ScriptAssemblies\Unity.VisualScripting.State.dll
Symbol file LoadedFromMemory is not a mono symbol file
Symbol file data-000001D9F491E990 doesn't match image C:\Users\asdf\Desktop\unity\ReactiveTurnBase\My project A\Library\ScriptAssemblies\Unity.VSCode.Editor.dll
Symbol file LoadedFromMemory is not a mono symbol file
- Loaded All Assemblies, in  0.464 seconds
Native extension for WindowsStandalone target not found
Native extension for Android target not found
Mono: successfully reloaded assembly
- Finished resetting the current domain, in  0.940 seconds
Domain Reload Profiling: 1402ms
	BeginReloadAssembly (139ms)
		ExecutionOrderSort (0ms)
		DisableScriptedObjects (6ms)
		BackupInstance (0ms)
		ReleaseScriptingObjects (0ms)
		CreateAndSetChildDomain (30ms)
	RebuildCommonClasses (33ms)
	RebuildNativeTypeToScriptingClass (9ms)
	initialDomainReloadingComplete (26ms)
	LoadAllAssembliesAndSetupDomain (254ms)
		LoadAssemblies (297ms)
		RebuildTransferFunctionScriptingTraits (0ms)
		AnalyzeDomain (31ms)
			TypeCache.Refresh (9ms)
				TypeCache.ScanAssembly (2ms)
			ScanForSourceGeneratedMonoScriptInfo (13ms)
			ResolveRequiredComponents (7ms)
	FinalizeReload (941ms)
		ReleaseScriptCaches (0ms)
		RebuildScriptCaches (0ms)
		SetupLoadedEditorAssemblies (522ms)
			LogAssemblyErrors (0ms)
			InitializePlatformSupportModulesInManaged (18ms)
			SetLoadedEditorAssemblies (6ms)
			RefreshPlugins (0ms)
			BeforeProcessingInitializeOnLoad (91ms)
			ProcessInitializeOnLoadAttributes (370ms)
			ProcessInitializeOnLoadMethodAttributes (30ms)
			AfterProcessingInitializeOnLoad (7ms)
			EditorAssembliesLoaded (0ms)
		ExecutionOrderSort2 (0ms)
		AwakeInstancesAfterBackupRestoration (6ms)
Refreshing native plugins compatible for Editor in 3.91 ms, found 3 plugins.
Preloading 0 native plugins for Editor in 0.00 ms.
Unloading 3941 Unused Serialized files (Serialized files now loaded: 0)
Unloading 22 unused Assets / (32.8 KB). Loaded Objects now: 4553.
Memory consumption went from 225.8 MB to 225.8 MB.
Total: 3.788800 ms (FindLiveObjects: 0.279900 ms CreateObjectMapping: 0.301900 ms MarkObjects: 3.152300 ms  DeleteObjects: 0.053500 ms)

Prepare: number of updated asset objects reloaded= 0
AssetImportParameters requested are different than current active one (requested -> active):
  custom:container-demuxer-ogg: 62fdf1f143b41e24485cea50d1cbac27 -> 
  custom:video-decoder-ogg-theora: a1e56fd34408186e4bbccfd4996cb3dc -> 
  custom:framework-win-MediaFoundation: 216162199b28c13a410421893ffa2e32 -> 
  custom:CustomObjectIndexerAttribute: 9a22284fe3817be447336de3de66b15e -> 
  custom:container-demuxer-webm: 4f35f7cbe854078d1ac9338744f61a02 -> 
  custom:container-muxer-webm: aa71ff27fc2769a1b78a27578f13a17b -> 
  custom:video-decoder-webm-vp8: 9c59270c3fd7afecdb556c50c9e8de78 -> 
  custom:SearchIndexIgnoredProperties: e643bd26f0fe6173181afceb89e7c659 -> 
  custom:AudioImporter_EditorPlatform: d09bf68614088b80899f8185d706f6e7 -> 
  custom:video-encoder-webm-vp8: eb34c28f22e8b96e1ab97ce403110664 -> 
  custom:audio-decoder-ogg-vorbis: bf7c407c2cedff20999df2af8eb42d56 -> 
  custom:audio-encoder-webm-vorbis: bf7c407c2cedff20999df2af8eb42d56 -> 
========================================================================
Received Prepare
Caller must complete domain reload
Begin MonoManager ReloadAssembly
Symbol file data-000001DA17882060 doesn't match image C:\Users\asdf\Desktop\unity\ReactiveTurnBase\My project A\Library\ScriptAssemblies\Unity.EditorCoroutines.Editor.dll
Symbol file LoadedFromMemory is not a mono symbol file
Symbol file data-000001DA166AD450 doesn't match image C:\Users\asdf\Desktop\unity\ReactiveTurnBase\My project A\Library\ScriptAssemblies\UniTask.TextMeshPro.dll
Symbol file LoadedFromMemory is not a mono symbol file
Symbol file data-000001D9F4948F90 doesn't match image C:\Users\asdf\Desktop\unity\ReactiveTurnBase\My project A\Library\ScriptAssemblies\Unity.Timeline.Editor.dll
Symbol file LoadedFromMemory is not a mono symbol file
Symbol file data-000001DA166AD450 doesn't match image C:\Users\asdf\Desktop\unity\ReactiveTurnBase\My project A\Library\ScriptAssemblies\Unity.VisualScripting.Shared.Editor.dll
Symbol file LoadedFromMemory is not a mono symbol file
Symbol file data-000001DA17882060 doesn't match image C:\Users\asdf\Desktop\unity\ReactiveTurnBase\My project A\Library\ScriptAssemblies\UniTask.DOTween.dll
Symbol file LoadedFromMemory is not a mono symbol file
Symbol file data-000001DA17882060 doesn't match image C:\Users\asdf\Desktop\unity\ReactiveTurnBase\My project A\Library\ScriptAssemblies\UniTask.Addressables.dll
Symbol file LoadedFromMemory is not a mono symbol file
Symbol file data-000001DA233ED020 doesn't match image C:\Users\asdf\Desktop\unity\ReactiveTurnBase\My project A\Library\ScriptAssemblies\UnityEditor.UI.dll
Symbol file LoadedFromMemory is not a mono symbol file
Symbol file data-000001D9F3F20080 doesn't match image C:\Users\asdf\Desktop\unity\ReactiveTurnBase\My project A\Library\ScriptAssemblies\Unity.VisualScripting.Core.dll
Symbol file LoadedFromMemory is not a mono symbol file
Symbol file data-000001DA23E47020 doesn't match image C:\Users\asdf\Desktop\unity\ReactiveTurnBase\My project A\Library\ScriptAssemblies\UnityEngine.UI.dll
Symbol file LoadedFromMemory is not a mono symbol file
Symbol file data-000001DA166AD450 doesn't match image C:\Users\asdf\Desktop\unity\ReactiveTurnBase\My project A\Library\ScriptAssemblies\UniTask.Editor.dll
Symbol file LoadedFromMemory is not a mono symbol file
Symbol file data-000001DA21191020 doesn't match image C:\Users\asdf\Desktop\unity\ReactiveTurnBase\My project A\Library\ScriptAssemblies\Unity.VisualScripting.Core.Editor.dll
Symbol file LoadedFromMemory is not a mono symbol file
Symbol file data-000001DA216077B0 doesn't match image C:\Users\asdf\Desktop\unity\ReactiveTurnBase\My project A\Library\ScriptAssemblies\UniTask.Linq.dll
Symbol file LoadedFromMemory is not a mono symbol file
Symbol file data-000001DA16AF0040 doesn't match image C:\Users\asdf\Desktop\unity\ReactiveTurnBase\My project A\Library\ScriptAssemblies\Unity.VisualScripting.Flow.dll
Symbol file LoadedFromMemory is not a mono symbol file
Symbol file data-000001DA2109B050 doesn't match image C:\Users\asdf\Desktop\unity\ReactiveTurnBase\My project A\Library\ScriptAssemblies\Unity.VisualScripting.Flow.Editor.dll
Symbol file LoadedFromMemory is not a mono symbol file
Symbol file data-000001D9F2F265B0 doesn't match image C:\Users\asdf\Desktop\unity\ReactiveTurnBase\My project A\Library\ScriptAssemblies\Unity.Timeline.dll
Symbol file LoadedFromMemory is not a mono symbol file
Symbol file data-000001DA84530080 doesn't match image C:\Users\asdf\Desktop\unity\ReactiveTurnBase\My project A\Library\ScriptAssemblies\Unity.InputSystem.dll
Symbol file LoadedFromMemory is not a mono symbol file
Symbol file data-000001DA166AD450 doesn't match image C:\Users\asdf\Desktop\unity\ReactiveTurnBase\My project A\Library\ScriptAssemblies\Unity.InputSystem.ForUI.dll
Symbol file LoadedFromMemory is not a mono symbol file
Symbol file data-000001DA166AD450 doesn't match image C:\Users\asdf\Desktop\unity\ReactiveTurnBase\My project A\Library\ScriptAssemblies\Unity.TestTools.CodeCoverage.Editor.OpenCover.Mono.Reflection.dll
Symbol file LoadedFromMemory is not a mono symbol file
Symbol file data-000001DA20536020 doesn't match image C:\Users\asdf\Desktop\unity\ReactiveTurnBase\My project A\Library\ScriptAssemblies\Unity.VisualScripting.SettingsProvider.Editor.dll
Symbol file LoadedFromMemory is not a mono symbol file
Symbol file data-000001DA2327C020 doesn't match image C:\Users\asdf\Desktop\unity\ReactiveTurnBase\My project A\Library\ScriptAssemblies\Unity.Performance.Profile-Analyzer.Editor.dll
Symbol file LoadedFromMemory is not a mono symbol file
Symbol file data-000001D9F4C57070 doesn't match image C:\Users\asdf\Desktop\unity\ReactiveTurnBase\My project A\Library\ScriptAssemblies\Unity.TestTools.CodeCoverage.Editor.dll
Symbol file LoadedFromMemory is not a mono symbol file
Symbol file data-000001DA2024A010 doesn't match image C:\Users\asdf\Desktop\unity\ReactiveTurnBase\My project A\Library\ScriptAssemblies\Unity.TestTools.CodeCoverage.Editor.OpenCover.Model.dll
Symbol file LoadedFromMemory is not a mono symbol file
Symbol file data-000001DA233ED020 doesn't match image C:\Users\asdf\Desktop\unity\ReactiveTurnBase\My project A\Library\ScriptAssemblies\Unity.VisualScripting.State.Editor.dll
Symbol file LoadedFromMemory is not a mono symbol file
Symbol file data-000001DA212B4350 doesn't match image C:\Users\asdf\Desktop\unity\ReactiveTurnBase\My project A\Library\ScriptAssemblies\Unity.Settings.Editor.dll
Symbol file LoadedFromMemory is not a mono symbol file
Symbol file data-000001DA20536020 doesn't match image C:\Users\asdf\Desktop\unity\ReactiveTurnBase\My project A\Library\ScriptAssemblies\Unity.CollabProxy.Editor.dll
Symbol file LoadedFromMemory is not a mono symbol file
Symbol file data-000001DA16AF0040 doesn't match image C:\Users\asdf\Desktop\unity\ReactiveTurnBase\My project A\Library\ScriptAssemblies\Unity.TextMeshPro.dll
Symbol file LoadedFromMemory is not a mono symbol file
Symbol file data-000001DA204C2010 doesn't match image C:\Users\asdf\Desktop\unity\ReactiveTurnBase\My project A\Library\ScriptAssemblies\Unity.TextMeshPro.Editor.dll
Symbol file LoadedFromMemory is not a mono symbol file
Symbol file data-000001DA16122010 doesn't match image C:\Users\asdf\Desktop\unity\ReactiveTurnBase\My project A\Library\ScriptAssemblies\UniTask.dll
Symbol file LoadedFromMemory is not a mono symbol file
Symbol file data-000001D9F491E990 doesn't match image C:\Users\asdf\Desktop\unity\ReactiveTurnBase\My project A\Library\ScriptAssemblies\Unity.VisualScripting.State.dll
Symbol file LoadedFromMemory is not a mono symbol file
Symbol file data-000001D9F491E990 doesn't match image C:\Users\asdf\Desktop\unity\ReactiveTurnBase\My project A\Library\ScriptAssemblies\Unity.VSCode.Editor.dll
Symbol file LoadedFromMemory is not a mono symbol file
- Loaded All Assemblies, in  0.435 seconds
Native extension for WindowsStandalone target not found
Native extension for Android target not found
Mono: successfully reloaded assembly
- Finished resetting the current domain, in  1.080 seconds
Domain Reload Profiling: 1513ms
	BeginReloadAssembly (137ms)
		ExecutionOrderSort (0ms)
		DisableScriptedObjects (6ms)
		BackupInstance (0ms)
		ReleaseScriptingObjects (0ms)
		CreateAndSetChildDomain (32ms)
	RebuildCommonClasses (27ms)
	RebuildNativeTypeToScriptingClass (8ms)
	initialDomainReloadingComplete (26ms)
	LoadAllAssembliesAndSetupDomain (234ms)
		LoadAssemblies (292ms)
		RebuildTransferFunctionScriptingTraits (0ms)
		AnalyzeDomain (13ms)
			TypeCache.Refresh (4ms)
				TypeCache.ScanAssembly (0ms)
			ScanForSourceGeneratedMonoScriptInfo (0ms)
			ResolveRequiredComponents (7ms)
	FinalizeReload (1081ms)
		ReleaseScriptCaches (0ms)
		RebuildScriptCaches (0ms)
		SetupLoadedEditorAssemblies (610ms)
			LogAssemblyErrors (0ms)
			InitializePlatformSupportModulesInManaged (16ms)
			SetLoadedEditorAssemblies (4ms)
			RefreshPlugins (0ms)
			BeforeProcessingInitializeOnLoad (99ms)
			ProcessInitializeOnLoadAttributes (447ms)
			ProcessInitializeOnLoadMethodAttributes (36ms)
			AfterProcessingInitializeOnLoad (8ms)
			EditorAssembliesLoaded (0ms)
		ExecutionOrderSort2 (0ms)
		AwakeInstancesAfterBackupRestoration (7ms)
Refreshing native plugins compatible for Editor in 5.81 ms, found 3 plugins.
Preloading 0 native plugins for Editor in 0.00 ms.
Unloading 3941 Unused Serialized files (Serialized files now loaded: 0)
Unloading 22 unused Assets / (32.9 KB). Loaded Objects now: 4556.
Memory consumption went from 225.8 MB to 225.8 MB.
Total: 5.525700 ms (FindLiveObjects: 0.303100 ms CreateObjectMapping: 0.312000 ms MarkObjects: 4.797900 ms  DeleteObjects: 0.111500 ms)

Prepare: number of updated asset objects reloaded= 0
AssetImportParameters requested are different than current active one (requested -> active):
  custom:container-demuxer-ogg: 62fdf1f143b41e24485cea50d1cbac27 -> 
  custom:video-decoder-ogg-theora: a1e56fd34408186e4bbccfd4996cb3dc -> 
  custom:framework-win-MediaFoundation: 216162199b28c13a410421893ffa2e32 -> 
  custom:CustomObjectIndexerAttribute: 9a22284fe3817be447336de3de66b15e -> 
  custom:container-demuxer-webm: 4f35f7cbe854078d1ac9338744f61a02 -> 
  custom:container-muxer-webm: aa71ff27fc2769a1b78a27578f13a17b -> 
  custom:video-decoder-webm-vp8: 9c59270c3fd7afecdb556c50c9e8de78 -> 
  custom:SearchIndexIgnoredProperties: e643bd26f0fe6173181afceb89e7c659 -> 
  custom:AudioImporter_EditorPlatform: d09bf68614088b80899f8185d706f6e7 -> 
  custom:video-encoder-webm-vp8: eb34c28f22e8b96e1ab97ce403110664 -> 
  custom:audio-decoder-ogg-vorbis: bf7c407c2cedff20999df2af8eb42d56 -> 
  custom:audio-encoder-webm-vorbis: bf7c407c2cedff20999df2af8eb42d56 -> 
========================================================================
Received Import Request.
  Time since last request: 259.620782 seconds.
  path: Assets/2.Model/Prefabs/Grogbar.prefab
  artifactKey: Guid(7f5e70fe0f1889b4d8fa43e022ebad62) Importer(815301076,1909f56bfc062723c751e8b465ee728b)
Start importing Assets/2.Model/Prefabs/Grogbar.prefab using Guid(7f5e70fe0f1889b4d8fa43e022ebad62) Importer(815301076,1909f56bfc062723c751e8b465ee728b) [PhysX] Initialized MultithreadedTaskDispatcher with 12 workers.
 -> (artifact id: '0dc4240cabcc4646eaf9cfc01c568b9d') in 0.024541 seconds
Number of updated asset objects reloaded before import = 0
Number of asset objects unloaded after import = 14
========================================================================
Received Prepare
Caller must complete domain reload
Begin MonoManager ReloadAssembly
Symbol file data-000001D9F491E990 doesn't match image C:\Users\asdf\Desktop\unity\ReactiveTurnBase\My project A\Library\ScriptAssemblies\Unity.EditorCoroutines.Editor.dll
Symbol file LoadedFromMemory is not a mono symbol file
Symbol file data-000001DA202C2040 doesn't match image C:\Users\asdf\Desktop\unity\ReactiveTurnBase\My project A\Library\ScriptAssemblies\UniTask.TextMeshPro.dll
Symbol file LoadedFromMemory is not a mono symbol file
Symbol file data-000001D9F4948F90 doesn't match image C:\Users\asdf\Desktop\unity\ReactiveTurnBase\My project A\Library\ScriptAssemblies\Unity.Timeline.Editor.dll
Symbol file LoadedFromMemory is not a mono symbol file
Symbol file data-000001DA202C2040 doesn't match image C:\Users\asdf\Desktop\unity\ReactiveTurnBase\My project A\Library\ScriptAssemblies\Unity.VisualScripting.Shared.Editor.dll
Symbol file LoadedFromMemory is not a mono symbol file
Symbol file data-000001DA202C2040 doesn't match image C:\Users\asdf\Desktop\unity\ReactiveTurnBase\My project A\Library\ScriptAssemblies\UniTask.DOTween.dll
Symbol file LoadedFromMemory is not a mono symbol file
Symbol file data-000001DA202C2040 doesn't match image C:\Users\asdf\Desktop\unity\ReactiveTurnBase\My project A\Library\ScriptAssemblies\UniTask.Addressables.dll
Symbol file LoadedFromMemory is not a mono symbol file
Symbol file data-000001DA237A2070 doesn't match image C:\Users\asdf\Desktop\unity\ReactiveTurnBase\My project A\Library\ScriptAssemblies\UnityEditor.UI.dll
Symbol file LoadedFromMemory is not a mono symbol file
Symbol file data-000001D9F3F20080 doesn't match image C:\Users\asdf\Desktop\unity\ReactiveTurnBase\My project A\Library\ScriptAssemblies\Unity.VisualScripting.Core.dll
Symbol file LoadedFromMemory is not a mono symbol file
Symbol file data-000001DA23E47020 doesn't match image C:\Users\asdf\Desktop\unity\ReactiveTurnBase\My project A\Library\ScriptAssemblies\UnityEngine.UI.dll
Symbol file LoadedFromMemory is not a mono symbol file
Symbol file data-000001DA21307030 doesn't match image C:\Users\asdf\Desktop\unity\ReactiveTurnBase\My project A\Library\ScriptAssemblies\UniTask.Editor.dll
Symbol file LoadedFromMemory is not a mono symbol file
Symbol file data-000001DA21191020 doesn't match image C:\Users\asdf\Desktop\unity\ReactiveTurnBase\My project A\Library\ScriptAssemblies\Unity.VisualScripting.Core.Editor.dll
Symbol file LoadedFromMemory is not a mono symbol file
Symbol file data-000001DA216077B0 doesn't match image C:\Users\asdf\Desktop\unity\ReactiveTurnBase\My project A\Library\ScriptAssemblies\UniTask.Linq.dll
Symbol file LoadedFromMemory is not a mono symbol file
Symbol file data-000001DA16AF0040 doesn't match image C:\Users\asdf\Desktop\unity\ReactiveTurnBase\My project A\Library\ScriptAssemblies\Unity.VisualScripting.Flow.dll
Symbol file LoadedFromMemory is not a mono symbol file
Symbol file data-000001DA1784E020 doesn't match image C:\Users\asdf\Desktop\unity\ReactiveTurnBase\My project A\Library\ScriptAssemblies\Unity.VisualScripting.Flow.Editor.dll
Symbol file LoadedFromMemory is not a mono symbol file
Symbol file data-000001D9F2F265B0 doesn't match image C:\Users\asdf\Desktop\unity\ReactiveTurnBase\My project A\Library\ScriptAssemblies\Unity.Timeline.dll
Symbol file LoadedFromMemory is not a mono symbol file
Symbol file data-000001DA84572010 doesn't match image C:\Users\asdf\Desktop\unity\ReactiveTurnBase\My project A\Library\ScriptAssemblies\Unity.InputSystem.dll
Symbol file LoadedFromMemory is not a mono symbol file
Symbol file data-000001DA21307030 doesn't match image C:\Users\asdf\Desktop\unity\ReactiveTurnBase\My project A\Library\ScriptAssemblies\Unity.InputSystem.ForUI.dll
Symbol file LoadedFromMemory is not a mono symbol file
Symbol file data-000001DA21307030 doesn't match image C:\Users\asdf\Desktop\unity\ReactiveTurnBase\My project A\Library\ScriptAssemblies\Unity.TestTools.CodeCoverage.Editor.OpenCover.Mono.Reflection.dll
Symbol file LoadedFromMemory is not a mono symbol file
Symbol file data-000001D867E02B50 doesn't match image C:\Users\asdf\Desktop\unity\ReactiveTurnBase\My project A\Library\ScriptAssemblies\Unity.VisualScripting.SettingsProvider.Editor.dll
Symbol file LoadedFromMemory is not a mono symbol file
Symbol file data-000001DA2109B050 doesn't match image C:\Users\asdf\Desktop\unity\ReactiveTurnBase\My project A\Library\ScriptAssemblies\Unity.Performance.Profile-Analyzer.Editor.dll
Symbol file LoadedFromMemory is not a mono symbol file
Symbol file data-000001D9F4C57070 doesn't match image C:\Users\asdf\Desktop\unity\ReactiveTurnBase\My project A\Library\ScriptAssemblies\Unity.TestTools.CodeCoverage.Editor.dll
Symbol file LoadedFromMemory is not a mono symbol file
Symbol file data-000001DA20468040 doesn't match image C:\Users\asdf\Desktop\unity\ReactiveTurnBase\My project A\Library\ScriptAssemblies\Unity.TestTools.CodeCoverage.Editor.OpenCover.Model.dll
Symbol file LoadedFromMemory is not a mono symbol file
Symbol file data-000001DA237A2070 doesn't match image C:\Users\asdf\Desktop\unity\ReactiveTurnBase\My project A\Library\ScriptAssemblies\Unity.VisualScripting.State.Editor.dll
Symbol file LoadedFromMemory is not a mono symbol file
Symbol file data-000001D9F48C8040 doesn't match image C:\Users\asdf\Desktop\unity\ReactiveTurnBase\My project A\Library\ScriptAssemblies\Unity.Settings.Editor.dll
Symbol file LoadedFromMemory is not a mono symbol file
Symbol file data-000001DA20468040 doesn't match image C:\Users\asdf\Desktop\unity\ReactiveTurnBase\My project A\Library\ScriptAssemblies\Unity.CollabProxy.Editor.dll
Symbol file LoadedFromMemory is not a mono symbol file
Symbol file data-000001DA16AF0040 doesn't match image C:\Users\asdf\Desktop\unity\ReactiveTurnBase\My project A\Library\ScriptAssemblies\Unity.TextMeshPro.dll
Symbol file LoadedFromMemory is not a mono symbol file
Symbol file data-000001DA204C2010 doesn't match image C:\Users\asdf\Desktop\unity\ReactiveTurnBase\My project A\Library\ScriptAssemblies\Unity.TextMeshPro.Editor.dll
Symbol file LoadedFromMemory is not a mono symbol file
Symbol file data-000001DA16122010 doesn't match image C:\Users\asdf\Desktop\unity\ReactiveTurnBase\My project A\Library\ScriptAssemblies\UniTask.dll
Symbol file LoadedFromMemory is not a mono symbol file
Symbol file data-000001DA20468040 doesn't match image C:\Users\asdf\Desktop\unity\ReactiveTurnBase\My project A\Library\ScriptAssemblies\Unity.VisualScripting.State.dll
Symbol file LoadedFromMemory is not a mono symbol file
Symbol file data-000001DA20468040 doesn't match image C:\Users\asdf\Desktop\unity\ReactiveTurnBase\My project A\Library\ScriptAssemblies\Unity.VSCode.Editor.dll
Symbol file LoadedFromMemory is not a mono symbol file
- Loaded All Assemblies, in  0.437 seconds
Native extension for WindowsStandalone target not found
Native extension for Android target not found
Mono: successfully reloaded assembly
- Finished resetting the current domain, in  1.111 seconds
Domain Reload Profiling: 1545ms
	BeginReloadAssembly (135ms)
		ExecutionOrderSort (0ms)
		DisableScriptedObjects (6ms)
		BackupInstance (0ms)
		ReleaseScriptingObjects (0ms)
		CreateAndSetChildDomain (30ms)
	RebuildCommonClasses (38ms)
	RebuildNativeTypeToScriptingClass (9ms)
	initialDomainReloadingComplete (25ms)
	LoadAllAssembliesAndSetupDomain (227ms)
		LoadAssemblies (283ms)
		RebuildTransferFunctionScriptingTraits (0ms)
		AnalyzeDomain (14ms)
			TypeCache.Refresh (5ms)
				TypeCache.ScanAssembly (0ms)
			ScanForSourceGeneratedMonoScriptInfo (0ms)
			ResolveRequiredComponents (7ms)
	FinalizeReload (1112ms)
		ReleaseScriptCaches (0ms)
		RebuildScriptCaches (0ms)
		SetupLoadedEditorAssemblies (618ms)
			LogAssemblyErrors (0ms)
			InitializePlatformSupportModulesInManaged (23ms)
			SetLoadedEditorAssemblies (5ms)
			RefreshPlugins (0ms)
			BeforeProcessingInitializeOnLoad (108ms)
			ProcessInitializeOnLoadAttributes (438ms)
			ProcessInitializeOnLoadMethodAttributes (37ms)
			AfterProcessingInitializeOnLoad (7ms)
			EditorAssembliesLoaded (0ms)
		ExecutionOrderSort2 (0ms)
		AwakeInstancesAfterBackupRestoration (7ms)
Refreshing native plugins compatible for Editor in 4.22 ms, found 3 plugins.
Preloading 0 native plugins for Editor in 0.00 ms.
Unloading 3940 Unused Serialized files (Serialized files now loaded: 0)
Unloading 22 unused Assets / (32.8 KB). Loaded Objects now: 4559.
Memory consumption went from 225.5 MB to 225.5 MB.
Total: 5.301100 ms (FindLiveObjects: 0.840500 ms CreateObjectMapping: 0.666500 ms MarkObjects: 3.742200 ms  DeleteObjects: 0.050300 ms)

Prepare: number of updated asset objects reloaded= 0
AssetImportParameters requested are different than current active one (requested -> active):
  custom:container-demuxer-ogg: 62fdf1f143b41e24485cea50d1cbac27 -> 
  custom:video-decoder-ogg-theora: a1e56fd34408186e4bbccfd4996cb3dc -> 
  custom:framework-win-MediaFoundation: 216162199b28c13a410421893ffa2e32 -> 
  custom:CustomObjectIndexerAttribute: 9a22284fe3817be447336de3de66b15e -> 
  custom:container-demuxer-webm: 4f35f7cbe854078d1ac9338744f61a02 -> 
  custom:container-muxer-webm: aa71ff27fc2769a1b78a27578f13a17b -> 
  custom:video-decoder-webm-vp8: 9c59270c3fd7afecdb556c50c9e8de78 -> 
  custom:SearchIndexIgnoredProperties: e643bd26f0fe6173181afceb89e7c659 -> 
  custom:AudioImporter_EditorPlatform: d09bf68614088b80899f8185d706f6e7 -> 
  custom:video-encoder-webm-vp8: eb34c28f22e8b96e1ab97ce403110664 -> 
  custom:audio-decoder-ogg-vorbis: bf7c407c2cedff20999df2af8eb42d56 -> 
  custom:audio-encoder-webm-vorbis: bf7c407c2cedff20999df2af8eb42d56 -> 
========================================================================
Received Prepare
Caller must complete domain reload
Begin MonoManager ReloadAssembly
Symbol file data-000001DA16252E20 doesn't match image C:\Users\asdf\Desktop\unity\ReactiveTurnBase\My project A\Library\ScriptAssemblies\Unity.EditorCoroutines.Editor.dll
Symbol file LoadedFromMemory is not a mono symbol file
Symbol file data-000001DA2393D010 doesn't match image C:\Users\asdf\Desktop\unity\ReactiveTurnBase\My project A\Library\ScriptAssemblies\UniTask.TextMeshPro.dll
Symbol file LoadedFromMemory is not a mono symbol file
Symbol file data-000001D9F4948F90 doesn't match image C:\Users\asdf\Desktop\unity\ReactiveTurnBase\My project A\Library\ScriptAssemblies\Unity.Timeline.Editor.dll
Symbol file LoadedFromMemory is not a mono symbol file
Symbol file data-000001DA166AD450 doesn't match image C:\Users\asdf\Desktop\unity\ReactiveTurnBase\My project A\Library\ScriptAssemblies\Unity.VisualScripting.Shared.Editor.dll
Symbol file LoadedFromMemory is not a mono symbol file
Symbol file data-000001DA166AD450 doesn't match image C:\Users\asdf\Desktop\unity\ReactiveTurnBase\My project A\Library\ScriptAssemblies\UniTask.DOTween.dll
Symbol file LoadedFromMemory is not a mono symbol file
Symbol file data-000001DA166AD450 doesn't match image C:\Users\asdf\Desktop\unity\ReactiveTurnBase\My project A\Library\ScriptAssemblies\UniTask.Addressables.dll
Symbol file LoadedFromMemory is not a mono symbol file
Symbol file data-000001DA233ED020 doesn't match image C:\Users\asdf\Desktop\unity\ReactiveTurnBase\My project A\Library\ScriptAssemblies\UnityEditor.UI.dll
Symbol file LoadedFromMemory is not a mono symbol file
Symbol file data-000001D9F3F20080 doesn't match image C:\Users\asdf\Desktop\unity\ReactiveTurnBase\My project A\Library\ScriptAssemblies\Unity.VisualScripting.Core.dll
Symbol file LoadedFromMemory is not a mono symbol file
Symbol file data-000001DA23E47020 doesn't match image C:\Users\asdf\Desktop\unity\ReactiveTurnBase\My project A\Library\ScriptAssemblies\UnityEngine.UI.dll
Symbol file LoadedFromMemory is not a mono symbol file
Symbol file data-000001D9F47B2A40 doesn't match image C:\Users\asdf\Desktop\unity\ReactiveTurnBase\My project A\Library\ScriptAssemblies\UniTask.Editor.dll
Symbol file LoadedFromMemory is not a mono symbol file
Symbol file data-000001DA21191020 doesn't match image C:\Users\asdf\Desktop\unity\ReactiveTurnBase\My project A\Library\ScriptAssemblies\Unity.VisualScripting.Core.Editor.dll
Symbol file LoadedFromMemory is not a mono symbol file
Symbol file data-000001DA216077B0 doesn't match image C:\Users\asdf\Desktop\unity\ReactiveTurnBase\My project A\Library\ScriptAssemblies\UniTask.Linq.dll
Symbol file LoadedFromMemory is not a mono symbol file
Symbol file data-000001DA16AF0040 doesn't match image C:\Users\asdf\Desktop\unity\ReactiveTurnBase\My project A\Library\ScriptAssemblies\Unity.VisualScripting.Flow.dll
Symbol file LoadedFromMemory is not a mono symbol file
Symbol file data-000001D9F3FB50E0 doesn't match image C:\Users\asdf\Desktop\unity\ReactiveTurnBase\My project A\Library\ScriptAssemblies\Unity.VisualScripting.Flow.Editor.dll
Symbol file LoadedFromMemory is not a mono symbol file
Symbol file data-000001D9F2F265B0 doesn't match image C:\Users\asdf\Desktop\unity\ReactiveTurnBase\My project A\Library\ScriptAssemblies\Unity.Timeline.dll
Symbol file LoadedFromMemory is not a mono symbol file
Symbol file data-000001DA845D2040 doesn't match image C:\Users\asdf\Desktop\unity\ReactiveTurnBase\My project A\Library\ScriptAssemblies\Unity.InputSystem.dll
Symbol file LoadedFromMemory is not a mono symbol file
Symbol file data-000001D9F47B2A40 doesn't match image C:\Users\asdf\Desktop\unity\ReactiveTurnBase\My project A\Library\ScriptAssemblies\Unity.InputSystem.ForUI.dll
Symbol file LoadedFromMemory is not a mono symbol file
Symbol file data-000001D9F47B2A40 doesn't match image C:\Users\asdf\Desktop\unity\ReactiveTurnBase\My project A\Library\ScriptAssemblies\Unity.TestTools.CodeCoverage.Editor.OpenCover.Mono.Reflection.dll
Symbol file LoadedFromMemory is not a mono symbol file
Symbol file data-000001DA2024A010 doesn't match image C:\Users\asdf\Desktop\unity\ReactiveTurnBase\My project A\Library\ScriptAssemblies\Unity.VisualScripting.SettingsProvider.Editor.dll
Symbol file LoadedFromMemory is not a mono symbol file
Symbol file data-000001D9F433BDD0 doesn't match image C:\Users\asdf\Desktop\unity\ReactiveTurnBase\My project A\Library\ScriptAssemblies\Unity.Performance.Profile-Analyzer.Editor.dll
Symbol file LoadedFromMemory is not a mono symbol file
Symbol file data-000001DA16935040 doesn't match image C:\Users\asdf\Desktop\unity\ReactiveTurnBase\My project A\Library\ScriptAssemblies\Unity.TestTools.CodeCoverage.Editor.dll
Symbol file LoadedFromMemory is not a mono symbol file
Symbol file data-000001DA1FF04010 doesn't match image C:\Users\asdf\Desktop\unity\ReactiveTurnBase\My project A\Library\ScriptAssemblies\Unity.TestTools.CodeCoverage.Editor.OpenCover.Model.dll
Symbol file LoadedFromMemory is not a mono symbol file
Symbol file data-000001DA233ED020 doesn't match image C:\Users\asdf\Desktop\unity\ReactiveTurnBase\My project A\Library\ScriptAssemblies\Unity.VisualScripting.State.Editor.dll
Symbol file LoadedFromMemory is not a mono symbol file
Symbol file data-000001DA212B4350 doesn't match image C:\Users\asdf\Desktop\unity\ReactiveTurnBase\My project A\Library\ScriptAssemblies\Unity.Settings.Editor.dll
Symbol file LoadedFromMemory is not a mono symbol file
Symbol file data-000001DA1FF04010 doesn't match image C:\Users\asdf\Desktop\unity\ReactiveTurnBase\My project A\Library\ScriptAssemblies\Unity.CollabProxy.Editor.dll
Symbol file LoadedFromMemory is not a mono symbol file
Symbol file data-000001DA16AF0040 doesn't match image C:\Users\asdf\Desktop\unity\ReactiveTurnBase\My project A\Library\ScriptAssemblies\Unity.TextMeshPro.dll
Symbol file LoadedFromMemory is not a mono symbol file
Symbol file data-000001DA204C2010 doesn't match image C:\Users\asdf\Desktop\unity\ReactiveTurnBase\My project A\Library\ScriptAssemblies\Unity.TextMeshPro.Editor.dll
Symbol file LoadedFromMemory is not a mono symbol file
Symbol file data-000001DA16122010 doesn't match image C:\Users\asdf\Desktop\unity\ReactiveTurnBase\My project A\Library\ScriptAssemblies\UniTask.dll
Symbol file LoadedFromMemory is not a mono symbol file
Symbol file data-000001D9F491E990 doesn't match image C:\Users\asdf\Desktop\unity\ReactiveTurnBase\My project A\Library\ScriptAssemblies\Unity.VisualScripting.State.dll
Symbol file LoadedFromMemory is not a mono symbol file
Symbol file data-000001D9F491E990 doesn't match image C:\Users\asdf\Desktop\unity\ReactiveTurnBase\My project A\Library\ScriptAssemblies\Unity.VSCode.Editor.dll
Symbol file LoadedFromMemory is not a mono symbol file
- Loaded All Assemblies, in  0.500 seconds
Native extension for WindowsStandalone target not found
Native extension for Android target not found
Mono: successfully reloaded assembly
- Finished resetting the current domain, in  0.983 seconds
Domain Reload Profiling: 1480ms
	BeginReloadAssembly (146ms)
		ExecutionOrderSort (0ms)
		DisableScriptedObjects (6ms)
		BackupInstance (0ms)
		ReleaseScriptingObjects (0ms)
		CreateAndSetChildDomain (31ms)
	RebuildCommonClasses (30ms)
	RebuildNativeTypeToScriptingClass (8ms)
	initialDomainReloadingComplete (29ms)
	LoadAllAssembliesAndSetupDomain (283ms)
		LoadAssemblies (330ms)
		RebuildTransferFunctionScriptingTraits (0ms)
		AnalyzeDomain (31ms)
			TypeCache.Refresh (11ms)
				TypeCache.ScanAssembly (3ms)
			ScanForSourceGeneratedMonoScriptInfo (12ms)
			ResolveRequiredComponents (7ms)
	FinalizeReload (983ms)
		ReleaseScriptCaches (0ms)
		RebuildScriptCaches (0ms)
		SetupLoadedEditorAssemblies (482ms)
			LogAssemblyErrors (0ms)
			InitializePlatformSupportModulesInManaged (16ms)
			SetLoadedEditorAssemblies (4ms)
			RefreshPlugins (0ms)
			BeforeProcessingInitializeOnLoad (89ms)
			ProcessInitializeOnLoadAttributes (337ms)
			ProcessInitializeOnLoadMethodAttributes (30ms)
			AfterProcessingInitializeOnLoad (6ms)
			EditorAssembliesLoaded (0ms)
		ExecutionOrderSort2 (0ms)
		AwakeInstancesAfterBackupRestoration (6ms)
Refreshing native plugins compatible for Editor in 3.95 ms, found 3 plugins.
Preloading 0 native plugins for Editor in 0.00 ms.
Unloading 3941 Unused Serialized files (Serialized files now loaded: 0)
Unloading 22 unused Assets / (32.8 KB). Loaded Objects now: 4562.
Memory consumption went from 225.8 MB to 225.8 MB.
Total: 3.230300 ms (FindLiveObjects: 0.290900 ms CreateObjectMapping: 0.224200 ms MarkObjects: 2.664200 ms  DeleteObjects: 0.050100 ms)

Prepare: number of updated asset objects reloaded= 0
AssetImportParameters requested are different than current active one (requested -> active):
  custom:container-demuxer-ogg: 62fdf1f143b41e24485cea50d1cbac27 -> 
  custom:video-decoder-ogg-theora: a1e56fd34408186e4bbccfd4996cb3dc -> 
  custom:framework-win-MediaFoundation: 216162199b28c13a410421893ffa2e32 -> 
  custom:CustomObjectIndexerAttribute: 9a22284fe3817be447336de3de66b15e -> 
  custom:container-demuxer-webm: 4f35f7cbe854078d1ac9338744f61a02 -> 
  custom:container-muxer-webm: aa71ff27fc2769a1b78a27578f13a17b -> 
  custom:video-decoder-webm-vp8: 9c59270c3fd7afecdb556c50c9e8de78 -> 
  custom:SearchIndexIgnoredProperties: e643bd26f0fe6173181afceb89e7c659 -> 
  custom:AudioImporter_EditorPlatform: d09bf68614088b80899f8185d706f6e7 -> 
  custom:video-encoder-webm-vp8: eb34c28f22e8b96e1ab97ce403110664 -> 
  custom:audio-decoder-ogg-vorbis: bf7c407c2cedff20999df2af8eb42d56 -> 
  custom:audio-encoder-webm-vorbis: bf7c407c2cedff20999df2af8eb42d56 -> 
========================================================================
Received Prepare
Caller must complete domain reload
Begin MonoManager ReloadAssembly
Symbol file data-000001DA16252E20 doesn't match image C:\Users\asdf\Desktop\unity\ReactiveTurnBase\My project A\Library\ScriptAssemblies\Unity.EditorCoroutines.Editor.dll
Symbol file LoadedFromMemory is not a mono symbol file
Symbol file data-000001DA16252E20 doesn't match image C:\Users\asdf\Desktop\unity\ReactiveTurnBase\My project A\Library\ScriptAssemblies\UniTask.TextMeshPro.dll
Symbol file LoadedFromMemory is not a mono symbol file
Symbol file data-000001D9F4948F90 doesn't match image C:\Users\asdf\Desktop\unity\ReactiveTurnBase\My project A\Library\ScriptAssemblies\Unity.Timeline.Editor.dll
Symbol file LoadedFromMemory is not a mono symbol file
Symbol file data-000001DA1FF04010 doesn't match image C:\Users\asdf\Desktop\unity\ReactiveTurnBase\My project A\Library\ScriptAssemblies\Unity.VisualScripting.Shared.Editor.dll
Symbol file LoadedFromMemory is not a mono symbol file
Symbol file data-000001D9F492E9D0 doesn't match image C:\Users\asdf\Desktop\unity\ReactiveTurnBase\My project A\Library\ScriptAssemblies\UniTask.DOTween.dll
Symbol file LoadedFromMemory is not a mono symbol file
Symbol file data-000001D9F492E9D0 doesn't match image C:\Users\asdf\Desktop\unity\ReactiveTurnBase\My project A\Library\ScriptAssemblies\UniTask.Addressables.dll
Symbol file LoadedFromMemory is not a mono symbol file
Symbol file data-000001DA2391D010 doesn't match image C:\Users\asdf\Desktop\unity\ReactiveTurnBase\My project A\Library\ScriptAssemblies\UnityEditor.UI.dll
Symbol file LoadedFromMemory is not a mono symbol file
Symbol file data-000001D9F3F20080 doesn't match image C:\Users\asdf\Desktop\unity\ReactiveTurnBase\My project A\Library\ScriptAssemblies\Unity.VisualScripting.Core.dll
Symbol file LoadedFromMemory is not a mono symbol file
Symbol file data-000001DA23E47020 doesn't match image C:\Users\asdf\Desktop\unity\ReactiveTurnBase\My project A\Library\ScriptAssemblies\UnityEngine.UI.dll
Symbol file LoadedFromMemory is not a mono symbol file
Symbol file data-000001DA1FF04010 doesn't match image C:\Users\asdf\Desktop\unity\ReactiveTurnBase\My project A\Library\ScriptAssemblies\UniTask.Editor.dll
Symbol file LoadedFromMemory is not a mono symbol file
Symbol file data-000001DA21191020 doesn't match image C:\Users\asdf\Desktop\unity\ReactiveTurnBase\My project A\Library\ScriptAssemblies\Unity.VisualScripting.Core.Editor.dll
Symbol file LoadedFromMemory is not a mono symbol file
Symbol file data-000001DA216077B0 doesn't match image C:\Users\asdf\Desktop\unity\ReactiveTurnBase\My project A\Library\ScriptAssemblies\UniTask.Linq.dll
Symbol file LoadedFromMemory is not a mono symbol file
Symbol file data-000001DA16AF0040 doesn't match image C:\Users\asdf\Desktop\unity\ReactiveTurnBase\My project A\Library\ScriptAssemblies\Unity.VisualScripting.Flow.dll
Symbol file LoadedFromMemory is not a mono symbol file
Symbol file data-000001D9F3FB50E0 doesn't match image C:\Users\asdf\Desktop\unity\ReactiveTurnBase\My project A\Library\ScriptAssemblies\Unity.VisualScripting.Flow.Editor.dll
Symbol file LoadedFromMemory is not a mono symbol file
Symbol file data-000001D9F2F265B0 doesn't match image C:\Users\asdf\Desktop\unity\ReactiveTurnBase\My project A\Library\ScriptAssemblies\Unity.Timeline.dll
Symbol file LoadedFromMemory is not a mono symbol file
Symbol file data-000001DA84873220 doesn't match image C:\Users\asdf\Desktop\unity\ReactiveTurnBase\My project A\Library\ScriptAssemblies\Unity.InputSystem.dll
Symbol file LoadedFromMemory is not a mono symbol file
Symbol file data-000001DA16DEE040 doesn't match image C:\Users\asdf\Desktop\unity\ReactiveTurnBase\My project A\Library\ScriptAssemblies\Unity.InputSystem.ForUI.dll
Symbol file LoadedFromMemory is not a mono symbol file
Symbol file data-000001DA1FF04010 doesn't match image C:\Users\asdf\Desktop\unity\ReactiveTurnBase\My project A\Library\ScriptAssemblies\Unity.TestTools.CodeCoverage.Editor.OpenCover.Mono.Reflection.dll
Symbol file LoadedFromMemory is not a mono symbol file
Symbol file data-000001DA1FF04010 doesn't match image C:\Users\asdf\Desktop\unity\ReactiveTurnBase\My project A\Library\ScriptAssemblies\Unity.VisualScripting.SettingsProvider.Editor.dll
Symbol file LoadedFromMemory is not a mono symbol file
Symbol file data-000001DA16C47020 doesn't match image C:\Users\asdf\Desktop\unity\ReactiveTurnBase\My project A\Library\ScriptAssemblies\Unity.Performance.Profile-Analyzer.Editor.dll
Symbol file LoadedFromMemory is not a mono symbol file
Symbol file data-000001D9F4C57070 doesn't match image C:\Users\asdf\Desktop\unity\ReactiveTurnBase\My project A\Library\ScriptAssemblies\Unity.TestTools.CodeCoverage.Editor.dll
Symbol file LoadedFromMemory is not a mono symbol file
Symbol file data-000001DA16460010 doesn't match image C:\Users\asdf\Desktop\unity\ReactiveTurnBase\My project A\Library\ScriptAssemblies\Unity.TestTools.CodeCoverage.Editor.OpenCover.Model.dll
Symbol file LoadedFromMemory is not a mono symbol file
Symbol file data-000001DA2391D010 doesn't match image C:\Users\asdf\Desktop\unity\ReactiveTurnBase\My project A\Library\ScriptAssemblies\Unity.VisualScripting.State.Editor.dll
Symbol file LoadedFromMemory is not a mono symbol file
Symbol file data-000001DA212B4350 doesn't match image C:\Users\asdf\Desktop\unity\ReactiveTurnBase\My project A\Library\ScriptAssemblies\Unity.Settings.Editor.dll
Symbol file LoadedFromMemory is not a mono symbol file
Symbol file data-000001DA16252E20 doesn't match image C:\Users\asdf\Desktop\unity\ReactiveTurnBase\My project A\Library\ScriptAssemblies\Unity.CollabProxy.Editor.dll
Symbol file LoadedFromMemory is not a mono symbol file
Symbol file data-000001DA16AF0040 doesn't match image C:\Users\asdf\Desktop\unity\ReactiveTurnBase\My project A\Library\ScriptAssemblies\Unity.TextMeshPro.dll
Symbol file LoadedFromMemory is not a mono symbol file
Symbol file data-000001DA204C2010 doesn't match image C:\Users\asdf\Desktop\unity\ReactiveTurnBase\My project A\Library\ScriptAssemblies\Unity.TextMeshPro.Editor.dll
Symbol file LoadedFromMemory is not a mono symbol file
Symbol file data-000001DA16122010 doesn't match image C:\Users\asdf\Desktop\unity\ReactiveTurnBase\My project A\Library\ScriptAssemblies\UniTask.dll
Symbol file LoadedFromMemory is not a mono symbol file
Symbol file data-000001D9F491E990 doesn't match image C:\Users\asdf\Desktop\unity\ReactiveTurnBase\My project A\Library\ScriptAssemblies\Unity.VisualScripting.State.dll
Symbol file LoadedFromMemory is not a mono symbol file
Symbol file data-000001D9F491E990 doesn't match image C:\Users\asdf\Desktop\unity\ReactiveTurnBase\My project A\Library\ScriptAssemblies\Unity.VSCode.Editor.dll
Symbol file LoadedFromMemory is not a mono symbol file
- Loaded All Assemblies, in  0.460 seconds
Native extension for WindowsStandalone target not found
Native extension for Android target not found
Mono: successfully reloaded assembly
- Finished resetting the current domain, in  1.071 seconds
Domain Reload Profiling: 1529ms
	BeginReloadAssembly (134ms)
		ExecutionOrderSort (0ms)
		DisableScriptedObjects (6ms)
		BackupInstance (0ms)
		ReleaseScriptingObjects (0ms)
		CreateAndSetChildDomain (28ms)
	RebuildCommonClasses (30ms)
	RebuildNativeTypeToScriptingClass (13ms)
	initialDomainReloadingComplete (26ms)
	LoadAllAssembliesAndSetupDomain (254ms)
		LoadAssemblies (298ms)
		RebuildTransferFunctionScriptingTraits (0ms)
		AnalyzeDomain (28ms)
			TypeCache.Refresh (9ms)
				TypeCache.ScanAssembly (2ms)
			ScanForSourceGeneratedMonoScriptInfo (11ms)
			ResolveRequiredComponents (6ms)
	FinalizeReload (1071ms)
		ReleaseScriptCaches (0ms)
		RebuildScriptCaches (0ms)
		SetupLoadedEditorAssemblies (597ms)
			LogAssemblyErrors (0ms)
			InitializePlatformSupportModulesInManaged (16ms)
			SetLoadedEditorAssemblies (4ms)
			RefreshPlugins (0ms)
			BeforeProcessingInitializeOnLoad (94ms)
			ProcessInitializeOnLoadAttributes (438ms)
			ProcessInitializeOnLoadMethodAttributes (35ms)
			AfterProcessingInitializeOnLoad (10ms)
			EditorAssembliesLoaded (0ms)
		ExecutionOrderSort2 (0ms)
		AwakeInstancesAfterBackupRestoration (8ms)
Refreshing native plugins compatible for Editor in 4.89 ms, found 3 plugins.
Preloading 0 native plugins for Editor in 0.00 ms.
Unloading 3941 Unused Serialized files (Serialized files now loaded: 0)
Unloading 22 unused Assets / (32.9 KB). Loaded Objects now: 4565.
Memory consumption went from 225.8 MB to 225.8 MB.
Total: 5.680600 ms (FindLiveObjects: 0.677000 ms CreateObjectMapping: 0.494000 ms MarkObjects: 4.459100 ms  DeleteObjects: 0.048600 ms)

Prepare: number of updated asset objects reloaded= 0
AssetImportParameters requested are different than current active one (requested -> active):
  custom:container-demuxer-ogg: 62fdf1f143b41e24485cea50d1cbac27 -> 
  custom:video-decoder-ogg-theora: a1e56fd34408186e4bbccfd4996cb3dc -> 
  custom:framework-win-MediaFoundation: 216162199b28c13a410421893ffa2e32 -> 
  custom:CustomObjectIndexerAttribute: 9a22284fe3817be447336de3de66b15e -> 
  custom:container-demuxer-webm: 4f35f7cbe854078d1ac9338744f61a02 -> 
  custom:container-muxer-webm: aa71ff27fc2769a1b78a27578f13a17b -> 
  custom:video-decoder-webm-vp8: 9c59270c3fd7afecdb556c50c9e8de78 -> 
  custom:SearchIndexIgnoredProperties: e643bd26f0fe6173181afceb89e7c659 -> 
  custom:AudioImporter_EditorPlatform: d09bf68614088b80899f8185d706f6e7 -> 
  custom:video-encoder-webm-vp8: eb34c28f22e8b96e1ab97ce403110664 -> 
  custom:audio-decoder-ogg-vorbis: bf7c407c2cedff20999df2af8eb42d56 -> 
  custom:audio-encoder-webm-vorbis: bf7c407c2cedff20999df2af8eb42d56 -> 
========================================================================
Received Prepare
Caller must complete domain reload
Begin MonoManager ReloadAssembly
Symbol file data-000001DA17882060 doesn't match image C:\Users\asdf\Desktop\unity\ReactiveTurnBase\My project A\Library\ScriptAssemblies\Unity.EditorCoroutines.Editor.dll
Symbol file LoadedFromMemory is not a mono symbol file
Symbol file data-000001DA16252E20 doesn't match image C:\Users\asdf\Desktop\unity\ReactiveTurnBase\My project A\Library\ScriptAssemblies\UniTask.TextMeshPro.dll
Symbol file LoadedFromMemory is not a mono symbol file
Symbol file data-000001D9F4948F90 doesn't match image C:\Users\asdf\Desktop\unity\ReactiveTurnBase\My project A\Library\ScriptAssemblies\Unity.Timeline.Editor.dll
Symbol file LoadedFromMemory is not a mono symbol file
Symbol file data-000001DA166AD450 doesn't match image C:\Users\asdf\Desktop\unity\ReactiveTurnBase\My project A\Library\ScriptAssemblies\Unity.VisualScripting.Shared.Editor.dll
Symbol file LoadedFromMemory is not a mono symbol file
Symbol file data-000001DA17882060 doesn't match image C:\Users\asdf\Desktop\unity\ReactiveTurnBase\My project A\Library\ScriptAssemblies\UniTask.DOTween.dll
Symbol file LoadedFromMemory is not a mono symbol file
Symbol file data-000001DA17882060 doesn't match image C:\Users\asdf\Desktop\unity\ReactiveTurnBase\My project A\Library\ScriptAssemblies\UniTask.Addressables.dll
Symbol file LoadedFromMemory is not a mono symbol file
Symbol file data-000001DA2391D010 doesn't match image C:\Users\asdf\Desktop\unity\ReactiveTurnBase\My project A\Library\ScriptAssemblies\UnityEditor.UI.dll
Symbol file LoadedFromMemory is not a mono symbol file
Symbol file data-000001DA200B2020 doesn't match image C:\Users\asdf\Desktop\unity\ReactiveTurnBase\My project A\Library\ScriptAssemblies\Unity.VisualScripting.Core.dll
Symbol file LoadedFromMemory is not a mono symbol file
Symbol file data-000001DA23E47020 doesn't match image C:\Users\asdf\Desktop\unity\ReactiveTurnBase\My project A\Library\ScriptAssemblies\UnityEngine.UI.dll
Symbol file LoadedFromMemory is not a mono symbol file
Symbol file data-000001DA166AD450 doesn't match image C:\Users\asdf\Desktop\unity\ReactiveTurnBase\My project A\Library\ScriptAssemblies\UniTask.Editor.dll
Symbol file LoadedFromMemory is not a mono symbol file
Symbol file data-000001DA21191020 doesn't match image C:\Users\asdf\Desktop\unity\ReactiveTurnBase\My project A\Library\ScriptAssemblies\Unity.VisualScripting.Core.Editor.dll
Symbol file LoadedFromMemory is not a mono symbol file
Symbol file data-000001DA216077B0 doesn't match image C:\Users\asdf\Desktop\unity\ReactiveTurnBase\My project A\Library\ScriptAssemblies\UniTask.Linq.dll
Symbol file LoadedFromMemory is not a mono symbol file
Symbol file data-000001DA16AF0040 doesn't match image C:\Users\asdf\Desktop\unity\ReactiveTurnBase\My project A\Library\ScriptAssemblies\Unity.VisualScripting.Flow.dll
Symbol file LoadedFromMemory is not a mono symbol file
Symbol file data-000001DA2109B050 doesn't match image C:\Users\asdf\Desktop\unity\ReactiveTurnBase\My project A\Library\ScriptAssemblies\Unity.VisualScripting.Flow.Editor.dll
Symbol file LoadedFromMemory is not a mono symbol file
Symbol file data-000001D9F2F265B0 doesn't match image C:\Users\asdf\Desktop\unity\ReactiveTurnBase\My project A\Library\ScriptAssemblies\Unity.Timeline.dll
Symbol file LoadedFromMemory is not a mono symbol file
Symbol file data-000001DA848B5010 doesn't match image C:\Users\asdf\Desktop\unity\ReactiveTurnBase\My project A\Library\ScriptAssemblies\Unity.InputSystem.dll
Symbol file LoadedFromMemory is not a mono symbol file
Symbol file data-000001DA16252E20 doesn't match image C:\Users\asdf\Desktop\unity\ReactiveTurnBase\My project A\Library\ScriptAssemblies\Unity.InputSystem.ForUI.dll
Symbol file LoadedFromMemory is not a mono symbol file
Symbol file data-000001DA166AD450 doesn't match image C:\Users\asdf\Desktop\unity\ReactiveTurnBase\My project A\Library\ScriptAssemblies\Unity.TestTools.CodeCoverage.Editor.OpenCover.Mono.Reflection.dll
Symbol file LoadedFromMemory is not a mono symbol file
Symbol file data-000001DA166AD450 doesn't match image C:\Users\asdf\Desktop\unity\ReactiveTurnBase\My project A\Library\ScriptAssemblies\Unity.VisualScripting.SettingsProvider.Editor.dll
Symbol file LoadedFromMemory is not a mono symbol file
Symbol file data-000001DA2327C020 doesn't match image C:\Users\asdf\Desktop\unity\ReactiveTurnBase\My project A\Library\ScriptAssemblies\Unity.Performance.Profile-Analyzer.Editor.dll
Symbol file LoadedFromMemory is not a mono symbol file
Symbol file data-000001DA16888010 doesn't match image C:\Users\asdf\Desktop\unity\ReactiveTurnBase\My project A\Library\ScriptAssemblies\Unity.TestTools.CodeCoverage.Editor.dll
Symbol file LoadedFromMemory is not a mono symbol file
Symbol file data-000001D9F47B2A40 doesn't match image C:\Users\asdf\Desktop\unity\ReactiveTurnBase\My project A\Library\ScriptAssemblies\Unity.TestTools.CodeCoverage.Editor.OpenCover.Model.dll
Symbol file LoadedFromMemory is not a mono symbol file
Symbol file data-000001DA2391D010 doesn't match image C:\Users\asdf\Desktop\unity\ReactiveTurnBase\My project A\Library\ScriptAssemblies\Unity.VisualScripting.State.Editor.dll
Symbol file LoadedFromMemory is not a mono symbol file
Symbol file data-000001DA212B4350 doesn't match image C:\Users\asdf\Desktop\unity\ReactiveTurnBase\My project A\Library\ScriptAssemblies\Unity.Settings.Editor.dll
Symbol file LoadedFromMemory is not a mono symbol file
Symbol file data-000001DA166AD450 doesn't match image C:\Users\asdf\Desktop\unity\ReactiveTurnBase\My project A\Library\ScriptAssemblies\Unity.CollabProxy.Editor.dll
Symbol file LoadedFromMemory is not a mono symbol file
Symbol file data-000001DA16AF0040 doesn't match image C:\Users\asdf\Desktop\unity\ReactiveTurnBase\My project A\Library\ScriptAssemblies\Unity.TextMeshPro.dll
Symbol file LoadedFromMemory is not a mono symbol file
Symbol file data-000001D9F49D6610 doesn't match image C:\Users\asdf\Desktop\unity\ReactiveTurnBase\My project A\Library\ScriptAssemblies\Unity.TextMeshPro.Editor.dll
Symbol file LoadedFromMemory is not a mono symbol file
Symbol file data-000001D9F3F20080 doesn't match image C:\Users\asdf\Desktop\unity\ReactiveTurnBase\My project A\Library\ScriptAssemblies\UniTask.dll
Symbol file LoadedFromMemory is not a mono symbol file
Symbol file data-000001D9F491E990 doesn't match image C:\Users\asdf\Desktop\unity\ReactiveTurnBase\My project A\Library\ScriptAssemblies\Unity.VisualScripting.State.dll
Symbol file LoadedFromMemory is not a mono symbol file
Symbol file data-000001D9F491E990 doesn't match image C:\Users\asdf\Desktop\unity\ReactiveTurnBase\My project A\Library\ScriptAssemblies\Unity.VSCode.Editor.dll
Symbol file LoadedFromMemory is not a mono symbol file
- Loaded All Assemblies, in  0.441 seconds
Native extension for WindowsStandalone target not found
Native extension for Android target not found
Mono: successfully reloaded assembly
- Finished resetting the current domain, in  1.129 seconds
Domain Reload Profiling: 1567ms
	BeginReloadAssembly (135ms)
		ExecutionOrderSort (0ms)
		DisableScriptedObjects (6ms)
		BackupInstance (0ms)
		ReleaseScriptingObjects (0ms)
		CreateAndSetChildDomain (28ms)
	RebuildCommonClasses (25ms)
	RebuildNativeTypeToScriptingClass (8ms)
	initialDomainReloadingComplete (26ms)
	LoadAllAssembliesAndSetupDomain (243ms)
		LoadAssemblies (300ms)
		RebuildTransferFunctionScriptingTraits (0ms)
		AnalyzeDomain (17ms)
			TypeCache.Refresh (5ms)
				TypeCache.ScanAssembly (0ms)
			ScanForSourceGeneratedMonoScriptInfo (0ms)
			ResolveRequiredComponents (10ms)
	FinalizeReload (1129ms)
		ReleaseScriptCaches (0ms)
		RebuildScriptCaches (0ms)
		SetupLoadedEditorAssemblies (637ms)
			LogAssemblyErrors (0ms)
			InitializePlatformSupportModulesInManaged (23ms)
			SetLoadedEditorAssemblies (5ms)
			RefreshPlugins (0ms)
			BeforeProcessingInitializeOnLoad (109ms)
			ProcessInitializeOnLoadAttributes (454ms)
			ProcessInitializeOnLoadMethodAttributes (38ms)
			AfterProcessingInitializeOnLoad (8ms)
			EditorAssembliesLoaded (0ms)
		ExecutionOrderSort2 (0ms)
		AwakeInstancesAfterBackupRestoration (7ms)
Refreshing native plugins compatible for Editor in 3.72 ms, found 3 plugins.
Preloading 0 native plugins for Editor in 0.00 ms.
Unloading 3941 Unused Serialized files (Serialized files now loaded: 0)
Unloading 22 unused Assets / (32.7 KB). Loaded Objects now: 4568.
Memory consumption went from 225.8 MB to 225.8 MB.
Total: 2.896200 ms (FindLiveObjects: 0.276600 ms CreateObjectMapping: 0.105400 ms MarkObjects: 2.466500 ms  DeleteObjects: 0.046600 ms)

Prepare: number of updated asset objects reloaded= 0
AssetImportParameters requested are different than current active one (requested -> active):
  custom:container-demuxer-ogg: 62fdf1f143b41e24485cea50d1cbac27 -> 
  custom:video-decoder-ogg-theora: a1e56fd34408186e4bbccfd4996cb3dc -> 
  custom:framework-win-MediaFoundation: 216162199b28c13a410421893ffa2e32 -> 
  custom:CustomObjectIndexerAttribute: 9a22284fe3817be447336de3de66b15e -> 
  custom:container-demuxer-webm: 4f35f7cbe854078d1ac9338744f61a02 -> 
  custom:container-muxer-webm: aa71ff27fc2769a1b78a27578f13a17b -> 
  custom:video-decoder-webm-vp8: 9c59270c3fd7afecdb556c50c9e8de78 -> 
  custom:SearchIndexIgnoredProperties: e643bd26f0fe6173181afceb89e7c659 -> 
  custom:AudioImporter_EditorPlatform: d09bf68614088b80899f8185d706f6e7 -> 
  custom:video-encoder-webm-vp8: eb34c28f22e8b96e1ab97ce403110664 -> 
  custom:audio-decoder-ogg-vorbis: bf7c407c2cedff20999df2af8eb42d56 -> 
  custom:audio-encoder-webm-vorbis: bf7c407c2cedff20999df2af8eb42d56 -> 
========================================================================
Received Prepare
Caller must complete domain reload
Begin MonoManager ReloadAssembly
Symbol file data-000001DA21229030 doesn't match image C:\Users\asdf\Desktop\unity\ReactiveTurnBase\My project A\Library\ScriptAssemblies\Unity.EditorCoroutines.Editor.dll
Symbol file LoadedFromMemory is not a mono symbol file
Symbol file data-000001DA21229030 doesn't match image C:\Users\asdf\Desktop\unity\ReactiveTurnBase\My project A\Library\ScriptAssemblies\UniTask.TextMeshPro.dll
Symbol file LoadedFromMemory is not a mono symbol file
Symbol file data-000001D9F4948F90 doesn't match image C:\Users\asdf\Desktop\unity\ReactiveTurnBase\My project A\Library\ScriptAssemblies\Unity.Timeline.Editor.dll
Symbol file LoadedFromMemory is not a mono symbol file
Symbol file data-000001DA21229030 doesn't match image C:\Users\asdf\Desktop\unity\ReactiveTurnBase\My project A\Library\ScriptAssemblies\Unity.VisualScripting.Shared.Editor.dll
Symbol file LoadedFromMemory is not a mono symbol file
Symbol file data-000001D9F492E9D0 doesn't match image C:\Users\asdf\Desktop\unity\ReactiveTurnBase\My project A\Library\ScriptAssemblies\UniTask.DOTween.dll
Symbol file LoadedFromMemory is not a mono symbol file
Symbol file data-000001D9F492E9D0 doesn't match image C:\Users\asdf\Desktop\unity\ReactiveTurnBase\My project A\Library\ScriptAssemblies\UniTask.Addressables.dll
Symbol file LoadedFromMemory is not a mono symbol file
Symbol file data-000001DA2393D010 doesn't match image C:\Users\asdf\Desktop\unity\ReactiveTurnBase\My project A\Library\ScriptAssemblies\UnityEditor.UI.dll
Symbol file LoadedFromMemory is not a mono symbol file
Symbol file data-000001D9F3F20080 doesn't match image C:\Users\asdf\Desktop\unity\ReactiveTurnBase\My project A\Library\ScriptAssemblies\Unity.VisualScripting.Core.dll
Symbol file LoadedFromMemory is not a mono symbol file
Symbol file data-000001DA23E47020 doesn't match image C:\Users\asdf\Desktop\unity\ReactiveTurnBase\My project A\Library\ScriptAssemblies\UnityEngine.UI.dll
Symbol file LoadedFromMemory is not a mono symbol file
Symbol file data-000001DA21229030 doesn't match image C:\Users\asdf\Desktop\unity\ReactiveTurnBase\My project A\Library\ScriptAssemblies\UniTask.Editor.dll
Symbol file LoadedFromMemory is not a mono symbol file
Symbol file data-000001DA21191020 doesn't match image C:\Users\asdf\Desktop\unity\ReactiveTurnBase\My project A\Library\ScriptAssemblies\Unity.VisualScripting.Core.Editor.dll
Symbol file LoadedFromMemory is not a mono symbol file
Symbol file data-000001DA216077B0 doesn't match image C:\Users\asdf\Desktop\unity\ReactiveTurnBase\My project A\Library\ScriptAssemblies\UniTask.Linq.dll
Symbol file LoadedFromMemory is not a mono symbol file
Symbol file data-000001DA16AF0040 doesn't match image C:\Users\asdf\Desktop\unity\ReactiveTurnBase\My project A\Library\ScriptAssemblies\Unity.VisualScripting.Flow.dll
Symbol file LoadedFromMemory is not a mono symbol file
Symbol file data-000001DA2109B050 doesn't match image C:\Users\asdf\Desktop\unity\ReactiveTurnBase\My project A\Library\ScriptAssemblies\Unity.VisualScripting.Flow.Editor.dll
Symbol file LoadedFromMemory is not a mono symbol file
Symbol file data-000001D9F2F265B0 doesn't match image C:\Users\asdf\Desktop\unity\ReactiveTurnBase\My project A\Library\ScriptAssemblies\Unity.Timeline.dll
Symbol file LoadedFromMemory is not a mono symbol file
Symbol file data-000001DA848F7020 doesn't match image C:\Users\asdf\Desktop\unity\ReactiveTurnBase\My project A\Library\ScriptAssemblies\Unity.InputSystem.dll
Symbol file LoadedFromMemory is not a mono symbol file
Symbol file data-000001DA16DEE040 doesn't match image C:\Users\asdf\Desktop\unity\ReactiveTurnBase\My project A\Library\ScriptAssemblies\Unity.InputSystem.ForUI.dll
Symbol file LoadedFromMemory is not a mono symbol file
Symbol file data-000001DA166AD450 doesn't match image C:\Users\asdf\Desktop\unity\ReactiveTurnBase\My project A\Library\ScriptAssemblies\Unity.TestTools.CodeCoverage.Editor.OpenCover.Mono.Reflection.dll
Symbol file LoadedFromMemory is not a mono symbol file
Symbol file data-000001DA166AD450 doesn't match image C:\Users\asdf\Desktop\unity\ReactiveTurnBase\My project A\Library\ScriptAssemblies\Unity.VisualScripting.SettingsProvider.Editor.dll
Symbol file LoadedFromMemory is not a mono symbol file
Symbol file data-000001DA16C47020 doesn't match image C:\Users\asdf\Desktop\unity\ReactiveTurnBase\My project A\Library\ScriptAssemblies\Unity.Performance.Profile-Analyzer.Editor.dll
Symbol file LoadedFromMemory is not a mono symbol file
Symbol file data-000001DA16888010 doesn't match image C:\Users\asdf\Desktop\unity\ReactiveTurnBase\My project A\Library\ScriptAssemblies\Unity.TestTools.CodeCoverage.Editor.dll
Symbol file LoadedFromMemory is not a mono symbol file
Symbol file data-000001DA21D78020 doesn't match image C:\Users\asdf\Desktop\unity\ReactiveTurnBase\My project A\Library\ScriptAssemblies\Unity.TestTools.CodeCoverage.Editor.OpenCover.Model.dll
Symbol file LoadedFromMemory is not a mono symbol file
Symbol file data-000001DA2393D010 doesn't match image C:\Users\asdf\Desktop\unity\ReactiveTurnBase\My project A\Library\ScriptAssemblies\Unity.VisualScripting.State.Editor.dll
Symbol file LoadedFromMemory is not a mono symbol file
Symbol file data-000001DA2386D010 doesn't match image C:\Users\asdf\Desktop\unity\ReactiveTurnBase\My project A\Library\ScriptAssemblies\Unity.Settings.Editor.dll
Symbol file LoadedFromMemory is not a mono symbol file
Symbol file data-000001DA21229030 doesn't match image C:\Users\asdf\Desktop\unity\ReactiveTurnBase\My project A\Library\ScriptAssemblies\Unity.CollabProxy.Editor.dll
Symbol file LoadedFromMemory is not a mono symbol file
Symbol file data-000001DA16AF0040 doesn't match image C:\Users\asdf\Desktop\unity\ReactiveTurnBase\My project A\Library\ScriptAssemblies\Unity.TextMeshPro.dll
Symbol file LoadedFromMemory is not a mono symbol file
Symbol file data-000001DA204C2010 doesn't match image C:\Users\asdf\Desktop\unity\ReactiveTurnBase\My project A\Library\ScriptAssemblies\Unity.TextMeshPro.Editor.dll
Symbol file LoadedFromMemory is not a mono symbol file
Symbol file data-000001DA16122010 doesn't match image C:\Users\asdf\Desktop\unity\ReactiveTurnBase\My project A\Library\ScriptAssemblies\UniTask.dll
Symbol file LoadedFromMemory is not a mono symbol file
Symbol file data-000001D9F491E990 doesn't match image C:\Users\asdf\Desktop\unity\ReactiveTurnBase\My project A\Library\ScriptAssemblies\Unity.VisualScripting.State.dll
Symbol file LoadedFromMemory is not a mono symbol file
Symbol file data-000001D9F491E990 doesn't match image C:\Users\asdf\Desktop\unity\ReactiveTurnBase\My project A\Library\ScriptAssemblies\Unity.VSCode.Editor.dll
Symbol file LoadedFromMemory is not a mono symbol file
- Loaded All Assemblies, in  0.474 seconds
Native extension for WindowsStandalone target not found
Native extension for Android target not found
Mono: successfully reloaded assembly
- Finished resetting the current domain, in  0.928 seconds
Domain Reload Profiling: 1400ms
	BeginReloadAssembly (139ms)
		ExecutionOrderSort (0ms)
		DisableScriptedObjects (6ms)
		BackupInstance (0ms)
		ReleaseScriptingObjects (0ms)
		CreateAndSetChildDomain (31ms)
	RebuildCommonClasses (26ms)
	RebuildNativeTypeToScriptingClass (9ms)
	initialDomainReloadingComplete (29ms)
	LoadAllAssembliesAndSetupDomain (269ms)
		LoadAssemblies (306ms)
		RebuildTransferFunctionScriptingTraits (0ms)
		AnalyzeDomain (35ms)
			TypeCache.Refresh (12ms)
				TypeCache.ScanAssembly (3ms)
			ScanForSourceGeneratedMonoScriptInfo (13ms)
			ResolveRequiredComponents (8ms)
	FinalizeReload (928ms)
		ReleaseScriptCaches (0ms)
		RebuildScriptCaches (0ms)
		SetupLoadedEditorAssemblies (474ms)
			LogAssemblyErrors (0ms)
			InitializePlatformSupportModulesInManaged (17ms)
			SetLoadedEditorAssemblies (4ms)
			RefreshPlugins (0ms)
			BeforeProcessingInitializeOnLoad (88ms)
			ProcessInitializeOnLoadAttributes (331ms)
			ProcessInitializeOnLoadMethodAttributes (28ms)
			AfterProcessingInitializeOnLoad (6ms)
			EditorAssembliesLoaded (0ms)
		ExecutionOrderSort2 (0ms)
		AwakeInstancesAfterBackupRestoration (5ms)
Refreshing native plugins compatible for Editor in 4.06 ms, found 3 plugins.
Preloading 0 native plugins for Editor in 0.00 ms.
Unloading 3941 Unused Serialized files (Serialized files now loaded: 0)
Unloading 22 unused Assets / (32.8 KB). Loaded Objects now: 4571.
Memory consumption went from 225.8 MB to 225.8 MB.
Total: 2.959000 ms (FindLiveObjects: 0.265200 ms CreateObjectMapping: 0.209600 ms MarkObjects: 2.437500 ms  DeleteObjects: 0.045900 ms)

Prepare: number of updated asset objects reloaded= 0
AssetImportParameters requested are different than current active one (requested -> active):
  custom:container-demuxer-ogg: 62fdf1f143b41e24485cea50d1cbac27 -> 
  custom:video-decoder-ogg-theora: a1e56fd34408186e4bbccfd4996cb3dc -> 
  custom:framework-win-MediaFoundation: 216162199b28c13a410421893ffa2e32 -> 
  custom:CustomObjectIndexerAttribute: 9a22284fe3817be447336de3de66b15e -> 
  custom:container-demuxer-webm: 4f35f7cbe854078d1ac9338744f61a02 -> 
  custom:container-muxer-webm: aa71ff27fc2769a1b78a27578f13a17b -> 
  custom:video-decoder-webm-vp8: 9c59270c3fd7afecdb556c50c9e8de78 -> 
  custom:SearchIndexIgnoredProperties: e643bd26f0fe6173181afceb89e7c659 -> 
  custom:AudioImporter_EditorPlatform: d09bf68614088b80899f8185d706f6e7 -> 
  custom:video-encoder-webm-vp8: eb34c28f22e8b96e1ab97ce403110664 -> 
  custom:audio-decoder-ogg-vorbis: bf7c407c2cedff20999df2af8eb42d56 -> 
  custom:audio-encoder-webm-vorbis: bf7c407c2cedff20999df2af8eb42d56 -> 
========================================================================
Received Prepare
Caller must complete domain reload
Begin MonoManager ReloadAssembly
Symbol file data-000001DA17882060 doesn't match image C:\Users\asdf\Desktop\unity\ReactiveTurnBase\My project A\Library\ScriptAssemblies\Unity.EditorCoroutines.Editor.dll
Symbol file LoadedFromMemory is not a mono symbol file
Symbol file data-000001DA23498020 doesn't match image C:\Users\asdf\Desktop\unity\ReactiveTurnBase\My project A\Library\ScriptAssemblies\UniTask.TextMeshPro.dll
Symbol file LoadedFromMemory is not a mono symbol file
Symbol file data-000001D9F4948F90 doesn't match image C:\Users\asdf\Desktop\unity\ReactiveTurnBase\My project A\Library\ScriptAssemblies\Unity.Timeline.Editor.dll
Symbol file LoadedFromMemory is not a mono symbol file
Symbol file data-000001DA23498020 doesn't match image C:\Users\asdf\Desktop\unity\ReactiveTurnBase\My project A\Library\ScriptAssemblies\Unity.VisualScripting.Shared.Editor.dll
Symbol file LoadedFromMemory is not a mono symbol file
Symbol file data-000001DA16252E20 doesn't match image C:\Users\asdf\Desktop\unity\ReactiveTurnBase\My project A\Library\ScriptAssemblies\UniTask.DOTween.dll
Symbol file LoadedFromMemory is not a mono symbol file
Symbol file data-000001DA16252E20 doesn't match image C:\Users\asdf\Desktop\unity\ReactiveTurnBase\My project A\Library\ScriptAssemblies\UniTask.Addressables.dll
Symbol file LoadedFromMemory is not a mono symbol file
Symbol file data-000001D9F4197C40 doesn't match image C:\Users\asdf\Desktop\unity\ReactiveTurnBase\My project A\Library\ScriptAssemblies\UnityEditor.UI.dll
Symbol file LoadedFromMemory is not a mono symbol file
Symbol file data-000001DA200B2020 doesn't match image C:\Users\asdf\Desktop\unity\ReactiveTurnBase\My project A\Library\ScriptAssemblies\Unity.VisualScripting.Core.dll
Symbol file LoadedFromMemory is not a mono symbol file
Symbol file data-000001DA23E47020 doesn't match image C:\Users\asdf\Desktop\unity\ReactiveTurnBase\My project A\Library\ScriptAssemblies\UnityEngine.UI.dll
Symbol file LoadedFromMemory is not a mono symbol file
Symbol file data-000001DA23498020 doesn't match image C:\Users\asdf\Desktop\unity\ReactiveTurnBase\My project A\Library\ScriptAssemblies\UniTask.Editor.dll
Symbol file LoadedFromMemory is not a mono symbol file
Symbol file data-000001DA21191020 doesn't match image C:\Users\asdf\Desktop\unity\ReactiveTurnBase\My project A\Library\ScriptAssemblies\Unity.VisualScripting.Core.Editor.dll
Symbol file LoadedFromMemory is not a mono symbol file
Symbol file data-000001DA216077B0 doesn't match image C:\Users\asdf\Desktop\unity\ReactiveTurnBase\My project A\Library\ScriptAssemblies\UniTask.Linq.dll
Symbol file LoadedFromMemory is not a mono symbol file
Symbol file data-000001DA16AF0040 doesn't match image C:\Users\asdf\Desktop\unity\ReactiveTurnBase\My project A\Library\ScriptAssemblies\Unity.VisualScripting.Flow.dll
Symbol file LoadedFromMemory is not a mono symbol file
Symbol file data-000001D9F3FB50E0 doesn't match image C:\Users\asdf\Desktop\unity\ReactiveTurnBase\My project A\Library\ScriptAssemblies\Unity.VisualScripting.Flow.Editor.dll
Symbol file LoadedFromMemory is not a mono symbol file
Symbol file data-000001D9F2F265B0 doesn't match image C:\Users\asdf\Desktop\unity\ReactiveTurnBase\My project A\Library\ScriptAssemblies\Unity.Timeline.dll
Symbol file LoadedFromMemory is not a mono symbol file
Symbol file data-000001DA848F7020 doesn't match image C:\Users\asdf\Desktop\unity\ReactiveTurnBase\My project A\Library\ScriptAssemblies\Unity.InputSystem.dll
Symbol file LoadedFromMemory is not a mono symbol file
Symbol file data-000001DA17882060 doesn't match image C:\Users\asdf\Desktop\unity\ReactiveTurnBase\My project A\Library\ScriptAssemblies\Unity.InputSystem.ForUI.dll
Symbol file LoadedFromMemory is not a mono symbol file
Symbol file data-000001DA166AD450 doesn't match image C:\Users\asdf\Desktop\unity\ReactiveTurnBase\My project A\Library\ScriptAssemblies\Unity.TestTools.CodeCoverage.Editor.OpenCover.Mono.Reflection.dll
Symbol file LoadedFromMemory is not a mono symbol file
Symbol file data-000001DA166AD450 doesn't match image C:\Users\asdf\Desktop\unity\ReactiveTurnBase\My project A\Library\ScriptAssemblies\Unity.VisualScripting.SettingsProvider.Editor.dll
Symbol file LoadedFromMemory is not a mono symbol file
Symbol file data-000001DA2327C020 doesn't match image C:\Users\asdf\Desktop\unity\ReactiveTurnBase\My project A\Library\ScriptAssemblies\Unity.Performance.Profile-Analyzer.Editor.dll
Symbol file LoadedFromMemory is not a mono symbol file
Symbol file data-000001DA16A7F030 doesn't match image C:\Users\asdf\Desktop\unity\ReactiveTurnBase\My project A\Library\ScriptAssemblies\Unity.TestTools.CodeCoverage.Editor.dll
Symbol file LoadedFromMemory is not a mono symbol file
Symbol file data-000001D9F47B2A40 doesn't match image C:\Users\asdf\Desktop\unity\ReactiveTurnBase\My project A\Library\ScriptAssemblies\Unity.TestTools.CodeCoverage.Editor.OpenCover.Model.dll
Symbol file LoadedFromMemory is not a mono symbol file
Symbol file data-000001D9F4197C40 doesn't match image C:\Users\asdf\Desktop\unity\ReactiveTurnBase\My project A\Library\ScriptAssemblies\Unity.VisualScripting.State.Editor.dll
Symbol file LoadedFromMemory is not a mono symbol file
Symbol file data-000001DA212B4350 doesn't match image C:\Users\asdf\Desktop\unity\ReactiveTurnBase\My project A\Library\ScriptAssemblies\Unity.Settings.Editor.dll
Symbol file LoadedFromMemory is not a mono symbol file
Symbol file data-000001DA23498020 doesn't match image C:\Users\asdf\Desktop\unity\ReactiveTurnBase\My project A\Library\ScriptAssemblies\Unity.CollabProxy.Editor.dll
Symbol file LoadedFromMemory is not a mono symbol file
Symbol file data-000001DA16AF0040 doesn't match image C:\Users\asdf\Desktop\unity\ReactiveTurnBase\My project A\Library\ScriptAssemblies\Unity.TextMeshPro.dll
Symbol file LoadedFromMemory is not a mono symbol file
Symbol file data-000001DA21B56020 doesn't match image C:\Users\asdf\Desktop\unity\ReactiveTurnBase\My project A\Library\ScriptAssemblies\Unity.TextMeshPro.Editor.dll
Symbol file LoadedFromMemory is not a mono symbol file
Symbol file data-000001D9F3F20080 doesn't match image C:\Users\asdf\Desktop\unity\ReactiveTurnBase\My project A\Library\ScriptAssemblies\UniTask.dll
Symbol file LoadedFromMemory is not a mono symbol file
Symbol file data-000001D9F491E990 doesn't match image C:\Users\asdf\Desktop\unity\ReactiveTurnBase\My project A\Library\ScriptAssemblies\Unity.VisualScripting.State.dll
Symbol file LoadedFromMemory is not a mono symbol file
Symbol file data-000001D9F491E990 doesn't match image C:\Users\asdf\Desktop\unity\ReactiveTurnBase\My project A\Library\ScriptAssemblies\Unity.VSCode.Editor.dll
Symbol file LoadedFromMemory is not a mono symbol file
- Loaded All Assemblies, in  0.427 seconds
Native extension for WindowsStandalone target not found
Native extension for Android target not found
Mono: successfully reloaded assembly
- Finished resetting the current domain, in  1.123 seconds
Domain Reload Profiling: 1549ms
	BeginReloadAssembly (131ms)
		ExecutionOrderSort (0ms)
		DisableScriptedObjects (6ms)
		BackupInstance (0ms)
		ReleaseScriptingObjects (0ms)
		CreateAndSetChildDomain (29ms)
	RebuildCommonClasses (31ms)
	RebuildNativeTypeToScriptingClass (8ms)
	initialDomainReloadingComplete (25ms)
	LoadAllAssembliesAndSetupDomain (229ms)
		LoadAssemblies (283ms)
		RebuildTransferFunctionScriptingTraits (0ms)
		AnalyzeDomain (14ms)
			TypeCache.Refresh (5ms)
				TypeCache.ScanAssembly (0ms)
			ScanForSourceGeneratedMonoScriptInfo (0ms)
			ResolveRequiredComponents (7ms)
	FinalizeReload (1124ms)
		ReleaseScriptCaches (0ms)
		RebuildScriptCaches (0ms)
		SetupLoadedEditorAssemblies (636ms)
			LogAssemblyErrors (0ms)
			InitializePlatformSupportModulesInManaged (21ms)
			SetLoadedEditorAssemblies (5ms)
			RefreshPlugins (0ms)
			BeforeProcessingInitializeOnLoad (126ms)
			ProcessInitializeOnLoadAttributes (439ms)
			ProcessInitializeOnLoadMethodAttributes (36ms)
			AfterProcessingInitializeOnLoad (8ms)
			EditorAssembliesLoaded (0ms)
		ExecutionOrderSort2 (0ms)
		AwakeInstancesAfterBackupRestoration (8ms)
Refreshing native plugins compatible for Editor in 5.31 ms, found 3 plugins.
Preloading 0 native plugins for Editor in 0.00 ms.
Unloading 3941 Unused Serialized files (Serialized files now loaded: 0)
Unloading 22 unused Assets / (32.9 KB). Loaded Objects now: 4574.
Memory consumption went from 225.8 MB to 225.8 MB.
Total: 4.898200 ms (FindLiveObjects: 0.288300 ms CreateObjectMapping: 0.345700 ms MarkObjects: 4.130100 ms  DeleteObjects: 0.133500 ms)

Prepare: number of updated asset objects reloaded= 0
AssetImportParameters requested are different than current active one (requested -> active):
  custom:container-demuxer-ogg: 62fdf1f143b41e24485cea50d1cbac27 -> 
  custom:video-decoder-ogg-theora: a1e56fd34408186e4bbccfd4996cb3dc -> 
  custom:framework-win-MediaFoundation: 216162199b28c13a410421893ffa2e32 -> 
  custom:CustomObjectIndexerAttribute: 9a22284fe3817be447336de3de66b15e -> 
  custom:container-demuxer-webm: 4f35f7cbe854078d1ac9338744f61a02 -> 
  custom:container-muxer-webm: aa71ff27fc2769a1b78a27578f13a17b -> 
  custom:video-decoder-webm-vp8: 9c59270c3fd7afecdb556c50c9e8de78 -> 
  custom:SearchIndexIgnoredProperties: e643bd26f0fe6173181afceb89e7c659 -> 
  custom:AudioImporter_EditorPlatform: d09bf68614088b80899f8185d706f6e7 -> 
  custom:video-encoder-webm-vp8: eb34c28f22e8b96e1ab97ce403110664 -> 
  custom:audio-decoder-ogg-vorbis: bf7c407c2cedff20999df2af8eb42d56 -> 
  custom:audio-encoder-webm-vorbis: bf7c407c2cedff20999df2af8eb42d56 -> 
========================================================================
Received Prepare
Caller must complete domain reload
Begin MonoManager ReloadAssembly
Symbol file data-000001DA17882060 doesn't match image C:\Users\asdf\Desktop\unity\ReactiveTurnBase\My project A\Library\ScriptAssemblies\Unity.EditorCoroutines.Editor.dll
Symbol file LoadedFromMemory is not a mono symbol file
Symbol file data-000001DA21D78020 doesn't match image C:\Users\asdf\Desktop\unity\ReactiveTurnBase\My project A\Library\ScriptAssemblies\UniTask.TextMeshPro.dll
Symbol file LoadedFromMemory is not a mono symbol file
Symbol file data-000001D9F4948F90 doesn't match image C:\Users\asdf\Desktop\unity\ReactiveTurnBase\My project A\Library\ScriptAssemblies\Unity.Timeline.Editor.dll
Symbol file LoadedFromMemory is not a mono symbol file
Symbol file data-000001DA21D78020 doesn't match image C:\Users\asdf\Desktop\unity\ReactiveTurnBase\My project A\Library\ScriptAssemblies\Unity.VisualScripting.Shared.Editor.dll
Symbol file LoadedFromMemory is not a mono symbol file
Symbol file data-000001DA16DEE040 doesn't match image C:\Users\asdf\Desktop\unity\ReactiveTurnBase\My project A\Library\ScriptAssemblies\UniTask.DOTween.dll
Symbol file LoadedFromMemory is not a mono symbol file
Symbol file data-000001DA16DEE040 doesn't match image C:\Users\asdf\Desktop\unity\ReactiveTurnBase\My project A\Library\ScriptAssemblies\UniTask.Addressables.dll
Symbol file LoadedFromMemory is not a mono symbol file
Symbol file data-000001DA233ED020 doesn't match image C:\Users\asdf\Desktop\unity\ReactiveTurnBase\My project A\Library\ScriptAssemblies\UnityEditor.UI.dll
Symbol file LoadedFromMemory is not a mono symbol file
Symbol file data-000001DA200B2020 doesn't match image C:\Users\asdf\Desktop\unity\ReactiveTurnBase\My project A\Library\ScriptAssemblies\Unity.VisualScripting.Core.dll
Symbol file LoadedFromMemory is not a mono symbol file
Symbol file data-000001DA203DE010 doesn't match image C:\Users\asdf\Desktop\unity\ReactiveTurnBase\My project A\Library\ScriptAssemblies\UnityEngine.UI.dll
Symbol file LoadedFromMemory is not a mono symbol file
Symbol file data-000001DA21D78020 doesn't match image C:\Users\asdf\Desktop\unity\ReactiveTurnBase\My project A\Library\ScriptAssemblies\UniTask.Editor.dll
Symbol file LoadedFromMemory is not a mono symbol file
Symbol file data-000001DA21191020 doesn't match image C:\Users\asdf\Desktop\unity\ReactiveTurnBase\My project A\Library\ScriptAssemblies\Unity.VisualScripting.Core.Editor.dll
Symbol file LoadedFromMemory is not a mono symbol file
Symbol file data-000001DA216077B0 doesn't match image C:\Users\asdf\Desktop\unity\ReactiveTurnBase\My project A\Library\ScriptAssemblies\UniTask.Linq.dll
Symbol file LoadedFromMemory is not a mono symbol file
Symbol file data-000001DA16AF0040 doesn't match image C:\Users\asdf\Desktop\unity\ReactiveTurnBase\My project A\Library\ScriptAssemblies\Unity.VisualScripting.Flow.dll
Symbol file LoadedFromMemory is not a mono symbol file
Symbol file data-000001DA2109B050 doesn't match image C:\Users\asdf\Desktop\unity\ReactiveTurnBase\My project A\Library\ScriptAssemblies\Unity.VisualScripting.Flow.Editor.dll
Symbol file LoadedFromMemory is not a mono symbol file
Symbol file data-000001D9F2F265B0 doesn't match image C:\Users\asdf\Desktop\unity\ReactiveTurnBase\My project A\Library\ScriptAssemblies\Unity.Timeline.dll
Symbol file LoadedFromMemory is not a mono symbol file
Symbol file data-000001DA84C1ECC0 doesn't match image C:\Users\asdf\Desktop\unity\ReactiveTurnBase\My project A\Library\ScriptAssemblies\Unity.InputSystem.dll
Symbol file LoadedFromMemory is not a mono symbol file
Symbol file data-000001DA17882060 doesn't match image C:\Users\asdf\Desktop\unity\ReactiveTurnBase\My project A\Library\ScriptAssemblies\Unity.InputSystem.ForUI.dll
Symbol file LoadedFromMemory is not a mono symbol file
Symbol file data-000001DA21D78020 doesn't match image C:\Users\asdf\Desktop\unity\ReactiveTurnBase\My project A\Library\ScriptAssemblies\Unity.TestTools.CodeCoverage.Editor.OpenCover.Mono.Reflection.dll
Symbol file LoadedFromMemory is not a mono symbol file
Symbol file data-000001DA21D78020 doesn't match image C:\Users\asdf\Desktop\unity\ReactiveTurnBase\My project A\Library\ScriptAssemblies\Unity.VisualScripting.SettingsProvider.Editor.dll
Symbol file LoadedFromMemory is not a mono symbol file
Symbol file data-000001DA16C47020 doesn't match image C:\Users\asdf\Desktop\unity\ReactiveTurnBase\My project A\Library\ScriptAssemblies\Unity.Performance.Profile-Analyzer.Editor.dll
Symbol file LoadedFromMemory is not a mono symbol file
Symbol file data-000001DA16935040 doesn't match image C:\Users\asdf\Desktop\unity\ReactiveTurnBase\My project A\Library\ScriptAssemblies\Unity.TestTools.CodeCoverage.Editor.dll
Symbol file LoadedFromMemory is not a mono symbol file
Symbol file data-000001DA17050010 doesn't match image C:\Users\asdf\Desktop\unity\ReactiveTurnBase\My project A\Library\ScriptAssemblies\Unity.TestTools.CodeCoverage.Editor.OpenCover.Model.dll
Symbol file LoadedFromMemory is not a mono symbol file
Symbol file data-000001DA233ED020 doesn't match image C:\Users\asdf\Desktop\unity\ReactiveTurnBase\My project A\Library\ScriptAssemblies\Unity.VisualScripting.State.Editor.dll
Symbol file LoadedFromMemory is not a mono symbol file
Symbol file data-000001DA212B4350 doesn't match image C:\Users\asdf\Desktop\unity\ReactiveTurnBase\My project A\Library\ScriptAssemblies\Unity.Settings.Editor.dll
Symbol file LoadedFromMemory is not a mono symbol file
Symbol file data-000001DA17050010 doesn't match image C:\Users\asdf\Desktop\unity\ReactiveTurnBase\My project A\Library\ScriptAssemblies\Unity.CollabProxy.Editor.dll
Symbol file LoadedFromMemory is not a mono symbol file
Symbol file data-000001DA16AF0040 doesn't match image C:\Users\asdf\Desktop\unity\ReactiveTurnBase\My project A\Library\ScriptAssemblies\Unity.TextMeshPro.dll
Symbol file LoadedFromMemory is not a mono symbol file
Symbol file data-000001DA204C2010 doesn't match image C:\Users\asdf\Desktop\unity\ReactiveTurnBase\My project A\Library\ScriptAssemblies\Unity.TextMeshPro.Editor.dll
Symbol file LoadedFromMemory is not a mono symbol file
Symbol file data-000001D9F3F20080 doesn't match image C:\Users\asdf\Desktop\unity\ReactiveTurnBase\My project A\Library\ScriptAssemblies\UniTask.dll
Symbol file LoadedFromMemory is not a mono symbol file
Symbol file data-000001D9F491E990 doesn't match image C:\Users\asdf\Desktop\unity\ReactiveTurnBase\My project A\Library\ScriptAssemblies\Unity.VisualScripting.State.dll
Symbol file LoadedFromMemory is not a mono symbol file
Symbol file data-000001D9F491E990 doesn't match image C:\Users\asdf\Desktop\unity\ReactiveTurnBase\My project A\Library\ScriptAssemblies\Unity.VSCode.Editor.dll
Symbol file LoadedFromMemory is not a mono symbol file
- Loaded All Assemblies, in  0.432 seconds
Native extension for WindowsStandalone target not found
Native extension for Android target not found
Mono: successfully reloaded assembly
- Finished resetting the current domain, in  1.092 seconds
Domain Reload Profiling: 1522ms
	BeginReloadAssembly (140ms)
		ExecutionOrderSort (0ms)
		DisableScriptedObjects (7ms)
		BackupInstance (0ms)
		ReleaseScriptingObjects (0ms)
		CreateAndSetChildDomain (29ms)
	RebuildCommonClasses (25ms)
	RebuildNativeTypeToScriptingClass (8ms)
	initialDomainReloadingComplete (26ms)
	LoadAllAssembliesAndSetupDomain (230ms)
		LoadAssemblies (290ms)
		RebuildTransferFunctionScriptingTraits (0ms)
		AnalyzeDomain (15ms)
			TypeCache.Refresh (5ms)
				TypeCache.ScanAssembly (0ms)
			ScanForSourceGeneratedMonoScriptInfo (0ms)
			ResolveRequiredComponents (7ms)
	FinalizeReload (1093ms)
		ReleaseScriptCaches (0ms)
		RebuildScriptCaches (0ms)
		SetupLoadedEditorAssemblies (608ms)
			LogAssemblyErrors (0ms)
			InitializePlatformSupportModulesInManaged (24ms)
			SetLoadedEditorAssemblies (4ms)
			RefreshPlugins (0ms)
			BeforeProcessingInitializeOnLoad (111ms)
			ProcessInitializeOnLoadAttributes (427ms)
			ProcessInitializeOnLoadMethodAttributes (34ms)
			AfterProcessingInitializeOnLoad (7ms)
			EditorAssembliesLoaded (0ms)
		ExecutionOrderSort2 (0ms)
		AwakeInstancesAfterBackupRestoration (7ms)
Refreshing native plugins compatible for Editor in 5.56 ms, found 3 plugins.
Preloading 0 native plugins for Editor in 0.00 ms.
Unloading 3941 Unused Serialized files (Serialized files now loaded: 0)
Unloading 22 unused Assets / (32.8 KB). Loaded Objects now: 4577.
Memory consumption went from 225.8 MB to 225.8 MB.
Total: 4.844600 ms (FindLiveObjects: 0.757900 ms CreateObjectMapping: 0.574600 ms MarkObjects: 3.460200 ms  DeleteObjects: 0.049500 ms)

Prepare: number of updated asset objects reloaded= 0
AssetImportParameters requested are different than current active one (requested -> active):
  custom:container-demuxer-ogg: 62fdf1f143b41e24485cea50d1cbac27 -> 
  custom:video-decoder-ogg-theora: a1e56fd34408186e4bbccfd4996cb3dc -> 
  custom:framework-win-MediaFoundation: 216162199b28c13a410421893ffa2e32 -> 
  custom:CustomObjectIndexerAttribute: 9a22284fe3817be447336de3de66b15e -> 
  custom:container-demuxer-webm: 4f35f7cbe854078d1ac9338744f61a02 -> 
  custom:container-muxer-webm: aa71ff27fc2769a1b78a27578f13a17b -> 
  custom:video-decoder-webm-vp8: 9c59270c3fd7afecdb556c50c9e8de78 -> 
  custom:SearchIndexIgnoredProperties: e643bd26f0fe6173181afceb89e7c659 -> 
  custom:AudioImporter_EditorPlatform: d09bf68614088b80899f8185d706f6e7 -> 
  custom:video-encoder-webm-vp8: eb34c28f22e8b96e1ab97ce403110664 -> 
  custom:audio-decoder-ogg-vorbis: bf7c407c2cedff20999df2af8eb42d56 -> 
  custom:audio-encoder-webm-vorbis: bf7c407c2cedff20999df2af8eb42d56 -> 
========================================================================
Received Prepare
Caller must complete domain reload
Begin MonoManager ReloadAssembly
Symbol file data-000001DA17882060 doesn't match image C:\Users\asdf\Desktop\unity\ReactiveTurnBase\My project A\Library\ScriptAssemblies\Unity.EditorCoroutines.Editor.dll
Symbol file LoadedFromMemory is not a mono symbol file
Symbol file data-000001DA16252E20 doesn't match image C:\Users\asdf\Desktop\unity\ReactiveTurnBase\My project A\Library\ScriptAssemblies\UniTask.TextMeshPro.dll
Symbol file LoadedFromMemory is not a mono symbol file
Symbol file data-000001D9F4948F90 doesn't match image C:\Users\asdf\Desktop\unity\ReactiveTurnBase\My project A\Library\ScriptAssemblies\Unity.Timeline.Editor.dll
Symbol file LoadedFromMemory is not a mono symbol file
Symbol file data-000001DA21D78020 doesn't match image C:\Users\asdf\Desktop\unity\ReactiveTurnBase\My project A\Library\ScriptAssemblies\Unity.VisualScripting.Shared.Editor.dll
Symbol file LoadedFromMemory is not a mono symbol file
Symbol file data-000001DA215AD030 doesn't match image C:\Users\asdf\Desktop\unity\ReactiveTurnBase\My project A\Library\ScriptAssemblies\UniTask.DOTween.dll
Symbol file LoadedFromMemory is not a mono symbol file
Symbol file data-000001DA215AD030 doesn't match image C:\Users\asdf\Desktop\unity\ReactiveTurnBase\My project A\Library\ScriptAssemblies\UniTask.Addressables.dll
Symbol file LoadedFromMemory is not a mono symbol file
Symbol file data-000001D9F4197C40 doesn't match image C:\Users\asdf\Desktop\unity\ReactiveTurnBase\My project A\Library\ScriptAssemblies\UnityEditor.UI.dll
Symbol file LoadedFromMemory is not a mono symbol file
Symbol file data-000001DA200B2020 doesn't match image C:\Users\asdf\Desktop\unity\ReactiveTurnBase\My project A\Library\ScriptAssemblies\Unity.VisualScripting.Core.dll
Symbol file LoadedFromMemory is not a mono symbol file
Symbol file data-000001DA203DE010 doesn't match image C:\Users\asdf\Desktop\unity\ReactiveTurnBase\My project A\Library\ScriptAssemblies\UnityEngine.UI.dll
Symbol file LoadedFromMemory is not a mono symbol file
Symbol file data-000001DA21D78020 doesn't match image C:\Users\asdf\Desktop\unity\ReactiveTurnBase\My project A\Library\ScriptAssemblies\UniTask.Editor.dll
Symbol file LoadedFromMemory is not a mono symbol file
Symbol file data-000001DA21191020 doesn't match image C:\Users\asdf\Desktop\unity\ReactiveTurnBase\My project A\Library\ScriptAssemblies\Unity.VisualScripting.Core.Editor.dll
Symbol file LoadedFromMemory is not a mono symbol file
Symbol file data-000001DA216077B0 doesn't match image C:\Users\asdf\Desktop\unity\ReactiveTurnBase\My project A\Library\ScriptAssemblies\UniTask.Linq.dll
Symbol file LoadedFromMemory is not a mono symbol file
Symbol file data-000001DA23E47020 doesn't match image C:\Users\asdf\Desktop\unity\ReactiveTurnBase\My project A\Library\ScriptAssemblies\Unity.VisualScripting.Flow.dll
Symbol file LoadedFromMemory is not a mono symbol file
Symbol file data-000001D9F3FB50E0 doesn't match image C:\Users\asdf\Desktop\unity\ReactiveTurnBase\My project A\Library\ScriptAssemblies\Unity.VisualScripting.Flow.Editor.dll
Symbol file LoadedFromMemory is not a mono symbol file
Symbol file data-000001D9F2F265B0 doesn't match image C:\Users\asdf\Desktop\unity\ReactiveTurnBase\My project A\Library\ScriptAssemblies\Unity.Timeline.dll
Symbol file LoadedFromMemory is not a mono symbol file
Symbol file data-000001DA84CEA620 doesn't match image C:\Users\asdf\Desktop\unity\ReactiveTurnBase\My project A\Library\ScriptAssemblies\Unity.InputSystem.dll
Symbol file LoadedFromMemory is not a mono symbol file
Symbol file data-000001DA17882060 doesn't match image C:\Users\asdf\Desktop\unity\ReactiveTurnBase\My project A\Library\ScriptAssemblies\Unity.InputSystem.ForUI.dll
Symbol file LoadedFromMemory is not a mono symbol file
Symbol file data-000001DA21D78020 doesn't match image C:\Users\asdf\Desktop\unity\ReactiveTurnBase\My project A\Library\ScriptAssemblies\Unity.TestTools.CodeCoverage.Editor.OpenCover.Mono.Reflection.dll
Symbol file LoadedFromMemory is not a mono symbol file
Symbol file data-000001DA21D78020 doesn't match image C:\Users\asdf\Desktop\unity\ReactiveTurnBase\My project A\Library\ScriptAssemblies\Unity.VisualScripting.SettingsProvider.Editor.dll
Symbol file LoadedFromMemory is not a mono symbol file
Symbol file data-000001DA2109B050 doesn't match image C:\Users\asdf\Desktop\unity\ReactiveTurnBase\My project A\Library\ScriptAssemblies\Unity.Performance.Profile-Analyzer.Editor.dll
Symbol file LoadedFromMemory is not a mono symbol file
Symbol file data-000001DA16A7F030 doesn't match image C:\Users\asdf\Desktop\unity\ReactiveTurnBase\My project A\Library\ScriptAssemblies\Unity.TestTools.CodeCoverage.Editor.dll
Symbol file LoadedFromMemory is not a mono symbol file
Symbol file data-000001DA17050010 doesn't match image C:\Users\asdf\Desktop\unity\ReactiveTurnBase\My project A\Library\ScriptAssemblies\Unity.TestTools.CodeCoverage.Editor.OpenCover.Model.dll
Symbol file LoadedFromMemory is not a mono symbol file
Symbol file data-000001D9F4197C40 doesn't match image C:\Users\asdf\Desktop\unity\ReactiveTurnBase\My project A\Library\ScriptAssemblies\Unity.VisualScripting.State.Editor.dll
Symbol file LoadedFromMemory is not a mono symbol file
Symbol file data-000001DA212B4350 doesn't match image C:\Users\asdf\Desktop\unity\ReactiveTurnBase\My project A\Library\ScriptAssemblies\Unity.Settings.Editor.dll
Symbol file LoadedFromMemory is not a mono symbol file
Symbol file data-000001DA16252E20 doesn't match image C:\Users\asdf\Desktop\unity\ReactiveTurnBase\My project A\Library\ScriptAssemblies\Unity.CollabProxy.Editor.dll
Symbol file LoadedFromMemory is not a mono symbol file
Symbol file data-000001DA16AF0040 doesn't match image C:\Users\asdf\Desktop\unity\ReactiveTurnBase\My project A\Library\ScriptAssemblies\Unity.TextMeshPro.dll
Symbol file LoadedFromMemory is not a mono symbol file
Symbol file data-000001DA204C2010 doesn't match image C:\Users\asdf\Desktop\unity\ReactiveTurnBase\My project A\Library\ScriptAssemblies\Unity.TextMeshPro.Editor.dll
Symbol file LoadedFromMemory is not a mono symbol file
Symbol file data-000001DA84C17010 doesn't match image C:\Users\asdf\Desktop\unity\ReactiveTurnBase\My project A\Library\ScriptAssemblies\UniTask.dll
Symbol file LoadedFromMemory is not a mono symbol file
Symbol file data-000001D9F491E990 doesn't match image C:\Users\asdf\Desktop\unity\ReactiveTurnBase\My project A\Library\ScriptAssemblies\Unity.VisualScripting.State.dll
Symbol file LoadedFromMemory is not a mono symbol file
Symbol file data-000001D9F491E990 doesn't match image C:\Users\asdf\Desktop\unity\ReactiveTurnBase\My project A\Library\ScriptAssemblies\Unity.VSCode.Editor.dll
Symbol file LoadedFromMemory is not a mono symbol file
- Loaded All Assemblies, in  0.473 seconds
Native extension for WindowsStandalone target not found
Native extension for Android target not found
Mono: successfully reloaded assembly
- Finished resetting the current domain, in  0.957 seconds
Domain Reload Profiling: 1428ms
	BeginReloadAssembly (136ms)
		ExecutionOrderSort (0ms)
		DisableScriptedObjects (6ms)
		BackupInstance (0ms)
		ReleaseScriptingObjects (0ms)
		CreateAndSetChildDomain (29ms)
	RebuildCommonClasses (32ms)
	RebuildNativeTypeToScriptingClass (9ms)
	initialDomainReloadingComplete (29ms)
	LoadAllAssembliesAndSetupDomain (264ms)
		LoadAssemblies (299ms)
		RebuildTransferFunctionScriptingTraits (0ms)
		AnalyzeDomain (37ms)
			TypeCache.Refresh (10ms)
				TypeCache.ScanAssembly (2ms)
			ScanForSourceGeneratedMonoScriptInfo (14ms)
			ResolveRequiredComponents (9ms)
	FinalizeReload (957ms)
		ReleaseScriptCaches (0ms)
		RebuildScriptCaches (0ms)
		SetupLoadedEditorAssemblies (506ms)
			LogAssemblyErrors (0ms)
			InitializePlatformSupportModulesInManaged (16ms)
			SetLoadedEditorAssemblies (4ms)
			RefreshPlugins (0ms)
			BeforeProcessingInitializeOnLoad (87ms)
			ProcessInitializeOnLoadAttributes (361ms)
			ProcessInitializeOnLoadMethodAttributes (31ms)
			AfterProcessingInitializeOnLoad (6ms)
			EditorAssembliesLoaded (0ms)
		ExecutionOrderSort2 (0ms)
		AwakeInstancesAfterBackupRestoration (6ms)
Refreshing native plugins compatible for Editor in 4.02 ms, found 3 plugins.
Preloading 0 native plugins for Editor in 0.00 ms.
Unloading 3941 Unused Serialized files (Serialized files now loaded: 0)
Unloading 22 unused Assets / (32.8 KB). Loaded Objects now: 4580.
Memory consumption went from 225.8 MB to 225.8 MB.
Total: 3.083500 ms (FindLiveObjects: 0.273100 ms CreateObjectMapping: 0.126700 ms MarkObjects: 2.633900 ms  DeleteObjects: 0.049200 ms)

Prepare: number of updated asset objects reloaded= 0
AssetImportParameters requested are different than current active one (requested -> active):
  custom:container-demuxer-ogg: 62fdf1f143b41e24485cea50d1cbac27 -> 
  custom:video-decoder-ogg-theora: a1e56fd34408186e4bbccfd4996cb3dc -> 
  custom:framework-win-MediaFoundation: 216162199b28c13a410421893ffa2e32 -> 
  custom:CustomObjectIndexerAttribute: 9a22284fe3817be447336de3de66b15e -> 
  custom:container-demuxer-webm: 4f35f7cbe854078d1ac9338744f61a02 -> 
  custom:container-muxer-webm: aa71ff27fc2769a1b78a27578f13a17b -> 
  custom:video-decoder-webm-vp8: 9c59270c3fd7afecdb556c50c9e8de78 -> 
  custom:SearchIndexIgnoredProperties: e643bd26f0fe6173181afceb89e7c659 -> 
  custom:AudioImporter_EditorPlatform: d09bf68614088b80899f8185d706f6e7 -> 
  custom:video-encoder-webm-vp8: eb34c28f22e8b96e1ab97ce403110664 -> 
  custom:audio-decoder-ogg-vorbis: bf7c407c2cedff20999df2af8eb42d56 -> 
  custom:audio-encoder-webm-vorbis: bf7c407c2cedff20999df2af8eb42d56 -> 
========================================================================
Received Prepare
Caller must complete domain reload
Begin MonoManager ReloadAssembly
Symbol file data-000001DA17882060 doesn't match image C:\Users\asdf\Desktop\unity\ReactiveTurnBase\My project A\Library\ScriptAssemblies\Unity.EditorCoroutines.Editor.dll
Symbol file LoadedFromMemory is not a mono symbol file
Symbol file data-000001DA16252E20 doesn't match image C:\Users\asdf\Desktop\unity\ReactiveTurnBase\My project A\Library\ScriptAssemblies\UniTask.TextMeshPro.dll
Symbol file LoadedFromMemory is not a mono symbol file
Symbol file data-000001D9F4948F90 doesn't match image C:\Users\asdf\Desktop\unity\ReactiveTurnBase\My project A\Library\ScriptAssemblies\Unity.Timeline.Editor.dll
Symbol file LoadedFromMemory is not a mono symbol file
Symbol file data-000001DA84C59020 doesn't match image C:\Users\asdf\Desktop\unity\ReactiveTurnBase\My project A\Library\ScriptAssemblies\Unity.VisualScripting.Shared.Editor.dll
Symbol file LoadedFromMemory is not a mono symbol file
Symbol file data-000001DA215AD030 doesn't match image C:\Users\asdf\Desktop\unity\ReactiveTurnBase\My project A\Library\ScriptAssemblies\UniTask.DOTween.dll
Symbol file LoadedFromMemory is not a mono symbol file
Symbol file data-000001DA215AD030 doesn't match image C:\Users\asdf\Desktop\unity\ReactiveTurnBase\My project A\Library\ScriptAssemblies\UniTask.Addressables.dll
Symbol file LoadedFromMemory is not a mono symbol file
Symbol file data-000001DA233ED020 doesn't match image C:\Users\asdf\Desktop\unity\ReactiveTurnBase\My project A\Library\ScriptAssemblies\UnityEditor.UI.dll
Symbol file LoadedFromMemory is not a mono symbol file
Symbol file data-000001DA200B2020 doesn't match image C:\Users\asdf\Desktop\unity\ReactiveTurnBase\My project A\Library\ScriptAssemblies\Unity.VisualScripting.Core.dll
Symbol file LoadedFromMemory is not a mono symbol file
Symbol file data-000001DA203DE010 doesn't match image C:\Users\asdf\Desktop\unity\ReactiveTurnBase\My project A\Library\ScriptAssemblies\UnityEngine.UI.dll
Symbol file LoadedFromMemory is not a mono symbol file
Symbol file data-000001DA84C59020 doesn't match image C:\Users\asdf\Desktop\unity\ReactiveTurnBase\My project A\Library\ScriptAssemblies\UniTask.Editor.dll
Symbol file LoadedFromMemory is not a mono symbol file
Symbol file data-000001DA21191020 doesn't match image C:\Users\asdf\Desktop\unity\ReactiveTurnBase\My project A\Library\ScriptAssemblies\Unity.VisualScripting.Core.Editor.dll
Symbol file LoadedFromMemory is not a mono symbol file
Symbol file data-000001DA216077B0 doesn't match image C:\Users\asdf\Desktop\unity\ReactiveTurnBase\My project A\Library\ScriptAssemblies\UniTask.Linq.dll
Symbol file LoadedFromMemory is not a mono symbol file
Symbol file data-000001DA23E47020 doesn't match image C:\Users\asdf\Desktop\unity\ReactiveTurnBase\My project A\Library\ScriptAssemblies\Unity.VisualScripting.Flow.dll
Symbol file LoadedFromMemory is not a mono symbol file
Symbol file data-000001DA1784E020 doesn't match image C:\Users\asdf\Desktop\unity\ReactiveTurnBase\My project A\Library\ScriptAssemblies\Unity.VisualScripting.Flow.Editor.dll
Symbol file LoadedFromMemory is not a mono symbol file
Symbol file data-000001D9F2F265B0 doesn't match image C:\Users\asdf\Desktop\unity\ReactiveTurnBase\My project A\Library\ScriptAssemblies\Unity.Timeline.dll
Symbol file LoadedFromMemory is not a mono symbol file
Symbol file data-000001DA84D2C010 doesn't match image C:\Users\asdf\Desktop\unity\ReactiveTurnBase\My project A\Library\ScriptAssemblies\Unity.InputSystem.dll
Symbol file LoadedFromMemory is not a mono symbol file
Symbol file data-000001DA17882060 doesn't match image C:\Users\asdf\Desktop\unity\ReactiveTurnBase\My project A\Library\ScriptAssemblies\Unity.InputSystem.ForUI.dll
Symbol file LoadedFromMemory is not a mono symbol file
Symbol file data-000001DA84C59020 doesn't match image C:\Users\asdf\Desktop\unity\ReactiveTurnBase\My project A\Library\ScriptAssemblies\Unity.TestTools.CodeCoverage.Editor.OpenCover.Mono.Reflection.dll
Symbol file LoadedFromMemory is not a mono symbol file
Symbol file data-000001DA84C59020 doesn't match image C:\Users\asdf\Desktop\unity\ReactiveTurnBase\My project A\Library\ScriptAssemblies\Unity.VisualScripting.SettingsProvider.Editor.dll
Symbol file LoadedFromMemory is not a mono symbol file
Symbol file data-000001DA16C47020 doesn't match image C:\Users\asdf\Desktop\unity\ReactiveTurnBase\My project A\Library\ScriptAssemblies\Unity.Performance.Profile-Analyzer.Editor.dll
Symbol file LoadedFromMemory is not a mono symbol file
Symbol file data-000001DA84B81050 doesn't match image C:\Users\asdf\Desktop\unity\ReactiveTurnBase\My project A\Library\ScriptAssemblies\Unity.TestTools.CodeCoverage.Editor.dll
Symbol file LoadedFromMemory is not a mono symbol file
Symbol file data-000001DA17050010 doesn't match image C:\Users\asdf\Desktop\unity\ReactiveTurnBase\My project A\Library\ScriptAssemblies\Unity.TestTools.CodeCoverage.Editor.OpenCover.Model.dll
Symbol file LoadedFromMemory is not a mono symbol file
Symbol file data-000001DA233ED020 doesn't match image C:\Users\asdf\Desktop\unity\ReactiveTurnBase\My project A\Library\ScriptAssemblies\Unity.VisualScripting.State.Editor.dll
Symbol file LoadedFromMemory is not a mono symbol file
Symbol file data-000001D9F435BDF0 doesn't match image C:\Users\asdf\Desktop\unity\ReactiveTurnBase\My project A\Library\ScriptAssemblies\Unity.Settings.Editor.dll
Symbol file LoadedFromMemory is not a mono symbol file
Symbol file data-000001DA16252E20 doesn't match image C:\Users\asdf\Desktop\unity\ReactiveTurnBase\My project A\Library\ScriptAssemblies\Unity.CollabProxy.Editor.dll
Symbol file LoadedFromMemory is not a mono symbol file
Symbol file data-000001DA16AF0040 doesn't match image C:\Users\asdf\Desktop\unity\ReactiveTurnBase\My project A\Library\ScriptAssemblies\Unity.TextMeshPro.dll
Symbol file LoadedFromMemory is not a mono symbol file
Symbol file data-000001DA2170B010 doesn't match image C:\Users\asdf\Desktop\unity\ReactiveTurnBase\My project A\Library\ScriptAssemblies\Unity.TextMeshPro.Editor.dll
Symbol file LoadedFromMemory is not a mono symbol file
Symbol file data-000001D9F3F20080 doesn't match image C:\Users\asdf\Desktop\unity\ReactiveTurnBase\My project A\Library\ScriptAssemblies\UniTask.dll
Symbol file LoadedFromMemory is not a mono symbol file
Symbol file data-000001D9F491E990 doesn't match image C:\Users\asdf\Desktop\unity\ReactiveTurnBase\My project A\Library\ScriptAssemblies\Unity.VisualScripting.State.dll
Symbol file LoadedFromMemory is not a mono symbol file
Symbol file data-000001D9F491E990 doesn't match image C:\Users\asdf\Desktop\unity\ReactiveTurnBase\My project A\Library\ScriptAssemblies\Unity.VSCode.Editor.dll
Symbol file LoadedFromMemory is not a mono symbol file
- Loaded All Assemblies, in  0.441 seconds
Native extension for WindowsStandalone target not found
Native extension for Android target not found
Mono: successfully reloaded assembly
- Finished resetting the current domain, in  1.109 seconds
Domain Reload Profiling: 1549ms
	BeginReloadAssembly (136ms)
		ExecutionOrderSort (0ms)
		DisableScriptedObjects (6ms)
		BackupInstance (0ms)
		ReleaseScriptingObjects (0ms)
		CreateAndSetChildDomain (32ms)
	RebuildCommonClasses (31ms)
	RebuildNativeTypeToScriptingClass (13ms)
	initialDomainReloadingComplete (26ms)
	LoadAllAssembliesAndSetupDomain (233ms)
		LoadAssemblies (287ms)
		RebuildTransferFunctionScriptingTraits (0ms)
		AnalyzeDomain (14ms)
			TypeCache.Refresh (5ms)
				TypeCache.ScanAssembly (0ms)
			ScanForSourceGeneratedMonoScriptInfo (0ms)
			ResolveRequiredComponents (7ms)
	FinalizeReload (1110ms)
		ReleaseScriptCaches (0ms)
		RebuildScriptCaches (0ms)
		SetupLoadedEditorAssemblies (619ms)
			LogAssemblyErrors (0ms)
			InitializePlatformSupportModulesInManaged (22ms)
			SetLoadedEditorAssemblies (7ms)
			RefreshPlugins (0ms)
			BeforeProcessingInitializeOnLoad (119ms)
			ProcessInitializeOnLoadAttributes (426ms)
			ProcessInitializeOnLoadMethodAttributes (35ms)
			AfterProcessingInitializeOnLoad (9ms)
			EditorAssembliesLoaded (0ms)
		ExecutionOrderSort2 (0ms)
		AwakeInstancesAfterBackupRestoration (8ms)
Refreshing native plugins compatible for Editor in 4.80 ms, found 3 plugins.
Preloading 0 native plugins for Editor in 0.00 ms.
Unloading 3941 Unused Serialized files (Serialized files now loaded: 0)
Unloading 22 unused Assets / (32.9 KB). Loaded Objects now: 4583.
Memory consumption went from 225.8 MB to 225.8 MB.
Total: 5.314100 ms (FindLiveObjects: 0.837300 ms CreateObjectMapping: 0.424800 ms MarkObjects: 3.999200 ms  DeleteObjects: 0.050600 ms)

Prepare: number of updated asset objects reloaded= 0
AssetImportParameters requested are different than current active one (requested -> active):
  custom:container-demuxer-ogg: 62fdf1f143b41e24485cea50d1cbac27 -> 
  custom:video-decoder-ogg-theora: a1e56fd34408186e4bbccfd4996cb3dc -> 
  custom:framework-win-MediaFoundation: 216162199b28c13a410421893ffa2e32 -> 
  custom:CustomObjectIndexerAttribute: 9a22284fe3817be447336de3de66b15e -> 
  custom:container-demuxer-webm: 4f35f7cbe854078d1ac9338744f61a02 -> 
  custom:container-muxer-webm: aa71ff27fc2769a1b78a27578f13a17b -> 
  custom:video-decoder-webm-vp8: 9c59270c3fd7afecdb556c50c9e8de78 -> 
  custom:SearchIndexIgnoredProperties: e643bd26f0fe6173181afceb89e7c659 -> 
  custom:AudioImporter_EditorPlatform: d09bf68614088b80899f8185d706f6e7 -> 
  custom:video-encoder-webm-vp8: eb34c28f22e8b96e1ab97ce403110664 -> 
  custom:audio-decoder-ogg-vorbis: bf7c407c2cedff20999df2af8eb42d56 -> 
  custom:audio-encoder-webm-vorbis: bf7c407c2cedff20999df2af8eb42d56 -> 
========================================================================
Received Prepare
Caller must complete domain reload
Begin MonoManager ReloadAssembly
Symbol file data-000001DA17882060 doesn't match image C:\Users\asdf\Desktop\unity\ReactiveTurnBase\My project A\Library\ScriptAssemblies\Unity.EditorCoroutines.Editor.dll
Symbol file LoadedFromMemory is not a mono symbol file
Symbol file data-000001DA16252E20 doesn't match image C:\Users\asdf\Desktop\unity\ReactiveTurnBase\My project A\Library\ScriptAssemblies\UniTask.TextMeshPro.dll
Symbol file LoadedFromMemory is not a mono symbol file
Symbol file data-000001D9F4948F90 doesn't match image C:\Users\asdf\Desktop\unity\ReactiveTurnBase\My project A\Library\ScriptAssemblies\Unity.Timeline.Editor.dll
Symbol file LoadedFromMemory is not a mono symbol file
Symbol file data-000001DA1FF04010 doesn't match image C:\Users\asdf\Desktop\unity\ReactiveTurnBase\My project A\Library\ScriptAssemblies\Unity.VisualScripting.Shared.Editor.dll
Symbol file LoadedFromMemory is not a mono symbol file
Symbol file data-000001DA215AD030 doesn't match image C:\Users\asdf\Desktop\unity\ReactiveTurnBase\My project A\Library\ScriptAssemblies\UniTask.DOTween.dll
Symbol file LoadedFromMemory is not a mono symbol file
Symbol file data-000001DA215AD030 doesn't match image C:\Users\asdf\Desktop\unity\ReactiveTurnBase\My project A\Library\ScriptAssemblies\UniTask.Addressables.dll
Symbol file LoadedFromMemory is not a mono symbol file
Symbol file data-000001D9F4197C40 doesn't match image C:\Users\asdf\Desktop\unity\ReactiveTurnBase\My project A\Library\ScriptAssemblies\UnityEditor.UI.dll
Symbol file LoadedFromMemory is not a mono symbol file
Symbol file data-000001DA200B2020 doesn't match image C:\Users\asdf\Desktop\unity\ReactiveTurnBase\My project A\Library\ScriptAssemblies\Unity.VisualScripting.Core.dll
Symbol file LoadedFromMemory is not a mono symbol file
Symbol file data-000001DA203DE010 doesn't match image C:\Users\asdf\Desktop\unity\ReactiveTurnBase\My project A\Library\ScriptAssemblies\UnityEngine.UI.dll
Symbol file LoadedFromMemory is not a mono symbol file
Symbol file data-000001DA1FF04010 doesn't match image C:\Users\asdf\Desktop\unity\ReactiveTurnBase\My project A\Library\ScriptAssemblies\UniTask.Editor.dll
Symbol file LoadedFromMemory is not a mono symbol file
Symbol file data-000001DA21191020 doesn't match image C:\Users\asdf\Desktop\unity\ReactiveTurnBase\My project A\Library\ScriptAssemblies\Unity.VisualScripting.Core.Editor.dll
Symbol file LoadedFromMemory is not a mono symbol file
Symbol file data-000001DA216077B0 doesn't match image C:\Users\asdf\Desktop\unity\ReactiveTurnBase\My project A\Library\ScriptAssemblies\UniTask.Linq.dll
Symbol file LoadedFromMemory is not a mono symbol file
Symbol file data-000001DA16AF0040 doesn't match image C:\Users\asdf\Desktop\unity\ReactiveTurnBase\My project A\Library\ScriptAssemblies\Unity.VisualScripting.Flow.dll
Symbol file LoadedFromMemory is not a mono symbol file
Symbol file data-000001DA1784E020 doesn't match image C:\Users\asdf\Desktop\unity\ReactiveTurnBase\My project A\Library\ScriptAssemblies\Unity.VisualScripting.Flow.Editor.dll
Symbol file LoadedFromMemory is not a mono symbol file
Symbol file data-000001D9F2F265B0 doesn't match image C:\Users\asdf\Desktop\unity\ReactiveTurnBase\My project A\Library\ScriptAssemblies\Unity.Timeline.dll
Symbol file LoadedFromMemory is not a mono symbol file
Symbol file data-000001DA84D2C010 doesn't match image C:\Users\asdf\Desktop\unity\ReactiveTurnBase\My project A\Library\ScriptAssemblies\Unity.InputSystem.dll
Symbol file LoadedFromMemory is not a mono symbol file
Symbol file data-000001DA17882060 doesn't match image C:\Users\asdf\Desktop\unity\ReactiveTurnBase\My project A\Library\ScriptAssemblies\Unity.InputSystem.ForUI.dll
Symbol file LoadedFromMemory is not a mono symbol file
Symbol file data-000001DA166AD450 doesn't match image C:\Users\asdf\Desktop\unity\ReactiveTurnBase\My project A\Library\ScriptAssemblies\Unity.TestTools.CodeCoverage.Editor.OpenCover.Mono.Reflection.dll
Symbol file LoadedFromMemory is not a mono symbol file
Symbol file data-000001DA166AD450 doesn't match image C:\Users\asdf\Desktop\unity\ReactiveTurnBase\My project A\Library\ScriptAssemblies\Unity.VisualScripting.SettingsProvider.Editor.dll
Symbol file LoadedFromMemory is not a mono symbol file
Symbol file data-000001DA2109B050 doesn't match image C:\Users\asdf\Desktop\unity\ReactiveTurnBase\My project A\Library\ScriptAssemblies\Unity.Performance.Profile-Analyzer.Editor.dll
Symbol file LoadedFromMemory is not a mono symbol file
Symbol file data-000001DA16888010 doesn't match image C:\Users\asdf\Desktop\unity\ReactiveTurnBase\My project A\Library\ScriptAssemblies\Unity.TestTools.CodeCoverage.Editor.dll
Symbol file LoadedFromMemory is not a mono symbol file
Symbol file data-000001DA21D78020 doesn't match image C:\Users\asdf\Desktop\unity\ReactiveTurnBase\My project A\Library\ScriptAssemblies\Unity.TestTools.CodeCoverage.Editor.OpenCover.Model.dll
Symbol file LoadedFromMemory is not a mono symbol file
Symbol file data-000001D9F4197C40 doesn't match image C:\Users\asdf\Desktop\unity\ReactiveTurnBase\My project A\Library\ScriptAssemblies\Unity.VisualScripting.State.Editor.dll
Symbol file LoadedFromMemory is not a mono symbol file
Symbol file data-000001DA212B4350 doesn't match image C:\Users\asdf\Desktop\unity\ReactiveTurnBase\My project A\Library\ScriptAssemblies\Unity.Settings.Editor.dll
Symbol file LoadedFromMemory is not a mono symbol file
Symbol file data-000001DA16252E20 doesn't match image C:\Users\asdf\Desktop\unity\ReactiveTurnBase\My project A\Library\ScriptAssemblies\Unity.CollabProxy.Editor.dll
Symbol file LoadedFromMemory is not a mono symbol file
Symbol file data-000001DA16AF0040 doesn't match image C:\Users\asdf\Desktop\unity\ReactiveTurnBase\My project A\Library\ScriptAssemblies\Unity.TextMeshPro.dll
Symbol file LoadedFromMemory is not a mono symbol file
Symbol file data-000001DA20288010 doesn't match image C:\Users\asdf\Desktop\unity\ReactiveTurnBase\My project A\Library\ScriptAssemblies\Unity.TextMeshPro.Editor.dll
Symbol file LoadedFromMemory is not a mono symbol file
Symbol file data-000001D9F3F20080 doesn't match image C:\Users\asdf\Desktop\unity\ReactiveTurnBase\My project A\Library\ScriptAssemblies\UniTask.dll
Symbol file LoadedFromMemory is not a mono symbol file
Symbol file data-000001D9F491E990 doesn't match image C:\Users\asdf\Desktop\unity\ReactiveTurnBase\My project A\Library\ScriptAssemblies\Unity.VisualScripting.State.dll
Symbol file LoadedFromMemory is not a mono symbol file
Symbol file data-000001D9F491E990 doesn't match image C:\Users\asdf\Desktop\unity\ReactiveTurnBase\My project A\Library\ScriptAssemblies\Unity.VSCode.Editor.dll
Symbol file LoadedFromMemory is not a mono symbol file
- Loaded All Assemblies, in  0.460 seconds
Native extension for WindowsStandalone target not found
Native extension for Android target not found
Mono: successfully reloaded assembly
- Finished resetting the current domain, in  0.970 seconds
Domain Reload Profiling: 1428ms
	BeginReloadAssembly (145ms)
		ExecutionOrderSort (0ms)
		DisableScriptedObjects (6ms)
		BackupInstance (0ms)
		ReleaseScriptingObjects (0ms)
		CreateAndSetChildDomain (31ms)
	RebuildCommonClasses (25ms)
	RebuildNativeTypeToScriptingClass (8ms)
	initialDomainReloadingComplete (25ms)
	LoadAllAssembliesAndSetupDomain (255ms)
		LoadAssemblies (297ms)
		RebuildTransferFunctionScriptingTraits (0ms)
		AnalyzeDomain (34ms)
			TypeCache.Refresh (13ms)
				TypeCache.ScanAssembly (4ms)
			ScanForSourceGeneratedMonoScriptInfo (13ms)
			ResolveRequiredComponents (6ms)
	FinalizeReload (970ms)
		ReleaseScriptCaches (0ms)
		RebuildScriptCaches (0ms)
		SetupLoadedEditorAssemblies (515ms)
			LogAssemblyErrors (0ms)
			InitializePlatformSupportModulesInManaged (17ms)
			SetLoadedEditorAssemblies (4ms)
			RefreshPlugins (0ms)
			BeforeProcessingInitializeOnLoad (106ms)
			ProcessInitializeOnLoadAttributes (346ms)
			ProcessInitializeOnLoadMethodAttributes (36ms)
			AfterProcessingInitializeOnLoad (6ms)
			EditorAssembliesLoaded (0ms)
		ExecutionOrderSort2 (0ms)
		AwakeInstancesAfterBackupRestoration (6ms)
Refreshing native plugins compatible for Editor in 3.78 ms, found 3 plugins.
Preloading 0 native plugins for Editor in 0.00 ms.
Unloading 3941 Unused Serialized files (Serialized files now loaded: 0)
Unloading 22 unused Assets / (32.8 KB). Loaded Objects now: 4586.
Memory consumption went from 225.8 MB to 225.8 MB.
Total: 3.374800 ms (FindLiveObjects: 0.329900 ms CreateObjectMapping: 0.246400 ms MarkObjects: 2.752400 ms  DeleteObjects: 0.044900 ms)

Prepare: number of updated asset objects reloaded= 0
AssetImportParameters requested are different than current active one (requested -> active):
  custom:container-demuxer-ogg: 62fdf1f143b41e24485cea50d1cbac27 -> 
  custom:video-decoder-ogg-theora: a1e56fd34408186e4bbccfd4996cb3dc -> 
  custom:framework-win-MediaFoundation: 216162199b28c13a410421893ffa2e32 -> 
  custom:CustomObjectIndexerAttribute: 9a22284fe3817be447336de3de66b15e -> 
  custom:container-demuxer-webm: 4f35f7cbe854078d1ac9338744f61a02 -> 
  custom:container-muxer-webm: aa71ff27fc2769a1b78a27578f13a17b -> 
  custom:video-decoder-webm-vp8: 9c59270c3fd7afecdb556c50c9e8de78 -> 
  custom:SearchIndexIgnoredProperties: e643bd26f0fe6173181afceb89e7c659 -> 
  custom:AudioImporter_EditorPlatform: d09bf68614088b80899f8185d706f6e7 -> 
  custom:video-encoder-webm-vp8: eb34c28f22e8b96e1ab97ce403110664 -> 
  custom:audio-decoder-ogg-vorbis: bf7c407c2cedff20999df2af8eb42d56 -> 
  custom:audio-encoder-webm-vorbis: bf7c407c2cedff20999df2af8eb42d56 -> 
========================================================================
Received Prepare
Caller must complete domain reload
Begin MonoManager ReloadAssembly
Symbol file data-000001DA17882060 doesn't match image C:\Users\asdf\Desktop\unity\ReactiveTurnBase\My project A\Library\ScriptAssemblies\Unity.EditorCoroutines.Editor.dll
Symbol file LoadedFromMemory is not a mono symbol file
Symbol file data-000001DA16252E20 doesn't match image C:\Users\asdf\Desktop\unity\ReactiveTurnBase\My project A\Library\ScriptAssemblies\UniTask.TextMeshPro.dll
Symbol file LoadedFromMemory is not a mono symbol file
Symbol file data-000001D9F4948F90 doesn't match image C:\Users\asdf\Desktop\unity\ReactiveTurnBase\My project A\Library\ScriptAssemblies\Unity.Timeline.Editor.dll
Symbol file LoadedFromMemory is not a mono symbol file
Symbol file data-000001DA23E91020 doesn't match image C:\Users\asdf\Desktop\unity\ReactiveTurnBase\My project A\Library\ScriptAssemblies\Unity.VisualScripting.Shared.Editor.dll
Symbol file LoadedFromMemory is not a mono symbol file
Symbol file data-000001DA215AD030 doesn't match image C:\Users\asdf\Desktop\unity\ReactiveTurnBase\My project A\Library\ScriptAssemblies\UniTask.DOTween.dll
Symbol file LoadedFromMemory is not a mono symbol file
Symbol file data-000001DA215AD030 doesn't match image C:\Users\asdf\Desktop\unity\ReactiveTurnBase\My project A\Library\ScriptAssemblies\UniTask.Addressables.dll
Symbol file LoadedFromMemory is not a mono symbol file
Symbol file data-000001D9F4197C40 doesn't match image C:\Users\asdf\Desktop\unity\ReactiveTurnBase\My project A\Library\ScriptAssemblies\UnityEditor.UI.dll
Symbol file LoadedFromMemory is not a mono symbol file
Symbol file data-000001DA200B2020 doesn't match image C:\Users\asdf\Desktop\unity\ReactiveTurnBase\My project A\Library\ScriptAssemblies\Unity.VisualScripting.Core.dll
Symbol file LoadedFromMemory is not a mono symbol file
Symbol file data-000001DA203DE010 doesn't match image C:\Users\asdf\Desktop\unity\ReactiveTurnBase\My project A\Library\ScriptAssemblies\UnityEngine.UI.dll
Symbol file LoadedFromMemory is not a mono symbol file
Symbol file data-000001DA23E91020 doesn't match image C:\Users\asdf\Desktop\unity\ReactiveTurnBase\My project A\Library\ScriptAssemblies\UniTask.Editor.dll
Symbol file LoadedFromMemory is not a mono symbol file
Symbol file data-000001DA21191020 doesn't match image C:\Users\asdf\Desktop\unity\ReactiveTurnBase\My project A\Library\ScriptAssemblies\Unity.VisualScripting.Core.Editor.dll
Symbol file LoadedFromMemory is not a mono symbol file
Symbol file data-000001DA216077B0 doesn't match image C:\Users\asdf\Desktop\unity\ReactiveTurnBase\My project A\Library\ScriptAssemblies\UniTask.Linq.dll
Symbol file LoadedFromMemory is not a mono symbol file
Symbol file data-000001DA16AF0040 doesn't match image C:\Users\asdf\Desktop\unity\ReactiveTurnBase\My project A\Library\ScriptAssemblies\Unity.VisualScripting.Flow.dll
Symbol file LoadedFromMemory is not a mono symbol file
Symbol file data-000001D9F3FB50E0 doesn't match image C:\Users\asdf\Desktop\unity\ReactiveTurnBase\My project A\Library\ScriptAssemblies\Unity.VisualScripting.Flow.Editor.dll
Symbol file LoadedFromMemory is not a mono symbol file
Symbol file data-000001D9F2F265B0 doesn't match image C:\Users\asdf\Desktop\unity\ReactiveTurnBase\My project A\Library\ScriptAssemblies\Unity.Timeline.dll
Symbol file LoadedFromMemory is not a mono symbol file
Symbol file data-000001DA84DF2010 doesn't match image C:\Users\asdf\Desktop\unity\ReactiveTurnBase\My project A\Library\ScriptAssemblies\Unity.InputSystem.dll
Symbol file LoadedFromMemory is not a mono symbol file
Symbol file data-000001DA17882060 doesn't match image C:\Users\asdf\Desktop\unity\ReactiveTurnBase\My project A\Library\ScriptAssemblies\Unity.InputSystem.ForUI.dll
Symbol file LoadedFromMemory is not a mono symbol file
Symbol file data-000001DA23E91020 doesn't match image C:\Users\asdf\Desktop\unity\ReactiveTurnBase\My project A\Library\ScriptAssemblies\Unity.TestTools.CodeCoverage.Editor.OpenCover.Mono.Reflection.dll
Symbol file LoadedFromMemory is not a mono symbol file
Symbol file data-000001DA23E91020 doesn't match image C:\Users\asdf\Desktop\unity\ReactiveTurnBase\My project A\Library\ScriptAssemblies\Unity.VisualScripting.SettingsProvider.Editor.dll
Symbol file LoadedFromMemory is not a mono symbol file
Symbol file data-000001DA16C47020 doesn't match image C:\Users\asdf\Desktop\unity\ReactiveTurnBase\My project A\Library\ScriptAssemblies\Unity.Performance.Profile-Analyzer.Editor.dll
Symbol file LoadedFromMemory is not a mono symbol file
Symbol file data-000001DA16888010 doesn't match image C:\Users\asdf\Desktop\unity\ReactiveTurnBase\My project A\Library\ScriptAssemblies\Unity.TestTools.CodeCoverage.Editor.dll
Symbol file LoadedFromMemory is not a mono symbol file
Symbol file data-000001DA21D78020 doesn't match image C:\Users\asdf\Desktop\unity\ReactiveTurnBase\My project A\Library\ScriptAssemblies\Unity.TestTools.CodeCoverage.Editor.OpenCover.Model.dll
Symbol file LoadedFromMemory is not a mono symbol file
Symbol file data-000001D9F4197C40 doesn't match image C:\Users\asdf\Desktop\unity\ReactiveTurnBase\My project A\Library\ScriptAssemblies\Unity.VisualScripting.State.Editor.dll
Symbol file LoadedFromMemory is not a mono symbol file
Symbol file data-000001D9F435BDF0 doesn't match image C:\Users\asdf\Desktop\unity\ReactiveTurnBase\My project A\Library\ScriptAssemblies\Unity.Settings.Editor.dll
Symbol file LoadedFromMemory is not a mono symbol file
Symbol file data-000001DA16252E20 doesn't match image C:\Users\asdf\Desktop\unity\ReactiveTurnBase\My project A\Library\ScriptAssemblies\Unity.CollabProxy.Editor.dll
Symbol file LoadedFromMemory is not a mono symbol file
Symbol file data-000001DA16AF0040 doesn't match image C:\Users\asdf\Desktop\unity\ReactiveTurnBase\My project A\Library\ScriptAssemblies\Unity.TextMeshPro.dll
Symbol file LoadedFromMemory is not a mono symbol file
Symbol file data-000001DA1670A010 doesn't match image C:\Users\asdf\Desktop\unity\ReactiveTurnBase\My project A\Library\ScriptAssemblies\Unity.TextMeshPro.Editor.dll
Symbol file LoadedFromMemory is not a mono symbol file
Symbol file data-000001D9F3F20080 doesn't match image C:\Users\asdf\Desktop\unity\ReactiveTurnBase\My project A\Library\ScriptAssemblies\UniTask.dll
Symbol file LoadedFromMemory is not a mono symbol file
Symbol file data-000001D9F491E990 doesn't match image C:\Users\asdf\Desktop\unity\ReactiveTurnBase\My project A\Library\ScriptAssemblies\Unity.VisualScripting.State.dll
Symbol file LoadedFromMemory is not a mono symbol file
Symbol file data-000001D9F491E990 doesn't match image C:\Users\asdf\Desktop\unity\ReactiveTurnBase\My project A\Library\ScriptAssemblies\Unity.VSCode.Editor.dll
Symbol file LoadedFromMemory is not a mono symbol file
- Loaded All Assemblies, in  0.444 seconds
Native extension for WindowsStandalone target not found
Native extension for Android target not found
Mono: successfully reloaded assembly
- Finished resetting the current domain, in  1.177 seconds
Domain Reload Profiling: 1618ms
	BeginReloadAssembly (135ms)
		ExecutionOrderSort (0ms)
		DisableScriptedObjects (6ms)
		BackupInstance (0ms)
		ReleaseScriptingObjects (0ms)
		CreateAndSetChildDomain (30ms)
	RebuildCommonClasses (25ms)
	RebuildNativeTypeToScriptingClass (9ms)
	initialDomainReloadingComplete (27ms)
	LoadAllAssembliesAndSetupDomain (245ms)
		LoadAssemblies (303ms)
		RebuildTransferFunctionScriptingTraits (0ms)
		AnalyzeDomain (13ms)
			TypeCache.Refresh (4ms)
				TypeCache.ScanAssembly (0ms)
			ScanForSourceGeneratedMonoScriptInfo (0ms)
			ResolveRequiredComponents (7ms)
	FinalizeReload (1177ms)
		ReleaseScriptCaches (0ms)
		RebuildScriptCaches (0ms)
		SetupLoadedEditorAssemblies (690ms)
			LogAssemblyErrors (0ms)
			InitializePlatformSupportModulesInManaged (22ms)
			SetLoadedEditorAssemblies (5ms)
			RefreshPlugins (0ms)
			BeforeProcessingInitializeOnLoad (113ms)
			ProcessInitializeOnLoadAttributes (503ms)
			ProcessInitializeOnLoadMethodAttributes (39ms)
			AfterProcessingInitializeOnLoad (8ms)
			EditorAssembliesLoaded (0ms)
		ExecutionOrderSort2 (0ms)
		AwakeInstancesAfterBackupRestoration (7ms)
Refreshing native plugins compatible for Editor in 5.19 ms, found 3 plugins.
Preloading 0 native plugins for Editor in 0.00 ms.
Unloading 3941 Unused Serialized files (Serialized files now loaded: 0)
Unloading 22 unused Assets / (33.0 KB). Loaded Objects now: 4589.
Memory consumption went from 225.8 MB to 225.8 MB.
Total: 4.093800 ms (FindLiveObjects: 0.800500 ms CreateObjectMapping: 0.388500 ms MarkObjects: 2.848800 ms  DeleteObjects: 0.053800 ms)

Prepare: number of updated asset objects reloaded= 0
AssetImportParameters requested are different than current active one (requested -> active):
  custom:container-demuxer-ogg: 62fdf1f143b41e24485cea50d1cbac27 -> 
  custom:video-decoder-ogg-theora: a1e56fd34408186e4bbccfd4996cb3dc -> 
  custom:framework-win-MediaFoundation: 216162199b28c13a410421893ffa2e32 -> 
  custom:CustomObjectIndexerAttribute: 9a22284fe3817be447336de3de66b15e -> 
  custom:container-demuxer-webm: 4f35f7cbe854078d1ac9338744f61a02 -> 
  custom:container-muxer-webm: aa71ff27fc2769a1b78a27578f13a17b -> 
  custom:video-decoder-webm-vp8: 9c59270c3fd7afecdb556c50c9e8de78 -> 
  custom:SearchIndexIgnoredProperties: e643bd26f0fe6173181afceb89e7c659 -> 
  custom:AudioImporter_EditorPlatform: d09bf68614088b80899f8185d706f6e7 -> 
  custom:video-encoder-webm-vp8: eb34c28f22e8b96e1ab97ce403110664 -> 
  custom:audio-decoder-ogg-vorbis: bf7c407c2cedff20999df2af8eb42d56 -> 
  custom:audio-encoder-webm-vorbis: bf7c407c2cedff20999df2af8eb42d56 -> 
========================================================================
Received Prepare
Caller must complete domain reload
Begin MonoManager ReloadAssembly
Symbol file data-000001DA17882060 doesn't match image C:\Users\asdf\Desktop\unity\ReactiveTurnBase\My project A\Library\ScriptAssemblies\Unity.EditorCoroutines.Editor.dll
Symbol file LoadedFromMemory is not a mono symbol file
Symbol file data-000001DA16252E20 doesn't match image C:\Users\asdf\Desktop\unity\ReactiveTurnBase\My project A\Library\ScriptAssemblies\UniTask.TextMeshPro.dll
Symbol file LoadedFromMemory is not a mono symbol file
Symbol file data-000001D9F4948F90 doesn't match image C:\Users\asdf\Desktop\unity\ReactiveTurnBase\My project A\Library\ScriptAssemblies\Unity.Timeline.Editor.dll
Symbol file LoadedFromMemory is not a mono symbol file
Symbol file data-000001DA166AD450 doesn't match image C:\Users\asdf\Desktop\unity\ReactiveTurnBase\My project A\Library\ScriptAssemblies\Unity.VisualScripting.Shared.Editor.dll
Symbol file LoadedFromMemory is not a mono symbol file
Symbol file data-000001DA17882060 doesn't match image C:\Users\asdf\Desktop\unity\ReactiveTurnBase\My project A\Library\ScriptAssemblies\UniTask.DOTween.dll
Symbol file LoadedFromMemory is not a mono symbol file
Symbol file data-000001DA17882060 doesn't match image C:\Users\asdf\Desktop\unity\ReactiveTurnBase\My project A\Library\ScriptAssemblies\UniTask.Addressables.dll
Symbol file LoadedFromMemory is not a mono symbol file
Symbol file data-000001DA21876010 doesn't match image C:\Users\asdf\Desktop\unity\ReactiveTurnBase\My project A\Library\ScriptAssemblies\UnityEditor.UI.dll
Symbol file LoadedFromMemory is not a mono symbol file
Symbol file data-000001DA200B2020 doesn't match image C:\Users\asdf\Desktop\unity\ReactiveTurnBase\My project A\Library\ScriptAssemblies\Unity.VisualScripting.Core.dll
Symbol file LoadedFromMemory is not a mono symbol file
Symbol file data-000001DA203DE010 doesn't match image C:\Users\asdf\Desktop\unity\ReactiveTurnBase\My project A\Library\ScriptAssemblies\UnityEngine.UI.dll
Symbol file LoadedFromMemory is not a mono symbol file
Symbol file data-000001DA166AD450 doesn't match image C:\Users\asdf\Desktop\unity\ReactiveTurnBase\My project A\Library\ScriptAssemblies\UniTask.Editor.dll
Symbol file LoadedFromMemory is not a mono symbol file
Symbol file data-000001DA21191020 doesn't match image C:\Users\asdf\Desktop\unity\ReactiveTurnBase\My project A\Library\ScriptAssemblies\Unity.VisualScripting.Core.Editor.dll
Symbol file LoadedFromMemory is not a mono symbol file
Symbol file data-000001DA216077B0 doesn't match image C:\Users\asdf\Desktop\unity\ReactiveTurnBase\My project A\Library\ScriptAssemblies\UniTask.Linq.dll
Symbol file LoadedFromMemory is not a mono symbol file
Symbol file data-000001DA16AF0040 doesn't match image C:\Users\asdf\Desktop\unity\ReactiveTurnBase\My project A\Library\ScriptAssemblies\Unity.VisualScripting.Flow.dll
Symbol file LoadedFromMemory is not a mono symbol file
Symbol file data-000001DA84D36010 doesn't match image C:\Users\asdf\Desktop\unity\ReactiveTurnBase\My project A\Library\ScriptAssemblies\Unity.VisualScripting.Flow.Editor.dll
Symbol file LoadedFromMemory is not a mono symbol file
Symbol file data-000001D9F2F265B0 doesn't match image C:\Users\asdf\Desktop\unity\ReactiveTurnBase\My project A\Library\ScriptAssemblies\Unity.Timeline.dll
Symbol file LoadedFromMemory is not a mono symbol file
Symbol file data-000001DA84DF2010 doesn't match image C:\Users\asdf\Desktop\unity\ReactiveTurnBase\My project A\Library\ScriptAssemblies\Unity.InputSystem.dll
Symbol file LoadedFromMemory is not a mono symbol file
Symbol file data-000001DA16252E20 doesn't match image C:\Users\asdf\Desktop\unity\ReactiveTurnBase\My project A\Library\ScriptAssemblies\Unity.InputSystem.ForUI.dll
Symbol file LoadedFromMemory is not a mono symbol file
Symbol file data-000001DA166AD450 doesn't match image C:\Users\asdf\Desktop\unity\ReactiveTurnBase\My project A\Library\ScriptAssemblies\Unity.TestTools.CodeCoverage.Editor.OpenCover.Mono.Reflection.dll
Symbol file LoadedFromMemory is not a mono symbol file
Symbol file data-000001DA166AD450 doesn't match image C:\Users\asdf\Desktop\unity\ReactiveTurnBase\My project A\Library\ScriptAssemblies\Unity.VisualScripting.SettingsProvider.Editor.dll
Symbol file LoadedFromMemory is not a mono symbol file
Symbol file data-000001DA2327C020 doesn't match image C:\Users\asdf\Desktop\unity\ReactiveTurnBase\My project A\Library\ScriptAssemblies\Unity.Performance.Profile-Analyzer.Editor.dll
Symbol file LoadedFromMemory is not a mono symbol file
Symbol file data-000001DA16888010 doesn't match image C:\Users\asdf\Desktop\unity\ReactiveTurnBase\My project A\Library\ScriptAssemblies\Unity.TestTools.CodeCoverage.Editor.dll
Symbol file LoadedFromMemory is not a mono symbol file
Symbol file data-000001D9F47B2A40 doesn't match image C:\Users\asdf\Desktop\unity\ReactiveTurnBase\My project A\Library\ScriptAssemblies\Unity.TestTools.CodeCoverage.Editor.OpenCover.Model.dll
Symbol file LoadedFromMemory is not a mono symbol file
Symbol file data-000001DA21876010 doesn't match image C:\Users\asdf\Desktop\unity\ReactiveTurnBase\My project A\Library\ScriptAssemblies\Unity.VisualScripting.State.Editor.dll
Symbol file LoadedFromMemory is not a mono symbol file
Symbol file data-000001DA215AD030 doesn't match image C:\Users\asdf\Desktop\unity\ReactiveTurnBase\My project A\Library\ScriptAssemblies\Unity.Settings.Editor.dll
Symbol file LoadedFromMemory is not a mono symbol file
Symbol file data-000001DA166AD450 doesn't match image C:\Users\asdf\Desktop\unity\ReactiveTurnBase\My project A\Library\ScriptAssemblies\Unity.CollabProxy.Editor.dll
Symbol file LoadedFromMemory is not a mono symbol file
Symbol file data-000001DA16AF0040 doesn't match image C:\Users\asdf\Desktop\unity\ReactiveTurnBase\My project A\Library\ScriptAssemblies\Unity.TextMeshPro.dll
Symbol file LoadedFromMemory is not a mono symbol file
Symbol file data-000001DA1FFFE020 doesn't match image C:\Users\asdf\Desktop\unity\ReactiveTurnBase\My project A\Library\ScriptAssemblies\Unity.TextMeshPro.Editor.dll
Symbol file LoadedFromMemory is not a mono symbol file
Symbol file data-000001D9F3F20080 doesn't match image C:\Users\asdf\Desktop\unity\ReactiveTurnBase\My project A\Library\ScriptAssemblies\UniTask.dll
Symbol file LoadedFromMemory is not a mono symbol file
Symbol file data-000001D9F491E990 doesn't match image C:\Users\asdf\Desktop\unity\ReactiveTurnBase\My project A\Library\ScriptAssemblies\Unity.VisualScripting.State.dll
Symbol file LoadedFromMemory is not a mono symbol file
Symbol file data-000001D9F491E990 doesn't match image C:\Users\asdf\Desktop\unity\ReactiveTurnBase\My project A\Library\ScriptAssemblies\Unity.VSCode.Editor.dll
Symbol file LoadedFromMemory is not a mono symbol file
- Loaded All Assemblies, in  0.478 seconds
Native extension for WindowsStandalone target not found
Native extension for Android target not found
Mono: successfully reloaded assembly
- Finished resetting the current domain, in  1.041 seconds
Domain Reload Profiling: 1516ms
	BeginReloadAssembly (151ms)
		ExecutionOrderSort (0ms)
		DisableScriptedObjects (6ms)
		BackupInstance (0ms)
		ReleaseScriptingObjects (0ms)
		CreateAndSetChildDomain (31ms)
	RebuildCommonClasses (27ms)
	RebuildNativeTypeToScriptingClass (8ms)
	initialDomainReloadingComplete (27ms)
	LoadAllAssembliesAndSetupDomain (262ms)
		LoadAssemblies (313ms)
		RebuildTransferFunctionScriptingTraits (0ms)
		AnalyzeDomain (32ms)
			TypeCache.Refresh (12ms)
				TypeCache.ScanAssembly (4ms)
			ScanForSourceGeneratedMonoScriptInfo (11ms)
			ResolveRequiredComponents (7ms)
	FinalizeReload (1041ms)
		ReleaseScriptCaches (0ms)
		RebuildScriptCaches (0ms)
		SetupLoadedEditorAssemblies (589ms)
			LogAssemblyErrors (0ms)
			InitializePlatformSupportModulesInManaged (17ms)
			SetLoadedEditorAssemblies (4ms)
			RefreshPlugins (0ms)
			BeforeProcessingInitializeOnLoad (87ms)
			ProcessInitializeOnLoadAttributes (445ms)
			ProcessInitializeOnLoadMethodAttributes (30ms)
			AfterProcessingInitializeOnLoad (6ms)
			EditorAssembliesLoaded (0ms)
		ExecutionOrderSort2 (0ms)
		AwakeInstancesAfterBackupRestoration (6ms)
Refreshing native plugins compatible for Editor in 3.90 ms, found 3 plugins.
Preloading 0 native plugins for Editor in 0.00 ms.
Unloading 3941 Unused Serialized files (Serialized files now loaded: 0)
Unloading 22 unused Assets / (32.8 KB). Loaded Objects now: 4592.
Memory consumption went from 225.8 MB to 225.8 MB.
Total: 3.247700 ms (FindLiveObjects: 0.261000 ms CreateObjectMapping: 0.203600 ms MarkObjects: 2.731800 ms  DeleteObjects: 0.050000 ms)

Prepare: number of updated asset objects reloaded= 0
AssetImportParameters requested are different than current active one (requested -> active):
  custom:container-demuxer-ogg: 62fdf1f143b41e24485cea50d1cbac27 -> 
  custom:video-decoder-ogg-theora: a1e56fd34408186e4bbccfd4996cb3dc -> 
  custom:framework-win-MediaFoundation: 216162199b28c13a410421893ffa2e32 -> 
  custom:CustomObjectIndexerAttribute: 9a22284fe3817be447336de3de66b15e -> 
  custom:container-demuxer-webm: 4f35f7cbe854078d1ac9338744f61a02 -> 
  custom:container-muxer-webm: aa71ff27fc2769a1b78a27578f13a17b -> 
  custom:video-decoder-webm-vp8: 9c59270c3fd7afecdb556c50c9e8de78 -> 
  custom:SearchIndexIgnoredProperties: e643bd26f0fe6173181afceb89e7c659 -> 
  custom:AudioImporter_EditorPlatform: d09bf68614088b80899f8185d706f6e7 -> 
  custom:video-encoder-webm-vp8: eb34c28f22e8b96e1ab97ce403110664 -> 
  custom:audio-decoder-ogg-vorbis: bf7c407c2cedff20999df2af8eb42d56 -> 
  custom:audio-encoder-webm-vorbis: bf7c407c2cedff20999df2af8eb42d56 -> 
========================================================================
Received Prepare
Caller must complete domain reload
Begin MonoManager ReloadAssembly
Symbol file data-000001DA17882060 doesn't match image C:\Users\asdf\Desktop\unity\ReactiveTurnBase\My project A\Library\ScriptAssemblies\Unity.EditorCoroutines.Editor.dll
Symbol file LoadedFromMemory is not a mono symbol file
Symbol file data-000001DA166AD450 doesn't match image C:\Users\asdf\Desktop\unity\ReactiveTurnBase\My project A\Library\ScriptAssemblies\UniTask.TextMeshPro.dll
Symbol file LoadedFromMemory is not a mono symbol file
Symbol file data-000001D9F4948F90 doesn't match image C:\Users\asdf\Desktop\unity\ReactiveTurnBase\My project A\Library\ScriptAssemblies\Unity.Timeline.Editor.dll
Symbol file LoadedFromMemory is not a mono symbol file
Symbol file data-000001DA166AD450 doesn't match image C:\Users\asdf\Desktop\unity\ReactiveTurnBase\My project A\Library\ScriptAssemblies\Unity.VisualScripting.Shared.Editor.dll
Symbol file LoadedFromMemory is not a mono symbol file
Symbol file data-000001DA16DEE040 doesn't match image C:\Users\asdf\Desktop\unity\ReactiveTurnBase\My project A\Library\ScriptAssemblies\UniTask.DOTween.dll
Symbol file LoadedFromMemory is not a mono symbol file
Symbol file data-000001DA16DEE040 doesn't match image C:\Users\asdf\Desktop\unity\ReactiveTurnBase\My project A\Library\ScriptAssemblies\UniTask.Addressables.dll
Symbol file LoadedFromMemory is not a mono symbol file
Symbol file data-000001D9F4197C40 doesn't match image C:\Users\asdf\Desktop\unity\ReactiveTurnBase\My project A\Library\ScriptAssemblies\UnityEditor.UI.dll
Symbol file LoadedFromMemory is not a mono symbol file
Symbol file data-000001DA200B2020 doesn't match image C:\Users\asdf\Desktop\unity\ReactiveTurnBase\My project A\Library\ScriptAssemblies\Unity.VisualScripting.Core.dll
Symbol file LoadedFromMemory is not a mono symbol file
Symbol file data-000001DA203DE010 doesn't match image C:\Users\asdf\Desktop\unity\ReactiveTurnBase\My project A\Library\ScriptAssemblies\UnityEngine.UI.dll
Symbol file LoadedFromMemory is not a mono symbol file
Symbol file data-000001DA166AD450 doesn't match image C:\Users\asdf\Desktop\unity\ReactiveTurnBase\My project A\Library\ScriptAssemblies\UniTask.Editor.dll
Symbol file LoadedFromMemory is not a mono symbol file
Symbol file data-000001DA21191020 doesn't match image C:\Users\asdf\Desktop\unity\ReactiveTurnBase\My project A\Library\ScriptAssemblies\Unity.VisualScripting.Core.Editor.dll
Symbol file LoadedFromMemory is not a mono symbol file
Symbol file data-000001DA216077B0 doesn't match image C:\Users\asdf\Desktop\unity\ReactiveTurnBase\My project A\Library\ScriptAssemblies\UniTask.Linq.dll
Symbol file LoadedFromMemory is not a mono symbol file
Symbol file data-000001DA16AF0040 doesn't match image C:\Users\asdf\Desktop\unity\ReactiveTurnBase\My project A\Library\ScriptAssemblies\Unity.VisualScripting.Flow.dll
Symbol file LoadedFromMemory is not a mono symbol file
Symbol file data-000001DA1670A010 doesn't match image C:\Users\asdf\Desktop\unity\ReactiveTurnBase\My project A\Library\ScriptAssemblies\Unity.VisualScripting.Flow.Editor.dll
Symbol file LoadedFromMemory is not a mono symbol file
Symbol file data-000001D9F2F265B0 doesn't match image C:\Users\asdf\Desktop\unity\ReactiveTurnBase\My project A\Library\ScriptAssemblies\Unity.Timeline.dll
Symbol file LoadedFromMemory is not a mono symbol file
Symbol file data-000001DA84EF8010 doesn't match image C:\Users\asdf\Desktop\unity\ReactiveTurnBase\My project A\Library\ScriptAssemblies\Unity.InputSystem.dll
Symbol file LoadedFromMemory is not a mono symbol file
Symbol file data-000001DA17882060 doesn't match image C:\Users\asdf\Desktop\unity\ReactiveTurnBase\My project A\Library\ScriptAssemblies\Unity.InputSystem.ForUI.dll
Symbol file LoadedFromMemory is not a mono symbol file
Symbol file data-000001DA166AD450 doesn't match image C:\Users\asdf\Desktop\unity\ReactiveTurnBase\My project A\Library\ScriptAssemblies\Unity.TestTools.CodeCoverage.Editor.OpenCover.Mono.Reflection.dll
Symbol file LoadedFromMemory is not a mono symbol file
Symbol file data-000001DA166AD450 doesn't match image C:\Users\asdf\Desktop\unity\ReactiveTurnBase\My project A\Library\ScriptAssemblies\Unity.VisualScripting.SettingsProvider.Editor.dll
Symbol file LoadedFromMemory is not a mono symbol file
Symbol file data-000001DA1784E020 doesn't match image C:\Users\asdf\Desktop\unity\ReactiveTurnBase\My project A\Library\ScriptAssemblies\Unity.Performance.Profile-Analyzer.Editor.dll
Symbol file LoadedFromMemory is not a mono symbol file
Symbol file data-000001DA16888010 doesn't match image C:\Users\asdf\Desktop\unity\ReactiveTurnBase\My project A\Library\ScriptAssemblies\Unity.TestTools.CodeCoverage.Editor.dll
Symbol file LoadedFromMemory is not a mono symbol file
Symbol file data-000001DA164DE030 doesn't match image C:\Users\asdf\Desktop\unity\ReactiveTurnBase\My project A\Library\ScriptAssemblies\Unity.TestTools.CodeCoverage.Editor.OpenCover.Model.dll
Symbol file LoadedFromMemory is not a mono symbol file
Symbol file data-000001D9F4197C40 doesn't match image C:\Users\asdf\Desktop\unity\ReactiveTurnBase\My project A\Library\ScriptAssemblies\Unity.VisualScripting.State.Editor.dll
Symbol file LoadedFromMemory is not a mono symbol file
Symbol file data-000001DA215AD030 doesn't match image C:\Users\asdf\Desktop\unity\ReactiveTurnBase\My project A\Library\ScriptAssemblies\Unity.Settings.Editor.dll
Symbol file LoadedFromMemory is not a mono symbol file
Symbol file data-000001DA166AD450 doesn't match image C:\Users\asdf\Desktop\unity\ReactiveTurnBase\My project A\Library\ScriptAssemblies\Unity.CollabProxy.Editor.dll
Symbol file LoadedFromMemory is not a mono symbol file
Symbol file data-000001DA16AF0040 doesn't match image C:\Users\asdf\Desktop\unity\ReactiveTurnBase\My project A\Library\ScriptAssemblies\Unity.TextMeshPro.dll
Symbol file LoadedFromMemory is not a mono symbol file
Symbol file data-000001DA206AA010 doesn't match image C:\Users\asdf\Desktop\unity\ReactiveTurnBase\My project A\Library\ScriptAssemblies\Unity.TextMeshPro.Editor.dll
Symbol file LoadedFromMemory is not a mono symbol file
Symbol file data-000001D9F3F20080 doesn't match image C:\Users\asdf\Desktop\unity\ReactiveTurnBase\My project A\Library\ScriptAssemblies\UniTask.dll
Symbol file LoadedFromMemory is not a mono symbol file
Symbol file data-000001D9F491E990 doesn't match image C:\Users\asdf\Desktop\unity\ReactiveTurnBase\My project A\Library\ScriptAssemblies\Unity.VisualScripting.State.dll
Symbol file LoadedFromMemory is not a mono symbol file
Symbol file data-000001D9F491E990 doesn't match image C:\Users\asdf\Desktop\unity\ReactiveTurnBase\My project A\Library\ScriptAssemblies\Unity.VSCode.Editor.dll
Symbol file LoadedFromMemory is not a mono symbol file
- Loaded All Assemblies, in  0.437 seconds
Native extension for WindowsStandalone target not found
Native extension for Android target not found
Mono: successfully reloaded assembly
- Finished resetting the current domain, in  1.131 seconds
Domain Reload Profiling: 1567ms
	BeginReloadAssembly (137ms)
		ExecutionOrderSort (0ms)
		DisableScriptedObjects (6ms)
		BackupInstance (0ms)
		ReleaseScriptingObjects (0ms)
		CreateAndSetChildDomain (30ms)
	RebuildCommonClasses (28ms)
	RebuildNativeTypeToScriptingClass (8ms)
	initialDomainReloadingComplete (25ms)
	LoadAllAssembliesAndSetupDomain (236ms)
		LoadAssemblies (295ms)
		RebuildTransferFunctionScriptingTraits (0ms)
		AnalyzeDomain (13ms)
			TypeCache.Refresh (4ms)
				TypeCache.ScanAssembly (0ms)
			ScanForSourceGeneratedMonoScriptInfo (0ms)
			ResolveRequiredComponents (7ms)
	FinalizeReload (1132ms)
		ReleaseScriptCaches (0ms)
		RebuildScriptCaches (0ms)
		SetupLoadedEditorAssemblies (637ms)
			LogAssemblyErrors (0ms)
			InitializePlatformSupportModulesInManaged (20ms)
			SetLoadedEditorAssemblies (5ms)
			RefreshPlugins (0ms)
			BeforeProcessingInitializeOnLoad (114ms)
			ProcessInitializeOnLoadAttributes (445ms)
			ProcessInitializeOnLoadMethodAttributes (45ms)
			AfterProcessingInitializeOnLoad (7ms)
			EditorAssembliesLoaded (0ms)
		ExecutionOrderSort2 (0ms)
		AwakeInstancesAfterBackupRestoration (8ms)
Refreshing native plugins compatible for Editor in 5.00 ms, found 3 plugins.
Preloading 0 native plugins for Editor in 0.00 ms.
Unloading 3941 Unused Serialized files (Serialized files now loaded: 0)
Unloading 22 unused Assets / (32.9 KB). Loaded Objects now: 4595.
Memory consumption went from 225.8 MB to 225.8 MB.
Total: 4.036900 ms (FindLiveObjects: 0.807600 ms CreateObjectMapping: 0.334700 ms MarkObjects: 2.844100 ms  DeleteObjects: 0.048900 ms)

Prepare: number of updated asset objects reloaded= 0
AssetImportParameters requested are different than current active one (requested -> active):
  custom:container-demuxer-ogg: 62fdf1f143b41e24485cea50d1cbac27 -> 
  custom:video-decoder-ogg-theora: a1e56fd34408186e4bbccfd4996cb3dc -> 
  custom:framework-win-MediaFoundation: 216162199b28c13a410421893ffa2e32 -> 
  custom:CustomObjectIndexerAttribute: 9a22284fe3817be447336de3de66b15e -> 
  custom:container-demuxer-webm: 4f35f7cbe854078d1ac9338744f61a02 -> 
  custom:container-muxer-webm: aa71ff27fc2769a1b78a27578f13a17b -> 
  custom:video-decoder-webm-vp8: 9c59270c3fd7afecdb556c50c9e8de78 -> 
  custom:SearchIndexIgnoredProperties: e643bd26f0fe6173181afceb89e7c659 -> 
  custom:AudioImporter_EditorPlatform: d09bf68614088b80899f8185d706f6e7 -> 
  custom:video-encoder-webm-vp8: eb34c28f22e8b96e1ab97ce403110664 -> 
  custom:audio-decoder-ogg-vorbis: bf7c407c2cedff20999df2af8eb42d56 -> 
  custom:audio-encoder-webm-vorbis: bf7c407c2cedff20999df2af8eb42d56 -> 
========================================================================
Received Prepare
Caller must complete domain reload
Begin MonoManager ReloadAssembly
Symbol file data-000001DA17882060 doesn't match image C:\Users\asdf\Desktop\unity\ReactiveTurnBase\My project A\Library\ScriptAssemblies\Unity.EditorCoroutines.Editor.dll
Symbol file LoadedFromMemory is not a mono symbol file
Symbol file data-000001DA166AD450 doesn't match image C:\Users\asdf\Desktop\unity\ReactiveTurnBase\My project A\Library\ScriptAssemblies\UniTask.TextMeshPro.dll
Symbol file LoadedFromMemory is not a mono symbol file
Symbol file data-000001D9F4948F90 doesn't match image C:\Users\asdf\Desktop\unity\ReactiveTurnBase\My project A\Library\ScriptAssemblies\Unity.Timeline.Editor.dll
Symbol file LoadedFromMemory is not a mono symbol file
Symbol file data-000001DA166AD450 doesn't match image C:\Users\asdf\Desktop\unity\ReactiveTurnBase\My project A\Library\ScriptAssemblies\Unity.VisualScripting.Shared.Editor.dll
Symbol file LoadedFromMemory is not a mono symbol file
Symbol file data-000001DA16252E20 doesn't match image C:\Users\asdf\Desktop\unity\ReactiveTurnBase\My project A\Library\ScriptAssemblies\UniTask.DOTween.dll
Symbol file LoadedFromMemory is not a mono symbol file
Symbol file data-000001DA16252E20 doesn't match image C:\Users\asdf\Desktop\unity\ReactiveTurnBase\My project A\Library\ScriptAssemblies\UniTask.Addressables.dll
Symbol file LoadedFromMemory is not a mono symbol file
Symbol file data-000001DA21876010 doesn't match image C:\Users\asdf\Desktop\unity\ReactiveTurnBase\My project A\Library\ScriptAssemblies\UnityEditor.UI.dll
Symbol file LoadedFromMemory is not a mono symbol file
Symbol file data-000001DA200B2020 doesn't match image C:\Users\asdf\Desktop\unity\ReactiveTurnBase\My project A\Library\ScriptAssemblies\Unity.VisualScripting.Core.dll
Symbol file LoadedFromMemory is not a mono symbol file
Symbol file data-000001DA203DE010 doesn't match image C:\Users\asdf\Desktop\unity\ReactiveTurnBase\My project A\Library\ScriptAssemblies\UnityEngine.UI.dll
Symbol file LoadedFromMemory is not a mono symbol file
Symbol file data-000001DA166AD450 doesn't match image C:\Users\asdf\Desktop\unity\ReactiveTurnBase\My project A\Library\ScriptAssemblies\UniTask.Editor.dll
Symbol file LoadedFromMemory is not a mono symbol file
Symbol file data-000001DA21191020 doesn't match image C:\Users\asdf\Desktop\unity\ReactiveTurnBase\My project A\Library\ScriptAssemblies\Unity.VisualScripting.Core.Editor.dll
Symbol file LoadedFromMemory is not a mono symbol file
Symbol file data-000001DA216077B0 doesn't match image C:\Users\asdf\Desktop\unity\ReactiveTurnBase\My project A\Library\ScriptAssemblies\UniTask.Linq.dll
Symbol file LoadedFromMemory is not a mono symbol file
Symbol file data-000001DA16AF0040 doesn't match image C:\Users\asdf\Desktop\unity\ReactiveTurnBase\My project A\Library\ScriptAssemblies\Unity.VisualScripting.Flow.dll
Symbol file LoadedFromMemory is not a mono symbol file
Symbol file data-000001DA1670A010 doesn't match image C:\Users\asdf\Desktop\unity\ReactiveTurnBase\My project A\Library\ScriptAssemblies\Unity.VisualScripting.Flow.Editor.dll
Symbol file LoadedFromMemory is not a mono symbol file
Symbol file data-000001DA1785E030 doesn't match image C:\Users\asdf\Desktop\unity\ReactiveTurnBase\My project A\Library\ScriptAssemblies\Unity.Timeline.dll
Symbol file LoadedFromMemory is not a mono symbol file
Symbol file data-000001DA84F3A020 doesn't match image C:\Users\asdf\Desktop\unity\ReactiveTurnBase\My project A\Library\ScriptAssemblies\Unity.InputSystem.dll
Symbol file LoadedFromMemory is not a mono symbol file
Symbol file data-000001DA17882060 doesn't match image C:\Users\asdf\Desktop\unity\ReactiveTurnBase\My project A\Library\ScriptAssemblies\Unity.InputSystem.ForUI.dll
Symbol file LoadedFromMemory is not a mono symbol file
Symbol file data-000001DA166AD450 doesn't match image C:\Users\asdf\Desktop\unity\ReactiveTurnBase\My project A\Library\ScriptAssemblies\Unity.TestTools.CodeCoverage.Editor.OpenCover.Mono.Reflection.dll
Symbol file LoadedFromMemory is not a mono symbol file
Symbol file data-000001DA166AD450 doesn't match image C:\Users\asdf\Desktop\unity\ReactiveTurnBase\My project A\Library\ScriptAssemblies\Unity.VisualScripting.SettingsProvider.Editor.dll
Symbol file LoadedFromMemory is not a mono symbol file
Symbol file data-000001DA2327C020 doesn't match image C:\Users\asdf\Desktop\unity\ReactiveTurnBase\My project A\Library\ScriptAssemblies\Unity.Performance.Profile-Analyzer.Editor.dll
Symbol file LoadedFromMemory is not a mono symbol file
Symbol file data-000001DA2335B020 doesn't match image C:\Users\asdf\Desktop\unity\ReactiveTurnBase\My project A\Library\ScriptAssemblies\Unity.TestTools.CodeCoverage.Editor.dll
Symbol file LoadedFromMemory is not a mono symbol file
Symbol file data-000001D9F47B2A40 doesn't match image C:\Users\asdf\Desktop\unity\ReactiveTurnBase\My project A\Library\ScriptAssemblies\Unity.TestTools.CodeCoverage.Editor.OpenCover.Model.dll
Symbol file LoadedFromMemory is not a mono symbol file
Symbol file data-000001DA21876010 doesn't match image C:\Users\asdf\Desktop\unity\ReactiveTurnBase\My project A\Library\ScriptAssemblies\Unity.VisualScripting.State.Editor.dll
Symbol file LoadedFromMemory is not a mono symbol file
Symbol file data-000001DA215AD030 doesn't match image C:\Users\asdf\Desktop\unity\ReactiveTurnBase\My project A\Library\ScriptAssemblies\Unity.Settings.Editor.dll
Symbol file LoadedFromMemory is not a mono symbol file
Symbol file data-000001DA166AD450 doesn't match image C:\Users\asdf\Desktop\unity\ReactiveTurnBase\My project A\Library\ScriptAssemblies\Unity.CollabProxy.Editor.dll
Symbol file LoadedFromMemory is not a mono symbol file
Symbol file data-000001DA16AF0040 doesn't match image C:\Users\asdf\Desktop\unity\ReactiveTurnBase\My project A\Library\ScriptAssemblies\Unity.TextMeshPro.dll
Symbol file LoadedFromMemory is not a mono symbol file
Symbol file data-000001DA84E96020 doesn't match image C:\Users\asdf\Desktop\unity\ReactiveTurnBase\My project A\Library\ScriptAssemblies\Unity.TextMeshPro.Editor.dll
Symbol file LoadedFromMemory is not a mono symbol file
Symbol file data-000001D9F3F20080 doesn't match image C:\Users\asdf\Desktop\unity\ReactiveTurnBase\My project A\Library\ScriptAssemblies\UniTask.dll
Symbol file LoadedFromMemory is not a mono symbol file
Symbol file data-000001D9F491E990 doesn't match image C:\Users\asdf\Desktop\unity\ReactiveTurnBase\My project A\Library\ScriptAssemblies\Unity.VisualScripting.State.dll
Symbol file LoadedFromMemory is not a mono symbol file
Symbol file data-000001D9F491E990 doesn't match image C:\Users\asdf\Desktop\unity\ReactiveTurnBase\My project A\Library\ScriptAssemblies\Unity.VSCode.Editor.dll
Symbol file LoadedFromMemory is not a mono symbol file
- Loaded All Assemblies, in  0.447 seconds
Native extension for WindowsStandalone target not found
Native extension for Android target not found
Mono: successfully reloaded assembly
- Finished resetting the current domain, in  1.006 seconds
Domain Reload Profiling: 1450ms
	BeginReloadAssembly (138ms)
		ExecutionOrderSort (0ms)
		DisableScriptedObjects (8ms)
		BackupInstance (0ms)
		ReleaseScriptingObjects (0ms)
		CreateAndSetChildDomain (31ms)
	RebuildCommonClasses (25ms)
	RebuildNativeTypeToScriptingClass (8ms)
	initialDomainReloadingComplete (25ms)
	LoadAllAssembliesAndSetupDomain (248ms)
		LoadAssemblies (288ms)
		RebuildTransferFunctionScriptingTraits (0ms)
		AnalyzeDomain (28ms)
			TypeCache.Refresh (9ms)
				TypeCache.ScanAssembly (2ms)
			ScanForSourceGeneratedMonoScriptInfo (11ms)
			ResolveRequiredComponents (6ms)
	FinalizeReload (1006ms)
		ReleaseScriptCaches (0ms)
		RebuildScriptCaches (0ms)
		SetupLoadedEditorAssemblies (490ms)
			LogAssemblyErrors (0ms)
			InitializePlatformSupportModulesInManaged (19ms)
			SetLoadedEditorAssemblies (4ms)
			RefreshPlugins (0ms)
			BeforeProcessingInitializeOnLoad (89ms)
			ProcessInitializeOnLoadAttributes (341ms)
			ProcessInitializeOnLoadMethodAttributes (30ms)
			AfterProcessingInitializeOnLoad (6ms)
			EditorAssembliesLoaded (0ms)
		ExecutionOrderSort2 (0ms)
		AwakeInstancesAfterBackupRestoration (5ms)
Refreshing native plugins compatible for Editor in 4.00 ms, found 3 plugins.
Preloading 0 native plugins for Editor in 0.00 ms.
Unloading 3941 Unused Serialized files (Serialized files now loaded: 0)
Unloading 22 unused Assets / (32.9 KB). Loaded Objects now: 4598.
Memory consumption went from 225.8 MB to 225.8 MB.
Total: 3.371500 ms (FindLiveObjects: 0.281000 ms CreateObjectMapping: 0.218900 ms MarkObjects: 2.792500 ms  DeleteObjects: 0.078100 ms)

Prepare: number of updated asset objects reloaded= 0
AssetImportParameters requested are different than current active one (requested -> active):
  custom:container-demuxer-ogg: 62fdf1f143b41e24485cea50d1cbac27 -> 
  custom:video-decoder-ogg-theora: a1e56fd34408186e4bbccfd4996cb3dc -> 
  custom:framework-win-MediaFoundation: 216162199b28c13a410421893ffa2e32 -> 
  custom:CustomObjectIndexerAttribute: 9a22284fe3817be447336de3de66b15e -> 
  custom:container-demuxer-webm: 4f35f7cbe854078d1ac9338744f61a02 -> 
  custom:container-muxer-webm: aa71ff27fc2769a1b78a27578f13a17b -> 
  custom:video-decoder-webm-vp8: 9c59270c3fd7afecdb556c50c9e8de78 -> 
  custom:SearchIndexIgnoredProperties: e643bd26f0fe6173181afceb89e7c659 -> 
  custom:AudioImporter_EditorPlatform: d09bf68614088b80899f8185d706f6e7 -> 
  custom:video-encoder-webm-vp8: eb34c28f22e8b96e1ab97ce403110664 -> 
  custom:audio-decoder-ogg-vorbis: bf7c407c2cedff20999df2af8eb42d56 -> 
  custom:audio-encoder-webm-vorbis: bf7c407c2cedff20999df2af8eb42d56 -> 
========================================================================
Received Prepare
Caller must complete domain reload
Begin MonoManager ReloadAssembly
Symbol file data-000001DA17882060 doesn't match image C:\Users\asdf\Desktop\unity\ReactiveTurnBase\My project A\Library\ScriptAssemblies\Unity.EditorCoroutines.Editor.dll
Symbol file LoadedFromMemory is not a mono symbol file
Symbol file data-000001DA1FF04010 doesn't match image C:\Users\asdf\Desktop\unity\ReactiveTurnBase\My project A\Library\ScriptAssemblies\UniTask.TextMeshPro.dll
Symbol file LoadedFromMemory is not a mono symbol file
Symbol file data-000001D9F4948F90 doesn't match image C:\Users\asdf\Desktop\unity\ReactiveTurnBase\My project A\Library\ScriptAssemblies\Unity.Timeline.Editor.dll
Symbol file LoadedFromMemory is not a mono symbol file
Symbol file data-000001DA1FF04010 doesn't match image C:\Users\asdf\Desktop\unity\ReactiveTurnBase\My project A\Library\ScriptAssemblies\Unity.VisualScripting.Shared.Editor.dll
Symbol file LoadedFromMemory is not a mono symbol file
Symbol file data-000001DA16DEE040 doesn't match image C:\Users\asdf\Desktop\unity\ReactiveTurnBase\My project A\Library\ScriptAssemblies\UniTask.DOTween.dll
Symbol file LoadedFromMemory is not a mono symbol file
Symbol file data-000001DA16DEE040 doesn't match image C:\Users\asdf\Desktop\unity\ReactiveTurnBase\My project A\Library\ScriptAssemblies\UniTask.Addressables.dll
Symbol file LoadedFromMemory is not a mono symbol file
Symbol file data-000001D9F4197C40 doesn't match image C:\Users\asdf\Desktop\unity\ReactiveTurnBase\My project A\Library\ScriptAssemblies\UnityEditor.UI.dll
Symbol file LoadedFromMemory is not a mono symbol file
Symbol file data-000001DA200B2020 doesn't match image C:\Users\asdf\Desktop\unity\ReactiveTurnBase\My project A\Library\ScriptAssemblies\Unity.VisualScripting.Core.dll
Symbol file LoadedFromMemory is not a mono symbol file
Symbol file data-000001DA84D06020 doesn't match image C:\Users\asdf\Desktop\unity\ReactiveTurnBase\My project A\Library\ScriptAssemblies\UnityEngine.UI.dll
Symbol file LoadedFromMemory is not a mono symbol file
Symbol file data-000001DA1FF04010 doesn't match image C:\Users\asdf\Desktop\unity\ReactiveTurnBase\My project A\Library\ScriptAssemblies\UniTask.Editor.dll
Symbol file LoadedFromMemory is not a mono symbol file
Symbol file data-000001DA21191020 doesn't match image C:\Users\asdf\Desktop\unity\ReactiveTurnBase\My project A\Library\ScriptAssemblies\Unity.VisualScripting.Core.Editor.dll
Symbol file LoadedFromMemory is not a mono symbol file
Symbol file data-000001DA216077B0 doesn't match image C:\Users\asdf\Desktop\unity\ReactiveTurnBase\My project A\Library\ScriptAssemblies\UniTask.Linq.dll
Symbol file LoadedFromMemory is not a mono symbol file
Symbol file data-000001DA16AF0040 doesn't match image C:\Users\asdf\Desktop\unity\ReactiveTurnBase\My project A\Library\ScriptAssemblies\Unity.VisualScripting.Flow.dll
Symbol file LoadedFromMemory is not a mono symbol file
Symbol file data-000001DA16C47020 doesn't match image C:\Users\asdf\Desktop\unity\ReactiveTurnBase\My project A\Library\ScriptAssemblies\Unity.VisualScripting.Flow.Editor.dll
Symbol file LoadedFromMemory is not a mono symbol file
Symbol file data-000001D9F2F265B0 doesn't match image C:\Users\asdf\Desktop\unity\ReactiveTurnBase\My project A\Library\ScriptAssemblies\Unity.Timeline.dll
Symbol file LoadedFromMemory is not a mono symbol file
Symbol file data-000001DA84F7C010 doesn't match image C:\Users\asdf\Desktop\unity\ReactiveTurnBase\My project A\Library\ScriptAssemblies\Unity.InputSystem.dll
Symbol file LoadedFromMemory is not a mono symbol file
Symbol file data-000001DA209E8020 doesn't match image C:\Users\asdf\Desktop\unity\ReactiveTurnBase\My project A\Library\ScriptAssemblies\Unity.InputSystem.ForUI.dll
Symbol file LoadedFromMemory is not a mono symbol file
Symbol file data-000001DA166AD450 doesn't match image C:\Users\asdf\Desktop\unity\ReactiveTurnBase\My project A\Library\ScriptAssemblies\Unity.TestTools.CodeCoverage.Editor.OpenCover.Mono.Reflection.dll
Symbol file LoadedFromMemory is not a mono symbol file
Symbol file data-000001DA166AD450 doesn't match image C:\Users\asdf\Desktop\unity\ReactiveTurnBase\My project A\Library\ScriptAssemblies\Unity.VisualScripting.SettingsProvider.Editor.dll
Symbol file LoadedFromMemory is not a mono symbol file
Symbol file data-000001DA2327C020 doesn't match image C:\Users\asdf\Desktop\unity\ReactiveTurnBase\My project A\Library\ScriptAssemblies\Unity.Performance.Profile-Analyzer.Editor.dll
Symbol file LoadedFromMemory is not a mono symbol file
Symbol file data-000001DA16935040 doesn't match image C:\Users\asdf\Desktop\unity\ReactiveTurnBase\My project A\Library\ScriptAssemblies\Unity.TestTools.CodeCoverage.Editor.dll
Symbol file LoadedFromMemory is not a mono symbol file
Symbol file data-000001D9F47B2A40 doesn't match image C:\Users\asdf\Desktop\unity\ReactiveTurnBase\My project A\Library\ScriptAssemblies\Unity.TestTools.CodeCoverage.Editor.OpenCover.Model.dll
Symbol file LoadedFromMemory is not a mono symbol file
Symbol file data-000001D9F4197C40 doesn't match image C:\Users\asdf\Desktop\unity\ReactiveTurnBase\My project A\Library\ScriptAssemblies\Unity.VisualScripting.State.Editor.dll
Symbol file LoadedFromMemory is not a mono symbol file
Symbol file data-000001DA16240070 doesn't match image C:\Users\asdf\Desktop\unity\ReactiveTurnBase\My project A\Library\ScriptAssemblies\Unity.Settings.Editor.dll
Symbol file LoadedFromMemory is not a mono symbol file
Symbol file data-000001DA17882060 doesn't match image C:\Users\asdf\Desktop\unity\ReactiveTurnBase\My project A\Library\ScriptAssemblies\Unity.CollabProxy.Editor.dll
Symbol file LoadedFromMemory is not a mono symbol file
Symbol file data-000001DA16AF0040 doesn't match image C:\Users\asdf\Desktop\unity\ReactiveTurnBase\My project A\Library\ScriptAssemblies\Unity.TextMeshPro.dll
Symbol file LoadedFromMemory is not a mono symbol file
Symbol file data-000001DA206AA010 doesn't match image C:\Users\asdf\Desktop\unity\ReactiveTurnBase\My project A\Library\ScriptAssemblies\Unity.TextMeshPro.Editor.dll
Symbol file LoadedFromMemory is not a mono symbol file
Symbol file data-000001D9F3F20080 doesn't match image C:\Users\asdf\Desktop\unity\ReactiveTurnBase\My project A\Library\ScriptAssemblies\UniTask.dll
Symbol file LoadedFromMemory is not a mono symbol file
Symbol file data-000001D9F491E990 doesn't match image C:\Users\asdf\Desktop\unity\ReactiveTurnBase\My project A\Library\ScriptAssemblies\Unity.VisualScripting.State.dll
Symbol file LoadedFromMemory is not a mono symbol file
Symbol file data-000001D9F491E990 doesn't match image C:\Users\asdf\Desktop\unity\ReactiveTurnBase\My project A\Library\ScriptAssemblies\Unity.VSCode.Editor.dll
Symbol file LoadedFromMemory is not a mono symbol file
- Loaded All Assemblies, in  0.437 seconds
Native extension for WindowsStandalone target not found
Native extension for Android target not found
Mono: successfully reloaded assembly
- Finished resetting the current domain, in  1.106 seconds
Domain Reload Profiling: 1540ms
	BeginReloadAssembly (136ms)
		ExecutionOrderSort (0ms)
		DisableScriptedObjects (6ms)
		BackupInstance (0ms)
		ReleaseScriptingObjects (0ms)
		CreateAndSetChildDomain (33ms)
	RebuildCommonClasses (33ms)
	RebuildNativeTypeToScriptingClass (8ms)
	initialDomainReloadingComplete (27ms)
	LoadAllAssembliesAndSetupDomain (230ms)
		LoadAssemblies (284ms)
		RebuildTransferFunctionScriptingTraits (0ms)
		AnalyzeDomain (14ms)
			TypeCache.Refresh (5ms)
				TypeCache.ScanAssembly (0ms)
			ScanForSourceGeneratedMonoScriptInfo (0ms)
			ResolveRequiredComponents (6ms)
	FinalizeReload (1106ms)
		ReleaseScriptCaches (0ms)
		RebuildScriptCaches (0ms)
		SetupLoadedEditorAssemblies (629ms)
			LogAssemblyErrors (0ms)
			InitializePlatformSupportModulesInManaged (21ms)
			SetLoadedEditorAssemblies (5ms)
			RefreshPlugins (0ms)
			BeforeProcessingInitializeOnLoad (120ms)
			ProcessInitializeOnLoadAttributes (437ms)
			ProcessInitializeOnLoadMethodAttributes (37ms)
			AfterProcessingInitializeOnLoad (8ms)
			EditorAssembliesLoaded (1ms)
		ExecutionOrderSort2 (0ms)
		AwakeInstancesAfterBackupRestoration (8ms)
Refreshing native plugins compatible for Editor in 3.95 ms, found 3 plugins.
Preloading 0 native plugins for Editor in 0.00 ms.
Unloading 3941 Unused Serialized files (Serialized files now loaded: 0)
Unloading 22 unused Assets / (32.8 KB). Loaded Objects now: 4601.
Memory consumption went from 225.8 MB to 225.8 MB.
Total: 3.486000 ms (FindLiveObjects: 0.360800 ms CreateObjectMapping: 0.286300 ms MarkObjects: 2.785200 ms  DeleteObjects: 0.053000 ms)

Prepare: number of updated asset objects reloaded= 0
AssetImportParameters requested are different than current active one (requested -> active):
  custom:container-demuxer-ogg: 62fdf1f143b41e24485cea50d1cbac27 -> 
  custom:video-decoder-ogg-theora: a1e56fd34408186e4bbccfd4996cb3dc -> 
  custom:framework-win-MediaFoundation: 216162199b28c13a410421893ffa2e32 -> 
  custom:CustomObjectIndexerAttribute: 9a22284fe3817be447336de3de66b15e -> 
  custom:container-demuxer-webm: 4f35f7cbe854078d1ac9338744f61a02 -> 
  custom:container-muxer-webm: aa71ff27fc2769a1b78a27578f13a17b -> 
  custom:video-decoder-webm-vp8: 9c59270c3fd7afecdb556c50c9e8de78 -> 
  custom:SearchIndexIgnoredProperties: e643bd26f0fe6173181afceb89e7c659 -> 
  custom:AudioImporter_EditorPlatform: d09bf68614088b80899f8185d706f6e7 -> 
  custom:video-encoder-webm-vp8: eb34c28f22e8b96e1ab97ce403110664 -> 
  custom:audio-decoder-ogg-vorbis: bf7c407c2cedff20999df2af8eb42d56 -> 
  custom:audio-encoder-webm-vorbis: bf7c407c2cedff20999df2af8eb42d56 -> 
========================================================================
Received Prepare
Caller must complete domain reload
Begin MonoManager ReloadAssembly
Symbol file data-000001DA17882060 doesn't match image C:\Users\asdf\Desktop\unity\ReactiveTurnBase\My project A\Library\ScriptAssemblies\Unity.EditorCoroutines.Editor.dll
Symbol file LoadedFromMemory is not a mono symbol file
Symbol file data-000001DA166AD450 doesn't match image C:\Users\asdf\Desktop\unity\ReactiveTurnBase\My project A\Library\ScriptAssemblies\UniTask.TextMeshPro.dll
Symbol file LoadedFromMemory is not a mono symbol file
Symbol file data-000001D9F4948F90 doesn't match image C:\Users\asdf\Desktop\unity\ReactiveTurnBase\My project A\Library\ScriptAssemblies\Unity.Timeline.Editor.dll
Symbol file LoadedFromMemory is not a mono symbol file
Symbol file data-000001DA166AD450 doesn't match image C:\Users\asdf\Desktop\unity\ReactiveTurnBase\My project A\Library\ScriptAssemblies\Unity.VisualScripting.Shared.Editor.dll
Symbol file LoadedFromMemory is not a mono symbol file
Symbol file data-000001DA16252E20 doesn't match image C:\Users\asdf\Desktop\unity\ReactiveTurnBase\My project A\Library\ScriptAssemblies\UniTask.DOTween.dll
Symbol file LoadedFromMemory is not a mono symbol file
Symbol file data-000001DA16252E20 doesn't match image C:\Users\asdf\Desktop\unity\ReactiveTurnBase\My project A\Library\ScriptAssemblies\UniTask.Addressables.dll
Symbol file LoadedFromMemory is not a mono symbol file
Symbol file data-000001D9F4197C40 doesn't match image C:\Users\asdf\Desktop\unity\ReactiveTurnBase\My project A\Library\ScriptAssemblies\UnityEditor.UI.dll
Symbol file LoadedFromMemory is not a mono symbol file
Symbol file data-000001DA200B2020 doesn't match image C:\Users\asdf\Desktop\unity\ReactiveTurnBase\My project A\Library\ScriptAssemblies\Unity.VisualScripting.Core.dll
Symbol file LoadedFromMemory is not a mono symbol file
Symbol file data-000001DA84D06020 doesn't match image C:\Users\asdf\Desktop\unity\ReactiveTurnBase\My project A\Library\ScriptAssemblies\UnityEngine.UI.dll
Symbol file LoadedFromMemory is not a mono symbol file
Symbol file data-000001DA166AD450 doesn't match image C:\Users\asdf\Desktop\unity\ReactiveTurnBase\My project A\Library\ScriptAssemblies\UniTask.Editor.dll
Symbol file LoadedFromMemory is not a mono symbol file
Symbol file data-000001DA21191020 doesn't match image C:\Users\asdf\Desktop\unity\ReactiveTurnBase\My project A\Library\ScriptAssemblies\Unity.VisualScripting.Core.Editor.dll
Symbol file LoadedFromMemory is not a mono symbol file
Symbol file data-000001DA216077B0 doesn't match image C:\Users\asdf\Desktop\unity\ReactiveTurnBase\My project A\Library\ScriptAssemblies\UniTask.Linq.dll
Symbol file LoadedFromMemory is not a mono symbol file
Symbol file data-000001DA16AF0040 doesn't match image C:\Users\asdf\Desktop\unity\ReactiveTurnBase\My project A\Library\ScriptAssemblies\Unity.VisualScripting.Flow.dll
Symbol file LoadedFromMemory is not a mono symbol file
Symbol file data-000001DA16C47020 doesn't match image C:\Users\asdf\Desktop\unity\ReactiveTurnBase\My project A\Library\ScriptAssemblies\Unity.VisualScripting.Flow.Editor.dll
Symbol file LoadedFromMemory is not a mono symbol file
Symbol file data-000001D9F2F265B0 doesn't match image C:\Users\asdf\Desktop\unity\ReactiveTurnBase\My project A\Library\ScriptAssemblies\Unity.Timeline.dll
Symbol file LoadedFromMemory is not a mono symbol file
Symbol file data-000001DA84F7C010 doesn't match image C:\Users\asdf\Desktop\unity\ReactiveTurnBase\My project A\Library\ScriptAssemblies\Unity.InputSystem.dll
Symbol file LoadedFromMemory is not a mono symbol file
Symbol file data-000001DA17882060 doesn't match image C:\Users\asdf\Desktop\unity\ReactiveTurnBase\My project A\Library\ScriptAssemblies\Unity.InputSystem.ForUI.dll
Symbol file LoadedFromMemory is not a mono symbol file
Symbol file data-000001DA166AD450 doesn't match image C:\Users\asdf\Desktop\unity\ReactiveTurnBase\My project A\Library\ScriptAssemblies\Unity.TestTools.CodeCoverage.Editor.OpenCover.Mono.Reflection.dll
Symbol file LoadedFromMemory is not a mono symbol file
Symbol file data-000001DA166AD450 doesn't match image C:\Users\asdf\Desktop\unity\ReactiveTurnBase\My project A\Library\ScriptAssemblies\Unity.VisualScripting.SettingsProvider.Editor.dll
Symbol file LoadedFromMemory is not a mono symbol file
Symbol file data-000001DA2327C020 doesn't match image C:\Users\asdf\Desktop\unity\ReactiveTurnBase\My project A\Library\ScriptAssemblies\Unity.Performance.Profile-Analyzer.Editor.dll
Symbol file LoadedFromMemory is not a mono symbol file
Symbol file data-000001DA846A8020 doesn't match image C:\Users\asdf\Desktop\unity\ReactiveTurnBase\My project A\Library\ScriptAssemblies\Unity.TestTools.CodeCoverage.Editor.dll
Symbol file LoadedFromMemory is not a mono symbol file
Symbol file data-000001DA16460010 doesn't match image C:\Users\asdf\Desktop\unity\ReactiveTurnBase\My project A\Library\ScriptAssemblies\Unity.TestTools.CodeCoverage.Editor.OpenCover.Model.dll
Symbol file LoadedFromMemory is not a mono symbol file
Symbol file data-000001D9F4197C40 doesn't match image C:\Users\asdf\Desktop\unity\ReactiveTurnBase\My project A\Library\ScriptAssemblies\Unity.VisualScripting.State.Editor.dll
Symbol file LoadedFromMemory is not a mono symbol file
Symbol file data-000001D9F44AC160 doesn't match image C:\Users\asdf\Desktop\unity\ReactiveTurnBase\My project A\Library\ScriptAssemblies\Unity.Settings.Editor.dll
Symbol file LoadedFromMemory is not a mono symbol file
Symbol file data-000001DA166AD450 doesn't match image C:\Users\asdf\Desktop\unity\ReactiveTurnBase\My project A\Library\ScriptAssemblies\Unity.CollabProxy.Editor.dll
Symbol file LoadedFromMemory is not a mono symbol file
Symbol file data-000001DA16AF0040 doesn't match image C:\Users\asdf\Desktop\unity\ReactiveTurnBase\My project A\Library\ScriptAssemblies\Unity.TextMeshPro.dll
Symbol file LoadedFromMemory is not a mono symbol file
Symbol file data-000001DA204C2010 doesn't match image C:\Users\asdf\Desktop\unity\ReactiveTurnBase\My project A\Library\ScriptAssemblies\Unity.TextMeshPro.Editor.dll
Symbol file LoadedFromMemory is not a mono symbol file
Symbol file data-000001D9F3F20080 doesn't match image C:\Users\asdf\Desktop\unity\ReactiveTurnBase\My project A\Library\ScriptAssemblies\UniTask.dll
Symbol file LoadedFromMemory is not a mono symbol file
Symbol file data-000001D9F491E990 doesn't match image C:\Users\asdf\Desktop\unity\ReactiveTurnBase\My project A\Library\ScriptAssemblies\Unity.VisualScripting.State.dll
Symbol file LoadedFromMemory is not a mono symbol file
Symbol file data-000001D9F491E990 doesn't match image C:\Users\asdf\Desktop\unity\ReactiveTurnBase\My project A\Library\ScriptAssemblies\Unity.VSCode.Editor.dll
Symbol file LoadedFromMemory is not a mono symbol file
- Loaded All Assemblies, in  0.450 seconds
Native extension for WindowsStandalone target not found
Native extension for Android target not found
Mono: successfully reloaded assembly
- Finished resetting the current domain, in  1.123 seconds
Domain Reload Profiling: 1570ms
	BeginReloadAssembly (135ms)
		ExecutionOrderSort (0ms)
		DisableScriptedObjects (6ms)
		BackupInstance (0ms)
		ReleaseScriptingObjects (0ms)
		CreateAndSetChildDomain (31ms)
	RebuildCommonClasses (32ms)
	RebuildNativeTypeToScriptingClass (12ms)
	initialDomainReloadingComplete (33ms)
	LoadAllAssembliesAndSetupDomain (235ms)
		LoadAssemblies (290ms)
		RebuildTransferFunctionScriptingTraits (0ms)
		AnalyzeDomain (13ms)
			TypeCache.Refresh (5ms)
				TypeCache.ScanAssembly (0ms)
			ScanForSourceGeneratedMonoScriptInfo (0ms)
			ResolveRequiredComponents (7ms)
	FinalizeReload (1123ms)
		ReleaseScriptCaches (0ms)
		RebuildScriptCaches (0ms)
		SetupLoadedEditorAssemblies (632ms)
			LogAssemblyErrors (0ms)
			InitializePlatformSupportModulesInManaged (21ms)
			SetLoadedEditorAssemblies (5ms)
			RefreshPlugins (0ms)
			BeforeProcessingInitializeOnLoad (120ms)
			ProcessInitializeOnLoadAttributes (442ms)
			ProcessInitializeOnLoadMethodAttributes (35ms)
			AfterProcessingInitializeOnLoad (9ms)
			EditorAssembliesLoaded (0ms)
		ExecutionOrderSort2 (0ms)
		AwakeInstancesAfterBackupRestoration (8ms)
Refreshing native plugins compatible for Editor in 5.96 ms, found 3 plugins.
Preloading 0 native plugins for Editor in 0.00 ms.
Unloading 3941 Unused Serialized files (Serialized files now loaded: 0)
Unloading 22 unused Assets / (32.8 KB). Loaded Objects now: 4604.
Memory consumption went from 225.8 MB to 225.8 MB.
Total: 4.632800 ms (FindLiveObjects: 0.304400 ms CreateObjectMapping: 0.246600 ms MarkObjects: 3.951700 ms  DeleteObjects: 0.129100 ms)

Prepare: number of updated asset objects reloaded= 0
AssetImportParameters requested are different than current active one (requested -> active):
  custom:container-demuxer-ogg: 62fdf1f143b41e24485cea50d1cbac27 -> 
  custom:video-decoder-ogg-theora: a1e56fd34408186e4bbccfd4996cb3dc -> 
  custom:framework-win-MediaFoundation: 216162199b28c13a410421893ffa2e32 -> 
  custom:CustomObjectIndexerAttribute: 9a22284fe3817be447336de3de66b15e -> 
  custom:container-demuxer-webm: 4f35f7cbe854078d1ac9338744f61a02 -> 
  custom:container-muxer-webm: aa71ff27fc2769a1b78a27578f13a17b -> 
  custom:video-decoder-webm-vp8: 9c59270c3fd7afecdb556c50c9e8de78 -> 
  custom:SearchIndexIgnoredProperties: e643bd26f0fe6173181afceb89e7c659 -> 
  custom:AudioImporter_EditorPlatform: d09bf68614088b80899f8185d706f6e7 -> 
  custom:video-encoder-webm-vp8: eb34c28f22e8b96e1ab97ce403110664 -> 
  custom:audio-decoder-ogg-vorbis: bf7c407c2cedff20999df2af8eb42d56 -> 
  custom:audio-encoder-webm-vorbis: bf7c407c2cedff20999df2af8eb42d56 -> 
========================================================================
Received Import Request.
  Time since last request: 1206.109241 seconds.
  path: Assets/3.Script/Units/SpawnPoint.cs
  artifactKey: Guid(59a6f78b3a684064688a49788d21ed88) Importer(815301076,1909f56bfc062723c751e8b465ee728b)
Start importing Assets/3.Script/Units/SpawnPoint.cs using Guid(59a6f78b3a684064688a49788d21ed88) Importer(815301076,1909f56bfc062723c751e8b465ee728b) [PhysX] Initialized MultithreadedTaskDispatcher with 12 workers.
 -> (artifact id: 'be29ea95340a56923364436a11b7f64e') in 0.001659 seconds
Number of updated asset objects reloaded before import = 0
Number of asset objects unloaded after import = 0
========================================================================
Received Import Request.
  Time since last request: 2.163210 seconds.
  path: Assets/2.Model/Prefabs/Grogbar.prefab
  artifactKey: Guid(7f5e70fe0f1889b4d8fa43e022ebad62) Importer(815301076,1909f56bfc062723c751e8b465ee728b)
Start importing Assets/2.Model/Prefabs/Grogbar.prefab using Guid(7f5e70fe0f1889b4d8fa43e022ebad62) Importer(815301076,1909f56bfc062723c751e8b465ee728b) [PhysX] Initialized MultithreadedTaskDispatcher with 12 workers.
 -> (artifact id: '2f3eeb73c20ae68173284acc058cedb7') in 0.023486 seconds
Number of updated asset objects reloaded before import = 0
Number of asset objects unloaded after import = 14
========================================================================
Received Prepare
Caller must complete domain reload
Begin MonoManager ReloadAssembly
Symbol file data-000001DA17882060 doesn't match image C:\Users\asdf\Desktop\unity\ReactiveTurnBase\My project A\Library\ScriptAssemblies\Unity.EditorCoroutines.Editor.dll
Symbol file LoadedFromMemory is not a mono symbol file
Symbol file data-000001DA23E91020 doesn't match image C:\Users\asdf\Desktop\unity\ReactiveTurnBase\My project A\Library\ScriptAssemblies\UniTask.TextMeshPro.dll
Symbol file LoadedFromMemory is not a mono symbol file
Symbol file data-000001D9F4948F90 doesn't match image C:\Users\asdf\Desktop\unity\ReactiveTurnBase\My project A\Library\ScriptAssemblies\Unity.Timeline.Editor.dll
Symbol file LoadedFromMemory is not a mono symbol file
Symbol file data-000001DA23E91020 doesn't match image C:\Users\asdf\Desktop\unity\ReactiveTurnBase\My project A\Library\ScriptAssemblies\Unity.VisualScripting.Shared.Editor.dll
Symbol file LoadedFromMemory is not a mono symbol file
Symbol file data-000001DA16DEE040 doesn't match image C:\Users\asdf\Desktop\unity\ReactiveTurnBase\My project A\Library\ScriptAssemblies\UniTask.DOTween.dll
Symbol file LoadedFromMemory is not a mono symbol file
Symbol file data-000001DA16DEE040 doesn't match image C:\Users\asdf\Desktop\unity\ReactiveTurnBase\My project A\Library\ScriptAssemblies\UniTask.Addressables.dll
Symbol file LoadedFromMemory is not a mono symbol file
Symbol file data-000001DA20DF4020 doesn't match image C:\Users\asdf\Desktop\unity\ReactiveTurnBase\My project A\Library\ScriptAssemblies\UnityEditor.UI.dll
Symbol file LoadedFromMemory is not a mono symbol file
Symbol file data-000001DA200B2020 doesn't match image C:\Users\asdf\Desktop\unity\ReactiveTurnBase\My project A\Library\ScriptAssemblies\Unity.VisualScripting.Core.dll
Symbol file LoadedFromMemory is not a mono symbol file
Symbol file data-000001DA84D06020 doesn't match image C:\Users\asdf\Desktop\unity\ReactiveTurnBase\My project A\Library\ScriptAssemblies\UnityEngine.UI.dll
Symbol file LoadedFromMemory is not a mono symbol file
Symbol file data-000001DA23E91020 doesn't match image C:\Users\asdf\Desktop\unity\ReactiveTurnBase\My project A\Library\ScriptAssemblies\UniTask.Editor.dll
Symbol file LoadedFromMemory is not a mono symbol file
Symbol file data-000001DA21191020 doesn't match image C:\Users\asdf\Desktop\unity\ReactiveTurnBase\My project A\Library\ScriptAssemblies\Unity.VisualScripting.Core.Editor.dll
Symbol file LoadedFromMemory is not a mono symbol file
Symbol file data-000001DA216077B0 doesn't match image C:\Users\asdf\Desktop\unity\ReactiveTurnBase\My project A\Library\ScriptAssemblies\UniTask.Linq.dll
Symbol file LoadedFromMemory is not a mono symbol file
Symbol file data-000001DA16AF0040 doesn't match image C:\Users\asdf\Desktop\unity\ReactiveTurnBase\My project A\Library\ScriptAssemblies\Unity.VisualScripting.Flow.dll
Symbol file LoadedFromMemory is not a mono symbol file
Symbol file data-000001DA16C47020 doesn't match image C:\Users\asdf\Desktop\unity\ReactiveTurnBase\My project A\Library\ScriptAssemblies\Unity.VisualScripting.Flow.Editor.dll
Symbol file LoadedFromMemory is not a mono symbol file
Symbol file data-000001DA1FD42020 doesn't match image C:\Users\asdf\Desktop\unity\ReactiveTurnBase\My project A\Library\ScriptAssemblies\Unity.Timeline.dll
Symbol file LoadedFromMemory is not a mono symbol file
Symbol file data-000001DA85042020 doesn't match image C:\Users\asdf\Desktop\unity\ReactiveTurnBase\My project A\Library\ScriptAssemblies\Unity.InputSystem.dll
Symbol file LoadedFromMemory is not a mono symbol file
Symbol file data-000001DA17882060 doesn't match image C:\Users\asdf\Desktop\unity\ReactiveTurnBase\My project A\Library\ScriptAssemblies\Unity.InputSystem.ForUI.dll
Symbol file LoadedFromMemory is not a mono symbol file
Symbol file data-000001DA23E91020 doesn't match image C:\Users\asdf\Desktop\unity\ReactiveTurnBase\My project A\Library\ScriptAssemblies\Unity.TestTools.CodeCoverage.Editor.OpenCover.Mono.Reflection.dll
Symbol file LoadedFromMemory is not a mono symbol file
Symbol file data-000001DA23E91020 doesn't match image C:\Users\asdf\Desktop\unity\ReactiveTurnBase\My project A\Library\ScriptAssemblies\Unity.VisualScripting.SettingsProvider.Editor.dll
Symbol file LoadedFromMemory is not a mono symbol file
Symbol file data-000001DA2327C020 doesn't match image C:\Users\asdf\Desktop\unity\ReactiveTurnBase\My project A\Library\ScriptAssemblies\Unity.Performance.Profile-Analyzer.Editor.dll
Symbol file LoadedFromMemory is not a mono symbol file
Symbol file data-000001DA23CCB020 doesn't match image C:\Users\asdf\Desktop\unity\ReactiveTurnBase\My project A\Library\ScriptAssemblies\Unity.TestTools.CodeCoverage.Editor.dll
Symbol file LoadedFromMemory is not a mono symbol file
Symbol file data-000001DA16460010 doesn't match image C:\Users\asdf\Desktop\unity\ReactiveTurnBase\My project A\Library\ScriptAssemblies\Unity.TestTools.CodeCoverage.Editor.OpenCover.Model.dll
Symbol file LoadedFromMemory is not a mono symbol file
Symbol file data-000001DA20DF4020 doesn't match image C:\Users\asdf\Desktop\unity\ReactiveTurnBase\My project A\Library\ScriptAssemblies\Unity.VisualScripting.State.Editor.dll
Symbol file LoadedFromMemory is not a mono symbol file
Symbol file data-000001D9F44AC160 doesn't match image C:\Users\asdf\Desktop\unity\ReactiveTurnBase\My project A\Library\ScriptAssemblies\Unity.Settings.Editor.dll
Symbol file LoadedFromMemory is not a mono symbol file
Symbol file data-000001DA23E91020 doesn't match image C:\Users\asdf\Desktop\unity\ReactiveTurnBase\My project A\Library\ScriptAssemblies\Unity.CollabProxy.Editor.dll
Symbol file LoadedFromMemory is not a mono symbol file
Symbol file data-000001DA16AF0040 doesn't match image C:\Users\asdf\Desktop\unity\ReactiveTurnBase\My project A\Library\ScriptAssemblies\Unity.TextMeshPro.dll
Symbol file LoadedFromMemory is not a mono symbol file
Symbol file data-000001DA204C2010 doesn't match image C:\Users\asdf\Desktop\unity\ReactiveTurnBase\My project A\Library\ScriptAssemblies\Unity.TextMeshPro.Editor.dll
Symbol file LoadedFromMemory is not a mono symbol file
Symbol file data-000001D9F3F20080 doesn't match image C:\Users\asdf\Desktop\unity\ReactiveTurnBase\My project A\Library\ScriptAssemblies\UniTask.dll
Symbol file LoadedFromMemory is not a mono symbol file
Symbol file data-000001D9F491E990 doesn't match image C:\Users\asdf\Desktop\unity\ReactiveTurnBase\My project A\Library\ScriptAssemblies\Unity.VisualScripting.State.dll
Symbol file LoadedFromMemory is not a mono symbol file
Symbol file data-000001D9F491E990 doesn't match image C:\Users\asdf\Desktop\unity\ReactiveTurnBase\My project A\Library\ScriptAssemblies\Unity.VSCode.Editor.dll
Symbol file LoadedFromMemory is not a mono symbol file
- Loaded All Assemblies, in  0.445 seconds
Native extension for WindowsStandalone target not found
Native extension for Android target not found
Mono: successfully reloaded assembly
- Finished resetting the current domain, in  1.125 seconds
Domain Reload Profiling: 1568ms
	BeginReloadAssembly (139ms)
		ExecutionOrderSort (0ms)
		DisableScriptedObjects (6ms)
		BackupInstance (0ms)
		ReleaseScriptingObjects (0ms)
		CreateAndSetChildDomain (30ms)
	RebuildCommonClasses (25ms)
	RebuildNativeTypeToScriptingClass (9ms)
	initialDomainReloadingComplete (27ms)
	LoadAllAssembliesAndSetupDomain (242ms)
		LoadAssemblies (300ms)
		RebuildTransferFunctionScriptingTraits (0ms)
		AnalyzeDomain (16ms)
			TypeCache.Refresh (5ms)
				TypeCache.ScanAssembly (0ms)
			ScanForSourceGeneratedMonoScriptInfo (0ms)
			ResolveRequiredComponents (9ms)
	FinalizeReload (1126ms)
		ReleaseScriptCaches (0ms)
		RebuildScriptCaches (0ms)
		SetupLoadedEditorAssemblies (633ms)
			LogAssemblyErrors (0ms)
			InitializePlatformSupportModulesInManaged (22ms)
			SetLoadedEditorAssemblies (6ms)
			RefreshPlugins (0ms)
			BeforeProcessingInitializeOnLoad (115ms)
			ProcessInitializeOnLoadAttributes (444ms)
			ProcessInitializeOnLoadMethodAttributes (37ms)
			AfterProcessingInitializeOnLoad (8ms)
			EditorAssembliesLoaded (1ms)
		ExecutionOrderSort2 (0ms)
		AwakeInstancesAfterBackupRestoration (7ms)
Refreshing native plugins compatible for Editor in 4.04 ms, found 3 plugins.
Preloading 0 native plugins for Editor in 0.00 ms.
Unloading 3940 Unused Serialized files (Serialized files now loaded: 0)
Unloading 22 unused Assets / (32.8 KB). Loaded Objects now: 4607.
Memory consumption went from 225.6 MB to 225.5 MB.
Total: 3.333100 ms (FindLiveObjects: 0.289300 ms CreateObjectMapping: 0.232700 ms MarkObjects: 2.758600 ms  DeleteObjects: 0.051700 ms)

Prepare: number of updated asset objects reloaded= 0
AssetImportParameters requested are different than current active one (requested -> active):
  custom:container-demuxer-ogg: 62fdf1f143b41e24485cea50d1cbac27 -> 
  custom:video-decoder-ogg-theora: a1e56fd34408186e4bbccfd4996cb3dc -> 
  custom:framework-win-MediaFoundation: 216162199b28c13a410421893ffa2e32 -> 
  custom:CustomObjectIndexerAttribute: 9a22284fe3817be447336de3de66b15e -> 
  custom:container-demuxer-webm: 4f35f7cbe854078d1ac9338744f61a02 -> 
  custom:container-muxer-webm: aa71ff27fc2769a1b78a27578f13a17b -> 
  custom:video-decoder-webm-vp8: 9c59270c3fd7afecdb556c50c9e8de78 -> 
  custom:SearchIndexIgnoredProperties: e643bd26f0fe6173181afceb89e7c659 -> 
  custom:AudioImporter_EditorPlatform: d09bf68614088b80899f8185d706f6e7 -> 
  custom:video-encoder-webm-vp8: eb34c28f22e8b96e1ab97ce403110664 -> 
  custom:audio-decoder-ogg-vorbis: bf7c407c2cedff20999df2af8eb42d56 -> 
  custom:audio-encoder-webm-vorbis: bf7c407c2cedff20999df2af8eb42d56 -> 
========================================================================
Received Import Request.
  Time since last request: 142.644761 seconds.
  path: Assets/3.Script/Units/Unit.cs
  artifactKey: Guid(a5c4310177efced46b1969b13da2ffcf) Importer(815301076,1909f56bfc062723c751e8b465ee728b)
Start importing Assets/3.Script/Units/Unit.cs using Guid(a5c4310177efced46b1969b13da2ffcf) Importer(815301076,1909f56bfc062723c751e8b465ee728b) [PhysX] Initialized MultithreadedTaskDispatcher with 12 workers.
 -> (artifact id: 'e7de47a615d53a29b7b87e7688a44791') in 0.001505 seconds
Number of updated asset objects reloaded before import = 0
Number of asset objects unloaded after import = 0
========================================================================
Received Prepare
Caller must complete domain reload
Begin MonoManager ReloadAssembly
Symbol file data-000001DA17882060 doesn't match image C:\Users\asdf\Desktop\unity\ReactiveTurnBase\My project A\Library\ScriptAssemblies\Unity.EditorCoroutines.Editor.dll
Symbol file LoadedFromMemory is not a mono symbol file
Symbol file data-000001DA201EA030 doesn't match image C:\Users\asdf\Desktop\unity\ReactiveTurnBase\My project A\Library\ScriptAssemblies\UniTask.TextMeshPro.dll
Symbol file LoadedFromMemory is not a mono symbol file
Symbol file data-000001D9F4948F90 doesn't match image C:\Users\asdf\Desktop\unity\ReactiveTurnBase\My project A\Library\ScriptAssemblies\Unity.Timeline.Editor.dll
Symbol file LoadedFromMemory is not a mono symbol file
Symbol file data-000001DA201EA030 doesn't match image C:\Users\asdf\Desktop\unity\ReactiveTurnBase\My project A\Library\ScriptAssemblies\Unity.VisualScripting.Shared.Editor.dll
Symbol file LoadedFromMemory is not a mono symbol file
Symbol file data-000001DA16252E20 doesn't match image C:\Users\asdf\Desktop\unity\ReactiveTurnBase\My project A\Library\ScriptAssemblies\UniTask.DOTween.dll
Symbol file LoadedFromMemory is not a mono symbol file
Symbol file data-000001DA16252E20 doesn't match image C:\Users\asdf\Desktop\unity\ReactiveTurnBase\My project A\Library\ScriptAssemblies\UniTask.Addressables.dll
Symbol file LoadedFromMemory is not a mono symbol file
Symbol file data-000001D9F4197C40 doesn't match image C:\Users\asdf\Desktop\unity\ReactiveTurnBase\My project A\Library\ScriptAssemblies\UnityEditor.UI.dll
Symbol file LoadedFromMemory is not a mono symbol file
Symbol file data-000001DA200B2020 doesn't match image C:\Users\asdf\Desktop\unity\ReactiveTurnBase\My project A\Library\ScriptAssemblies\Unity.VisualScripting.Core.dll
Symbol file LoadedFromMemory is not a mono symbol file
Symbol file data-000001DA84D06020 doesn't match image C:\Users\asdf\Desktop\unity\ReactiveTurnBase\My project A\Library\ScriptAssemblies\UnityEngine.UI.dll
Symbol file LoadedFromMemory is not a mono symbol file
Symbol file data-000001DA201EA030 doesn't match image C:\Users\asdf\Desktop\unity\ReactiveTurnBase\My project A\Library\ScriptAssemblies\UniTask.Editor.dll
Symbol file LoadedFromMemory is not a mono symbol file
Symbol file data-000001DA21191020 doesn't match image C:\Users\asdf\Desktop\unity\ReactiveTurnBase\My project A\Library\ScriptAssemblies\Unity.VisualScripting.Core.Editor.dll
Symbol file LoadedFromMemory is not a mono symbol file
Symbol file data-000001DA20B1E020 doesn't match image C:\Users\asdf\Desktop\unity\ReactiveTurnBase\My project A\Library\ScriptAssemblies\UniTask.Linq.dll
Symbol file LoadedFromMemory is not a mono symbol file
Symbol file data-000001DA16AF0040 doesn't match image C:\Users\asdf\Desktop\unity\ReactiveTurnBase\My project A\Library\ScriptAssemblies\Unity.VisualScripting.Flow.dll
Symbol file LoadedFromMemory is not a mono symbol file
Symbol file data-000001DA16C47020 doesn't match image C:\Users\asdf\Desktop\unity\ReactiveTurnBase\My project A\Library\ScriptAssemblies\Unity.VisualScripting.Flow.Editor.dll
Symbol file LoadedFromMemory is not a mono symbol file
Symbol file data-000001DA1FD42020 doesn't match image C:\Users\asdf\Desktop\unity\ReactiveTurnBase\My project A\Library\ScriptAssemblies\Unity.Timeline.dll
Symbol file LoadedFromMemory is not a mono symbol file
Symbol file data-000001DA85042020 doesn't match image C:\Users\asdf\Desktop\unity\ReactiveTurnBase\My project A\Library\ScriptAssemblies\Unity.InputSystem.dll
Symbol file LoadedFromMemory is not a mono symbol file
Symbol file data-000001DA17882060 doesn't match image C:\Users\asdf\Desktop\unity\ReactiveTurnBase\My project A\Library\ScriptAssemblies\Unity.InputSystem.ForUI.dll
Symbol file LoadedFromMemory is not a mono symbol file
Symbol file data-000001DA201EA030 doesn't match image C:\Users\asdf\Desktop\unity\ReactiveTurnBase\My project A\Library\ScriptAssemblies\Unity.TestTools.CodeCoverage.Editor.OpenCover.Mono.Reflection.dll
Symbol file LoadedFromMemory is not a mono symbol file
Symbol file data-000001DA201EA030 doesn't match image C:\Users\asdf\Desktop\unity\ReactiveTurnBase\My project A\Library\ScriptAssemblies\Unity.VisualScripting.SettingsProvider.Editor.dll
Symbol file LoadedFromMemory is not a mono symbol file
Symbol file data-000001DA2327C020 doesn't match image C:\Users\asdf\Desktop\unity\ReactiveTurnBase\My project A\Library\ScriptAssemblies\Unity.Performance.Profile-Analyzer.Editor.dll
Symbol file LoadedFromMemory is not a mono symbol file
Symbol file data-000001DA2335B020 doesn't match image C:\Users\asdf\Desktop\unity\ReactiveTurnBase\My project A\Library\ScriptAssemblies\Unity.TestTools.CodeCoverage.Editor.dll
Symbol file LoadedFromMemory is not a mono symbol file
Symbol file data-000001DA21D78020 doesn't match image C:\Users\asdf\Desktop\unity\ReactiveTurnBase\My project A\Library\ScriptAssemblies\Unity.TestTools.CodeCoverage.Editor.OpenCover.Model.dll
Symbol file LoadedFromMemory is not a mono symbol file
Symbol file data-000001D9F4197C40 doesn't match image C:\Users\asdf\Desktop\unity\ReactiveTurnBase\My project A\Library\ScriptAssemblies\Unity.VisualScripting.State.Editor.dll
Symbol file LoadedFromMemory is not a mono symbol file
Symbol file data-000001DA16240070 doesn't match image C:\Users\asdf\Desktop\unity\ReactiveTurnBase\My project A\Library\ScriptAssemblies\Unity.Settings.Editor.dll
Symbol file LoadedFromMemory is not a mono symbol file
Symbol file data-000001DA2329F630 doesn't match image C:\Users\asdf\Desktop\unity\ReactiveTurnBase\My project A\Library\ScriptAssemblies\Unity.CollabProxy.Editor.dll
Symbol file LoadedFromMemory is not a mono symbol file
Symbol file data-000001DA16AF0040 doesn't match image C:\Users\asdf\Desktop\unity\ReactiveTurnBase\My project A\Library\ScriptAssemblies\Unity.TextMeshPro.dll
Symbol file LoadedFromMemory is not a mono symbol file
Symbol file data-000001DA204C2010 doesn't match image C:\Users\asdf\Desktop\unity\ReactiveTurnBase\My project A\Library\ScriptAssemblies\Unity.TextMeshPro.Editor.dll
Symbol file LoadedFromMemory is not a mono symbol file
Symbol file data-000001D9F3F20080 doesn't match image C:\Users\asdf\Desktop\unity\ReactiveTurnBase\My project A\Library\ScriptAssemblies\UniTask.dll
Symbol file LoadedFromMemory is not a mono symbol file
Symbol file data-000001DA21B6E040 doesn't match image C:\Users\asdf\Desktop\unity\ReactiveTurnBase\My project A\Library\ScriptAssemblies\Unity.VisualScripting.State.dll
Symbol file LoadedFromMemory is not a mono symbol file
Symbol file data-000001DA21B6E040 doesn't match image C:\Users\asdf\Desktop\unity\ReactiveTurnBase\My project A\Library\ScriptAssemblies\Unity.VSCode.Editor.dll
Symbol file LoadedFromMemory is not a mono symbol file
- Loaded All Assemblies, in  0.466 seconds
Native extension for WindowsStandalone target not found
Native extension for Android target not found
Mono: successfully reloaded assembly
- Finished resetting the current domain, in  0.940 seconds
Domain Reload Profiling: 1404ms
	BeginReloadAssembly (144ms)
		ExecutionOrderSort (0ms)
		DisableScriptedObjects (6ms)
		BackupInstance (0ms)
		ReleaseScriptingObjects (0ms)
		CreateAndSetChildDomain (33ms)
	RebuildCommonClasses (27ms)
	RebuildNativeTypeToScriptingClass (8ms)
	initialDomainReloadingComplete (27ms)
	LoadAllAssembliesAndSetupDomain (257ms)
		LoadAssemblies (299ms)
		RebuildTransferFunctionScriptingTraits (0ms)
		AnalyzeDomain (32ms)
			TypeCache.Refresh (11ms)
				TypeCache.ScanAssembly (3ms)
			ScanForSourceGeneratedMonoScriptInfo (12ms)
			ResolveRequiredComponents (7ms)
	FinalizeReload (941ms)
		ReleaseScriptCaches (0ms)
		RebuildScriptCaches (0ms)
		SetupLoadedEditorAssemblies (490ms)
			LogAssemblyErrors (0ms)
			InitializePlatformSupportModulesInManaged (17ms)
			SetLoadedEditorAssemblies (4ms)
			RefreshPlugins (0ms)
			BeforeProcessingInitializeOnLoad (86ms)
			ProcessInitializeOnLoadAttributes (345ms)
			ProcessInitializeOnLoadMethodAttributes (31ms)
			AfterProcessingInitializeOnLoad (6ms)
			EditorAssembliesLoaded (0ms)
		ExecutionOrderSort2 (0ms)
		AwakeInstancesAfterBackupRestoration (6ms)
Refreshing native plugins compatible for Editor in 4.12 ms, found 3 plugins.
Preloading 0 native plugins for Editor in 0.00 ms.
Unloading 3940 Unused Serialized files (Serialized files now loaded: 0)
Unloading 22 unused Assets / (32.8 KB). Loaded Objects now: 4610.
Memory consumption went from 225.6 MB to 225.5 MB.
Total: 3.213600 ms (FindLiveObjects: 0.280600 ms CreateObjectMapping: 0.213500 ms MarkObjects: 2.669300 ms  DeleteObjects: 0.049300 ms)

Prepare: number of updated asset objects reloaded= 0
AssetImportParameters requested are different than current active one (requested -> active):
  custom:container-demuxer-ogg: 62fdf1f143b41e24485cea50d1cbac27 -> 
  custom:video-decoder-ogg-theora: a1e56fd34408186e4bbccfd4996cb3dc -> 
  custom:framework-win-MediaFoundation: 216162199b28c13a410421893ffa2e32 -> 
  custom:CustomObjectIndexerAttribute: 9a22284fe3817be447336de3de66b15e -> 
  custom:container-demuxer-webm: 4f35f7cbe854078d1ac9338744f61a02 -> 
  custom:container-muxer-webm: aa71ff27fc2769a1b78a27578f13a17b -> 
  custom:video-decoder-webm-vp8: 9c59270c3fd7afecdb556c50c9e8de78 -> 
  custom:SearchIndexIgnoredProperties: e643bd26f0fe6173181afceb89e7c659 -> 
  custom:AudioImporter_EditorPlatform: d09bf68614088b80899f8185d706f6e7 -> 
  custom:video-encoder-webm-vp8: eb34c28f22e8b96e1ab97ce403110664 -> 
  custom:audio-decoder-ogg-vorbis: bf7c407c2cedff20999df2af8eb42d56 -> 
  custom:audio-encoder-webm-vorbis: bf7c407c2cedff20999df2af8eb42d56 -> 
========================================================================
Received Import Request.
  Time since last request: 181.017986 seconds.
  path: Assets/3.Script/Factory/UnitFactory.cs
  artifactKey: Guid(59a98f9dc46843f4ab5ed5e7eda8412e) Importer(815301076,1909f56bfc062723c751e8b465ee728b)
Start importing Assets/3.Script/Factory/UnitFactory.cs using Guid(59a98f9dc46843f4ab5ed5e7eda8412e) Importer(815301076,1909f56bfc062723c751e8b465ee728b) [PhysX] Initialized MultithreadedTaskDispatcher with 12 workers.
 -> (artifact id: '7ed534c972c245e3aa43a09e324416a0') in 0.002005 seconds
Number of updated asset objects reloaded before import = 0
Number of asset objects unloaded after import = 0
========================================================================
Received Prepare
Caller must complete domain reload
Begin MonoManager ReloadAssembly
Symbol file data-000001DA17882060 doesn't match image C:\Users\asdf\Desktop\unity\ReactiveTurnBase\My project A\Library\ScriptAssemblies\Unity.EditorCoroutines.Editor.dll
Symbol file LoadedFromMemory is not a mono symbol file
Symbol file data-000001D9F491E990 doesn't match image C:\Users\asdf\Desktop\unity\ReactiveTurnBase\My project A\Library\ScriptAssemblies\UniTask.TextMeshPro.dll
Symbol file LoadedFromMemory is not a mono symbol file
Symbol file data-000001D9F4948F90 doesn't match image C:\Users\asdf\Desktop\unity\ReactiveTurnBase\My project A\Library\ScriptAssemblies\Unity.Timeline.Editor.dll
Symbol file LoadedFromMemory is not a mono symbol file
Symbol file data-000001D9F491E990 doesn't match image C:\Users\asdf\Desktop\unity\ReactiveTurnBase\My project A\Library\ScriptAssemblies\Unity.VisualScripting.Shared.Editor.dll
Symbol file LoadedFromMemory is not a mono symbol file
Symbol file data-000001DA16DEE040 doesn't match image C:\Users\asdf\Desktop\unity\ReactiveTurnBase\My project A\Library\ScriptAssemblies\UniTask.DOTween.dll
Symbol file LoadedFromMemory is not a mono symbol file
Symbol file data-000001DA16DEE040 doesn't match image C:\Users\asdf\Desktop\unity\ReactiveTurnBase\My project A\Library\ScriptAssemblies\UniTask.Addressables.dll
Symbol file LoadedFromMemory is not a mono symbol file
Symbol file data-000001DA20DF4020 doesn't match image C:\Users\asdf\Desktop\unity\ReactiveTurnBase\My project A\Library\ScriptAssemblies\UnityEditor.UI.dll
Symbol file LoadedFromMemory is not a mono symbol file
Symbol file data-000001DA200B2020 doesn't match image C:\Users\asdf\Desktop\unity\ReactiveTurnBase\My project A\Library\ScriptAssemblies\Unity.VisualScripting.Core.dll
Symbol file LoadedFromMemory is not a mono symbol file
Symbol file data-000001DA84D06020 doesn't match image C:\Users\asdf\Desktop\unity\ReactiveTurnBase\My project A\Library\ScriptAssemblies\UnityEngine.UI.dll
Symbol file LoadedFromMemory is not a mono symbol file
Symbol file data-000001D9F491E990 doesn't match image C:\Users\asdf\Desktop\unity\ReactiveTurnBase\My project A\Library\ScriptAssemblies\UniTask.Editor.dll
Symbol file LoadedFromMemory is not a mono symbol file
Symbol file data-000001DA21191020 doesn't match image C:\Users\asdf\Desktop\unity\ReactiveTurnBase\My project A\Library\ScriptAssemblies\Unity.VisualScripting.Core.Editor.dll
Symbol file LoadedFromMemory is not a mono symbol file
Symbol file data-000001DA216077B0 doesn't match image C:\Users\asdf\Desktop\unity\ReactiveTurnBase\My project A\Library\ScriptAssemblies\UniTask.Linq.dll
Symbol file LoadedFromMemory is not a mono symbol file
Symbol file data-000001DA16AF0040 doesn't match image C:\Users\asdf\Desktop\unity\ReactiveTurnBase\My project A\Library\ScriptAssemblies\Unity.VisualScripting.Flow.dll
Symbol file LoadedFromMemory is not a mono symbol file
Symbol file data-000001DA84D46020 doesn't match image C:\Users\asdf\Desktop\unity\ReactiveTurnBase\My project A\Library\ScriptAssemblies\Unity.VisualScripting.Flow.Editor.dll
Symbol file LoadedFromMemory is not a mono symbol file
Symbol file data-000001DA1FD42020 doesn't match image C:\Users\asdf\Desktop\unity\ReactiveTurnBase\My project A\Library\ScriptAssemblies\Unity.Timeline.dll
Symbol file LoadedFromMemory is not a mono symbol file
Symbol file data-000001DA85042020 doesn't match image C:\Users\asdf\Desktop\unity\ReactiveTurnBase\My project A\Library\ScriptAssemblies\Unity.InputSystem.dll
Symbol file LoadedFromMemory is not a mono symbol file
Symbol file data-000001DA17882060 doesn't match image C:\Users\asdf\Desktop\unity\ReactiveTurnBase\My project A\Library\ScriptAssemblies\Unity.InputSystem.ForUI.dll
Symbol file LoadedFromMemory is not a mono symbol file
Symbol file data-000001DA166AD450 doesn't match image C:\Users\asdf\Desktop\unity\ReactiveTurnBase\My project A\Library\ScriptAssemblies\Unity.TestTools.CodeCoverage.Editor.OpenCover.Mono.Reflection.dll
Symbol file LoadedFromMemory is not a mono symbol file
Symbol file data-000001DA166AD450 doesn't match image C:\Users\asdf\Desktop\unity\ReactiveTurnBase\My project A\Library\ScriptAssemblies\Unity.VisualScripting.SettingsProvider.Editor.dll
Symbol file LoadedFromMemory is not a mono symbol file
Symbol file data-000001DA2327C020 doesn't match image C:\Users\asdf\Desktop\unity\ReactiveTurnBase\My project A\Library\ScriptAssemblies\Unity.Performance.Profile-Analyzer.Editor.dll
Symbol file LoadedFromMemory is not a mono symbol file
Symbol file data-000001DA16A7F030 doesn't match image C:\Users\asdf\Desktop\unity\ReactiveTurnBase\My project A\Library\ScriptAssemblies\Unity.TestTools.CodeCoverage.Editor.dll
Symbol file LoadedFromMemory is not a mono symbol file
Symbol file data-000001DA16460010 doesn't match image C:\Users\asdf\Desktop\unity\ReactiveTurnBase\My project A\Library\ScriptAssemblies\Unity.TestTools.CodeCoverage.Editor.OpenCover.Model.dll
Symbol file LoadedFromMemory is not a mono symbol file
Symbol file data-000001DA20DF4020 doesn't match image C:\Users\asdf\Desktop\unity\ReactiveTurnBase\My project A\Library\ScriptAssemblies\Unity.VisualScripting.State.Editor.dll
Symbol file LoadedFromMemory is not a mono symbol file
Symbol file data-000001D9F44AC160 doesn't match image C:\Users\asdf\Desktop\unity\ReactiveTurnBase\My project A\Library\ScriptAssemblies\Unity.Settings.Editor.dll
Symbol file LoadedFromMemory is not a mono symbol file
Symbol file data-000001D9F491E990 doesn't match image C:\Users\asdf\Desktop\unity\ReactiveTurnBase\My project A\Library\ScriptAssemblies\Unity.CollabProxy.Editor.dll
Symbol file LoadedFromMemory is not a mono symbol file
Symbol file data-000001DA16AF0040 doesn't match image C:\Users\asdf\Desktop\unity\ReactiveTurnBase\My project A\Library\ScriptAssemblies\Unity.TextMeshPro.dll
Symbol file LoadedFromMemory is not a mono symbol file
Symbol file data-000001DA204C2010 doesn't match image C:\Users\asdf\Desktop\unity\ReactiveTurnBase\My project A\Library\ScriptAssemblies\Unity.TextMeshPro.Editor.dll
Symbol file LoadedFromMemory is not a mono symbol file
Symbol file data-000001DA20B1E020 doesn't match image C:\Users\asdf\Desktop\unity\ReactiveTurnBase\My project A\Library\ScriptAssemblies\UniTask.dll
Symbol file LoadedFromMemory is not a mono symbol file
Symbol file data-000001DA21B6E040 doesn't match image C:\Users\asdf\Desktop\unity\ReactiveTurnBase\My project A\Library\ScriptAssemblies\Unity.VisualScripting.State.dll
Symbol file LoadedFromMemory is not a mono symbol file
Symbol file data-000001DA21B6E040 doesn't match image C:\Users\asdf\Desktop\unity\ReactiveTurnBase\My project A\Library\ScriptAssemblies\Unity.VSCode.Editor.dll
Symbol file LoadedFromMemory is not a mono symbol file
- Loaded All Assemblies, in  0.450 seconds
Native extension for WindowsStandalone target not found
Native extension for Android target not found
Mono: successfully reloaded assembly
- Finished resetting the current domain, in  1.137 seconds
Domain Reload Profiling: 1584ms
	BeginReloadAssembly (136ms)
		ExecutionOrderSort (0ms)
		DisableScriptedObjects (6ms)
		BackupInstance (0ms)
		ReleaseScriptingObjects (0ms)
		CreateAndSetChildDomain (29ms)
	RebuildCommonClasses (26ms)
	RebuildNativeTypeToScriptingClass (8ms)
	initialDomainReloadingComplete (26ms)
	LoadAllAssembliesAndSetupDomain (251ms)
		LoadAssemblies (285ms)
		RebuildTransferFunctionScriptingTraits (0ms)
		AnalyzeDomain (37ms)
			TypeCache.Refresh (10ms)
				TypeCache.ScanAssembly (2ms)
			ScanForSourceGeneratedMonoScriptInfo (15ms)
			ResolveRequiredComponents (10ms)
	FinalizeReload (1137ms)
		ReleaseScriptCaches (0ms)
		RebuildScriptCaches (0ms)
		SetupLoadedEditorAssemblies (610ms)
			LogAssemblyErrors (0ms)
			InitializePlatformSupportModulesInManaged (24ms)
			SetLoadedEditorAssemblies (7ms)
			RefreshPlugins (0ms)
			BeforeProcessingInitializeOnLoad (123ms)
			ProcessInitializeOnLoadAttributes (418ms)
			ProcessInitializeOnLoadMethodAttributes (31ms)
			AfterProcessingInitializeOnLoad (6ms)
			EditorAssembliesLoaded (0ms)
		ExecutionOrderSort2 (0ms)
		AwakeInstancesAfterBackupRestoration (6ms)
Refreshing native plugins compatible for Editor in 4.46 ms, found 3 plugins.
Preloading 0 native plugins for Editor in 0.00 ms.
Unloading 3940 Unused Serialized files (Serialized files now loaded: 0)
Unloading 22 unused Assets / (32.7 KB). Loaded Objects now: 4613.
Memory consumption went from 225.6 MB to 225.5 MB.
Total: 3.178900 ms (FindLiveObjects: 0.313800 ms CreateObjectMapping: 0.236700 ms MarkObjects: 2.577500 ms  DeleteObjects: 0.049900 ms)

Prepare: number of updated asset objects reloaded= 0
AssetImportParameters requested are different than current active one (requested -> active):
  custom:container-demuxer-ogg: 62fdf1f143b41e24485cea50d1cbac27 -> 
  custom:video-decoder-ogg-theora: a1e56fd34408186e4bbccfd4996cb3dc -> 
  custom:framework-win-MediaFoundation: 216162199b28c13a410421893ffa2e32 -> 
  custom:CustomObjectIndexerAttribute: 9a22284fe3817be447336de3de66b15e -> 
  custom:container-demuxer-webm: 4f35f7cbe854078d1ac9338744f61a02 -> 
  custom:container-muxer-webm: aa71ff27fc2769a1b78a27578f13a17b -> 
  custom:video-decoder-webm-vp8: 9c59270c3fd7afecdb556c50c9e8de78 -> 
  custom:SearchIndexIgnoredProperties: e643bd26f0fe6173181afceb89e7c659 -> 
  custom:AudioImporter_EditorPlatform: d09bf68614088b80899f8185d706f6e7 -> 
  custom:video-encoder-webm-vp8: eb34c28f22e8b96e1ab97ce403110664 -> 
  custom:audio-decoder-ogg-vorbis: bf7c407c2cedff20999df2af8eb42d56 -> 
  custom:audio-encoder-webm-vorbis: bf7c407c2cedff20999df2af8eb42d56 -> 
