Using pre-set license
Built from '2022.3/staging' branch; Version is '2022.3.62f1 (4af31df58517) revision 4911901'; Using compiler version '192829333'; Build Type 'Release'
OS: 'Windows 10  (10.0.19045) 64bit Professional' Language: 'ko' Physical Memory: 16318 MB
BatchMode: 1, IsHumanControllingUs: 0, StartBugReporterOnCrash: 0, Is64bit: 1, IsPro: 1

COMMAND LINE ARGUMENTS:
C:\Program Files\Unity\Hub\Editor\2022.3.62f1\Editor\Unity.exe
-adb2
-batchMode
-noUpm
-name
AssetImportWorker1
-projectPath
C:/Users/KGA/Desktop/UnityEdit/Project/ReactiveTurnBase/My project A
-logFile
Logs/AssetImportWorker1.log
-srvPort
54456
Successfully changed project path to: C:/Users/KGA/Desktop/UnityEdit/Project/ReactiveTurnBase/My project A
C:/Users/KGA/Desktop/UnityEdit/Project/ReactiveTurnBase/My project A
[UnityMemory] Configuration Parameters - Can be set up in boot.config
    "memorysetup-bucket-allocator-granularity=16"
    "memorysetup-bucket-allocator-bucket-count=8"
    "memorysetup-bucket-allocator-block-size=33554432"
    "memorysetup-bucket-allocator-block-count=8"
    "memorysetup-main-allocator-block-size=16777216"
    "memorysetup-thread-allocator-block-size=16777216"
    "memorysetup-gfx-main-allocator-block-size=16777216"
    "memorysetup-gfx-thread-allocator-block-size=16777216"
    "memorysetup-cache-allocator-block-size=4194304"
    "memorysetup-typetree-allocator-block-size=2097152"
    "memorysetup-profiler-bucket-allocator-granularity=16"
    "memorysetup-profiler-bucket-allocator-bucket-count=8"
    "memorysetup-profiler-bucket-allocator-block-size=33554432"
    "memorysetup-profiler-bucket-allocator-block-count=8"
    "memorysetup-profiler-allocator-block-size=16777216"
    "memorysetup-profiler-editor-allocator-block-size=1048576"
    "memorysetup-temp-allocator-size-main=16777216"
    "memorysetup-job-temp-allocator-block-size=2097152"
    "memorysetup-job-temp-allocator-block-size-background=1048576"
    "memorysetup-job-temp-allocator-reduction-small-platforms=262144"
    "memorysetup-allocator-temp-initial-block-size-main=262144"
    "memorysetup-allocator-temp-initial-block-size-worker=262144"
    "memorysetup-temp-allocator-size-background-worker=32768"
    "memorysetup-temp-allocator-size-job-worker=262144"
    "memorysetup-temp-allocator-size-preload-manager=33554432"
    "memorysetup-temp-allocator-size-nav-mesh-worker=65536"
    "memorysetup-temp-allocator-size-audio-worker=65536"
    "memorysetup-temp-allocator-size-cloud-worker=32768"
    "memorysetup-temp-allocator-size-gi-baking-worker=262144"
    "memorysetup-temp-allocator-size-gfx=262144"
Player connection [13368]  Target information:

Player connection [13368]  * "[IP] 172.30.1.97 [Port] 0 [Flags] 2 [Guid] 3898911608 [EditorId] 3898911608 [Version] 1048832 [Id] WindowsEditor(7,DESKTOP-C9NGJI9) [Debug] 1 [PackageName] WindowsEditor [ProjectName] Editor" 

Player connection [13368] Host joined multi-casting on [225.0.0.222:54997]...
Player connection [13368] Host joined alternative multi-casting on [225.0.0.222:34997]...
Input System module state changed to: Initialized.
[PhysX] Initialized MultithreadedTaskDispatcher with 12 workers.
Refreshing native plugins compatible for Editor in 14.63 ms, found 3 plugins.
Preloading 0 native plugins for Editor in 0.00 ms.
Initialize engine version: 2022.3.62f1 (4af31df58517)
[Subsystems] Discovering subsystems at path C:/Program Files/Unity/Hub/Editor/2022.3.62f1/Editor/Data/Resources/UnitySubsystems
[Subsystems] Discovering subsystems at path C:/Users/KGA/Desktop/UnityEdit/Project/ReactiveTurnBase/My project A/Assets
GfxDevice: creating device client; threaded=0; jobified=0
Direct3D:
    Version:  Direct3D 11.0 [level 11.1]
    Renderer: NVIDIA GeForce RTX 3050 (ID=0x2584)
    Vendor:   NVIDIA
    VRAM:     6002 MB
    Driver:   32.0.15.6094
Initialize mono
Mono path[0] = 'C:/Program Files/Unity/Hub/Editor/2022.3.62f1/Editor/Data/Managed'
Mono path[1] = 'C:/Program Files/Unity/Hub/Editor/2022.3.62f1/Editor/Data/MonoBleedingEdge/lib/mono/unityjit-win32'
Mono config path = 'C:/Program Files/Unity/Hub/Editor/2022.3.62f1/Editor/Data/MonoBleedingEdge/etc'
Using monoOptions --debugger-agent=transport=dt_socket,embedding=1,server=y,suspend=n,address=127.0.0.1:56600
Begin MonoManager ReloadAssembly
Registering precompiled unity dll's ...
Register platform support module: C:/Program Files/Unity/Hub/Editor/2022.3.62f1/Editor/Data/PlaybackEngines/AndroidPlayer/UnityEditor.Android.Extensions.dll
Register platform support module: C:/Program Files/Unity/Hub/Editor/2022.3.62f1/Editor/Data/PlaybackEngines/WindowsStandaloneSupport/UnityEditor.WindowsStandalone.Extensions.dll
Registered in 0.010524 seconds.
- Loaded All Assemblies, in  0.379 seconds
Native extension for WindowsStandalone target not found
Native extension for Android target not found
Android Extension - Scanning For ADB Devices 235 ms
Mono: successfully reloaded assembly
- Finished resetting the current domain, in  0.562 seconds
Domain Reload Profiling: 939ms
	BeginReloadAssembly (108ms)
		ExecutionOrderSort (0ms)
		DisableScriptedObjects (0ms)
		BackupInstance (0ms)
		ReleaseScriptingObjects (0ms)
		CreateAndSetChildDomain (1ms)
	RebuildCommonClasses (34ms)
	RebuildNativeTypeToScriptingClass (11ms)
	initialDomainReloadingComplete (62ms)
	LoadAllAssembliesAndSetupDomain (161ms)
		LoadAssemblies (107ms)
		RebuildTransferFunctionScriptingTraits (0ms)
		AnalyzeDomain (159ms)
			TypeCache.Refresh (158ms)
				TypeCache.ScanAssembly (143ms)
			ScanForSourceGeneratedMonoScriptInfo (0ms)
			ResolveRequiredComponents (0ms)
	FinalizeReload (562ms)
		ReleaseScriptCaches (0ms)
		RebuildScriptCaches (0ms)
		SetupLoadedEditorAssemblies (513ms)
			LogAssemblyErrors (0ms)
			InitializePlatformSupportModulesInManaged (325ms)
			SetLoadedEditorAssemblies (4ms)
			RefreshPlugins (0ms)
			BeforeProcessingInitializeOnLoad (2ms)
			ProcessInitializeOnLoadAttributes (127ms)
			ProcessInitializeOnLoadMethodAttributes (54ms)
			AfterProcessingInitializeOnLoad (0ms)
			EditorAssembliesLoaded (0ms)
		ExecutionOrderSort2 (0ms)
		AwakeInstancesAfterBackupRestoration (0ms)
========================================================================
Worker process is ready to serve import requests
Caller must complete domain reload
Begin MonoManager ReloadAssembly
- Loaded All Assemblies, in  0.773 seconds
Native extension for WindowsStandalone target not found
Native extension for Android target not found
Mono: successfully reloaded assembly
- Finished resetting the current domain, in  0.722 seconds
Domain Reload Profiling: 1492ms
	BeginReloadAssembly (158ms)
		ExecutionOrderSort (0ms)
		DisableScriptedObjects (6ms)
		BackupInstance (0ms)
		ReleaseScriptingObjects (0ms)
		CreateAndSetChildDomain (27ms)
	RebuildCommonClasses (34ms)
	RebuildNativeTypeToScriptingClass (11ms)
	initialDomainReloadingComplete (44ms)
	LoadAllAssembliesAndSetupDomain (522ms)
		LoadAssemblies (344ms)
		RebuildTransferFunctionScriptingTraits (0ms)
		AnalyzeDomain (268ms)
			TypeCache.Refresh (236ms)
				TypeCache.ScanAssembly (218ms)
			ScanForSourceGeneratedMonoScriptInfo (21ms)
			ResolveRequiredComponents (9ms)
	FinalizeReload (722ms)
		ReleaseScriptCaches (0ms)
		RebuildScriptCaches (0ms)
		SetupLoadedEditorAssemblies (563ms)
			LogAssemblyErrors (0ms)
			InitializePlatformSupportModulesInManaged (18ms)
			SetLoadedEditorAssemblies (4ms)
			RefreshPlugins (0ms)
			BeforeProcessingInitializeOnLoad (72ms)
			ProcessInitializeOnLoadAttributes (413ms)
			ProcessInitializeOnLoadMethodAttributes (48ms)
			AfterProcessingInitializeOnLoad (8ms)
			EditorAssembliesLoaded (0ms)
		ExecutionOrderSort2 (0ms)
		AwakeInstancesAfterBackupRestoration (6ms)
Launched and connected shader compiler UnityShaderCompiler.exe after 0.03 seconds
Refreshing native plugins compatible for Editor in 5.28 ms, found 3 plugins.
Preloading 0 native plugins for Editor in 0.00 ms.
Unloading 3980 Unused Serialized files (Serialized files now loaded: 0)
Unloading 33 unused Assets / (59.1 KB). Loaded Objects now: 4467.
Memory consumption went from 229.8 MB to 229.8 MB.
Total: 3.321700 ms (FindLiveObjects: 0.304900 ms CreateObjectMapping: 0.299300 ms MarkObjects: 2.617100 ms  DeleteObjects: 0.099400 ms)

AssetImportParameters requested are different than current active one (requested -> active):
  custom:container-demuxer-ogg: 62fdf1f143b41e24485cea50d1cbac27 -> 
  custom:video-decoder-ogg-theora: a1e56fd34408186e4bbccfd4996cb3dc -> 
  custom:framework-win-MediaFoundation: 216162199b28c13a410421893ffa2e32 -> 
  custom:CustomObjectIndexerAttribute: 9a22284fe3817be447336de3de66b15e -> 
  custom:container-demuxer-webm: 4f35f7cbe854078d1ac9338744f61a02 -> 
  custom:container-muxer-webm: aa71ff27fc2769a1b78a27578f13a17b -> 
  custom:video-decoder-webm-vp8: 9c59270c3fd7afecdb556c50c9e8de78 -> 
  custom:SearchIndexIgnoredProperties: e643bd26f0fe6173181afceb89e7c659 -> 
  custom:AudioImporter_EditorPlatform: d09bf68614088b80899f8185d706f6e7 -> 
  custom:video-encoder-webm-vp8: eb34c28f22e8b96e1ab97ce403110664 -> 
  custom:audio-decoder-ogg-vorbis: bf7c407c2cedff20999df2af8eb42d56 -> 
  custom:audio-encoder-webm-vorbis: bf7c407c2cedff20999df2af8eb42d56 -> 
========================================================================
Received Import Request.
  Time since last request: 956747.301890 seconds.
  path: Assets/3.Script/Factory
  artifactKey: Guid(068b86b5d06365c449b5238bb8c28e22) Importer(815301076,1909f56bfc062723c751e8b465ee728b)
Start importing Assets/3.Script/Factory using Guid(068b86b5d06365c449b5238bb8c28e22) Importer(815301076,1909f56bfc062723c751e8b465ee728b) [PhysX] Initialized MultithreadedTaskDispatcher with 12 workers.
 -> (artifact id: 'd240d49ab7dc563204894d73dc30d59e') in 0.002474 seconds
Number of updated asset objects reloaded before import = 0
Number of asset objects unloaded after import = 0
========================================================================
Received Import Request.
  Time since last request: 665.187128 seconds.
  path: Assets/3.Script/Input/PlayerControls.inputactions
  artifactKey: Guid(2dfe6eb0e3f6d5d488fdeac7f95210db) Importer(2089858483,0ecaa5967403d082aa24f35e1b516d23)
Start importing Assets/3.Script/Input/PlayerControls.inputactions using Guid(2dfe6eb0e3f6d5d488fdeac7f95210db) Importer(2089858483,0ecaa5967403d082aa24f35e1b516d23) [PhysX] Initialized MultithreadedTaskDispatcher with 12 workers.
 -> (artifact id: '13b557c4349f92953bfa5971b89d628f') in 0.264726 seconds
Number of updated asset objects reloaded before import = 0
Number of asset objects unloaded after import = 5
========================================================================
Received Import Request.
  Time since last request: 0.000023 seconds.
  path: Assets/Blink/Art/Icons/Classes/Elementalist/Pyromancer
  artifactKey: Guid(fa81b5b30ce9d0d49860a608abb1d6f2) Importer(2089858483,0ecaa5967403d082aa24f35e1b516d23)
Start importing Assets/Blink/Art/Icons/Classes/Elementalist/Pyromancer using Guid(fa81b5b30ce9d0d49860a608abb1d6f2) Importer(2089858483,0ecaa5967403d082aa24f35e1b516d23) [PhysX] Initialized MultithreadedTaskDispatcher with 12 workers.
 -> (artifact id: '8893420e149d2ecc8dad22d3604ac993') in 0.013799 seconds
Number of updated asset objects reloaded before import = 0
Number of asset objects unloaded after import = 1
========================================================================
Received Import Request.
  Time since last request: 0.000025 seconds.
  path: Assets/Blink/Art/Icons/Classes/Symbiose/Enchanter/Enchanter18.png
  artifactKey: Guid(0f182fb2863faa7449e020de33b77e68) Importer(2089858483,0ecaa5967403d082aa24f35e1b516d23)
Start importing Assets/Blink/Art/Icons/Classes/Symbiose/Enchanter/Enchanter18.png using Guid(0f182fb2863faa7449e020de33b77e68) Importer(2089858483,0ecaa5967403d082aa24f35e1b516d23) [PhysX] Initialized MultithreadedTaskDispatcher with 12 workers.
 -> (artifact id: 'c9e3aa628d1041546aeb2d8f501a60ef') in 0.089930 seconds
Number of updated asset objects reloaded before import = 0
Number of asset objects unloaded after import = 3
========================================================================
Received Import Request.
  Time since last request: 0.000026 seconds.
  path: Assets/Blink/Art/Icons/Classes/Symbiose/Beastmaster/BeastMaster19.png
  artifactKey: Guid(c46be55a65cb30e44b7c89e3c0d531da) Importer(2089858483,0ecaa5967403d082aa24f35e1b516d23)
Start importing Assets/Blink/Art/Icons/Classes/Symbiose/Beastmaster/BeastMaster19.png using Guid(c46be55a65cb30e44b7c89e3c0d531da) Importer(2089858483,0ecaa5967403d082aa24f35e1b516d23) [PhysX] Initialized MultithreadedTaskDispatcher with 12 workers.
 -> (artifact id: 'b772d48988fff43c25189f74d3afa73e') in 0.030796 seconds
Number of updated asset objects reloaded before import = 0
Number of asset objects unloaded after import = 3
========================================================================
Received Import Request.
  Time since last request: 0.000019 seconds.
  path: Assets/Blink/Art/Icons/Classes/HolyDarkness
  artifactKey: Guid(d658b36d961476d489e5f8276db79b1d) Importer(2089858483,0ecaa5967403d082aa24f35e1b516d23)
Start importing Assets/Blink/Art/Icons/Classes/HolyDarkness using Guid(d658b36d961476d489e5f8276db79b1d) Importer(2089858483,0ecaa5967403d082aa24f35e1b516d23) [PhysX] Initialized MultithreadedTaskDispatcher with 12 workers.
 -> (artifact id: '85a1629c43026f0e190c9f58767a207a') in 0.011176 seconds
Number of updated asset objects reloaded before import = 0
Number of asset objects unloaded after import = 1
========================================================================
Received Import Request.
  Time since last request: 0.000056 seconds.
  path: Assets/Blink/Art/Icons/Classes/Assassin/DemonHunter/DemonHunter20.png
  artifactKey: Guid(63b30c77b2de31d4398b65d935f4713c) Importer(2089858483,0ecaa5967403d082aa24f35e1b516d23)
Start importing Assets/Blink/Art/Icons/Classes/Assassin/DemonHunter/DemonHunter20.png using Guid(63b30c77b2de31d4398b65d935f4713c) Importer(2089858483,0ecaa5967403d082aa24f35e1b516d23) [PhysX] Initialized MultithreadedTaskDispatcher with 12 workers.
 -> (artifact id: '2ad47820ddaa1f3ae68a3e593e575dc7') in 0.031323 seconds
Number of updated asset objects reloaded before import = 0
Number of asset objects unloaded after import = 3
========================================================================
Received Import Request.
  Time since last request: 0.000020 seconds.
  path: Assets/Blink/Art/Icons/Classes/Elementalist/Arcanist/Arcanist1.png
  artifactKey: Guid(4029a9cfeb86f134c9c5af05993eaac8) Importer(2089858483,0ecaa5967403d082aa24f35e1b516d23)
Start importing Assets/Blink/Art/Icons/Classes/Elementalist/Arcanist/Arcanist1.png using Guid(4029a9cfeb86f134c9c5af05993eaac8) Importer(2089858483,0ecaa5967403d082aa24f35e1b516d23) [PhysX] Initialized MultithreadedTaskDispatcher with 12 workers.
 -> (artifact id: 'f20b5013637f6f530c18a768dab7f646') in 0.039014 seconds
Number of updated asset objects reloaded before import = 0
Number of asset objects unloaded after import = 3
========================================================================
Received Import Request.
  Time since last request: 0.000029 seconds.
  path: Assets/3.Script/Units/PlayerUnit.cs
  artifactKey: Guid(0d823fd31c6bfde469968da3e1d85c86) Importer(2089858483,0ecaa5967403d082aa24f35e1b516d23)
Start importing Assets/3.Script/Units/PlayerUnit.cs using Guid(0d823fd31c6bfde469968da3e1d85c86) Importer(2089858483,0ecaa5967403d082aa24f35e1b516d23) [PhysX] Initialized MultithreadedTaskDispatcher with 12 workers.
 -> (artifact id: 'c362bedd5bb30e3c545de7d06227f427') in 0.014556 seconds
Number of updated asset objects reloaded before import = 0
Number of asset objects unloaded after import = 1
========================================================================
Received Import Request.
  Time since last request: 0.000023 seconds.
  path: Assets/Blink/Art/Icons/Classes/Elementalist/Cryomancer/Cryomancer17.png
  artifactKey: Guid(f5ab3f534c1138f4786f23cd74103223) Importer(2089858483,0ecaa5967403d082aa24f35e1b516d23)
Start importing Assets/Blink/Art/Icons/Classes/Elementalist/Cryomancer/Cryomancer17.png using Guid(f5ab3f534c1138f4786f23cd74103223) Importer(2089858483,0ecaa5967403d082aa24f35e1b516d23) [PhysX] Initialized MultithreadedTaskDispatcher with 12 workers.
 -> (artifact id: '30b3c26586d4c761a3f8d0c982dc5d33') in 0.028856 seconds
Number of updated asset objects reloaded before import = 0
Number of asset objects unloaded after import = 3
========================================================================
Received Import Request.
  Time since last request: 0.000025 seconds.
  path: Assets/Blink/Art/Icons/Classes/Warrior/Berserker/Berserker10.png
  artifactKey: Guid(2bbebcc9ca74c2c47bc5238486432710) Importer(2089858483,0ecaa5967403d082aa24f35e1b516d23)
Start importing Assets/Blink/Art/Icons/Classes/Warrior/Berserker/Berserker10.png using Guid(2bbebcc9ca74c2c47bc5238486432710) Importer(2089858483,0ecaa5967403d082aa24f35e1b516d23) [PhysX] Initialized MultithreadedTaskDispatcher with 12 workers.
 -> (artifact id: '969509280e96b9ac86c1c9d4fb1812d7') in 0.031462 seconds
Number of updated asset objects reloaded before import = 0
Number of asset objects unloaded after import = 3
========================================================================
Received Import Request.
  Time since last request: 0.000022 seconds.
  path: Assets/Blink/Art/Icons/Classes/HolyDarkness/Paladin/Paladin10.png
  artifactKey: Guid(b11f9c52da2945740b5078d84177a9ab) Importer(2089858483,0ecaa5967403d082aa24f35e1b516d23)
Start importing Assets/Blink/Art/Icons/Classes/HolyDarkness/Paladin/Paladin10.png using Guid(b11f9c52da2945740b5078d84177a9ab) Importer(2089858483,0ecaa5967403d082aa24f35e1b516d23) [PhysX] Initialized MultithreadedTaskDispatcher with 12 workers.
 -> (artifact id: '1e85c1387ba2f064636360ca84b14e2b') in 0.033815 seconds
Number of updated asset objects reloaded before import = 0
Number of asset objects unloaded after import = 3
========================================================================
Received Import Request.
  Time since last request: 0.000019 seconds.
  path: Assets/Blink/Art/Icons/Classes/Symbiose/Shapeshifter/ShapeShifter20.png
  artifactKey: Guid(1004daa7515009d4ea9ae2e8b15feda7) Importer(2089858483,0ecaa5967403d082aa24f35e1b516d23)
Start importing Assets/Blink/Art/Icons/Classes/Symbiose/Shapeshifter/ShapeShifter20.png using Guid(1004daa7515009d4ea9ae2e8b15feda7) Importer(2089858483,0ecaa5967403d082aa24f35e1b516d23) [PhysX] Initialized MultithreadedTaskDispatcher with 12 workers.
 -> (artifact id: '4da313ec3b79999361096b83819524bb') in 0.035715 seconds
Number of updated asset objects reloaded before import = 0
Number of asset objects unloaded after import = 3
========================================================================
Received Import Request.
  Time since last request: 0.000024 seconds.
  path: Assets/Blink/Art/Icons/Classes/Elementalist/Electromancer
  artifactKey: Guid(3f216116b1af45c4483dc323c8a60959) Importer(2089858483,0ecaa5967403d082aa24f35e1b516d23)
Start importing Assets/Blink/Art/Icons/Classes/Elementalist/Electromancer using Guid(3f216116b1af45c4483dc323c8a60959) Importer(2089858483,0ecaa5967403d082aa24f35e1b516d23) [PhysX] Initialized MultithreadedTaskDispatcher with 12 workers.
 -> (artifact id: '6bf3dd476001118e50eb490ddf13144b') in 0.011803 seconds
Number of updated asset objects reloaded before import = 0
Number of asset objects unloaded after import = 1
========================================================================
Received Import Request.
  Time since last request: 0.000020 seconds.
  path: Assets/3.Script/DataDTO/SkillData.cs
  artifactKey: Guid(453bc610fb00c5a42a614c3d2c188058) Importer(2089858483,0ecaa5967403d082aa24f35e1b516d23)
Start importing Assets/3.Script/DataDTO/SkillData.cs using Guid(453bc610fb00c5a42a614c3d2c188058) Importer(2089858483,0ecaa5967403d082aa24f35e1b516d23) [PhysX] Initialized MultithreadedTaskDispatcher with 12 workers.
 -> (artifact id: 'fd7bad463e21359e677e490a80a09cb6') in 0.014843 seconds
Number of updated asset objects reloaded before import = 0
Number of asset objects unloaded after import = 1
========================================================================
Received Import Request.
  Time since last request: 0.000022 seconds.
  path: Assets/Blink/Art/Icons/Classes/Warrior/Deathknight
  artifactKey: Guid(f8519c89df32d8c4f89758178e9a5057) Importer(2089858483,0ecaa5967403d082aa24f35e1b516d23)
Start importing Assets/Blink/Art/Icons/Classes/Warrior/Deathknight using Guid(f8519c89df32d8c4f89758178e9a5057) Importer(2089858483,0ecaa5967403d082aa24f35e1b516d23) [PhysX] Initialized MultithreadedTaskDispatcher with 12 workers.
 -> (artifact id: '658add0531698389fa9bb4cffbf61609') in 0.014123 seconds
Number of updated asset objects reloaded before import = 0
Number of asset objects unloaded after import = 1
========================================================================
Received Import Request.
  Time since last request: 0.000026 seconds.
  path: Assets/Blink/Art/Icons/Classes/Assassin/Ranger/Ranger2.png
  artifactKey: Guid(313eb4d0157f6ec418d857892d7b44ad) Importer(2089858483,0ecaa5967403d082aa24f35e1b516d23)
Start importing Assets/Blink/Art/Icons/Classes/Assassin/Ranger/Ranger2.png using Guid(313eb4d0157f6ec418d857892d7b44ad) Importer(2089858483,0ecaa5967403d082aa24f35e1b516d23) [PhysX] Initialized MultithreadedTaskDispatcher with 12 workers.
 -> (artifact id: '42b9d153c512e20eb83becc6ddbc1cda') in 0.043396 seconds
Number of updated asset objects reloaded before import = 0
Number of asset objects unloaded after import = 3
========================================================================
Received Import Request.
  Time since last request: 0.000019 seconds.
  path: Assets/3.Script/Turn/SimpleCombatExecutor.cs
  artifactKey: Guid(4fe1772faba19ea4091a450715f532a0) Importer(2089858483,0ecaa5967403d082aa24f35e1b516d23)
Start importing Assets/3.Script/Turn/SimpleCombatExecutor.cs using Guid(4fe1772faba19ea4091a450715f532a0) Importer(2089858483,0ecaa5967403d082aa24f35e1b516d23) [PhysX] Initialized MultithreadedTaskDispatcher with 12 workers.
 -> (artifact id: '078c6e0c1cad7d700b844ff752d3c6bc') in 0.017446 seconds
Number of updated asset objects reloaded before import = 0
Number of asset objects unloaded after import = 1
========================================================================
Received Import Request.
  Time since last request: 0.000029 seconds.
  path: Assets/Blink/Art/Icons/Classes/Assassin/Hunter
  artifactKey: Guid(a4bbb9f4a2706524d8c81fc8b42804db) Importer(2089858483,0ecaa5967403d082aa24f35e1b516d23)
Start importing Assets/Blink/Art/Icons/Classes/Assassin/Hunter using Guid(a4bbb9f4a2706524d8c81fc8b42804db) Importer(2089858483,0ecaa5967403d082aa24f35e1b516d23) [PhysX] Initialized MultithreadedTaskDispatcher with 12 workers.
 -> (artifact id: 'c566b8988f9f1d6e31146c22046fa6fc') in 0.016101 seconds
Number of updated asset objects reloaded before import = 0
Number of asset objects unloaded after import = 1
========================================================================
Received Import Request.
  Time since last request: 0.000032 seconds.
  path: Assets/Blink/Art/Icons/Classes/Warrior/Guardian
  artifactKey: Guid(00b4e85cce9dd3f42814dd9336d9dd1a) Importer(2089858483,0ecaa5967403d082aa24f35e1b516d23)
Start importing Assets/Blink/Art/Icons/Classes/Warrior/Guardian using Guid(00b4e85cce9dd3f42814dd9336d9dd1a) Importer(2089858483,0ecaa5967403d082aa24f35e1b516d23) [PhysX] Initialized MultithreadedTaskDispatcher with 12 workers.
 -> (artifact id: '126ab841df66587972d595f2bba27ef5') in 0.015895 seconds
Number of updated asset objects reloaded before import = 0
Number of asset objects unloaded after import = 1
========================================================================
Received Import Request.
  Time since last request: 0.000018 seconds.
  path: Assets/Blink/Art/Icons/Classes/Warrior/Dragonknight
  artifactKey: Guid(712d70b216ee4c34dbe64b3e42501f25) Importer(2089858483,0ecaa5967403d082aa24f35e1b516d23)
Start importing Assets/Blink/Art/Icons/Classes/Warrior/Dragonknight using Guid(712d70b216ee4c34dbe64b3e42501f25) Importer(2089858483,0ecaa5967403d082aa24f35e1b516d23) [PhysX] Initialized MultithreadedTaskDispatcher with 12 workers.
 -> (artifact id: '9c8768aa9a1f87869df701fa4935ee43') in 0.013544 seconds
Number of updated asset objects reloaded before import = 0
Number of asset objects unloaded after import = 1
========================================================================
Received Import Request.
  Time since last request: 0.000026 seconds.
  path: Assets/3.Script/Factory
  artifactKey: Guid(068b86b5d06365c449b5238bb8c28e22) Importer(2089858483,0ecaa5967403d082aa24f35e1b516d23)
Start importing Assets/3.Script/Factory using Guid(068b86b5d06365c449b5238bb8c28e22) Importer(2089858483,0ecaa5967403d082aa24f35e1b516d23) [PhysX] Initialized MultithreadedTaskDispatcher with 12 workers.
 -> (artifact id: '9c9d53db8ae084bd680fffe4dc662ddf') in 0.013971 seconds
Number of updated asset objects reloaded before import = 0
Number of asset objects unloaded after import = 1
========================================================================
Received Import Request.
  Time since last request: 0.000017 seconds.
  path: Assets/Blink/Art/Icons/Classes/Assassin/Brawler
  artifactKey: Guid(1c8e55804084ffd41a7db3ff45ddaaed) Importer(2089858483,0ecaa5967403d082aa24f35e1b516d23)
Start importing Assets/Blink/Art/Icons/Classes/Assassin/Brawler using Guid(1c8e55804084ffd41a7db3ff45ddaaed) Importer(2089858483,0ecaa5967403d082aa24f35e1b516d23) [PhysX] Initialized MultithreadedTaskDispatcher with 12 workers.
 -> (artifact id: 'f72ddbf9c6dae688481014339b7da45f') in 0.012524 seconds
Number of updated asset objects reloaded before import = 0
Number of asset objects unloaded after import = 1
========================================================================
Received Import Request.
  Time since last request: 0.000019 seconds.
  path: Assets/Blink/Art/Icons/Classes/HolyDarkness/Priest/Priest13.png
  artifactKey: Guid(0ad2337320c1b5841ba3ceb24de6e91a) Importer(2089858483,0ecaa5967403d082aa24f35e1b516d23)
Start importing Assets/Blink/Art/Icons/Classes/HolyDarkness/Priest/Priest13.png using Guid(0ad2337320c1b5841ba3ceb24de6e91a) Importer(2089858483,0ecaa5967403d082aa24f35e1b516d23) [PhysX] Initialized MultithreadedTaskDispatcher with 12 workers.
 -> (artifact id: '8104c06991ec65e4f295d1a625b46001') in 0.029715 seconds
Number of updated asset objects reloaded before import = 0
Number of asset objects unloaded after import = 3
========================================================================
Received Import Request.
  Time since last request: 0.000017 seconds.
  path: Assets/Blink/Art/Icons/Classes/Elementalist/Pyromancer/Pyromancer2.png
  artifactKey: Guid(dd3885098198d104888439be4c590aba) Importer(2089858483,0ecaa5967403d082aa24f35e1b516d23)
Start importing Assets/Blink/Art/Icons/Classes/Elementalist/Pyromancer/Pyromancer2.png using Guid(dd3885098198d104888439be4c590aba) Importer(2089858483,0ecaa5967403d082aa24f35e1b516d23) [PhysX] Initialized MultithreadedTaskDispatcher with 12 workers.
 -> (artifact id: '897cb7165ead9b881d3b859fa64a84c9') in 0.029005 seconds
Number of updated asset objects reloaded before import = 0
Number of asset objects unloaded after import = 3
========================================================================
Received Import Request.
  Time since last request: 0.000018 seconds.
  path: Assets/3.Script/Bootstrap/GameInitializer.cs
  artifactKey: Guid(90578c67f2904594f9925736b5c8f1a5) Importer(2089858483,0ecaa5967403d082aa24f35e1b516d23)
Start importing Assets/3.Script/Bootstrap/GameInitializer.cs using Guid(90578c67f2904594f9925736b5c8f1a5) Importer(2089858483,0ecaa5967403d082aa24f35e1b516d23) [PhysX] Initialized MultithreadedTaskDispatcher with 12 workers.
 -> (artifact id: '4ef95634a3a16836c074cfdbbe47d947') in 0.014074 seconds
Number of updated asset objects reloaded before import = 0
Number of asset objects unloaded after import = 1
========================================================================
Received Import Request.
  Time since last request: 0.000025 seconds.
  path: Assets/Blink/Art/Icons/Classes/HolyDarkness/Necromancer
  artifactKey: Guid(0001a51837c46054abd4e2fc7e86062f) Importer(2089858483,0ecaa5967403d082aa24f35e1b516d23)
Start importing Assets/Blink/Art/Icons/Classes/HolyDarkness/Necromancer using Guid(0001a51837c46054abd4e2fc7e86062f) Importer(2089858483,0ecaa5967403d082aa24f35e1b516d23) [PhysX] Initialized MultithreadedTaskDispatcher with 12 workers.
 -> (artifact id: 'd1ffa938058628bbb8916861eb438b04') in 0.012160 seconds
Number of updated asset objects reloaded before import = 0
Number of asset objects unloaded after import = 1
========================================================================
Received Import Request.
  Time since last request: 0.000022 seconds.
  path: Assets/3.Script/Input
  artifactKey: Guid(06715270fc7df7a45b415f87e494b4b1) Importer(2089858483,0ecaa5967403d082aa24f35e1b516d23)
Start importing Assets/3.Script/Input using Guid(06715270fc7df7a45b415f87e494b4b1) Importer(2089858483,0ecaa5967403d082aa24f35e1b516d23) [PhysX] Initialized MultithreadedTaskDispatcher with 12 workers.
 -> (artifact id: '334459188924fa767fee3fd088a23bed') in 0.011720 seconds
Number of updated asset objects reloaded before import = 0
Number of asset objects unloaded after import = 1
========================================================================
Received Import Request.
  Time since last request: 0.000020 seconds.
  path: Assets/Blink/Art/Icons/Classes/Assassin/Ranger/Ranger7.png
  artifactKey: Guid(530bcabb1501d8148a19a77465ecac03) Importer(2089858483,0ecaa5967403d082aa24f35e1b516d23)
Start importing Assets/Blink/Art/Icons/Classes/Assassin/Ranger/Ranger7.png using Guid(530bcabb1501d8148a19a77465ecac03) Importer(2089858483,0ecaa5967403d082aa24f35e1b516d23) [PhysX] Initialized MultithreadedTaskDispatcher with 12 workers.
 -> (artifact id: 'd9f7194dd66a4b86bebc6ddd5d221a11') in 0.032444 seconds
Number of updated asset objects reloaded before import = 0
Number of asset objects unloaded after import = 3
========================================================================
Received Import Request.
  Time since last request: 0.000018 seconds.
  path: Assets/Blink/Art/Icons/Classes/HolyDarkness/Cultist/Cultist12.png
  artifactKey: Guid(e691198d56e3a1848b5009e1ff94dbb5) Importer(2089858483,0ecaa5967403d082aa24f35e1b516d23)
Start importing Assets/Blink/Art/Icons/Classes/HolyDarkness/Cultist/Cultist12.png using Guid(e691198d56e3a1848b5009e1ff94dbb5) Importer(2089858483,0ecaa5967403d082aa24f35e1b516d23) [PhysX] Initialized MultithreadedTaskDispatcher with 12 workers.
 -> (artifact id: '3216f7e768e0945b2dd93f1bcdadc958') in 0.029599 seconds
Number of updated asset objects reloaded before import = 0
Number of asset objects unloaded after import = 3
========================================================================
Received Import Request.
  Time since last request: 0.000024 seconds.
  path: Assets/Blink/Art/Icons/Classes/Elementalist/Pyromancer/Pyromancer7.png
  artifactKey: Guid(8ec5b52b09d90074a83d61c1334190f9) Importer(2089858483,0ecaa5967403d082aa24f35e1b516d23)
Start importing Assets/Blink/Art/Icons/Classes/Elementalist/Pyromancer/Pyromancer7.png using Guid(8ec5b52b09d90074a83d61c1334190f9) Importer(2089858483,0ecaa5967403d082aa24f35e1b516d23) [PhysX] Initialized MultithreadedTaskDispatcher with 12 workers.
 -> (artifact id: '2379b236a4e1851290d02ee897402c6c') in 0.030417 seconds
Number of updated asset objects reloaded before import = 0
Number of asset objects unloaded after import = 3
========================================================================
Received Import Request.
  Time since last request: 0.000025 seconds.
  path: Assets/3.Script/DataDTO/DataManager.cs
  artifactKey: Guid(4e00ba05f1313ee458e6d905ce944180) Importer(2089858483,0ecaa5967403d082aa24f35e1b516d23)
Start importing Assets/3.Script/DataDTO/DataManager.cs using Guid(4e00ba05f1313ee458e6d905ce944180) Importer(2089858483,0ecaa5967403d082aa24f35e1b516d23) [PhysX] Initialized MultithreadedTaskDispatcher with 12 workers.
 -> (artifact id: '033022a95f411fdde961e9467c9c73d3') in 0.015623 seconds
Number of updated asset objects reloaded before import = 0
Number of asset objects unloaded after import = 1
========================================================================
Received Import Request.
  Time since last request: 0.000018 seconds.
  path: Assets/Blink/Art/Icons/Classes/HolyDarkness/Necromancer/Necromancer3.png
  artifactKey: Guid(eac3e2cd2f3070a4cb2521c534e1964f) Importer(2089858483,0ecaa5967403d082aa24f35e1b516d23)
Start importing Assets/Blink/Art/Icons/Classes/HolyDarkness/Necromancer/Necromancer3.png using Guid(eac3e2cd2f3070a4cb2521c534e1964f) Importer(2089858483,0ecaa5967403d082aa24f35e1b516d23) [PhysX] Initialized MultithreadedTaskDispatcher with 12 workers.
 -> (artifact id: '47cc8a8913cd1470570b768a7e2f1d52') in 0.029618 seconds
Number of updated asset objects reloaded before import = 0
Number of asset objects unloaded after import = 3
========================================================================
Received Import Request.
  Time since last request: 0.000018 seconds.
  path: Assets/Blink/Art/Icons/Classes/Symbiose/Beastmaster/BeastMaster4.png
  artifactKey: Guid(030d61925e2f98f4d86e171153ec39e1) Importer(2089858483,0ecaa5967403d082aa24f35e1b516d23)
Start importing Assets/Blink/Art/Icons/Classes/Symbiose/Beastmaster/BeastMaster4.png using Guid(030d61925e2f98f4d86e171153ec39e1) Importer(2089858483,0ecaa5967403d082aa24f35e1b516d23) [PhysX] Initialized MultithreadedTaskDispatcher with 12 workers.
 -> (artifact id: 'bbed3e368b3a80552037201b7a9eecdc') in 0.031441 seconds
Number of updated asset objects reloaded before import = 0
Number of asset objects unloaded after import = 3
========================================================================
Received Import Request.
  Time since last request: 0.000017 seconds.
  path: Assets/Blink/Art/Icons/Classes/Warrior/Guardian/Guardian20.png
  artifactKey: Guid(b066c869b51f9384fa8ac9cce36b4648) Importer(2089858483,0ecaa5967403d082aa24f35e1b516d23)
Start importing Assets/Blink/Art/Icons/Classes/Warrior/Guardian/Guardian20.png using Guid(b066c869b51f9384fa8ac9cce36b4648) Importer(2089858483,0ecaa5967403d082aa24f35e1b516d23) [PhysX] Initialized MultithreadedTaskDispatcher with 12 workers.
 -> (artifact id: '40c1f6473651ad66afa691abe2b89e7e') in 0.032821 seconds
Number of updated asset objects reloaded before import = 0
Number of asset objects unloaded after import = 3
========================================================================
Received Import Request.
  Time since last request: 0.000017 seconds.
  path: Assets/Blink/Art/Icons/Classes/Elementalist
  artifactKey: Guid(dcb8c52ede355c54fb8e95e068b888ef) Importer(2089858483,0ecaa5967403d082aa24f35e1b516d23)
Start importing Assets/Blink/Art/Icons/Classes/Elementalist using Guid(dcb8c52ede355c54fb8e95e068b888ef) Importer(2089858483,0ecaa5967403d082aa24f35e1b516d23) [PhysX] Initialized MultithreadedTaskDispatcher with 12 workers.
 -> (artifact id: '33b13a2e0fc41ccb9862d81a719f08f9') in 0.011721 seconds
Number of updated asset objects reloaded before import = 0
Number of asset objects unloaded after import = 1
========================================================================
Received Import Request.
  Time since last request: 0.000019 seconds.
  path: Assets/Blink/Art/Icons/Classes/Assassin/Hunter/Hunter1.png
  artifactKey: Guid(8d95bcf261f259f4786a397bc66e3705) Importer(2089858483,0ecaa5967403d082aa24f35e1b516d23)
Start importing Assets/Blink/Art/Icons/Classes/Assassin/Hunter/Hunter1.png using Guid(8d95bcf261f259f4786a397bc66e3705) Importer(2089858483,0ecaa5967403d082aa24f35e1b516d23) [PhysX] Initialized MultithreadedTaskDispatcher with 12 workers.
 -> (artifact id: '07f60c950e8fcdcbcb76974f33d09104') in 0.034112 seconds
Number of updated asset objects reloaded before import = 0
Number of asset objects unloaded after import = 3
========================================================================
Received Import Request.
  Time since last request: 0.000027 seconds.
  path: Assets/Blink/Art/Icons/Classes/Assassin/DemonHunter/DemonHunter8.png
  artifactKey: Guid(51dcbb3542a768b49ac5942bd2a0c8bb) Importer(2089858483,0ecaa5967403d082aa24f35e1b516d23)
Start importing Assets/Blink/Art/Icons/Classes/Assassin/DemonHunter/DemonHunter8.png using Guid(51dcbb3542a768b49ac5942bd2a0c8bb) Importer(2089858483,0ecaa5967403d082aa24f35e1b516d23) [PhysX] Initialized MultithreadedTaskDispatcher with 12 workers.
 -> (artifact id: '3ef90c8d332ad99033daa0eca2512b85') in 0.034037 seconds
Number of updated asset objects reloaded before import = 0
Number of asset objects unloaded after import = 3
========================================================================
Received Import Request.
  Time since last request: 0.000027 seconds.
  path: Assets/Blink/Art
  artifactKey: Guid(8c2e4474601091e41aa7e048a1337883) Importer(2089858483,0ecaa5967403d082aa24f35e1b516d23)
Start importing Assets/Blink/Art using Guid(8c2e4474601091e41aa7e048a1337883) Importer(2089858483,0ecaa5967403d082aa24f35e1b516d23) [PhysX] Initialized MultithreadedTaskDispatcher with 12 workers.
 -> (artifact id: 'a0c5b1a6f69da9cd5ef6eac19bd7a09d') in 0.012246 seconds
Number of updated asset objects reloaded before import = 0
Number of asset objects unloaded after import = 1
========================================================================
Received Import Request.
  Time since last request: 0.000030 seconds.
  path: Assets/Blink/Art/Icons/Classes/Symbiose/Enchanter/Enchanter2.png
  artifactKey: Guid(03e6f50b7a998ed46a4c3f9f8cb0855e) Importer(2089858483,0ecaa5967403d082aa24f35e1b516d23)
Start importing Assets/Blink/Art/Icons/Classes/Symbiose/Enchanter/Enchanter2.png using Guid(03e6f50b7a998ed46a4c3f9f8cb0855e) Importer(2089858483,0ecaa5967403d082aa24f35e1b516d23) [PhysX] Initialized MultithreadedTaskDispatcher with 12 workers.
 -> (artifact id: '3beff402469df2120c93b5c3370490ab') in 0.032725 seconds
Number of updated asset objects reloaded before import = 0
Number of asset objects unloaded after import = 3
========================================================================
Received Import Request.
  Time since last request: 0.000023 seconds.
  path: Assets/Resources/UnitStats.csv
  artifactKey: Guid(73c0141ce16eeba498d7c3634133c54d) Importer(2089858483,0ecaa5967403d082aa24f35e1b516d23)
Start importing Assets/Resources/UnitStats.csv using Guid(73c0141ce16eeba498d7c3634133c54d) Importer(2089858483,0ecaa5967403d082aa24f35e1b516d23) [PhysX] Initialized MultithreadedTaskDispatcher with 12 workers.
 -> (artifact id: '001fd2fcdf8ca2b4bf294b24c3da60a1') in 0.022368 seconds
Number of updated asset objects reloaded before import = 0
Number of asset objects unloaded after import = 1
========================================================================
Received Import Request.
  Time since last request: 0.000026 seconds.
  path: Assets/Blink/Art/Icons/Classes/Symbiose
  artifactKey: Guid(29859af8f33f45c45a4c045622c011c7) Importer(2089858483,0ecaa5967403d082aa24f35e1b516d23)
Start importing Assets/Blink/Art/Icons/Classes/Symbiose using Guid(29859af8f33f45c45a4c045622c011c7) Importer(2089858483,0ecaa5967403d082aa24f35e1b516d23) [PhysX] Initialized MultithreadedTaskDispatcher with 12 workers.
 -> (artifact id: '13dbcc71e398e40cbaad06a89cc57946') in 0.011446 seconds
Number of updated asset objects reloaded before import = 0
Number of asset objects unloaded after import = 1
========================================================================
Received Import Request.
  Time since last request: 0.000022 seconds.
  path: Assets/Blink/Art/Icons/Classes/Symbiose/Shaman/Shaman1.png
  artifactKey: Guid(25126c248902e8347a4a2f96259cb92b) Importer(2089858483,0ecaa5967403d082aa24f35e1b516d23)
Start importing Assets/Blink/Art/Icons/Classes/Symbiose/Shaman/Shaman1.png using Guid(25126c248902e8347a4a2f96259cb92b) Importer(2089858483,0ecaa5967403d082aa24f35e1b516d23) [PhysX] Initialized MultithreadedTaskDispatcher with 12 workers.
 -> (artifact id: '395becf08f48f579072c4bf3422ee117') in 0.033650 seconds
Number of updated asset objects reloaded before import = 0
Number of asset objects unloaded after import = 3
========================================================================
Received Import Request.
  Time since last request: 0.000021 seconds.
  path: Assets/Blink/Art/Icons/Classes/Elementalist/Geomancer
  artifactKey: Guid(956fe328f326931479677157444e5283) Importer(2089858483,0ecaa5967403d082aa24f35e1b516d23)
Start importing Assets/Blink/Art/Icons/Classes/Elementalist/Geomancer using Guid(956fe328f326931479677157444e5283) Importer(2089858483,0ecaa5967403d082aa24f35e1b516d23) [PhysX] Initialized MultithreadedTaskDispatcher with 12 workers.
 -> (artifact id: 'cbb0a5a15bf2385d7b4bf300754198d3') in 0.011512 seconds
Number of updated asset objects reloaded before import = 0
Number of asset objects unloaded after import = 1
========================================================================
Received Import Request.
  Time since last request: 0.000021 seconds.
  path: Assets/Blink/Art/Icons/Classes/Warrior/Barbarian
  artifactKey: Guid(a2173f86c9b8ba0479d612d57f352589) Importer(2089858483,0ecaa5967403d082aa24f35e1b516d23)
Start importing Assets/Blink/Art/Icons/Classes/Warrior/Barbarian using Guid(a2173f86c9b8ba0479d612d57f352589) Importer(2089858483,0ecaa5967403d082aa24f35e1b516d23) [PhysX] Initialized MultithreadedTaskDispatcher with 12 workers.
 -> (artifact id: 'e88bf81652732f3f41a19c775492fddb') in 0.012710 seconds
Number of updated asset objects reloaded before import = 0
Number of asset objects unloaded after import = 1
========================================================================
Received Import Request.
  Time since last request: 0.000022 seconds.
  path: Assets/Blink/Art/Icons/Classes/Assassin/Hunter/Hunter10.png
  artifactKey: Guid(b123bdad4f47a734c80135e456f2d162) Importer(2089858483,0ecaa5967403d082aa24f35e1b516d23)
Start importing Assets/Blink/Art/Icons/Classes/Assassin/Hunter/Hunter10.png using Guid(b123bdad4f47a734c80135e456f2d162) Importer(2089858483,0ecaa5967403d082aa24f35e1b516d23) [PhysX] Initialized MultithreadedTaskDispatcher with 12 workers.
 -> (artifact id: 'ce6b0c2671b093cb388d76653d050502') in 0.029662 seconds
Number of updated asset objects reloaded before import = 0
Number of asset objects unloaded after import = 3
========================================================================
Received Import Request.
  Time since last request: 0.985848 seconds.
  path: Assets/Blink/Art/Icons/Classes/Elementalist/Electromancer/Electromancer16.png
  artifactKey: Guid(1458237dbb3c6d54f8fe9d39c0175d00) Importer(2089858483,0ecaa5967403d082aa24f35e1b516d23)
Start importing Assets/Blink/Art/Icons/Classes/Elementalist/Electromancer/Electromancer16.png using Guid(1458237dbb3c6d54f8fe9d39c0175d00) Importer(2089858483,0ecaa5967403d082aa24f35e1b516d23) [PhysX] Initialized MultithreadedTaskDispatcher with 12 workers.
 -> (artifact id: 'fe6c94017dcb63601577b7550114a477') in 0.027406 seconds
Number of updated asset objects reloaded before import = 0
Number of asset objects unloaded after import = 3
========================================================================
Received Import Request.
  Time since last request: 0.000023 seconds.
  path: Assets/Blink/Art/Icons/Classes/HolyDarkness/Necromancer/Necromancer13.png
  artifactKey: Guid(f9fdbb78149b97549afa65f0b3557e9e) Importer(2089858483,0ecaa5967403d082aa24f35e1b516d23)
Start importing Assets/Blink/Art/Icons/Classes/HolyDarkness/Necromancer/Necromancer13.png using Guid(f9fdbb78149b97549afa65f0b3557e9e) Importer(2089858483,0ecaa5967403d082aa24f35e1b516d23) [PhysX] Initialized MultithreadedTaskDispatcher with 12 workers.
 -> (artifact id: '1b00dd53282616653b52a7b177de23b2') in 0.030693 seconds
Number of updated asset objects reloaded before import = 0
Number of asset objects unloaded after import = 3
========================================================================
Received Import Request.
  Time since last request: 0.000021 seconds.
  path: Assets/Blink/Magic Weapon Icons/Variation C/Weapon_06.png
  artifactKey: Guid(09833140f826f42e7946793083760db4) Importer(2089858483,0ecaa5967403d082aa24f35e1b516d23)
Start importing Assets/Blink/Magic Weapon Icons/Variation C/Weapon_06.png using Guid(09833140f826f42e7946793083760db4) Importer(2089858483,0ecaa5967403d082aa24f35e1b516d23) [PhysX] Initialized MultithreadedTaskDispatcher with 12 workers.
 -> (artifact id: 'fbc201ed045f98c7d6cb49d9b0e55a32') in 0.032737 seconds
Number of updated asset objects reloaded before import = 0
Number of asset objects unloaded after import = 3
========================================================================
Received Import Request.
  Time since last request: 0.000019 seconds.
  path: Assets/Blink/Magic Weapon Icons/Variation B/Weapon_04.png
  artifactKey: Guid(9dec0f91ab37142558c609bf856d155a) Importer(2089858483,0ecaa5967403d082aa24f35e1b516d23)
Start importing Assets/Blink/Magic Weapon Icons/Variation B/Weapon_04.png using Guid(9dec0f91ab37142558c609bf856d155a) Importer(2089858483,0ecaa5967403d082aa24f35e1b516d23) [PhysX] Initialized MultithreadedTaskDispatcher with 12 workers.
 -> (artifact id: '17b91f2c519cd87b6e4753cd2f9a2ef0') in 0.029618 seconds
Number of updated asset objects reloaded before import = 0
Number of asset objects unloaded after import = 3
========================================================================
Received Import Request.
  Time since last request: 0.000019 seconds.
  path: Assets/Blink/Magic Weapon Icons/Inactive/Weapon_08_Inactive.png
  artifactKey: Guid(98f4c49dfbc9c4d10be2c41656445e2e) Importer(2089858483,0ecaa5967403d082aa24f35e1b516d23)
Start importing Assets/Blink/Magic Weapon Icons/Inactive/Weapon_08_Inactive.png using Guid(98f4c49dfbc9c4d10be2c41656445e2e) Importer(2089858483,0ecaa5967403d082aa24f35e1b516d23) [PhysX] Initialized MultithreadedTaskDispatcher with 12 workers.
 -> (artifact id: 'bcbda4f5b13e2e7743ffb5fa3c92e603') in 0.036876 seconds
Number of updated asset objects reloaded before import = 0
Number of asset objects unloaded after import = 3
========================================================================
Received Import Request.
  Time since last request: 0.000020 seconds.
  path: Assets/Blink/Magic Weapon Icons/Variation C
  artifactKey: Guid(b557dac92b44944fc8aeeb221da49df7) Importer(2089858483,0ecaa5967403d082aa24f35e1b516d23)
Start importing Assets/Blink/Magic Weapon Icons/Variation C using Guid(b557dac92b44944fc8aeeb221da49df7) Importer(2089858483,0ecaa5967403d082aa24f35e1b516d23) [PhysX] Initialized MultithreadedTaskDispatcher with 12 workers.
 -> (artifact id: '4fa03072fb7d1ad6a12d2da8768b8ff2') in 0.013572 seconds
Number of updated asset objects reloaded before import = 0
Number of asset objects unloaded after import = 1
========================================================================
Received Import Request.
  Time since last request: 0.000028 seconds.
  path: Assets/Blink/Magic Weapon Icons/Inactive/Weapon_25_Inactive.png
  artifactKey: Guid(8075f47f0b89f4869b1f59a54461d9a1) Importer(2089858483,0ecaa5967403d082aa24f35e1b516d23)
Start importing Assets/Blink/Magic Weapon Icons/Inactive/Weapon_25_Inactive.png using Guid(8075f47f0b89f4869b1f59a54461d9a1) Importer(2089858483,0ecaa5967403d082aa24f35e1b516d23) [PhysX] Initialized MultithreadedTaskDispatcher with 12 workers.
 -> (artifact id: '186687ee702a4dc0979345dedeb71685') in 0.035992 seconds
Number of updated asset objects reloaded before import = 0
Number of asset objects unloaded after import = 3
========================================================================
Received Import Request.
  Time since last request: 0.000016 seconds.
  path: Assets/Blink/Art/Icons/Demo/FreeSpellIcons_Blink.unity
  artifactKey: Guid(59b9c063390dd634fb3e0afe847b7570) Importer(2089858483,0ecaa5967403d082aa24f35e1b516d23)
Start importing Assets/Blink/Art/Icons/Demo/FreeSpellIcons_Blink.unity using Guid(59b9c063390dd634fb3e0afe847b7570) Importer(2089858483,0ecaa5967403d082aa24f35e1b516d23) [PhysX] Initialized MultithreadedTaskDispatcher with 12 workers.
 -> (artifact id: 'b4889f1dfa9b056dc4a673940c0ed737') in 0.012571 seconds
Number of updated asset objects reloaded before import = 0
Number of asset objects unloaded after import = 1
========================================================================
Received Import Request.
  Time since last request: 0.000019 seconds.
  path: Assets/Blink/Magic Weapon Icons/Weapon_16.png
  artifactKey: Guid(d45b3c4e87f2c4e38a88656c5ba184d1) Importer(2089858483,0ecaa5967403d082aa24f35e1b516d23)
Start importing Assets/Blink/Magic Weapon Icons/Weapon_16.png using Guid(d45b3c4e87f2c4e38a88656c5ba184d1) Importer(2089858483,0ecaa5967403d082aa24f35e1b516d23) [PhysX] Initialized MultithreadedTaskDispatcher with 12 workers.
 -> (artifact id: '9fde4a912761e012a13a41127e4b47ee') in 0.032496 seconds
Number of updated asset objects reloaded before import = 0
Number of asset objects unloaded after import = 3
========================================================================
Received Import Request.
  Time since last request: 0.000018 seconds.
  path: Assets/Blink/Magic Weapon Icons/Inactive
  artifactKey: Guid(e2b819c646ae54e57827c83abc77912d) Importer(2089858483,0ecaa5967403d082aa24f35e1b516d23)
Start importing Assets/Blink/Magic Weapon Icons/Inactive using Guid(e2b819c646ae54e57827c83abc77912d) Importer(2089858483,0ecaa5967403d082aa24f35e1b516d23) [PhysX] Initialized MultithreadedTaskDispatcher with 12 workers.
 -> (artifact id: '096ce2408561d362cb2899a95c6b1bf1') in 0.011053 seconds
Number of updated asset objects reloaded before import = 0
Number of asset objects unloaded after import = 1
========================================================================
Received Import Request.
  Time since last request: 0.000021 seconds.
  path: Assets/Blink/Magic Weapon Icons/Inactive/Weapon_01_Inactive.png
  artifactKey: Guid(6f3e99fbe6ca04d96bc856798515fcd4) Importer(2089858483,0ecaa5967403d082aa24f35e1b516d23)
Start importing Assets/Blink/Magic Weapon Icons/Inactive/Weapon_01_Inactive.png using Guid(6f3e99fbe6ca04d96bc856798515fcd4) Importer(2089858483,0ecaa5967403d082aa24f35e1b516d23) [PhysX] Initialized MultithreadedTaskDispatcher with 12 workers.
 -> (artifact id: 'fc0cc9df611e44ed6e2f229311dc573f') in 0.032277 seconds
Number of updated asset objects reloaded before import = 0
Number of asset objects unloaded after import = 3
========================================================================
Received Import Request.
  Time since last request: 0.000017 seconds.
  path: Assets/Blink/Magic Weapon Icons/Inactive/Weapon_16_Inactive.png
  artifactKey: Guid(1fcb1a5dbe48d4d76814c5cda079df17) Importer(2089858483,0ecaa5967403d082aa24f35e1b516d23)
Start importing Assets/Blink/Magic Weapon Icons/Inactive/Weapon_16_Inactive.png using Guid(1fcb1a5dbe48d4d76814c5cda079df17) Importer(2089858483,0ecaa5967403d082aa24f35e1b516d23) [PhysX] Initialized MultithreadedTaskDispatcher with 12 workers.
 -> (artifact id: 'ee54a5f8b5d2c7423383faa5ca5bc53b') in 0.092795 seconds
Number of updated asset objects reloaded before import = 0
Number of asset objects unloaded after import = 3
========================================================================
Received Import Request.
  Time since last request: 0.000024 seconds.
  path: Assets/Blink/Magic Weapon Icons/Variation B/Weapon_20.png
  artifactKey: Guid(0bccebf8f88e5449bbda89f6c54bbca2) Importer(2089858483,0ecaa5967403d082aa24f35e1b516d23)
Start importing Assets/Blink/Magic Weapon Icons/Variation B/Weapon_20.png using Guid(0bccebf8f88e5449bbda89f6c54bbca2) Importer(2089858483,0ecaa5967403d082aa24f35e1b516d23) [PhysX] Initialized MultithreadedTaskDispatcher with 12 workers.
 -> (artifact id: 'b650114c9093813237e519ff8c0afbd6') in 0.034235 seconds
Number of updated asset objects reloaded before import = 0
Number of asset objects unloaded after import = 3
========================================================================
Received Import Request.
  Time since last request: 0.000029 seconds.
  path: Assets/Blink/Magic Weapon Icons/Variation C/Weapon_17.png
  artifactKey: Guid(5c3bab43368ef40be82e2c6c4c5b96b7) Importer(2089858483,0ecaa5967403d082aa24f35e1b516d23)
Start importing Assets/Blink/Magic Weapon Icons/Variation C/Weapon_17.png using Guid(5c3bab43368ef40be82e2c6c4c5b96b7) Importer(2089858483,0ecaa5967403d082aa24f35e1b516d23) [PhysX] Initialized MultithreadedTaskDispatcher with 12 workers.
 -> (artifact id: 'dcbefacc628e9939213fff0458fae99b') in 0.033334 seconds
Number of updated asset objects reloaded before import = 0
Number of asset objects unloaded after import = 3
========================================================================
Received Import Request.
  Time since last request: 0.000018 seconds.
  path: Assets/Blink/Magic Weapon Icons/Variation C/Weapon_23.png
  artifactKey: Guid(072ca68093d1c436dabcf5d37768b1c0) Importer(2089858483,0ecaa5967403d082aa24f35e1b516d23)
Start importing Assets/Blink/Magic Weapon Icons/Variation C/Weapon_23.png using Guid(072ca68093d1c436dabcf5d37768b1c0) Importer(2089858483,0ecaa5967403d082aa24f35e1b516d23) [PhysX] Initialized MultithreadedTaskDispatcher with 12 workers.
 -> (artifact id: 'ea8529993a524f11281847fd5c26ed1e') in 0.032262 seconds
Number of updated asset objects reloaded before import = 0
Number of asset objects unloaded after import = 3
========================================================================
Received Import Request.
  Time since last request: 0.000022 seconds.
  path: Assets/Blink/Magic Weapon Icons/Variation D/Weapon_03.png
  artifactKey: Guid(ab8b371b503fc4c7d8f85d222a679255) Importer(2089858483,0ecaa5967403d082aa24f35e1b516d23)
Start importing Assets/Blink/Magic Weapon Icons/Variation D/Weapon_03.png using Guid(ab8b371b503fc4c7d8f85d222a679255) Importer(2089858483,0ecaa5967403d082aa24f35e1b516d23) [PhysX] Initialized MultithreadedTaskDispatcher with 12 workers.
 -> (artifact id: 'a3d26c45fa4f85d1c644390a2c7e0063') in 0.035262 seconds
Number of updated asset objects reloaded before import = 0
Number of asset objects unloaded after import = 3
========================================================================
Received Import Request.
  Time since last request: 0.000017 seconds.
  path: Assets/Blink/Magic Weapon Icons/Inactive/Weapon_09_Inactive.png
  artifactKey: Guid(4fa95fd0d4a334c9fa0b9ca51ac0987d) Importer(2089858483,0ecaa5967403d082aa24f35e1b516d23)
Start importing Assets/Blink/Magic Weapon Icons/Inactive/Weapon_09_Inactive.png using Guid(4fa95fd0d4a334c9fa0b9ca51ac0987d) Importer(2089858483,0ecaa5967403d082aa24f35e1b516d23) [PhysX] Initialized MultithreadedTaskDispatcher with 12 workers.
 -> (artifact id: 'b25abcb552a31e27dc7ab5b584941fba') in 0.032864 seconds
Number of updated asset objects reloaded before import = 0
Number of asset objects unloaded after import = 3
========================================================================
Received Import Request.
  Time since last request: 0.000018 seconds.
  path: Assets/Blink/Magic Weapon Icons/Variation C/Weapon_20.png
  artifactKey: Guid(6d24fe12a18f24fe2bf3c0ae5db058d6) Importer(2089858483,0ecaa5967403d082aa24f35e1b516d23)
Start importing Assets/Blink/Magic Weapon Icons/Variation C/Weapon_20.png using Guid(6d24fe12a18f24fe2bf3c0ae5db058d6) Importer(2089858483,0ecaa5967403d082aa24f35e1b516d23) [PhysX] Initialized MultithreadedTaskDispatcher with 12 workers.
 -> (artifact id: 'ea678979832bfd2cf15cc62687a81bc5') in 0.037089 seconds
Number of updated asset objects reloaded before import = 0
Number of asset objects unloaded after import = 3
========================================================================
Received Import Request.
  Time since last request: 0.000019 seconds.
  path: Assets/Blink/Magic Weapon Icons/Weapon_17.png
  artifactKey: Guid(f2612560389d64920bf1cf12ae57d424) Importer(2089858483,0ecaa5967403d082aa24f35e1b516d23)
Start importing Assets/Blink/Magic Weapon Icons/Weapon_17.png using Guid(f2612560389d64920bf1cf12ae57d424) Importer(2089858483,0ecaa5967403d082aa24f35e1b516d23) [PhysX] Initialized MultithreadedTaskDispatcher with 12 workers.
 -> (artifact id: 'fbf8593c26f0beee60caf0661a691847') in 0.035315 seconds
Number of updated asset objects reloaded before import = 0
Number of asset objects unloaded after import = 3
========================================================================
Received Import Request.
  Time since last request: 0.000019 seconds.
  path: Assets/Blink/Magic Weapon Icons/Variation A
  artifactKey: Guid(474baa3ee601e40f0b3bae5a66bf36cc) Importer(2089858483,0ecaa5967403d082aa24f35e1b516d23)
Start importing Assets/Blink/Magic Weapon Icons/Variation A using Guid(474baa3ee601e40f0b3bae5a66bf36cc) Importer(2089858483,0ecaa5967403d082aa24f35e1b516d23) [PhysX] Initialized MultithreadedTaskDispatcher with 12 workers.
 -> (artifact id: '537180355e9f8014a06c76cfb7740ba5') in 0.013055 seconds
Number of updated asset objects reloaded before import = 0
Number of asset objects unloaded after import = 1
========================================================================
Received Import Request.
  Time since last request: 0.000029 seconds.
  path: Assets/Blink/Magic Weapon Icons/Variation B/Weapon_02.png
  artifactKey: Guid(b93446774df1f4c258a1ef5f42c8fde9) Importer(2089858483,0ecaa5967403d082aa24f35e1b516d23)
Start importing Assets/Blink/Magic Weapon Icons/Variation B/Weapon_02.png using Guid(b93446774df1f4c258a1ef5f42c8fde9) Importer(2089858483,0ecaa5967403d082aa24f35e1b516d23) [PhysX] Initialized MultithreadedTaskDispatcher with 12 workers.
 -> (artifact id: 'd1c0eca4544b680539c79d2ebe2323f3') in 0.035517 seconds
Number of updated asset objects reloaded before import = 0
Number of asset objects unloaded after import = 3
========================================================================
Received Import Request.
  Time since last request: 0.000016 seconds.
  path: Assets/Blink/Magic Weapon Icons/Variation B/Weapon_24.png
  artifactKey: Guid(a2ba56039cca54df08105788c69205d8) Importer(2089858483,0ecaa5967403d082aa24f35e1b516d23)
Start importing Assets/Blink/Magic Weapon Icons/Variation B/Weapon_24.png using Guid(a2ba56039cca54df08105788c69205d8) Importer(2089858483,0ecaa5967403d082aa24f35e1b516d23) [PhysX] Initialized MultithreadedTaskDispatcher with 12 workers.
 -> (artifact id: '607a34350e775806f7aca22d8f3243bb') in 0.030031 seconds
Number of updated asset objects reloaded before import = 0
Number of asset objects unloaded after import = 3
========================================================================
Received Import Request.
  Time since last request: 0.000017 seconds.
  path: Assets/Blink/Art/Icons/Classes/HolyDarkness/Priest/Priest8.png
  artifactKey: Guid(feb8709f10385a94095b55fe8d0f625c) Importer(2089858483,0ecaa5967403d082aa24f35e1b516d23)
Start importing Assets/Blink/Art/Icons/Classes/HolyDarkness/Priest/Priest8.png using Guid(feb8709f10385a94095b55fe8d0f625c) Importer(2089858483,0ecaa5967403d082aa24f35e1b516d23) [PhysX] Initialized MultithreadedTaskDispatcher with 12 workers.
 -> (artifact id: 'b419e4f31d8629503270cb4a7333aa24') in 0.030103 seconds
Number of updated asset objects reloaded before import = 0
Number of asset objects unloaded after import = 3
========================================================================
Received Import Request.
  Time since last request: 0.000017 seconds.
  path: Assets/Blink/Magic Weapon Icons/Variation D/Weapon_19.png
  artifactKey: Guid(6ca0d746e32324cc480a8bdfc11577d1) Importer(2089858483,0ecaa5967403d082aa24f35e1b516d23)
Start importing Assets/Blink/Magic Weapon Icons/Variation D/Weapon_19.png using Guid(6ca0d746e32324cc480a8bdfc11577d1) Importer(2089858483,0ecaa5967403d082aa24f35e1b516d23) [PhysX] Initialized MultithreadedTaskDispatcher with 12 workers.
 -> (artifact id: '51d6dff004e33843afab89930c863f03') in 0.033764 seconds
Number of updated asset objects reloaded before import = 0
Number of asset objects unloaded after import = 3
========================================================================
Received Import Request.
  Time since last request: 0.000017 seconds.
  path: Assets/Blink/Magic Weapon Icons/Variation B/Weapon_25.png
  artifactKey: Guid(824b2da0f4b8a4415b7d9187304d5732) Importer(2089858483,0ecaa5967403d082aa24f35e1b516d23)
Start importing Assets/Blink/Magic Weapon Icons/Variation B/Weapon_25.png using Guid(824b2da0f4b8a4415b7d9187304d5732) Importer(2089858483,0ecaa5967403d082aa24f35e1b516d23) [PhysX] Initialized MultithreadedTaskDispatcher with 12 workers.
 -> (artifact id: 'f7213bfdba129807c723276b404987fd') in 0.030322 seconds
Number of updated asset objects reloaded before import = 0
Number of asset objects unloaded after import = 3
========================================================================
Received Import Request.
  Time since last request: 0.000019 seconds.
  path: Assets/Blink/Magic Weapon Icons/Weapon_02.png
  artifactKey: Guid(b612081374aef40ca836a2cecd70acbb) Importer(2089858483,0ecaa5967403d082aa24f35e1b516d23)
Start importing Assets/Blink/Magic Weapon Icons/Weapon_02.png using Guid(b612081374aef40ca836a2cecd70acbb) Importer(2089858483,0ecaa5967403d082aa24f35e1b516d23) [PhysX] Initialized MultithreadedTaskDispatcher with 12 workers.
 -> (artifact id: '9ae03978fac95bb3030980668cfafec8') in 0.030003 seconds
Number of updated asset objects reloaded before import = 0
Number of asset objects unloaded after import = 3
========================================================================
Received Import Request.
  Time since last request: 0.000018 seconds.
  path: Assets/Blink/Magic Weapon Icons/PreviewScene.unity
  artifactKey: Guid(a3a482c27f49d464a8f2a7a403442165) Importer(2089858483,0ecaa5967403d082aa24f35e1b516d23)
Start importing Assets/Blink/Magic Weapon Icons/PreviewScene.unity using Guid(a3a482c27f49d464a8f2a7a403442165) Importer(2089858483,0ecaa5967403d082aa24f35e1b516d23) [PhysX] Initialized MultithreadedTaskDispatcher with 12 workers.
 -> (artifact id: 'ec0e4babedad9a05b86e518c0c7d395b') in 0.012956 seconds
Number of updated asset objects reloaded before import = 0
Number of asset objects unloaded after import = 1
========================================================================
Received Import Request.
  Time since last request: 0.000020 seconds.
  path: Assets/Blink/Magic Weapon Icons/Variation A/Weapon_19.png
  artifactKey: Guid(def793610163e4abd885027420a8f9f4) Importer(2089858483,0ecaa5967403d082aa24f35e1b516d23)
Start importing Assets/Blink/Magic Weapon Icons/Variation A/Weapon_19.png using Guid(def793610163e4abd885027420a8f9f4) Importer(2089858483,0ecaa5967403d082aa24f35e1b516d23) [PhysX] Initialized MultithreadedTaskDispatcher with 12 workers.
 -> (artifact id: 'bd1e7a4e00d97640984e7cbfc87e2b33') in 0.030165 seconds
Number of updated asset objects reloaded before import = 0
Number of asset objects unloaded after import = 3
========================================================================
Received Import Request.
  Time since last request: 0.000033 seconds.
  path: Assets/Blink/Magic Weapon Icons/Inactive/Weapon_03_Inactive.png
  artifactKey: Guid(28c3cbac41f384bbe89591285784bc68) Importer(2089858483,0ecaa5967403d082aa24f35e1b516d23)
Start importing Assets/Blink/Magic Weapon Icons/Inactive/Weapon_03_Inactive.png using Guid(28c3cbac41f384bbe89591285784bc68) Importer(2089858483,0ecaa5967403d082aa24f35e1b516d23) [PhysX] Initialized MultithreadedTaskDispatcher with 12 workers.
 -> (artifact id: '9ab1a1402cd1b75fcaea051bd38f15bd') in 0.031527 seconds
Number of updated asset objects reloaded before import = 0
Number of asset objects unloaded after import = 3
========================================================================
Received Import Request.
  Time since last request: 0.000027 seconds.
  path: Assets/Blink/Magic Weapon Icons/Variation B/Weapon_15.png
  artifactKey: Guid(60cff484b759c4b32bde9d516fffeb16) Importer(2089858483,0ecaa5967403d082aa24f35e1b516d23)
Start importing Assets/Blink/Magic Weapon Icons/Variation B/Weapon_15.png using Guid(60cff484b759c4b32bde9d516fffeb16) Importer(2089858483,0ecaa5967403d082aa24f35e1b516d23) [PhysX] Initialized MultithreadedTaskDispatcher with 12 workers.
 -> (artifact id: '30d71a98b85bed88b85c2ebb0e95044b') in 0.030341 seconds
Number of updated asset objects reloaded before import = 0
Number of asset objects unloaded after import = 3
========================================================================
Received Import Request.
  Time since last request: 0.000017 seconds.
  path: Assets/Blink/Magic Weapon Icons/Variation B/Weapon_17.png
  artifactKey: Guid(e42582761f2004ed18e7c41009e2a6f9) Importer(2089858483,0ecaa5967403d082aa24f35e1b516d23)
Start importing Assets/Blink/Magic Weapon Icons/Variation B/Weapon_17.png using Guid(e42582761f2004ed18e7c41009e2a6f9) Importer(2089858483,0ecaa5967403d082aa24f35e1b516d23) [PhysX] Initialized MultithreadedTaskDispatcher with 12 workers.
 -> (artifact id: 'e45e4af801e22d253501b9b1d19617fe') in 0.034735 seconds
Number of updated asset objects reloaded before import = 0
Number of asset objects unloaded after import = 3
========================================================================
Received Import Request.
  Time since last request: 0.000027 seconds.
  path: Assets/Blink/Magic Weapon Icons/Variation B/Weapon_23.png
  artifactKey: Guid(a97713e2dc9954f50a114bc9926267ed) Importer(2089858483,0ecaa5967403d082aa24f35e1b516d23)
Start importing Assets/Blink/Magic Weapon Icons/Variation B/Weapon_23.png using Guid(a97713e2dc9954f50a114bc9926267ed) Importer(2089858483,0ecaa5967403d082aa24f35e1b516d23) [PhysX] Initialized MultithreadedTaskDispatcher with 12 workers.
 -> (artifact id: '7068d8e4d3e55ac4dc32e0dba52ffb6f') in 0.029874 seconds
Number of updated asset objects reloaded before import = 0
Number of asset objects unloaded after import = 3
========================================================================
Received Import Request.
  Time since last request: 0.000021 seconds.
  path: Assets/Blink/Magic Weapon Icons/Variation A/Weapon_03.png
  artifactKey: Guid(63d3180b6e96d44f3b8a44f686387314) Importer(2089858483,0ecaa5967403d082aa24f35e1b516d23)
Start importing Assets/Blink/Magic Weapon Icons/Variation A/Weapon_03.png using Guid(63d3180b6e96d44f3b8a44f686387314) Importer(2089858483,0ecaa5967403d082aa24f35e1b516d23) [PhysX] Initialized MultithreadedTaskDispatcher with 12 workers.
 -> (artifact id: '9872debb44518fa1dbf6a81fb493d549') in 0.036400 seconds
Number of updated asset objects reloaded before import = 0
Number of asset objects unloaded after import = 3
========================================================================
Received Import Request.
  Time since last request: 0.000017 seconds.
  path: Assets/Blink/Magic Weapon Icons/Inactive/Weapon_17_Inactive.png
  artifactKey: Guid(e8a6d9d54f4d3453ab92eade0734ab34) Importer(2089858483,0ecaa5967403d082aa24f35e1b516d23)
Start importing Assets/Blink/Magic Weapon Icons/Inactive/Weapon_17_Inactive.png using Guid(e8a6d9d54f4d3453ab92eade0734ab34) Importer(2089858483,0ecaa5967403d082aa24f35e1b516d23) [PhysX] Initialized MultithreadedTaskDispatcher with 12 workers.
 -> (artifact id: '782e32d939628f1f931e82ccffca739b') in 0.031245 seconds
Number of updated asset objects reloaded before import = 0
Number of asset objects unloaded after import = 3
========================================================================
Received Import Request.
  Time since last request: 0.000017 seconds.
  path: Assets/Blink/Art/Icons/Classes/Elementalist/Arcanist
  artifactKey: Guid(ebe77a7bc63340c4e93703882dfeed98) Importer(2089858483,0ecaa5967403d082aa24f35e1b516d23)
Start importing Assets/Blink/Art/Icons/Classes/Elementalist/Arcanist using Guid(ebe77a7bc63340c4e93703882dfeed98) Importer(2089858483,0ecaa5967403d082aa24f35e1b516d23) [PhysX] Initialized MultithreadedTaskDispatcher with 12 workers.
 -> (artifact id: '240ab85eb9d602fcf718b21c48fb3ee9') in 0.012496 seconds
Number of updated asset objects reloaded before import = 0
Number of asset objects unloaded after import = 1
========================================================================
Received Import Request.
  Time since last request: 0.000027 seconds.
  path: Assets/Blink/Magic Weapon Icons/Variation B/Weapon_13.png
  artifactKey: Guid(9299f9b3a86034d7ba27b7810696eb1e) Importer(2089858483,0ecaa5967403d082aa24f35e1b516d23)
Start importing Assets/Blink/Magic Weapon Icons/Variation B/Weapon_13.png using Guid(9299f9b3a86034d7ba27b7810696eb1e) Importer(2089858483,0ecaa5967403d082aa24f35e1b516d23) [PhysX] Initialized MultithreadedTaskDispatcher with 12 workers.
 -> (artifact id: 'e638e61029255ee41de30f21bab731d1') in 0.029390 seconds
Number of updated asset objects reloaded before import = 0
Number of asset objects unloaded after import = 3
========================================================================
Received Import Request.
  Time since last request: 0.000030 seconds.
  path: Assets/Blink/Art/Icons/Classes/Warrior/Barbarian/Barbarian14.png
  artifactKey: Guid(3925691c2a021aa429c1dc89712a1253) Importer(2089858483,0ecaa5967403d082aa24f35e1b516d23)
Start importing Assets/Blink/Art/Icons/Classes/Warrior/Barbarian/Barbarian14.png using Guid(3925691c2a021aa429c1dc89712a1253) Importer(2089858483,0ecaa5967403d082aa24f35e1b516d23) [PhysX] Initialized MultithreadedTaskDispatcher with 12 workers.
 -> (artifact id: 'a826adba449fb9f3c1ae04fbd2e54a42') in 0.036366 seconds
Number of updated asset objects reloaded before import = 0
Number of asset objects unloaded after import = 3
========================================================================
Received Import Request.
  Time since last request: 0.000027 seconds.
  path: Assets/Blink/Magic Weapon Icons/Inactive/Weapon_13_Inactive.png
  artifactKey: Guid(7186f16fc4ca3477fb51c60aa8a492de) Importer(2089858483,0ecaa5967403d082aa24f35e1b516d23)
Start importing Assets/Blink/Magic Weapon Icons/Inactive/Weapon_13_Inactive.png using Guid(7186f16fc4ca3477fb51c60aa8a492de) Importer(2089858483,0ecaa5967403d082aa24f35e1b516d23) [PhysX] Initialized MultithreadedTaskDispatcher with 12 workers.
 -> (artifact id: '928f6007bd59f8c1e136004b1077a493') in 0.036719 seconds
Number of updated asset objects reloaded before import = 0
Number of asset objects unloaded after import = 3
========================================================================
Received Import Request.
  Time since last request: 0.000019 seconds.
  path: Assets/Blink/Magic Weapon Icons/Weapon_13.png
  artifactKey: Guid(b70d9d1dd2a084c72bde3845aede29c4) Importer(2089858483,0ecaa5967403d082aa24f35e1b516d23)
Start importing Assets/Blink/Magic Weapon Icons/Weapon_13.png using Guid(b70d9d1dd2a084c72bde3845aede29c4) Importer(2089858483,0ecaa5967403d082aa24f35e1b516d23) [PhysX] Initialized MultithreadedTaskDispatcher with 12 workers.
 -> (artifact id: 'e611a13848dc4c5eea06827071db03ae') in 0.037150 seconds
Number of updated asset objects reloaded before import = 0
Number of asset objects unloaded after import = 3
========================================================================
Received Import Request.
  Time since last request: 0.000022 seconds.
  path: Assets/Blink/Magic Weapon Icons/Variation B/Weapon_09.png
  artifactKey: Guid(a5df33e718e2742d4b680c44d15c3e65) Importer(2089858483,0ecaa5967403d082aa24f35e1b516d23)
Start importing Assets/Blink/Magic Weapon Icons/Variation B/Weapon_09.png using Guid(a5df33e718e2742d4b680c44d15c3e65) Importer(2089858483,0ecaa5967403d082aa24f35e1b516d23) [PhysX] Initialized MultithreadedTaskDispatcher with 12 workers.
 -> (artifact id: 'e6f24dd8274b50885198e3a992d178b2') in 0.032527 seconds
Number of updated asset objects reloaded before import = 0
Number of asset objects unloaded after import = 3
========================================================================
Received Import Request.
  Time since last request: 0.000019 seconds.
  path: Assets/Blink/Magic Weapon Icons/Weapon_08.png
  artifactKey: Guid(8153546d15afd4dbeae0a3fbad5d2e67) Importer(2089858483,0ecaa5967403d082aa24f35e1b516d23)
Start importing Assets/Blink/Magic Weapon Icons/Weapon_08.png using Guid(8153546d15afd4dbeae0a3fbad5d2e67) Importer(2089858483,0ecaa5967403d082aa24f35e1b516d23) [PhysX] Initialized MultithreadedTaskDispatcher with 12 workers.
 -> (artifact id: '4cc38586b44e56a6b6918e9c9cc32a87') in 0.031980 seconds
Number of updated asset objects reloaded before import = 0
Number of asset objects unloaded after import = 3
========================================================================
Received Import Request.
  Time since last request: 0.000019 seconds.
  path: Assets/Blink/Magic Weapon Icons/Weapon_24.png
  artifactKey: Guid(9d5f90e11ae004c5aa975197185f1d75) Importer(2089858483,0ecaa5967403d082aa24f35e1b516d23)
Start importing Assets/Blink/Magic Weapon Icons/Weapon_24.png using Guid(9d5f90e11ae004c5aa975197185f1d75) Importer(2089858483,0ecaa5967403d082aa24f35e1b516d23) [PhysX] Initialized MultithreadedTaskDispatcher with 12 workers.
 -> (artifact id: '9bfd67e48b4825843dbda5aee9401759') in 0.031905 seconds
Number of updated asset objects reloaded before import = 0
Number of asset objects unloaded after import = 3
========================================================================
Received Import Request.
  Time since last request: 0.000019 seconds.
  path: Assets/Blink/Magic Weapon Icons/Variation D/Weapon_16.png
  artifactKey: Guid(c2e2084a773be405aa34c65a9ef9dad7) Importer(2089858483,0ecaa5967403d082aa24f35e1b516d23)
Start importing Assets/Blink/Magic Weapon Icons/Variation D/Weapon_16.png using Guid(c2e2084a773be405aa34c65a9ef9dad7) Importer(2089858483,0ecaa5967403d082aa24f35e1b516d23) [PhysX] Initialized MultithreadedTaskDispatcher with 12 workers.
 -> (artifact id: '9011c33e4642880eaa96f3f6e37d59eb') in 0.033046 seconds
Number of updated asset objects reloaded before import = 0
Number of asset objects unloaded after import = 3
========================================================================
Received Import Request.
  Time since last request: 0.000025 seconds.
  path: Assets/Blink/Magic Weapon Icons/Variation A/Weapon_09.png
  artifactKey: Guid(81d5c51cdc6d64cbfae41b60b0ae69a9) Importer(2089858483,0ecaa5967403d082aa24f35e1b516d23)
Start importing Assets/Blink/Magic Weapon Icons/Variation A/Weapon_09.png using Guid(81d5c51cdc6d64cbfae41b60b0ae69a9) Importer(2089858483,0ecaa5967403d082aa24f35e1b516d23) [PhysX] Initialized MultithreadedTaskDispatcher with 12 workers.
 -> (artifact id: '44d18a2380c406f740255989dc61c3c0') in 0.030696 seconds
Number of updated asset objects reloaded before import = 0
Number of asset objects unloaded after import = 3
========================================================================
Received Import Request.
  Time since last request: 0.000019 seconds.
  path: Assets/Blink/Magic Weapon Icons/Inactive/Weapon_21_Inactive.png
  artifactKey: Guid(e9821421ca15f4403b7804129f321cf8) Importer(2089858483,0ecaa5967403d082aa24f35e1b516d23)
Start importing Assets/Blink/Magic Weapon Icons/Inactive/Weapon_21_Inactive.png using Guid(e9821421ca15f4403b7804129f321cf8) Importer(2089858483,0ecaa5967403d082aa24f35e1b516d23) [PhysX] Initialized MultithreadedTaskDispatcher with 12 workers.
 -> (artifact id: 'fd8ce849fd88f917b2c3be51df247afe') in 0.031909 seconds
Number of updated asset objects reloaded before import = 0
Number of asset objects unloaded after import = 3
========================================================================
Received Import Request.
  Time since last request: 0.000017 seconds.
  path: Assets/Blink/Magic Weapon Icons/Variation A/Weapon_05.png
  artifactKey: Guid(835127c2f6ef84011bb332766f93e988) Importer(2089858483,0ecaa5967403d082aa24f35e1b516d23)
Start importing Assets/Blink/Magic Weapon Icons/Variation A/Weapon_05.png using Guid(835127c2f6ef84011bb332766f93e988) Importer(2089858483,0ecaa5967403d082aa24f35e1b516d23) [PhysX] Initialized MultithreadedTaskDispatcher with 12 workers.
 -> (artifact id: '589fafe768bc505b2b8afbabeae23b7f') in 0.029227 seconds
Number of updated asset objects reloaded before import = 0
Number of asset objects unloaded after import = 3
========================================================================
Received Import Request.
  Time since last request: 0.000017 seconds.
  path: Assets/Blink/Magic Weapon Icons/Inactive/Weapon_19_Inactive.png
  artifactKey: Guid(4c3cfa6cdf7384b7586f6a1307326759) Importer(2089858483,0ecaa5967403d082aa24f35e1b516d23)
Start importing Assets/Blink/Magic Weapon Icons/Inactive/Weapon_19_Inactive.png using Guid(4c3cfa6cdf7384b7586f6a1307326759) Importer(2089858483,0ecaa5967403d082aa24f35e1b516d23) [PhysX] Initialized MultithreadedTaskDispatcher with 12 workers.
 -> (artifact id: '85e102f730649627a108ae27c94ebc7d') in 0.032652 seconds
Number of updated asset objects reloaded before import = 0
Number of asset objects unloaded after import = 3
========================================================================
Received Import Request.
  Time since last request: 0.000016 seconds.
  path: Assets/Blink/Magic Weapon Icons/Variation C/Weapon_12.png
  artifactKey: Guid(578dc449edd6d4c93999c554ac3190eb) Importer(2089858483,0ecaa5967403d082aa24f35e1b516d23)
Start importing Assets/Blink/Magic Weapon Icons/Variation C/Weapon_12.png using Guid(578dc449edd6d4c93999c554ac3190eb) Importer(2089858483,0ecaa5967403d082aa24f35e1b516d23) [PhysX] Initialized MultithreadedTaskDispatcher with 12 workers.
 -> (artifact id: 'aac7689fe8dcf90db59711af971e79ec') in 0.030912 seconds
Number of updated asset objects reloaded before import = 0
Number of asset objects unloaded after import = 3
========================================================================
Received Import Request.
  Time since last request: 0.000015 seconds.
  path: Assets/Blink/Magic Weapon Icons/Variation B/Weapon_08.png
  artifactKey: Guid(dfb210c0889a34a1ebb3c7689b82ce78) Importer(2089858483,0ecaa5967403d082aa24f35e1b516d23)
Start importing Assets/Blink/Magic Weapon Icons/Variation B/Weapon_08.png using Guid(dfb210c0889a34a1ebb3c7689b82ce78) Importer(2089858483,0ecaa5967403d082aa24f35e1b516d23) [PhysX] Initialized MultithreadedTaskDispatcher with 12 workers.
 -> (artifact id: '14d02b907b89228e32dc10ed74a62935') in 0.030228 seconds
Number of updated asset objects reloaded before import = 0
Number of asset objects unloaded after import = 3
========================================================================
Received Import Request.
  Time since last request: 0.000019 seconds.
  path: Assets/Blink/Magic Weapon Icons/Variation B/Weapon_10.png
  artifactKey: Guid(c2f5d5d35b71e43898cbbd8c20c4a4d0) Importer(2089858483,0ecaa5967403d082aa24f35e1b516d23)
Start importing Assets/Blink/Magic Weapon Icons/Variation B/Weapon_10.png using Guid(c2f5d5d35b71e43898cbbd8c20c4a4d0) Importer(2089858483,0ecaa5967403d082aa24f35e1b516d23) [PhysX] Initialized MultithreadedTaskDispatcher with 12 workers.
 -> (artifact id: '48bc0b5735b7a60a0bb3685a2d736f38') in 0.029705 seconds
Number of updated asset objects reloaded before import = 0
Number of asset objects unloaded after import = 3
========================================================================
Received Import Request.
  Time since last request: 0.000020 seconds.
  path: Assets/Blink/Magic Weapon Icons/Inactive/Weapon_02_Inactive.png
  artifactKey: Guid(66abcb3f078484969ba40f06cdfbaee0) Importer(2089858483,0ecaa5967403d082aa24f35e1b516d23)
Start importing Assets/Blink/Magic Weapon Icons/Inactive/Weapon_02_Inactive.png using Guid(66abcb3f078484969ba40f06cdfbaee0) Importer(2089858483,0ecaa5967403d082aa24f35e1b516d23) [PhysX] Initialized MultithreadedTaskDispatcher with 12 workers.
 -> (artifact id: '12767ce3d5430572b7ac46d86087d458') in 0.031017 seconds
Number of updated asset objects reloaded before import = 0
Number of asset objects unloaded after import = 3
========================================================================
Received Import Request.
  Time since last request: 0.615594 seconds.
  path: Assets/Blink/Magic Weapon Icons/Variation D/Weapon_02.png
  artifactKey: Guid(fff340142e4b84e708036c0b51d93ab6) Importer(2089858483,0ecaa5967403d082aa24f35e1b516d23)
Start importing Assets/Blink/Magic Weapon Icons/Variation D/Weapon_02.png using Guid(fff340142e4b84e708036c0b51d93ab6) Importer(2089858483,0ecaa5967403d082aa24f35e1b516d23) [PhysX] Initialized MultithreadedTaskDispatcher with 12 workers.
 -> (artifact id: '60bc3507617d3f81fff779214ca85c43') in 0.027641 seconds
Number of updated asset objects reloaded before import = 0
Number of asset objects unloaded after import = 3
========================================================================
Received Import Request.
  Time since last request: 0.000017 seconds.
  path: Assets/SimplePixelUI/prefabs/Half_color_customizible/square/ScrollBar/ScrollbarLR.prefab
  artifactKey: Guid(fb1fbcdad467ab94a80d1ded96a23d21) Importer(2089858483,0ecaa5967403d082aa24f35e1b516d23)
Start importing Assets/SimplePixelUI/prefabs/Half_color_customizible/square/ScrollBar/ScrollbarLR.prefab using Guid(fb1fbcdad467ab94a80d1ded96a23d21) Importer(2089858483,0ecaa5967403d082aa24f35e1b516d23) [PhysX] Initialized MultithreadedTaskDispatcher with 12 workers.
 -> (artifact id: '08ca48e5a31f4fb00b45d1845403624e') in 0.084753 seconds
Number of updated asset objects reloaded before import = 0
Number of asset objects unloaded after import = 16
========================================================================
Received Import Request.
  Time since last request: 0.000017 seconds.
  path: Assets/SimplePixelUI/artwork/colorCustomizible/rounded
  artifactKey: Guid(a149011ad80bea04e8233471eb6fb357) Importer(2089858483,0ecaa5967403d082aa24f35e1b516d23)
Start importing Assets/SimplePixelUI/artwork/colorCustomizible/rounded using Guid(a149011ad80bea04e8233471eb6fb357) Importer(2089858483,0ecaa5967403d082aa24f35e1b516d23) [PhysX] Initialized MultithreadedTaskDispatcher with 12 workers.
 -> (artifact id: 'ab1bcbdc5a1d4ca3866f7197ea48aedf') in 0.011846 seconds
Number of updated asset objects reloaded before import = 0
Number of asset objects unloaded after import = 1
========================================================================
Received Import Request.
  Time since last request: 0.000019 seconds.
  path: Assets/Blink/Magic Weapon Icons/Variation A/Weapon_01.png
  artifactKey: Guid(2ca0f01bbfea44aacb78e56edc48fc71) Importer(2089858483,0ecaa5967403d082aa24f35e1b516d23)
Start importing Assets/Blink/Magic Weapon Icons/Variation A/Weapon_01.png using Guid(2ca0f01bbfea44aacb78e56edc48fc71) Importer(2089858483,0ecaa5967403d082aa24f35e1b516d23) [PhysX] Initialized MultithreadedTaskDispatcher with 12 workers.
 -> (artifact id: '111e05718895d343782723723fb782ff') in 0.030929 seconds
Number of updated asset objects reloaded before import = 0
Number of asset objects unloaded after import = 3
========================================================================
Received Import Request.
  Time since last request: 0.000024 seconds.
  path: Assets/SimplePixelUI/artwork/colorCustomizible/square/scroll_vertical
  artifactKey: Guid(4970a1dfceb1d194bb6f636b87a839f6) Importer(2089858483,0ecaa5967403d082aa24f35e1b516d23)
Start importing Assets/SimplePixelUI/artwork/colorCustomizible/square/scroll_vertical using Guid(4970a1dfceb1d194bb6f636b87a839f6) Importer(2089858483,0ecaa5967403d082aa24f35e1b516d23) [PhysX] Initialized MultithreadedTaskDispatcher with 12 workers.
 -> (artifact id: '559df7a413a4c0dde57ef6b41942b7b2') in 0.014015 seconds
Number of updated asset objects reloaded before import = 0
Number of asset objects unloaded after import = 1
========================================================================
Received Import Request.
  Time since last request: 0.000019 seconds.
  path: Assets/Blink/Magic Weapon Icons/Variation D/Weapon_23.png
  artifactKey: Guid(ce95e6684415449f198cae70297a4eac) Importer(2089858483,0ecaa5967403d082aa24f35e1b516d23)
Start importing Assets/Blink/Magic Weapon Icons/Variation D/Weapon_23.png using Guid(ce95e6684415449f198cae70297a4eac) Importer(2089858483,0ecaa5967403d082aa24f35e1b516d23) [PhysX] Initialized MultithreadedTaskDispatcher with 12 workers.
 -> (artifact id: '2fd486ce2df4185a081ef94e2e2a505f') in 0.031963 seconds
Number of updated asset objects reloaded before import = 0
Number of asset objects unloaded after import = 3
========================================================================
Received Import Request.
  Time since last request: 0.000022 seconds.
  path: Assets/SimplePixelUI/prefabs/Half_color_customizible/square/Slider 2/Slider 2 BT.prefab
  artifactKey: Guid(2eb393c53a9960445b483c99f8d464ee) Importer(2089858483,0ecaa5967403d082aa24f35e1b516d23)
Start importing Assets/SimplePixelUI/prefabs/Half_color_customizible/square/Slider 2/Slider 2 BT.prefab using Guid(2eb393c53a9960445b483c99f8d464ee) Importer(2089858483,0ecaa5967403d082aa24f35e1b516d23) [PhysX] Initialized MultithreadedTaskDispatcher with 12 workers.
 -> (artifact id: 'f98ae819b227e0853adb4474908c5d20') in 0.059322 seconds
Number of updated asset objects reloaded before import = 0
Number of asset objects unloaded after import = 24
========================================================================
Received Import Request.
  Time since last request: 0.000026 seconds.
  path: Assets/SimplePixelUI/prefabs/Half_color_customizible/rounded/buttons
  artifactKey: Guid(8b1b317c9a77dae488ffa8adc8273ab7) Importer(2089858483,0ecaa5967403d082aa24f35e1b516d23)
Start importing Assets/SimplePixelUI/prefabs/Half_color_customizible/rounded/buttons using Guid(8b1b317c9a77dae488ffa8adc8273ab7) Importer(2089858483,0ecaa5967403d082aa24f35e1b516d23) [PhysX] Initialized MultithreadedTaskDispatcher with 12 workers.
 -> (artifact id: '9d3fadf3aa54f3996bcac7d0e35dd8d3') in 0.011788 seconds
Number of updated asset objects reloaded before import = 0
Number of asset objects unloaded after import = 1
========================================================================
Received Import Request.
  Time since last request: 0.000018 seconds.
  path: Assets/SimplePixelUI/fonts/Font1/license.txt
  artifactKey: Guid(4880c10f3e217bc41b2e82a577bcd5fa) Importer(2089858483,0ecaa5967403d082aa24f35e1b516d23)
Start importing Assets/SimplePixelUI/fonts/Font1/license.txt using Guid(4880c10f3e217bc41b2e82a577bcd5fa) Importer(2089858483,0ecaa5967403d082aa24f35e1b516d23) [PhysX] Initialized MultithreadedTaskDispatcher with 12 workers.
 -> (artifact id: 'c2e548a73b3ab41f407cdf50dd9d98be') in 0.021481 seconds
Number of updated asset objects reloaded before import = 0
Number of asset objects unloaded after import = 1
========================================================================
Received Import Request.
  Time since last request: 0.000018 seconds.
  path: Assets/Blink/Magic Weapon Icons/Inactive/Weapon_06_Inactive.png
  artifactKey: Guid(2f910b4a9a15841d4a6bfbc485c1458f) Importer(2089858483,0ecaa5967403d082aa24f35e1b516d23)
Start importing Assets/Blink/Magic Weapon Icons/Inactive/Weapon_06_Inactive.png using Guid(2f910b4a9a15841d4a6bfbc485c1458f) Importer(2089858483,0ecaa5967403d082aa24f35e1b516d23) [PhysX] Initialized MultithreadedTaskDispatcher with 12 workers.
 -> (artifact id: '7d561739a03cfe7e7df8433065a1a0cd') in 0.029940 seconds
Number of updated asset objects reloaded before import = 0
Number of asset objects unloaded after import = 3
========================================================================
Received Import Request.
  Time since last request: 0.000016 seconds.
  path: Assets/SimplePixelUI/prefabs/Gray_black/rounded/buttons/button_1.prefab
  artifactKey: Guid(1b933ae2119feca4d806422d25371ffe) Importer(2089858483,0ecaa5967403d082aa24f35e1b516d23)
Start importing Assets/SimplePixelUI/prefabs/Gray_black/rounded/buttons/button_1.prefab using Guid(1b933ae2119feca4d806422d25371ffe) Importer(2089858483,0ecaa5967403d082aa24f35e1b516d23) [PhysX] Initialized MultithreadedTaskDispatcher with 12 workers.
 -> (artifact id: '2f19c78b15ce8d32e9597620cbd21252') in 0.051690 seconds
Number of updated asset objects reloaded before import = 0
Number of asset objects unloaded after import = 9
========================================================================
Received Import Request.
  Time since last request: 0.000020 seconds.
  path: Assets/SimplePixelUI/prefabs/color_customizible/square
  artifactKey: Guid(dcbc3c64ffb88f8438ab6db412b1b715) Importer(2089858483,0ecaa5967403d082aa24f35e1b516d23)
Start importing Assets/SimplePixelUI/prefabs/color_customizible/square using Guid(dcbc3c64ffb88f8438ab6db412b1b715) Importer(2089858483,0ecaa5967403d082aa24f35e1b516d23) [PhysX] Initialized MultithreadedTaskDispatcher with 12 workers.
 -> (artifact id: 'c72a48d1924643950b4aea6fbcdb30da') in 0.013264 seconds
Number of updated asset objects reloaded before import = 0
Number of asset objects unloaded after import = 1
========================================================================
Received Import Request.
  Time since last request: 0.000022 seconds.
  path: Assets/SimplePixelUI/prefabs/Half_color_customizible/square/buttons/button_1.prefab
  artifactKey: Guid(d71dfeafe3698c84abc11d667b425100) Importer(2089858483,0ecaa5967403d082aa24f35e1b516d23)
Start importing Assets/SimplePixelUI/prefabs/Half_color_customizible/square/buttons/button_1.prefab using Guid(d71dfeafe3698c84abc11d667b425100) Importer(2089858483,0ecaa5967403d082aa24f35e1b516d23) [PhysX] Initialized MultithreadedTaskDispatcher with 12 workers.
 -> (artifact id: '29722015412da6c4dc245b4eaee87a8e') in 0.040429 seconds
Number of updated asset objects reloaded before import = 0
Number of asset objects unloaded after import = 9
========================================================================
Received Import Request.
  Time since last request: 0.000019 seconds.
  path: Assets/SimplePixelUI/artwork/halfcustomizible/square/Slider/handle.png
  artifactKey: Guid(4169d9a094f68d1438c1f9fe03aef3bd) Importer(2089858483,0ecaa5967403d082aa24f35e1b516d23)
Start importing Assets/SimplePixelUI/artwork/halfcustomizible/square/Slider/handle.png using Guid(4169d9a094f68d1438c1f9fe03aef3bd) Importer(2089858483,0ecaa5967403d082aa24f35e1b516d23) [PhysX] Initialized MultithreadedTaskDispatcher with 12 workers.
 -> (artifact id: '6bb4623aabda8d6d7c4483ebbd425080') in 0.022775 seconds
Number of updated asset objects reloaded before import = 0
Number of asset objects unloaded after import = 3
========================================================================
Received Import Request.
  Time since last request: 0.000020 seconds.
  path: Assets/Blink/Magic Weapon Icons/Weapon_21.png
  artifactKey: Guid(29aedb3fce7cc4ff7bbf9f2c503f4424) Importer(2089858483,0ecaa5967403d082aa24f35e1b516d23)
Start importing Assets/Blink/Magic Weapon Icons/Weapon_21.png using Guid(29aedb3fce7cc4ff7bbf9f2c503f4424) Importer(2089858483,0ecaa5967403d082aa24f35e1b516d23) [PhysX] Initialized MultithreadedTaskDispatcher with 12 workers.
 -> (artifact id: '9db56acad98032f39eaa6edfb5218ef6') in 0.028839 seconds
Number of updated asset objects reloaded before import = 0
Number of asset objects unloaded after import = 3
========================================================================
Received Import Request.
  Time since last request: 0.000030 seconds.
  path: Assets/SimplePixelUI/artwork/colorCustomizible
  artifactKey: Guid(a28442795d3458b49a9b4c24c1f84af2) Importer(2089858483,0ecaa5967403d082aa24f35e1b516d23)
Start importing Assets/SimplePixelUI/artwork/colorCustomizible using Guid(a28442795d3458b49a9b4c24c1f84af2) Importer(2089858483,0ecaa5967403d082aa24f35e1b516d23) [PhysX] Initialized MultithreadedTaskDispatcher with 12 workers.
 -> (artifact id: '31b7730c94af23791c188a1f81a074a5') in 0.015117 seconds
Number of updated asset objects reloaded before import = 0
Number of asset objects unloaded after import = 1
========================================================================
Received Import Request.
  Time since last request: 0.000020 seconds.
  path: Assets/SimplePixelUI/artwork/halfcustomizible/square/Slider2/handle.png
  artifactKey: Guid(686b21df6206ff24b9468b2a60530b5a) Importer(2089858483,0ecaa5967403d082aa24f35e1b516d23)
Start importing Assets/SimplePixelUI/artwork/halfcustomizible/square/Slider2/handle.png using Guid(686b21df6206ff24b9468b2a60530b5a) Importer(2089858483,0ecaa5967403d082aa24f35e1b516d23) [PhysX] Initialized MultithreadedTaskDispatcher with 12 workers.
 -> (artifact id: '8133d5ff064252cf7180f8d4bb058ddd') in 0.027916 seconds
Number of updated asset objects reloaded before import = 0
Number of asset objects unloaded after import = 3
========================================================================
Received Import Request.
  Time since last request: 0.000019 seconds.
  path: Assets/Blink/Magic Weapon Icons/Weapon_06.png
  artifactKey: Guid(12c3356bccdb940ba874623bd1b7133d) Importer(2089858483,0ecaa5967403d082aa24f35e1b516d23)
Start importing Assets/Blink/Magic Weapon Icons/Weapon_06.png using Guid(12c3356bccdb940ba874623bd1b7133d) Importer(2089858483,0ecaa5967403d082aa24f35e1b516d23) [PhysX] Initialized MultithreadedTaskDispatcher with 12 workers.
 -> (artifact id: 'e1afc27cd470bc612418eedb760553db') in 0.032054 seconds
Number of updated asset objects reloaded before import = 0
Number of asset objects unloaded after import = 3
========================================================================
Received Import Request.
  Time since last request: 0.000030 seconds.
  path: Assets/SimplePixelUI/artwork/colorCustomizible/rounded/buttons/button2_rounded_CC.png
  artifactKey: Guid(145f9f42fbe978947a25b213c84e7c2b) Importer(2089858483,0ecaa5967403d082aa24f35e1b516d23)
Start importing Assets/SimplePixelUI/artwork/colorCustomizible/rounded/buttons/button2_rounded_CC.png using Guid(145f9f42fbe978947a25b213c84e7c2b) Importer(2089858483,0ecaa5967403d082aa24f35e1b516d23) [PhysX] Initialized MultithreadedTaskDispatcher with 12 workers.
 -> (artifact id: 'b4577662cd33b773406e2da30e5ed4b7') in 0.032245 seconds
Number of updated asset objects reloaded before import = 0
Number of asset objects unloaded after import = 3
========================================================================
Received Import Request.
  Time since last request: 0.000020 seconds.
  path: Assets/SimplePixelUI/prefabs/Half_color_customizible/square/Inventory.prefab
  artifactKey: Guid(d7b27cefb8f78bf4b988766fe2ac0aca) Importer(2089858483,0ecaa5967403d082aa24f35e1b516d23)
Start importing Assets/SimplePixelUI/prefabs/Half_color_customizible/square/Inventory.prefab using Guid(d7b27cefb8f78bf4b988766fe2ac0aca) Importer(2089858483,0ecaa5967403d082aa24f35e1b516d23) [PhysX] Initialized MultithreadedTaskDispatcher with 12 workers.
 -> (artifact id: '4343fffc5a2a2be7002de9d11f906000') in 0.029181 seconds
Number of updated asset objects reloaded before import = 0
Number of asset objects unloaded after import = 54
========================================================================
Received Import Request.
  Time since last request: 0.000020 seconds.
  path: Assets/SimplePixelUI/prefabs/Half_color_customizible/rounded/buttons/button_2.prefab
  artifactKey: Guid(410fa72dd05a6b440b82f1abef66e5e5) Importer(2089858483,0ecaa5967403d082aa24f35e1b516d23)
Start importing Assets/SimplePixelUI/prefabs/Half_color_customizible/rounded/buttons/button_2.prefab using Guid(410fa72dd05a6b440b82f1abef66e5e5) Importer(2089858483,0ecaa5967403d082aa24f35e1b516d23) [PhysX] Initialized MultithreadedTaskDispatcher with 12 workers.
 -> (artifact id: 'f1bd57297b5e50fc2a677893810a2f1e') in 0.030312 seconds
Number of updated asset objects reloaded before import = 0
Number of asset objects unloaded after import = 9
========================================================================
Received Import Request.
  Time since last request: 0.000019 seconds.
  path: Assets/Blink/Magic Weapon Icons/Variation D/Weapon_07.png
  artifactKey: Guid(9c6913ecc0b6d43099e2e4ce2a9fd505) Importer(2089858483,0ecaa5967403d082aa24f35e1b516d23)
Start importing Assets/Blink/Magic Weapon Icons/Variation D/Weapon_07.png using Guid(9c6913ecc0b6d43099e2e4ce2a9fd505) Importer(2089858483,0ecaa5967403d082aa24f35e1b516d23) [PhysX] Initialized MultithreadedTaskDispatcher with 12 workers.
 -> (artifact id: '531c826e6f0c442e7176bd821d95b5d7') in 0.032171 seconds
Number of updated asset objects reloaded before import = 0
Number of asset objects unloaded after import = 3
========================================================================
Received Import Request.
  Time since last request: 0.000022 seconds.
  path: Assets/Blink/Magic Weapon Icons/Variation D/Weapon_01.png
  artifactKey: Guid(b20bb1f822693463499065afa6c27f4c) Importer(2089858483,0ecaa5967403d082aa24f35e1b516d23)
Start importing Assets/Blink/Magic Weapon Icons/Variation D/Weapon_01.png using Guid(b20bb1f822693463499065afa6c27f4c) Importer(2089858483,0ecaa5967403d082aa24f35e1b516d23) [PhysX] Initialized MultithreadedTaskDispatcher with 12 workers.
 -> (artifact id: 'd4b96749813beee278567b68eb098210') in 0.032062 seconds
Number of updated asset objects reloaded before import = 0
Number of asset objects unloaded after import = 3
========================================================================
Received Import Request.
  Time since last request: 0.000025 seconds.
  path: Assets/SimplePixelUI/artwork/colorCustomizible/square/health_bar.png
  artifactKey: Guid(82306ec1555e74d41b5fc97d5e09f8e2) Importer(2089858483,0ecaa5967403d082aa24f35e1b516d23)
Start importing Assets/SimplePixelUI/artwork/colorCustomizible/square/health_bar.png using Guid(82306ec1555e74d41b5fc97d5e09f8e2) Importer(2089858483,0ecaa5967403d082aa24f35e1b516d23) [PhysX] Initialized MultithreadedTaskDispatcher with 12 workers.
 -> (artifact id: 'b3ef7276ad33d69c064d4cf85d1d60b0') in 0.029691 seconds
Number of updated asset objects reloaded before import = 0
Number of asset objects unloaded after import = 3
========================================================================
Received Import Request.
  Time since last request: 0.000023 seconds.
  path: Assets/SimplePixelUI/prefabs/Half_color_customizible/square/Slider/SliderBT.prefab
  artifactKey: Guid(96b6cc21b891df946921bfb2a821b15d) Importer(2089858483,0ecaa5967403d082aa24f35e1b516d23)
Start importing Assets/SimplePixelUI/prefabs/Half_color_customizible/square/Slider/SliderBT.prefab using Guid(96b6cc21b891df946921bfb2a821b15d) Importer(2089858483,0ecaa5967403d082aa24f35e1b516d23) [PhysX] Initialized MultithreadedTaskDispatcher with 12 workers.
 -> (artifact id: 'ce9d8d0d10f3e6b9967301fd0c783f98') in 0.036477 seconds
Number of updated asset objects reloaded before import = 0
Number of asset objects unloaded after import = 24
========================================================================
Received Import Request.
  Time since last request: 0.000019 seconds.
  path: Assets/SimplePixelUI/prefabs/color_customizible/rounded/Inventory.prefab
  artifactKey: Guid(fb7771b5a54c6d84d918b2f49b20468d) Importer(2089858483,0ecaa5967403d082aa24f35e1b516d23)
Start importing Assets/SimplePixelUI/prefabs/color_customizible/rounded/Inventory.prefab using Guid(fb7771b5a54c6d84d918b2f49b20468d) Importer(2089858483,0ecaa5967403d082aa24f35e1b516d23) [PhysX] Initialized MultithreadedTaskDispatcher with 12 workers.
 -> (artifact id: 'a053c4be7d1d4851511ee7c45479f008') in 0.029709 seconds
Number of updated asset objects reloaded before import = 0
Number of asset objects unloaded after import = 53
========================================================================
Received Import Request.
  Time since last request: 0.000020 seconds.
  path: Assets/SimplePixelUI/prefabs/Half_color_customizible/square/buttons
  artifactKey: Guid(ea685c7f6c2bbdc43bbbe38cb1b9f8b6) Importer(2089858483,0ecaa5967403d082aa24f35e1b516d23)
Start importing Assets/SimplePixelUI/prefabs/Half_color_customizible/square/buttons using Guid(ea685c7f6c2bbdc43bbbe38cb1b9f8b6) Importer(2089858483,0ecaa5967403d082aa24f35e1b516d23) [PhysX] Initialized MultithreadedTaskDispatcher with 12 workers.
 -> (artifact id: 'c4508d03e6f5489b18768f1b6de55239') in 0.010919 seconds
Number of updated asset objects reloaded before import = 0
Number of asset objects unloaded after import = 1
========================================================================
Received Import Request.
  Time since last request: 0.000018 seconds.
  path: Assets/SimplePixelUI/artwork/colorCustomizible/square/scroll_horizontal
  artifactKey: Guid(13b51ba57de5a3b4e9eaec6ad01880a0) Importer(2089858483,0ecaa5967403d082aa24f35e1b516d23)
Start importing Assets/SimplePixelUI/artwork/colorCustomizible/square/scroll_horizontal using Guid(13b51ba57de5a3b4e9eaec6ad01880a0) Importer(2089858483,0ecaa5967403d082aa24f35e1b516d23) [PhysX] Initialized MultithreadedTaskDispatcher with 12 workers.
 -> (artifact id: '3bb305d06f8d359bb95e51ecd5f4d32d') in 0.010479 seconds
Number of updated asset objects reloaded before import = 0
Number of asset objects unloaded after import = 1
========================================================================
Received Import Request.
  Time since last request: 0.000017 seconds.
  path: Assets/SimplePixelUI/fonts/Font2
  artifactKey: Guid(09cb45c82c419364dab553f5c1886141) Importer(2089858483,0ecaa5967403d082aa24f35e1b516d23)
Start importing Assets/SimplePixelUI/fonts/Font2 using Guid(09cb45c82c419364dab553f5c1886141) Importer(2089858483,0ecaa5967403d082aa24f35e1b516d23) [PhysX] Initialized MultithreadedTaskDispatcher with 12 workers.
 -> (artifact id: '6f8be8416528cdedec88455799a87f91') in 0.011723 seconds
Number of updated asset objects reloaded before import = 0
Number of asset objects unloaded after import = 1
========================================================================
Received Import Request.
  Time since last request: 0.000019 seconds.
  path: Assets/SimplePixelUI/update 1.15/prefabs/Dropdown_CC.prefab
  artifactKey: Guid(d4630bc25507771469f748d6d387a624) Importer(2089858483,0ecaa5967403d082aa24f35e1b516d23)
Start importing Assets/SimplePixelUI/update 1.15/prefabs/Dropdown_CC.prefab using Guid(d4630bc25507771469f748d6d387a624) Importer(2089858483,0ecaa5967403d082aa24f35e1b516d23) [PhysX] Initialized MultithreadedTaskDispatcher with 12 workers.
 -> (artifact id: '28bd9d121df0a7824642a31afe809986') in 0.081308 seconds
Number of updated asset objects reloaded before import = 0
Number of asset objects unloaded after import = 60
========================================================================
Received Import Request.
  Time since last request: 0.000022 seconds.
  path: Assets/Blink/Magic Weapon Icons/Weapon_19.png
  artifactKey: Guid(e6119bf56e1fd430b87e203352151f79) Importer(2089858483,0ecaa5967403d082aa24f35e1b516d23)
Start importing Assets/Blink/Magic Weapon Icons/Weapon_19.png using Guid(e6119bf56e1fd430b87e203352151f79) Importer(2089858483,0ecaa5967403d082aa24f35e1b516d23) [PhysX] Initialized MultithreadedTaskDispatcher with 12 workers.
 -> (artifact id: '4b6542e2d79e5843a2f992e06f87320f') in 0.030737 seconds
Number of updated asset objects reloaded before import = 0
Number of asset objects unloaded after import = 3
========================================================================
Received Import Request.
  Time since last request: 0.000030 seconds.
  path: Assets/SimplePixelUI/prefabs/Half_color_customizible/rounded/buttons/button_1.prefab
  artifactKey: Guid(fb307cc3c7f015e4baf52eb86fe50bec) Importer(2089858483,0ecaa5967403d082aa24f35e1b516d23)
Start importing Assets/SimplePixelUI/prefabs/Half_color_customizible/rounded/buttons/button_1.prefab using Guid(fb307cc3c7f015e4baf52eb86fe50bec) Importer(2089858483,0ecaa5967403d082aa24f35e1b516d23) [PhysX] Initialized MultithreadedTaskDispatcher with 12 workers.
 -> (artifact id: '0547fb072681ed7ce6896cbf48e1a98b') in 0.040357 seconds
Number of updated asset objects reloaded before import = 0
Number of asset objects unloaded after import = 9
========================================================================
Received Import Request.
  Time since last request: 0.000021 seconds.
  path: Assets/SimplePixelUI/artwork/colorCustomizible/rounded/bar_rounded_CC_horizontal.png
  artifactKey: Guid(ebe09f4a5655764478eb1eaf871ee9ab) Importer(2089858483,0ecaa5967403d082aa24f35e1b516d23)
Start importing Assets/SimplePixelUI/artwork/colorCustomizible/rounded/bar_rounded_CC_horizontal.png using Guid(ebe09f4a5655764478eb1eaf871ee9ab) Importer(2089858483,0ecaa5967403d082aa24f35e1b516d23) [PhysX] Initialized MultithreadedTaskDispatcher with 12 workers.
 -> (artifact id: 'fb0ea4eaedb9b98f853d7ba916e1c54f') in 0.021799 seconds
Number of updated asset objects reloaded before import = 0
Number of asset objects unloaded after import = 3
========================================================================
Received Import Request.
  Time since last request: 0.000022 seconds.
  path: Assets/SimplePixelUI/artwork/colorCustomizible/rounded/Slot3D_rounded_CC.png
  artifactKey: Guid(507d7869273b8054b8ca31e853b6b39c) Importer(2089858483,0ecaa5967403d082aa24f35e1b516d23)
Start importing Assets/SimplePixelUI/artwork/colorCustomizible/rounded/Slot3D_rounded_CC.png using Guid(507d7869273b8054b8ca31e853b6b39c) Importer(2089858483,0ecaa5967403d082aa24f35e1b516d23) [PhysX] Initialized MultithreadedTaskDispatcher with 12 workers.
 -> (artifact id: '864a695400056b0a49fa09550050f21a') in 0.023446 seconds
Number of updated asset objects reloaded before import = 0
Number of asset objects unloaded after import = 3
========================================================================
Received Import Request.
  Time since last request: 0.000027 seconds.
  path: Assets/SimplePixelUI/update 1.15/prefabs/Dropdown_rounded_CC.prefab
  artifactKey: Guid(be368f3d77f19a3458f23d39a2e9c1f9) Importer(2089858483,0ecaa5967403d082aa24f35e1b516d23)
Start importing Assets/SimplePixelUI/update 1.15/prefabs/Dropdown_rounded_CC.prefab using Guid(be368f3d77f19a3458f23d39a2e9c1f9) Importer(2089858483,0ecaa5967403d082aa24f35e1b516d23) [PhysX] Initialized MultithreadedTaskDispatcher with 12 workers.
 -> (artifact id: 'aecfa5deda0c4ab30cd6b63de526123e') in 0.041127 seconds
Number of updated asset objects reloaded before import = 0
Number of asset objects unloaded after import = 60
========================================================================
Received Import Request.
  Time since last request: 0.000019 seconds.
  path: Assets/SimplePixelUI/prefabs/Half_color_customizible/square
  artifactKey: Guid(5ace1880ad3188c468dbca7724cbf7ec) Importer(2089858483,0ecaa5967403d082aa24f35e1b516d23)
Start importing Assets/SimplePixelUI/prefabs/Half_color_customizible/square using Guid(5ace1880ad3188c468dbca7724cbf7ec) Importer(2089858483,0ecaa5967403d082aa24f35e1b516d23) [PhysX] Initialized MultithreadedTaskDispatcher with 12 workers.
 -> (artifact id: '7370786131dcf0712b59fd092492252c') in 0.013440 seconds
Number of updated asset objects reloaded before import = 0
Number of asset objects unloaded after import = 1
========================================================================
Received Import Request.
  Time since last request: 0.000018 seconds.
  path: Assets/SimplePixelUI/prefabs/Gray_black/square/InputField.prefab
  artifactKey: Guid(aa6c08a8e824b2446b00fe73a5462f41) Importer(2089858483,0ecaa5967403d082aa24f35e1b516d23)
Start importing Assets/SimplePixelUI/prefabs/Gray_black/square/InputField.prefab using Guid(aa6c08a8e824b2446b00fe73a5462f41) Importer(2089858483,0ecaa5967403d082aa24f35e1b516d23) [PhysX] Initialized MultithreadedTaskDispatcher with 12 workers.
 -> (artifact id: '6936627f0b1f7d87447a7e3dc64973df') in 0.047636 seconds
Number of updated asset objects reloaded before import = 0
Number of asset objects unloaded after import = 19
========================================================================
Received Import Request.
  Time since last request: 0.000017 seconds.
  path: Assets/Blink/Magic Weapon Icons/Variation D/Weapon_17.png
  artifactKey: Guid(e7a7cfb433c3d4acc9a07cbece1258b7) Importer(2089858483,0ecaa5967403d082aa24f35e1b516d23)
Start importing Assets/Blink/Magic Weapon Icons/Variation D/Weapon_17.png using Guid(e7a7cfb433c3d4acc9a07cbece1258b7) Importer(2089858483,0ecaa5967403d082aa24f35e1b516d23) [PhysX] Initialized MultithreadedTaskDispatcher with 12 workers.
 -> (artifact id: '1b5138126230855776ad2ab99af237f3') in 0.029836 seconds
Number of updated asset objects reloaded before import = 0
Number of asset objects unloaded after import = 3
========================================================================
Received Import Request.
  Time since last request: 0.000019 seconds.
  path: Assets/SimplePixelUI/artwork/gray/square/Buttons/button_1.png
  artifactKey: Guid(94fc7c772ff3e3e4e82e2104009827fe) Importer(2089858483,0ecaa5967403d082aa24f35e1b516d23)
Start importing Assets/SimplePixelUI/artwork/gray/square/Buttons/button_1.png using Guid(94fc7c772ff3e3e4e82e2104009827fe) Importer(2089858483,0ecaa5967403d082aa24f35e1b516d23) [PhysX] Initialized MultithreadedTaskDispatcher with 12 workers.
 -> (artifact id: 'a86eca135194321c8e422bd5b15ac980') in 0.023717 seconds
Number of updated asset objects reloaded before import = 0
Number of asset objects unloaded after import = 3
========================================================================
Received Import Request.
  Time since last request: 0.000035 seconds.
  path: Assets/SimplePixelUI/prefabs/Half_color_customizible/square/slider3/SliderLR.prefab
  artifactKey: Guid(879c513f969fb9a4589da738c49c969f) Importer(2089858483,0ecaa5967403d082aa24f35e1b516d23)
Start importing Assets/SimplePixelUI/prefabs/Half_color_customizible/square/slider3/SliderLR.prefab using Guid(879c513f969fb9a4589da738c49c969f) Importer(2089858483,0ecaa5967403d082aa24f35e1b516d23) [PhysX] Initialized MultithreadedTaskDispatcher with 12 workers.
 -> (artifact id: 'b053c9948ebf20dca5ef64c8dec4e2a4') in 0.046984 seconds
Number of updated asset objects reloaded before import = 0
Number of asset objects unloaded after import = 25
========================================================================
Received Import Request.
  Time since last request: 0.000020 seconds.
  path: Assets/SimplePixelUI/artwork/halfcustomizible/square/Slider3
  artifactKey: Guid(0a472b0e08d16724d944dd68dac74de7) Importer(2089858483,0ecaa5967403d082aa24f35e1b516d23)
Start importing Assets/SimplePixelUI/artwork/halfcustomizible/square/Slider3 using Guid(0a472b0e08d16724d944dd68dac74de7) Importer(2089858483,0ecaa5967403d082aa24f35e1b516d23) [PhysX] Initialized MultithreadedTaskDispatcher with 12 workers.
 -> (artifact id: 'fd23399d92cfc786501af3a94c734331') in 0.013300 seconds
Number of updated asset objects reloaded before import = 0
Number of asset objects unloaded after import = 1
========================================================================
Received Import Request.
  Time since last request: 0.000020 seconds.
  path: Assets/SimplePixelUI/prefabs/color_customizible/rounded/health_bar_rounded 1
  artifactKey: Guid(a46ec3f3ff92ddd479e9ca9430036702) Importer(2089858483,0ecaa5967403d082aa24f35e1b516d23)
Start importing Assets/SimplePixelUI/prefabs/color_customizible/rounded/health_bar_rounded 1 using Guid(a46ec3f3ff92ddd479e9ca9430036702) Importer(2089858483,0ecaa5967403d082aa24f35e1b516d23) [PhysX] Initialized MultithreadedTaskDispatcher with 12 workers.
 -> (artifact id: '4b7e8cf1ea3e726d61d9dab6c48628c7') in 0.011488 seconds
Number of updated asset objects reloaded before import = 0
Number of asset objects unloaded after import = 1
========================================================================
Received Import Request.
  Time since last request: 0.000018 seconds.
  path: Assets/SimplePixelUI/prefabs/Half_color_customizible/square/buttons/button_small_2.prefab
  artifactKey: Guid(dd108cf816e16314a928d65c3e770d73) Importer(2089858483,0ecaa5967403d082aa24f35e1b516d23)
Start importing Assets/SimplePixelUI/prefabs/Half_color_customizible/square/buttons/button_small_2.prefab using Guid(dd108cf816e16314a928d65c3e770d73) Importer(2089858483,0ecaa5967403d082aa24f35e1b516d23) [PhysX] Initialized MultithreadedTaskDispatcher with 12 workers.
 -> (artifact id: '3e588b754ffd89e7877c0c941ec90fdb') in 0.045759 seconds
Number of updated asset objects reloaded before import = 0
Number of asset objects unloaded after import = 9
========================================================================
Received Import Request.
  Time since last request: 0.000022 seconds.
  path: Assets/Blink/Magic Weapon Icons/Inactive/Weapon_20_Inactive.png
  artifactKey: Guid(ab5da5f4472fb46c3bf5ba1dcc9432c3) Importer(2089858483,0ecaa5967403d082aa24f35e1b516d23)
Start importing Assets/Blink/Magic Weapon Icons/Inactive/Weapon_20_Inactive.png using Guid(ab5da5f4472fb46c3bf5ba1dcc9432c3) Importer(2089858483,0ecaa5967403d082aa24f35e1b516d23) [PhysX] Initialized MultithreadedTaskDispatcher with 12 workers.
 -> (artifact id: 'd8ae1752c74c17de1728baed025bfa7f') in 0.030905 seconds
Number of updated asset objects reloaded before import = 0
Number of asset objects unloaded after import = 3
========================================================================
Received Import Request.
  Time since last request: 0.000017 seconds.
  path: Assets/SimplePixelUI/artwork/colorCustomizible/rounded/Slot_rounded_CC.png
  artifactKey: Guid(15a522d0e2dce05478bf9edcacc4297e) Importer(2089858483,0ecaa5967403d082aa24f35e1b516d23)
Start importing Assets/SimplePixelUI/artwork/colorCustomizible/rounded/Slot_rounded_CC.png using Guid(15a522d0e2dce05478bf9edcacc4297e) Importer(2089858483,0ecaa5967403d082aa24f35e1b516d23) [PhysX] Initialized MultithreadedTaskDispatcher with 12 workers.
 -> (artifact id: 'a8fbac7d106aca5f614d7dd0c7405c9b') in 0.031107 seconds
Number of updated asset objects reloaded before import = 0
Number of asset objects unloaded after import = 3
========================================================================
Received Import Request.
  Time since last request: 0.000019 seconds.
  path: Assets/SimplePixelUI/artwork/halfcustomizible/square/health_bar.png
  artifactKey: Guid(f954ddc440caa57419e70c4d3c8d8843) Importer(2089858483,0ecaa5967403d082aa24f35e1b516d23)
Start importing Assets/SimplePixelUI/artwork/halfcustomizible/square/health_bar.png using Guid(f954ddc440caa57419e70c4d3c8d8843) Importer(2089858483,0ecaa5967403d082aa24f35e1b516d23) [PhysX] Initialized MultithreadedTaskDispatcher with 12 workers.
 -> (artifact id: '6743ebf984b11075527d592ccae0def7') in 0.022856 seconds
Number of updated asset objects reloaded before import = 0
Number of asset objects unloaded after import = 3
========================================================================
Received Import Request.
  Time since last request: 0.000021 seconds.
  path: Assets/Blink/Magic Weapon Icons/Variation D/Weapon_14.png
  artifactKey: Guid(5b1769826e1a04b43924441ae1f9b2ed) Importer(2089858483,0ecaa5967403d082aa24f35e1b516d23)
Start importing Assets/Blink/Magic Weapon Icons/Variation D/Weapon_14.png using Guid(5b1769826e1a04b43924441ae1f9b2ed) Importer(2089858483,0ecaa5967403d082aa24f35e1b516d23) [PhysX] Initialized MultithreadedTaskDispatcher with 12 workers.
 -> (artifact id: '71d86eeedf64152997cd76f21b1d8bf4') in 0.029934 seconds
Number of updated asset objects reloaded before import = 0
Number of asset objects unloaded after import = 3
========================================================================
Received Import Request.
  Time since last request: 0.000025 seconds.
  path: Assets/SimplePixelUI/update 1.15/dropdown_rounded_GB.png
  artifactKey: Guid(f3af77a762630694eaf22814ab6720d9) Importer(2089858483,0ecaa5967403d082aa24f35e1b516d23)
Start importing Assets/SimplePixelUI/update 1.15/dropdown_rounded_GB.png using Guid(f3af77a762630694eaf22814ab6720d9) Importer(2089858483,0ecaa5967403d082aa24f35e1b516d23) [PhysX] Initialized MultithreadedTaskDispatcher with 12 workers.
 -> (artifact id: '1880f26c0c442f5e0e6fe98db50abcc8') in 0.031744 seconds
Number of updated asset objects reloaded before import = 0
Number of asset objects unloaded after import = 3
========================================================================
Received Import Request.
  Time since last request: 0.000018 seconds.
  path: Assets/Blink/Magic Weapon Icons/Variation C/Weapon_03.png
  artifactKey: Guid(2324a7f2b8e8c465c9c0ad5de06fd4e1) Importer(2089858483,0ecaa5967403d082aa24f35e1b516d23)
Start importing Assets/Blink/Magic Weapon Icons/Variation C/Weapon_03.png using Guid(2324a7f2b8e8c465c9c0ad5de06fd4e1) Importer(2089858483,0ecaa5967403d082aa24f35e1b516d23) [PhysX] Initialized MultithreadedTaskDispatcher with 12 workers.
 -> (artifact id: 'c071c1fa8bb1a520512cc272c1c0751f') in 0.029209 seconds
Number of updated asset objects reloaded before import = 0
Number of asset objects unloaded after import = 3
========================================================================
Received Import Request.
  Time since last request: 0.640556 seconds.
  path: Assets/SimplePixelUI/artwork/halfcustomizible/square/Slider3/background_horizontal.png
  artifactKey: Guid(08d0b55f1b235c9499e8ee24e789198c) Importer(2089858483,0ecaa5967403d082aa24f35e1b516d23)
Start importing Assets/SimplePixelUI/artwork/halfcustomizible/square/Slider3/background_horizontal.png using Guid(08d0b55f1b235c9499e8ee24e789198c) Importer(2089858483,0ecaa5967403d082aa24f35e1b516d23) [PhysX] Initialized MultithreadedTaskDispatcher with 12 workers.
 -> (artifact id: '60d04a306e58016ac3184a326f82820a') in 0.023080 seconds
Number of updated asset objects reloaded before import = 0
Number of asset objects unloaded after import = 3
========================================================================
Received Import Request.
  Time since last request: 0.000019 seconds.
  path: Assets/SimplePixelUI/artwork/halfcustomizible/rounded/Slot3D_rounded_HCC.png
  artifactKey: Guid(e9f6aafb7c1ac98418d3b3877065d261) Importer(2089858483,0ecaa5967403d082aa24f35e1b516d23)
Start importing Assets/SimplePixelUI/artwork/halfcustomizible/rounded/Slot3D_rounded_HCC.png using Guid(e9f6aafb7c1ac98418d3b3877065d261) Importer(2089858483,0ecaa5967403d082aa24f35e1b516d23) [PhysX] Initialized MultithreadedTaskDispatcher with 12 workers.
 -> (artifact id: '6f2810a47794c2630c6365faacc1af8c') in 0.030884 seconds
Number of updated asset objects reloaded before import = 0
Number of asset objects unloaded after import = 3
========================================================================
Received Import Request.
  Time since last request: 0.000020 seconds.
  path: Assets/SimplePixelUI/artwork/colorCustomizible/square/Buttons/button_small_1.png
  artifactKey: Guid(214e42740cbf6c1448b1f08fb3e30a55) Importer(2089858483,0ecaa5967403d082aa24f35e1b516d23)
Start importing Assets/SimplePixelUI/artwork/colorCustomizible/square/Buttons/button_small_1.png using Guid(214e42740cbf6c1448b1f08fb3e30a55) Importer(2089858483,0ecaa5967403d082aa24f35e1b516d23) [PhysX] Initialized MultithreadedTaskDispatcher with 12 workers.
 -> (artifact id: 'b75dac703f8481276e474bce50c3ecb1') in 0.027947 seconds
Number of updated asset objects reloaded before import = 0
Number of asset objects unloaded after import = 3
========================================================================
Received Import Request.
  Time since last request: 0.000019 seconds.
  path: Assets/SimplePixelUI/update 1.15/prefabs/Dropdown_GB.prefab
  artifactKey: Guid(e3ab5ae8d0ed7564ca79ea2926926887) Importer(2089858483,0ecaa5967403d082aa24f35e1b516d23)
Start importing Assets/SimplePixelUI/update 1.15/prefabs/Dropdown_GB.prefab using Guid(e3ab5ae8d0ed7564ca79ea2926926887) Importer(2089858483,0ecaa5967403d082aa24f35e1b516d23) [PhysX] Initialized MultithreadedTaskDispatcher with 12 workers.
 -> (artifact id: '06676ca972188b360852e044446dc160') in 0.036775 seconds
Number of updated asset objects reloaded before import = 0
Number of asset objects unloaded after import = 60
========================================================================
Received Import Request.
  Time since last request: 0.000020 seconds.
  path: Assets/SimplePixelUI/prefabs/color_customizible/rounded/health_bar_rounded 1/HealthBar_RL.prefab
  artifactKey: Guid(21081b1a91bd06f41ba626b23bdefcbf) Importer(2089858483,0ecaa5967403d082aa24f35e1b516d23)
Start importing Assets/SimplePixelUI/prefabs/color_customizible/rounded/health_bar_rounded 1/HealthBar_RL.prefab using Guid(21081b1a91bd06f41ba626b23bdefcbf) Importer(2089858483,0ecaa5967403d082aa24f35e1b516d23) [PhysX] Initialized MultithreadedTaskDispatcher with 12 workers.
 -> (artifact id: 'ca4c46a229be9a63c5e8cc4998ef2170') in 0.036462 seconds
Number of updated asset objects reloaded before import = 0
Number of asset objects unloaded after import = 16
========================================================================
Received Import Request.
  Time since last request: 0.000029 seconds.
  path: Assets/SimplePixelUI/artwork/gray/rounded/buttons/button_rounded_GB.png
  artifactKey: Guid(362946eb8ac1482438202515bae297dc) Importer(2089858483,0ecaa5967403d082aa24f35e1b516d23)
Start importing Assets/SimplePixelUI/artwork/gray/rounded/buttons/button_rounded_GB.png using Guid(362946eb8ac1482438202515bae297dc) Importer(2089858483,0ecaa5967403d082aa24f35e1b516d23) [PhysX] Initialized MultithreadedTaskDispatcher with 12 workers.
 -> (artifact id: '5b7914d4c19547543ac8c9c2a0747c76') in 0.020568 seconds
Number of updated asset objects reloaded before import = 0
Number of asset objects unloaded after import = 3
========================================================================
Received Import Request.
  Time since last request: 0.000018 seconds.
  path: Assets/SimplePixelUI/update 1.15/dropdown_rounded_CC.png
  artifactKey: Guid(b75ba154dac4d664aba533ede099ae21) Importer(2089858483,0ecaa5967403d082aa24f35e1b516d23)
Start importing Assets/SimplePixelUI/update 1.15/dropdown_rounded_CC.png using Guid(b75ba154dac4d664aba533ede099ae21) Importer(2089858483,0ecaa5967403d082aa24f35e1b516d23) [PhysX] Initialized MultithreadedTaskDispatcher with 12 workers.
 -> (artifact id: '6567e2cf92632b181735dfac15f9312e') in 0.020727 seconds
Number of updated asset objects reloaded before import = 0
Number of asset objects unloaded after import = 3
========================================================================
Received Import Request.
  Time since last request: 0.000017 seconds.
  path: Assets/SimplePixelUI/prefabs/Half_color_customizible/square/Slider 2/Slider 2 TB.prefab
  artifactKey: Guid(4096be2c29c28904db7cd6fda60eabc5) Importer(2089858483,0ecaa5967403d082aa24f35e1b516d23)
Start importing Assets/SimplePixelUI/prefabs/Half_color_customizible/square/Slider 2/Slider 2 TB.prefab using Guid(4096be2c29c28904db7cd6fda60eabc5) Importer(2089858483,0ecaa5967403d082aa24f35e1b516d23) [PhysX] Initialized MultithreadedTaskDispatcher with 12 workers.
 -> (artifact id: 'a643f0cde6d99895d7f228e2a171febb') in 0.029449 seconds
Number of updated asset objects reloaded before import = 0
Number of asset objects unloaded after import = 24
========================================================================
Received Import Request.
  Time since last request: 0.000019 seconds.
  path: Assets/SimplePixelUI/prefabs/Half_color_customizible/rounded/health_bar_rounded/HealthBar_RL.prefab
  artifactKey: Guid(73bc2b9e220ee964d87be778b3957bfa) Importer(2089858483,0ecaa5967403d082aa24f35e1b516d23)
Start importing Assets/SimplePixelUI/prefabs/Half_color_customizible/rounded/health_bar_rounded/HealthBar_RL.prefab using Guid(73bc2b9e220ee964d87be778b3957bfa) Importer(2089858483,0ecaa5967403d082aa24f35e1b516d23) [PhysX] Initialized MultithreadedTaskDispatcher with 12 workers.
 -> (artifact id: 'e2aa79579a4a34206d680f3824cfb25d') in 0.034074 seconds
Number of updated asset objects reloaded before import = 0
Number of asset objects unloaded after import = 16
========================================================================
Received Import Request.
  Time since last request: 0.000028 seconds.
  path: Assets/SimplePixelUI/artwork/halfcustomizible/square/Buttons/button_1.png
  artifactKey: Guid(fa851e716c72bec419b716612454ae3d) Importer(2089858483,0ecaa5967403d082aa24f35e1b516d23)
Start importing Assets/SimplePixelUI/artwork/halfcustomizible/square/Buttons/button_1.png using Guid(fa851e716c72bec419b716612454ae3d) Importer(2089858483,0ecaa5967403d082aa24f35e1b516d23) [PhysX] Initialized MultithreadedTaskDispatcher with 12 workers.
 -> (artifact id: '8bed1b8295532b8f08cf3e24c0715a39') in 0.023135 seconds
Number of updated asset objects reloaded before import = 0
Number of asset objects unloaded after import = 3
========================================================================
Received Import Request.
  Time since last request: 0.000022 seconds.
  path: Assets/SimplePixelUI/artwork/halfcustomizible/square/Slot3D.png
  artifactKey: Guid(765c1f075652d7c429d7ea036691f745) Importer(2089858483,0ecaa5967403d082aa24f35e1b516d23)
Start importing Assets/SimplePixelUI/artwork/halfcustomizible/square/Slot3D.png using Guid(765c1f075652d7c429d7ea036691f745) Importer(2089858483,0ecaa5967403d082aa24f35e1b516d23) [PhysX] Initialized MultithreadedTaskDispatcher with 12 workers.
 -> (artifact id: '2e792768ff85bf92086038051869616e') in 0.022407 seconds
Number of updated asset objects reloaded before import = 0
Number of asset objects unloaded after import = 3
========================================================================
Received Import Request.
  Time since last request: 0.000021 seconds.
  path: Assets/SimplePixelUI/prefabs/Gray_black/square/buttons
  artifactKey: Guid(df3ce9a0a01c6454db229d439df09ff7) Importer(2089858483,0ecaa5967403d082aa24f35e1b516d23)
Start importing Assets/SimplePixelUI/prefabs/Gray_black/square/buttons using Guid(df3ce9a0a01c6454db229d439df09ff7) Importer(2089858483,0ecaa5967403d082aa24f35e1b516d23) [PhysX] Initialized MultithreadedTaskDispatcher with 12 workers.
 -> (artifact id: 'ec931c977a4cbccf35b7931fdf82c58f') in 0.013664 seconds
Number of updated asset objects reloaded before import = 0
Number of asset objects unloaded after import = 1
========================================================================
Received Import Request.
  Time since last request: 0.000018 seconds.
  path: Assets/SimplePixelUI/artwork/gray/rounded/off_rounded.png
  artifactKey: Guid(4f9e45e29a3382649bf89557e2a37a4f) Importer(2089858483,0ecaa5967403d082aa24f35e1b516d23)
Start importing Assets/SimplePixelUI/artwork/gray/rounded/off_rounded.png using Guid(4f9e45e29a3382649bf89557e2a37a4f) Importer(2089858483,0ecaa5967403d082aa24f35e1b516d23) [PhysX] Initialized MultithreadedTaskDispatcher with 12 workers.
 -> (artifact id: '8ccbd541e403d2bd507ec146d2ce1aab') in 0.027617 seconds
Number of updated asset objects reloaded before import = 0
Number of asset objects unloaded after import = 3
========================================================================
Received Import Request.
  Time since last request: 0.000015 seconds.
  path: Assets/SimplePixelUI/update 1.15/arrow_CC.png
  artifactKey: Guid(40cc30e0527a8ed499251b53aca4a2a4) Importer(2089858483,0ecaa5967403d082aa24f35e1b516d23)
Start importing Assets/SimplePixelUI/update 1.15/arrow_CC.png using Guid(40cc30e0527a8ed499251b53aca4a2a4) Importer(2089858483,0ecaa5967403d082aa24f35e1b516d23) [PhysX] Initialized MultithreadedTaskDispatcher with 12 workers.
 -> (artifact id: '8a6c73b3553edcf5cce2be4b450a0028') in 0.020492 seconds
Number of updated asset objects reloaded before import = 0
Number of asset objects unloaded after import = 3
========================================================================
Received Import Request.
  Time since last request: 0.000019 seconds.
  path: Assets/SimplePixelUI/artwork/halfcustomizible
  artifactKey: Guid(323062aa4e025ff4f95dc86eef23c43f) Importer(2089858483,0ecaa5967403d082aa24f35e1b516d23)
Start importing Assets/SimplePixelUI/artwork/halfcustomizible using Guid(323062aa4e025ff4f95dc86eef23c43f) Importer(2089858483,0ecaa5967403d082aa24f35e1b516d23) [PhysX] Initialized MultithreadedTaskDispatcher with 12 workers.
 -> (artifact id: 'ac1b3a7157655b937ba74be117c27d91') in 0.009874 seconds
Number of updated asset objects reloaded before import = 0
Number of asset objects unloaded after import = 1
========================================================================
Received Import Request.
  Time since last request: 0.000025 seconds.
  path: Assets/SimplePixelUI/artwork/halfcustomizible/square/Slider/filled_vertical.png
  artifactKey: Guid(f9c3e861d74c4f0479a6a1decedcd28d) Importer(2089858483,0ecaa5967403d082aa24f35e1b516d23)
Start importing Assets/SimplePixelUI/artwork/halfcustomizible/square/Slider/filled_vertical.png using Guid(f9c3e861d74c4f0479a6a1decedcd28d) Importer(2089858483,0ecaa5967403d082aa24f35e1b516d23) [PhysX] Initialized MultithreadedTaskDispatcher with 12 workers.
 -> (artifact id: '2e29667ddc095056eee2c8f0eca9a05b') in 0.021115 seconds
Number of updated asset objects reloaded before import = 0
Number of asset objects unloaded after import = 3
========================================================================
Received Import Request.
  Time since last request: 0.000020 seconds.
  path: Assets/SPUM/Backup/SPUM_20240911215640719_Backup.Prefab
  artifactKey: Guid(17b2559b65857488796ce0bf29f56a02) Importer(2089858483,0ecaa5967403d082aa24f35e1b516d23)
Start importing Assets/SPUM/Backup/SPUM_20240911215640719_Backup.Prefab using Guid(17b2559b65857488796ce0bf29f56a02) Importer(2089858483,0ecaa5967403d082aa24f35e1b516d23) [PhysX] Initialized MultithreadedTaskDispatcher with 12 workers.
 -> (artifact id: 'b2f4c99086cb7766cc20bdd8c965bcb6') in 0.113888 seconds
Number of updated asset objects reloaded before import = 0
Number of asset objects unloaded after import = 248
========================================================================
Received Import Request.
  Time since last request: 0.000019 seconds.
  path: Assets/SimplePixelUI/fonts/Font1/pixelfont.ttf
  artifactKey: Guid(b6349d08a5335cd4aa534282435d11cc) Importer(2089858483,0ecaa5967403d082aa24f35e1b516d23)
Start importing Assets/SimplePixelUI/fonts/Font1/pixelfont.ttf using Guid(b6349d08a5335cd4aa534282435d11cc) Importer(2089858483,0ecaa5967403d082aa24f35e1b516d23) [PhysX] Initialized MultithreadedTaskDispatcher with 12 workers.
 -> (artifact id: '63414fb5e47c7577b0ec18b14214c577') in 0.024209 seconds
Number of updated asset objects reloaded before import = 0
Number of asset objects unloaded after import = 3
========================================================================
Received Import Request.
  Time since last request: 0.000017 seconds.
  path: Assets/SimplePixelUI/fonts
  artifactKey: Guid(162d4da9bc4ab2f41abc92be382336c2) Importer(2089858483,0ecaa5967403d082aa24f35e1b516d23)
Start importing Assets/SimplePixelUI/fonts using Guid(162d4da9bc4ab2f41abc92be382336c2) Importer(2089858483,0ecaa5967403d082aa24f35e1b516d23) [PhysX] Initialized MultithreadedTaskDispatcher with 12 workers.
 -> (artifact id: '6a9911eb5ccc11bbe034b2d9b7b5a1a7') in 0.008454 seconds
Number of updated asset objects reloaded before import = 0
Number of asset objects unloaded after import = 1
========================================================================
Received Import Request.
  Time since last request: 0.000020 seconds.
  path: Assets/SimplePixelUI/prefabs/Half_color_customizible/square/Toggle.prefab
  artifactKey: Guid(c1cab1f5ff502444ebd7d89ca94564b4) Importer(2089858483,0ecaa5967403d082aa24f35e1b516d23)
Start importing Assets/SimplePixelUI/prefabs/Half_color_customizible/square/Toggle.prefab using Guid(c1cab1f5ff502444ebd7d89ca94564b4) Importer(2089858483,0ecaa5967403d082aa24f35e1b516d23) [PhysX] Initialized MultithreadedTaskDispatcher with 12 workers.
 -> (artifact id: '55b1e0d957d3731f6f5648a349fd2f99') in 0.054250 seconds
Number of updated asset objects reloaded before import = 0
Number of asset objects unloaded after import = 22
========================================================================
Received Import Request.
  Time since last request: 0.000029 seconds.
  path: Assets/SimplePixelUI/prefabs/color_customizible/square/buttons/button_1.prefab
  artifactKey: Guid(db8519fc5261b894484aa1a8d6488f4c) Importer(2089858483,0ecaa5967403d082aa24f35e1b516d23)
Start importing Assets/SimplePixelUI/prefabs/color_customizible/square/buttons/button_1.prefab using Guid(db8519fc5261b894484aa1a8d6488f4c) Importer(2089858483,0ecaa5967403d082aa24f35e1b516d23) [PhysX] Initialized MultithreadedTaskDispatcher with 12 workers.
 -> (artifact id: '68fb9155b64969066bf15ad8459e11d8') in 0.036109 seconds
Number of updated asset objects reloaded before import = 0
Number of asset objects unloaded after import = 9
========================================================================
Received Import Request.
  Time since last request: 0.000024 seconds.
  path: Assets/SimplePixelUI/artwork/colorCustomizible/square/slot.png
  artifactKey: Guid(4a7e5d2419d92754da4c0f6996f2e419) Importer(2089858483,0ecaa5967403d082aa24f35e1b516d23)
Start importing Assets/SimplePixelUI/artwork/colorCustomizible/square/slot.png using Guid(4a7e5d2419d92754da4c0f6996f2e419) Importer(2089858483,0ecaa5967403d082aa24f35e1b516d23) [PhysX] Initialized MultithreadedTaskDispatcher with 12 workers.
 -> (artifact id: '4aafcf684a40875afe05a293fc7bdfff') in 0.025771 seconds
Number of updated asset objects reloaded before import = 0
Number of asset objects unloaded after import = 3
========================================================================
Received Import Request.
  Time since last request: 0.000018 seconds.
  path: Assets/SimplePixelUI/prefabs/Half_color_customizible/rounded/Toggle.prefab
  artifactKey: Guid(256b26fa97e69fd4786369541c2e5c65) Importer(2089858483,0ecaa5967403d082aa24f35e1b516d23)
Start importing Assets/SimplePixelUI/prefabs/Half_color_customizible/rounded/Toggle.prefab using Guid(256b26fa97e69fd4786369541c2e5c65) Importer(2089858483,0ecaa5967403d082aa24f35e1b516d23) [PhysX] Initialized MultithreadedTaskDispatcher with 12 workers.
 -> (artifact id: '61fb6d1d936b55b7fa44d926d0490ba5') in 0.028562 seconds
Number of updated asset objects reloaded before import = 0
Number of asset objects unloaded after import = 22
========================================================================
Received Import Request.
  Time since last request: 0.000017 seconds.
  path: Assets/SimplePixelUI/artwork/halfcustomizible/square/toogle/on 1.png
  artifactKey: Guid(84c7515b38823fe45883fb4257d278ae) Importer(2089858483,0ecaa5967403d082aa24f35e1b516d23)
Start importing Assets/SimplePixelUI/artwork/halfcustomizible/square/toogle/on 1.png using Guid(84c7515b38823fe45883fb4257d278ae) Importer(2089858483,0ecaa5967403d082aa24f35e1b516d23) [PhysX] Initialized MultithreadedTaskDispatcher with 12 workers.
 -> (artifact id: 'e5daf1e363aaebdca03832dbe8f3f7e9') in 0.019659 seconds
Number of updated asset objects reloaded before import = 0
Number of asset objects unloaded after import = 3
========================================================================
Received Import Request.
  Time since last request: 0.000016 seconds.
  path: Assets/SimplePixelUI/prefabs/color_customizible/square/Inventory.prefab
  artifactKey: Guid(26a96e4af2e8ff64e88f7fcaca984c12) Importer(2089858483,0ecaa5967403d082aa24f35e1b516d23)
Start importing Assets/SimplePixelUI/prefabs/color_customizible/square/Inventory.prefab using Guid(26a96e4af2e8ff64e88f7fcaca984c12) Importer(2089858483,0ecaa5967403d082aa24f35e1b516d23) [PhysX] Initialized MultithreadedTaskDispatcher with 12 workers.
 -> (artifact id: '61db182522e635bbabea7a854fc7b25f') in 0.028102 seconds
Number of updated asset objects reloaded before import = 0
Number of asset objects unloaded after import = 54
========================================================================
Received Import Request.
  Time since last request: 0.000017 seconds.
  path: Assets/SimplePixelUI/artwork/colorCustomizible/rounded/Background_CC_rounded.png
  artifactKey: Guid(8117ad03e7d28324f97b6eddfdcd1e1d) Importer(2089858483,0ecaa5967403d082aa24f35e1b516d23)
Start importing Assets/SimplePixelUI/artwork/colorCustomizible/rounded/Background_CC_rounded.png using Guid(8117ad03e7d28324f97b6eddfdcd1e1d) Importer(2089858483,0ecaa5967403d082aa24f35e1b516d23) [PhysX] Initialized MultithreadedTaskDispatcher with 12 workers.
 -> (artifact id: '512eda55674b5e5a605b4338e111b041') in 0.020606 seconds
Number of updated asset objects reloaded before import = 0
Number of asset objects unloaded after import = 3
========================================================================
Received Import Request.
  Time since last request: 0.000019 seconds.
  path: Assets/SimplePixelUI/prefabs/color_customizible/square/Border.prefab
  artifactKey: Guid(e1240dc34e7b6494c998a75a360a259b) Importer(2089858483,0ecaa5967403d082aa24f35e1b516d23)
Start importing Assets/SimplePixelUI/prefabs/color_customizible/square/Border.prefab using Guid(e1240dc34e7b6494c998a75a360a259b) Importer(2089858483,0ecaa5967403d082aa24f35e1b516d23) [PhysX] Initialized MultithreadedTaskDispatcher with 12 workers.
 -> (artifact id: '3d713e52ace63434422da863ddac961b') in 0.023403 seconds
Number of updated asset objects reloaded before import = 0
Number of asset objects unloaded after import = 7
========================================================================
Received Import Request.
  Time since last request: 0.000016 seconds.
  path: Assets/SimplePixelUI/prefabs/color_customizible/rounded/buttons
  artifactKey: Guid(db110e7c7eab3e9409f287bc88436c77) Importer(2089858483,0ecaa5967403d082aa24f35e1b516d23)
Start importing Assets/SimplePixelUI/prefabs/color_customizible/rounded/buttons using Guid(db110e7c7eab3e9409f287bc88436c77) Importer(2089858483,0ecaa5967403d082aa24f35e1b516d23) [PhysX] Initialized MultithreadedTaskDispatcher with 12 workers.
 -> (artifact id: '9e325661907a4f568019d55a1d749024') in 0.009930 seconds
Number of updated asset objects reloaded before import = 0
Number of asset objects unloaded after import = 1
========================================================================
Received Import Request.
  Time since last request: 0.000017 seconds.
  path: Assets/SimplePixelUI/prefabs/Gray_black/square/border.prefab
  artifactKey: Guid(6e5b0647531c7fa43878468d15ac4554) Importer(2089858483,0ecaa5967403d082aa24f35e1b516d23)
Start importing Assets/SimplePixelUI/prefabs/Gray_black/square/border.prefab using Guid(6e5b0647531c7fa43878468d15ac4554) Importer(2089858483,0ecaa5967403d082aa24f35e1b516d23) [PhysX] Initialized MultithreadedTaskDispatcher with 12 workers.
 -> (artifact id: '7079d364454897bf4923ec72d0ab0115') in 0.026024 seconds
Number of updated asset objects reloaded before import = 0
Number of asset objects unloaded after import = 8
========================================================================
Received Import Request.
  Time since last request: 0.000020 seconds.
  path: Assets/SimplePixelUI/artwork/colorCustomizible/square/scroll_horizontal/Background.png
  artifactKey: Guid(9fd81fd6038f7bb44ab675c198558be8) Importer(2089858483,0ecaa5967403d082aa24f35e1b516d23)
Start importing Assets/SimplePixelUI/artwork/colorCustomizible/square/scroll_horizontal/Background.png using Guid(9fd81fd6038f7bb44ab675c198558be8) Importer(2089858483,0ecaa5967403d082aa24f35e1b516d23) [PhysX] Initialized MultithreadedTaskDispatcher with 12 workers.
 -> (artifact id: 'cb67446fe0091783e8f4090dbb8295bb') in 0.029856 seconds
Number of updated asset objects reloaded before import = 0
Number of asset objects unloaded after import = 3
========================================================================
Received Import Request.
  Time since last request: 0.000025 seconds.
  path: Assets/SimplePixelUI/fonts/Font2/pixelfont2.ttf
  artifactKey: Guid(a6dede01cb8e479429b8bc5253a2ad2f) Importer(2089858483,0ecaa5967403d082aa24f35e1b516d23)
Start importing Assets/SimplePixelUI/fonts/Font2/pixelfont2.ttf using Guid(a6dede01cb8e479429b8bc5253a2ad2f) Importer(2089858483,0ecaa5967403d082aa24f35e1b516d23) [PhysX] Initialized MultithreadedTaskDispatcher with 12 workers.
 -> (artifact id: 'dfb42f7f5961b1ed556984b780da84ff') in 0.027492 seconds
Number of updated asset objects reloaded before import = 0
Number of asset objects unloaded after import = 3
========================================================================
Received Import Request.
  Time since last request: 0.000027 seconds.
  path: Assets/SimplePixelUI/prefabs/Half_color_customizible/rounded/health_bar_rounded/HealthBar_TB.prefab
  artifactKey: Guid(8d2d824705be5754185325dce20f3e88) Importer(2089858483,0ecaa5967403d082aa24f35e1b516d23)
Start importing Assets/SimplePixelUI/prefabs/Half_color_customizible/rounded/health_bar_rounded/HealthBar_TB.prefab using Guid(8d2d824705be5754185325dce20f3e88) Importer(2089858483,0ecaa5967403d082aa24f35e1b516d23) [PhysX] Initialized MultithreadedTaskDispatcher with 12 workers.
 -> (artifact id: '75ca6d8e8263376b579e7e5dc1c317b3') in 0.027815 seconds
Number of updated asset objects reloaded before import = 0
Number of asset objects unloaded after import = 16
========================================================================
Received Import Request.
  Time since last request: 0.000017 seconds.
  path: Assets/SimplePixelUI/artwork/colorCustomizible/square/slot3D.png
  artifactKey: Guid(e48b869e1b13ad54295d3d9efb9e78bf) Importer(2089858483,0ecaa5967403d082aa24f35e1b516d23)
Start importing Assets/SimplePixelUI/artwork/colorCustomizible/square/slot3D.png using Guid(e48b869e1b13ad54295d3d9efb9e78bf) Importer(2089858483,0ecaa5967403d082aa24f35e1b516d23) [PhysX] Initialized MultithreadedTaskDispatcher with 12 workers.
 -> (artifact id: 'ccc1e90001d9452ff0e3e46ecf5032c8') in 0.019323 seconds
Number of updated asset objects reloaded before import = 0
Number of asset objects unloaded after import = 3
========================================================================
Received Import Request.
  Time since last request: 0.000019 seconds.
  path: Assets/SimplePixelUI/artwork/halfcustomizible/square/Slider3/Background_vertical.png
  artifactKey: Guid(4c17724abd1a5254f93804bb45fe6cfc) Importer(2089858483,0ecaa5967403d082aa24f35e1b516d23)
Start importing Assets/SimplePixelUI/artwork/halfcustomizible/square/Slider3/Background_vertical.png using Guid(4c17724abd1a5254f93804bb45fe6cfc) Importer(2089858483,0ecaa5967403d082aa24f35e1b516d23) [PhysX] Initialized MultithreadedTaskDispatcher with 12 workers.
 -> (artifact id: '4e81db12b7ee1eae92a57f2e7abb7d15') in 0.019020 seconds
Number of updated asset objects reloaded before import = 0
Number of asset objects unloaded after import = 3
========================================================================
Received Import Request.
  Time since last request: 0.000016 seconds.
  path: Assets/TextMesh Pro/Examples & Extras/Scripts/TMP_FrameRateCounter.cs
  artifactKey: Guid(686ec78b56aa445795335fbadafcfaa4) Importer(2089858483,0ecaa5967403d082aa24f35e1b516d23)
Start importing Assets/TextMesh Pro/Examples & Extras/Scripts/TMP_FrameRateCounter.cs using Guid(686ec78b56aa445795335fbadafcfaa4) Importer(2089858483,0ecaa5967403d082aa24f35e1b516d23) [PhysX] Initialized MultithreadedTaskDispatcher with 12 workers.
 -> (artifact id: '3cf5fcaa86002de434c904957c0864dd') in 0.011476 seconds
Number of updated asset objects reloaded before import = 0
Number of asset objects unloaded after import = 1
========================================================================
Received Import Request.
  Time since last request: 0.000020 seconds.
  path: Assets/SimplePixelUI/prefabs/Half_color_customizible/rounded/health_bar_rounded
  artifactKey: Guid(3b15b0d8ea7cf6d43acfb5860ccff3b1) Importer(2089858483,0ecaa5967403d082aa24f35e1b516d23)
Start importing Assets/SimplePixelUI/prefabs/Half_color_customizible/rounded/health_bar_rounded using Guid(3b15b0d8ea7cf6d43acfb5860ccff3b1) Importer(2089858483,0ecaa5967403d082aa24f35e1b516d23) [PhysX] Initialized MultithreadedTaskDispatcher with 12 workers.
 -> (artifact id: 'e8303b1051f8e1033b04b25d32adcad4') in 0.009460 seconds
Number of updated asset objects reloaded before import = 0
Number of asset objects unloaded after import = 1
========================================================================
Received Import Request.
  Time since last request: 0.000018 seconds.
  path: Assets/SimplePixelUI/artwork/icons/icons_color_customizible.png
  artifactKey: Guid(2a01691a87fedbe4aa6de6f1c0c0f3d4) Importer(2089858483,0ecaa5967403d082aa24f35e1b516d23)
Start importing Assets/SimplePixelUI/artwork/icons/icons_color_customizible.png using Guid(2a01691a87fedbe4aa6de6f1c0c0f3d4) Importer(2089858483,0ecaa5967403d082aa24f35e1b516d23) [PhysX] Initialized MultithreadedTaskDispatcher with 12 workers.
 -> (artifact id: '72763a7b008b3c84f312eec37e371cc3') in 0.076080 seconds
Number of updated asset objects reloaded before import = 0
Number of asset objects unloaded after import = 37
========================================================================
Received Import Request.
  Time since last request: 0.000017 seconds.
  path: Assets/SimplePixelUI/artwork/colorCustomizible/square/health_Bar_Vertical.png
  artifactKey: Guid(2a5bbba961e88c446baa1abd22683e28) Importer(2089858483,0ecaa5967403d082aa24f35e1b516d23)
Start importing Assets/SimplePixelUI/artwork/colorCustomizible/square/health_Bar_Vertical.png using Guid(2a5bbba961e88c446baa1abd22683e28) Importer(2089858483,0ecaa5967403d082aa24f35e1b516d23) [PhysX] Initialized MultithreadedTaskDispatcher with 12 workers.
 -> (artifact id: '84e6c967495909d700b7b8eb8162dd60') in 0.030553 seconds
Number of updated asset objects reloaded before import = 0
Number of asset objects unloaded after import = 3
========================================================================
Received Import Request.
  Time since last request: 0.000016 seconds.
  path: Assets/SimplePixelUI/prefabs/Half_color_customizible/square/backgroundHalfCustom.prefab
  artifactKey: Guid(34a5085941dd5244ea00b4973da6826c) Importer(2089858483,0ecaa5967403d082aa24f35e1b516d23)
Start importing Assets/SimplePixelUI/prefabs/Half_color_customizible/square/backgroundHalfCustom.prefab using Guid(34a5085941dd5244ea00b4973da6826c) Importer(2089858483,0ecaa5967403d082aa24f35e1b516d23) [PhysX] Initialized MultithreadedTaskDispatcher with 12 workers.
 -> (artifact id: 'ca9b4f83cf94d7b2654a46674d849a35') in 0.026216 seconds
Number of updated asset objects reloaded before import = 0
Number of asset objects unloaded after import = 7
========================================================================
Received Import Request.
  Time since last request: 0.000019 seconds.
  path: Assets/SimplePixelUI/artwork
  artifactKey: Guid(225de32f8fed06f4ca6486d89d08abe7) Importer(2089858483,0ecaa5967403d082aa24f35e1b516d23)
Start importing Assets/SimplePixelUI/artwork using Guid(225de32f8fed06f4ca6486d89d08abe7) Importer(2089858483,0ecaa5967403d082aa24f35e1b516d23) [PhysX] Initialized MultithreadedTaskDispatcher with 12 workers.
 -> (artifact id: '8782a9c8d00bac0b3311ef9fe56cb912') in 0.009713 seconds
Number of updated asset objects reloaded before import = 0
Number of asset objects unloaded after import = 1
========================================================================
Received Import Request.
  Time since last request: 0.000023 seconds.
  path: Assets/SimplePixelUI/artwork/halfcustomizible/square/Slider3/filled_vertical.png
  artifactKey: Guid(b8afb8b70f13a3f48806bf2a7550a7f5) Importer(2089858483,0ecaa5967403d082aa24f35e1b516d23)
Start importing Assets/SimplePixelUI/artwork/halfcustomizible/square/Slider3/filled_vertical.png using Guid(b8afb8b70f13a3f48806bf2a7550a7f5) Importer(2089858483,0ecaa5967403d082aa24f35e1b516d23) [PhysX] Initialized MultithreadedTaskDispatcher with 12 workers.
 -> (artifact id: '17c5485193fe73a0554583d84eb06e10') in 0.019361 seconds
Number of updated asset objects reloaded before import = 0
Number of asset objects unloaded after import = 3
========================================================================
Received Import Request.
  Time since last request: 0.000021 seconds.
  path: Assets/SimplePixelUI/artwork/colorCustomizible/square/Buttons/button_2.png
  artifactKey: Guid(17bd7baa51c566f4dbc8839abd07fbb3) Importer(2089858483,0ecaa5967403d082aa24f35e1b516d23)
Start importing Assets/SimplePixelUI/artwork/colorCustomizible/square/Buttons/button_2.png using Guid(17bd7baa51c566f4dbc8839abd07fbb3) Importer(2089858483,0ecaa5967403d082aa24f35e1b516d23) [PhysX] Initialized MultithreadedTaskDispatcher with 12 workers.
 -> (artifact id: 'be01df0fea50de6fdcc2f8130430c7d6') in 0.019720 seconds
Number of updated asset objects reloaded before import = 0
Number of asset objects unloaded after import = 3
========================================================================
Received Import Request.
  Time since last request: 0.000022 seconds.
  path: Assets/SimplePixelUI/artwork/colorCustomizible/rounded/buttons
  artifactKey: Guid(53f838e5818bfe54db4332fe8f0c9b8d) Importer(2089858483,0ecaa5967403d082aa24f35e1b516d23)
Start importing Assets/SimplePixelUI/artwork/colorCustomizible/rounded/buttons using Guid(53f838e5818bfe54db4332fe8f0c9b8d) Importer(2089858483,0ecaa5967403d082aa24f35e1b516d23) [PhysX] Initialized MultithreadedTaskDispatcher with 12 workers.
 -> (artifact id: '505162cffb83ff900e095b6e7738d2ec') in 0.008813 seconds
Number of updated asset objects reloaded before import = 0
Number of asset objects unloaded after import = 1
========================================================================
Received Import Request.
  Time since last request: 0.000016 seconds.
  path: Assets/SimplePixelUI/artwork/colorCustomizible/square/Buttons
  artifactKey: Guid(c314076aa6dc28e4489129547cdb65f0) Importer(2089858483,0ecaa5967403d082aa24f35e1b516d23)
Start importing Assets/SimplePixelUI/artwork/colorCustomizible/square/Buttons using Guid(c314076aa6dc28e4489129547cdb65f0) Importer(2089858483,0ecaa5967403d082aa24f35e1b516d23) [PhysX] Initialized MultithreadedTaskDispatcher with 12 workers.
 -> (artifact id: '48adc3d8eb3284c4adf77febcaf28437') in 0.009444 seconds
Number of updated asset objects reloaded before import = 0
Number of asset objects unloaded after import = 1
========================================================================
Received Import Request.
  Time since last request: 0.000018 seconds.
  path: Assets/SimplePixelUI/artwork/gray/square/Buttons/button_small_1.png
  artifactKey: Guid(afb88362491b0ba40b4eede04e57dc84) Importer(2089858483,0ecaa5967403d082aa24f35e1b516d23)
Start importing Assets/SimplePixelUI/artwork/gray/square/Buttons/button_small_1.png using Guid(afb88362491b0ba40b4eede04e57dc84) Importer(2089858483,0ecaa5967403d082aa24f35e1b516d23) [PhysX] Initialized MultithreadedTaskDispatcher with 12 workers.
 -> (artifact id: 'da80b9a3fb3fc7ffb42db3e186ed1bff') in 0.018707 seconds
Number of updated asset objects reloaded before import = 0
Number of asset objects unloaded after import = 3
========================================================================
Received Import Request.
  Time since last request: 0.000020 seconds.
  path: Assets/SimplePixelUI/prefabs/Half_color_customizible/square/buttons/button_small_1.prefab
  artifactKey: Guid(050bc2133fe008f47940192024071571) Importer(2089858483,0ecaa5967403d082aa24f35e1b516d23)
Start importing Assets/SimplePixelUI/prefabs/Half_color_customizible/square/buttons/button_small_1.prefab using Guid(050bc2133fe008f47940192024071571) Importer(2089858483,0ecaa5967403d082aa24f35e1b516d23) [PhysX] Initialized MultithreadedTaskDispatcher with 12 workers.
 -> (artifact id: 'a3c27ea653b412ad8b303a05f7faa4a8') in 0.028821 seconds
Number of updated asset objects reloaded before import = 0
Number of asset objects unloaded after import = 9
========================================================================
Received Import Request.
  Time since last request: 0.000017 seconds.
  path: Assets/SimplePixelUI/artwork/gray/square/Buttons/button_2.png
  artifactKey: Guid(5e2d8e82a94c6fb4596a22577ff9e1a2) Importer(2089858483,0ecaa5967403d082aa24f35e1b516d23)
Start importing Assets/SimplePixelUI/artwork/gray/square/Buttons/button_2.png using Guid(5e2d8e82a94c6fb4596a22577ff9e1a2) Importer(2089858483,0ecaa5967403d082aa24f35e1b516d23) [PhysX] Initialized MultithreadedTaskDispatcher with 12 workers.
 -> (artifact id: 'afe8e48ef5cd587e7ec86f05cd43219f') in 0.018145 seconds
Number of updated asset objects reloaded before import = 0
Number of asset objects unloaded after import = 3
========================================================================
Received Import Request.
  Time since last request: 0.000019 seconds.
  path: Assets/SimplePixelUI/artwork/icons/locked.png
  artifactKey: Guid(6fb8719ffeb4cf0478c7a8d436d3a191) Importer(2089858483,0ecaa5967403d082aa24f35e1b516d23)
Start importing Assets/SimplePixelUI/artwork/icons/locked.png using Guid(6fb8719ffeb4cf0478c7a8d436d3a191) Importer(2089858483,0ecaa5967403d082aa24f35e1b516d23) [PhysX] Initialized MultithreadedTaskDispatcher with 12 workers.
 -> (artifact id: 'c3cd47be2e12fdd7c89462e9d89c57e3') in 0.025917 seconds
Number of updated asset objects reloaded before import = 0
Number of asset objects unloaded after import = 3
========================================================================
Received Import Request.
  Time since last request: 0.000016 seconds.
  path: Assets/SimplePixelUI/prefabs/Gray_black/rounded/background.prefab
  artifactKey: Guid(58c66169087b95140a6cc11e38fe212f) Importer(2089858483,0ecaa5967403d082aa24f35e1b516d23)
Start importing Assets/SimplePixelUI/prefabs/Gray_black/rounded/background.prefab using Guid(58c66169087b95140a6cc11e38fe212f) Importer(2089858483,0ecaa5967403d082aa24f35e1b516d23) [PhysX] Initialized MultithreadedTaskDispatcher with 12 workers.
 -> (artifact id: '268ed9032f80ee2b9361c2d61b6e8c2f') in 0.022183 seconds
Number of updated asset objects reloaded before import = 0
Number of asset objects unloaded after import = 7
========================================================================
Received Import Request.
  Time since last request: 0.000021 seconds.
  path: Assets/TextMesh Pro/Examples & Extras/Scripts/VertexZoom.cs
  artifactKey: Guid(52ec835d14bd486f900952b77698b7eb) Importer(2089858483,0ecaa5967403d082aa24f35e1b516d23)
Start importing Assets/TextMesh Pro/Examples & Extras/Scripts/VertexZoom.cs using Guid(52ec835d14bd486f900952b77698b7eb) Importer(2089858483,0ecaa5967403d082aa24f35e1b516d23) [PhysX] Initialized MultithreadedTaskDispatcher with 12 workers.
 -> (artifact id: '47feb131265eaf1132efd7188dad43ad') in 0.010870 seconds
Number of updated asset objects reloaded before import = 0
Number of asset objects unloaded after import = 1
========================================================================
Received Import Request.
  Time since last request: 0.725846 seconds.
  path: Assets/SPUM/Backup/SPUM_20240911215637878_Backup.Prefab
  artifactKey: Guid(a4696a02c7fa04918a30ca6051a8901e) Importer(2089858483,0ecaa5967403d082aa24f35e1b516d23)
Start importing Assets/SPUM/Backup/SPUM_20240911215637878_Backup.Prefab using Guid(a4696a02c7fa04918a30ca6051a8901e) Importer(2089858483,0ecaa5967403d082aa24f35e1b516d23) [PhysX] Initialized MultithreadedTaskDispatcher with 12 workers.
 -> (artifact id: 'eee886c327a039fe7978792af75152a2') in 0.219202 seconds
Number of updated asset objects reloaded before import = 0
Number of asset objects unloaded after import = 244
========================================================================
Received Import Request.
  Time since last request: 0.000023 seconds.
  path: Assets/SPUM/Resources/Addons/Ver300/0_Unit/0_Sprite
  artifactKey: Guid(9c15983d1896ecd48865b8af443234aa) Importer(2089858483,0ecaa5967403d082aa24f35e1b516d23)
Start importing Assets/SPUM/Resources/Addons/Ver300/0_Unit/0_Sprite using Guid(9c15983d1896ecd48865b8af443234aa) Importer(2089858483,0ecaa5967403d082aa24f35e1b516d23) [PhysX] Initialized MultithreadedTaskDispatcher with 12 workers.
 -> (artifact id: '088994bee27751f6d86de2023f5fd29a') in 0.011297 seconds
Number of updated asset objects reloaded before import = 0
Number of asset objects unloaded after import = 1
========================================================================
Received Import Request.
  Time since last request: 0.000022 seconds.
  path: Assets/SPUM/Sprite_SheetExporter(Beta)/Res
  artifactKey: Guid(edc5dcea6d07f7a41b7f8be7d90b0dfb) Importer(2089858483,0ecaa5967403d082aa24f35e1b516d23)
Start importing Assets/SPUM/Sprite_SheetExporter(Beta)/Res using Guid(edc5dcea6d07f7a41b7f8be7d90b0dfb) Importer(2089858483,0ecaa5967403d082aa24f35e1b516d23) [PhysX] Initialized MultithreadedTaskDispatcher with 12 workers.
 -> (artifact id: '882103292fc439b3178cbf41fcc37b9a') in 0.010693 seconds
Number of updated asset objects reloaded before import = 0
Number of asset objects unloaded after import = 1
========================================================================
Received Import Request.
  Time since last request: 0.000016 seconds.
  path: Assets/TextMesh Pro/Shaders/TMP_SDF-Mobile Overlay.shader
  artifactKey: Guid(a02a7d8c237544f1962732b55a9aebf1) Importer(2089858483,0ecaa5967403d082aa24f35e1b516d23)
Start importing Assets/TextMesh Pro/Shaders/TMP_SDF-Mobile Overlay.shader using Guid(a02a7d8c237544f1962732b55a9aebf1) Importer(2089858483,0ecaa5967403d082aa24f35e1b516d23) [PhysX] Initialized MultithreadedTaskDispatcher with 12 workers.
 -> (artifact id: '3aafdb94d46729fe2ef3fd72af1d4ea6') in 0.018475 seconds
Number of updated asset objects reloaded before import = 0
Number of asset objects unloaded after import = 1
========================================================================
Received Import Request.
  Time since last request: 0.000018 seconds.
  path: Assets/SPUM/Script/Plugin/Moments Recorder
  artifactKey: Guid(02b93c0a24bfbe1468902008f9c754db) Importer(2089858483,0ecaa5967403d082aa24f35e1b516d23)
Start importing Assets/SPUM/Script/Plugin/Moments Recorder using Guid(02b93c0a24bfbe1468902008f9c754db) Importer(2089858483,0ecaa5967403d082aa24f35e1b516d23) [PhysX] Initialized MultithreadedTaskDispatcher with 12 workers.
 -> (artifact id: '5abf5cee16adb1974c9a266fd0fff228') in 0.011610 seconds
Number of updated asset objects reloaded before import = 0
Number of asset objects unloaded after import = 1
========================================================================
Received Import Request.
  Time since last request: 0.000017 seconds.
  path: Assets/SPUM/Resources/Addons/Legacy/0_Unit/1_Animation
  artifactKey: Guid(7c429778e2cfc4fa9be4ab55e79283b0) Importer(2089858483,0ecaa5967403d082aa24f35e1b516d23)
Start importing Assets/SPUM/Resources/Addons/Legacy/0_Unit/1_Animation using Guid(7c429778e2cfc4fa9be4ab55e79283b0) Importer(2089858483,0ecaa5967403d082aa24f35e1b516d23) [PhysX] Initialized MultithreadedTaskDispatcher with 12 workers.
 -> (artifact id: 'b2a3d2c3463a6c734267a17913360fe4') in 0.012770 seconds
Number of updated asset objects reloaded before import = 0
Number of asset objects unloaded after import = 1
========================================================================
Received Import Request.
  Time since last request: 0.000016 seconds.
  path: Assets/SPUM/Resources/Addons/Ver121/0_Unit/0_Sprite/0_Hair
  artifactKey: Guid(bf32ee9f6a703c84c93b8195dd8c27d7) Importer(2089858483,0ecaa5967403d082aa24f35e1b516d23)
Start importing Assets/SPUM/Resources/Addons/Ver121/0_Unit/0_Sprite/0_Hair using Guid(bf32ee9f6a703c84c93b8195dd8c27d7) Importer(2089858483,0ecaa5967403d082aa24f35e1b516d23) [PhysX] Initialized MultithreadedTaskDispatcher with 12 workers.
 -> (artifact id: '1a139ec244eeb2348e3aff3453182e6f') in 0.010250 seconds
Number of updated asset objects reloaded before import = 0
Number of asset objects unloaded after import = 1
========================================================================
Received Import Request.
  Time since last request: 0.000027 seconds.
  path: Assets/SPUM/Basic_Resources/Package/Editor
  artifactKey: Guid(218f4272dfecae540ad64a0a2f8d993c) Importer(2089858483,0ecaa5967403d082aa24f35e1b516d23)
Start importing Assets/SPUM/Basic_Resources/Package/Editor using Guid(218f4272dfecae540ad64a0a2f8d993c) Importer(2089858483,0ecaa5967403d082aa24f35e1b516d23) [PhysX] Initialized MultithreadedTaskDispatcher with 12 workers.
 -> (artifact id: '53381d52fe9719b3296bab30d4812bdc') in 0.012318 seconds
Number of updated asset objects reloaded before import = 0
Number of asset objects unloaded after import = 1
========================================================================
Received Import Request.
  Time since last request: 0.000019 seconds.
  path: Assets/SPUM/Backup/SPUM_20240911215641087_Backup.Prefab
  artifactKey: Guid(6065dc1cc3e4540378ef9d74eb47948e) Importer(2089858483,0ecaa5967403d082aa24f35e1b516d23)
Start importing Assets/SPUM/Backup/SPUM_20240911215641087_Backup.Prefab using Guid(6065dc1cc3e4540378ef9d74eb47948e) Importer(2089858483,0ecaa5967403d082aa24f35e1b516d23) [PhysX] Initialized MultithreadedTaskDispatcher with 12 workers.
 -> (artifact id: '937f354317b09381b9373f40bada34d3') in 0.095775 seconds
Number of updated asset objects reloaded before import = 0
Number of asset objects unloaded after import = 246
========================================================================
Received Import Request.
  Time since last request: 0.000025 seconds.
  path: Assets/TextMesh Pro/Examples & Extras/Scripts/TMP_TextEventCheck.cs
  artifactKey: Guid(d736ce056cf444ca96e424f4d9c42b76) Importer(2089858483,0ecaa5967403d082aa24f35e1b516d23)
Start importing Assets/TextMesh Pro/Examples & Extras/Scripts/TMP_TextEventCheck.cs using Guid(d736ce056cf444ca96e424f4d9c42b76) Importer(2089858483,0ecaa5967403d082aa24f35e1b516d23) [PhysX] Initialized MultithreadedTaskDispatcher with 12 workers.
 -> (artifact id: '7b5188c8d2b884eaeab737aa99b837cb') in 0.015582 seconds
Number of updated asset objects reloaded before import = 0
Number of asset objects unloaded after import = 1
========================================================================
Received Import Request.
  Time since last request: 0.000020 seconds.
  path: Assets/SPUM/Backup/SPUM_20240911222150076_Backup.Prefab
  artifactKey: Guid(635e49f4dcff841e3a25a246fc34903a) Importer(2089858483,0ecaa5967403d082aa24f35e1b516d23)
Start importing Assets/SPUM/Backup/SPUM_20240911222150076_Backup.Prefab using Guid(635e49f4dcff841e3a25a246fc34903a) Importer(2089858483,0ecaa5967403d082aa24f35e1b516d23) [PhysX] Initialized MultithreadedTaskDispatcher with 12 workers.
 -> (artifact id: '821da4b89375dc88783b52ddb36a5af7') in 0.082716 seconds
Number of updated asset objects reloaded before import = 0
Number of asset objects unloaded after import = 245
========================================================================
Received Import Request.
  Time since last request: 0.000020 seconds.
  path: Assets/SPUM/Resources/Addons/Legacy/0_Unit/1_Animation/01_Move
  artifactKey: Guid(957d48a85c46a6542a63e0beba015cd7) Importer(2089858483,0ecaa5967403d082aa24f35e1b516d23)
Start importing Assets/SPUM/Resources/Addons/Legacy/0_Unit/1_Animation/01_Move using Guid(957d48a85c46a6542a63e0beba015cd7) Importer(2089858483,0ecaa5967403d082aa24f35e1b516d23) [PhysX] Initialized MultithreadedTaskDispatcher with 12 workers.
 -> (artifact id: '1d63d8acde64f97491d24e354803063f') in 0.012068 seconds
Number of updated asset objects reloaded before import = 0
Number of asset objects unloaded after import = 1
========================================================================
Received Import Request.
  Time since last request: 0.000028 seconds.
  path: Assets/SPUM/Resources/Addons/Legacy/0_Unit/1_Animation/06_Other/02_Etc
  artifactKey: Guid(60ff20713c54cfe4cad6e83eb011f9e7) Importer(2089858483,0ecaa5967403d082aa24f35e1b516d23)
Start importing Assets/SPUM/Resources/Addons/Legacy/0_Unit/1_Animation/06_Other/02_Etc using Guid(60ff20713c54cfe4cad6e83eb011f9e7) Importer(2089858483,0ecaa5967403d082aa24f35e1b516d23) [PhysX] Initialized MultithreadedTaskDispatcher with 12 workers.
 -> (artifact id: '41e18124ddeac1b8e0397afc057e8997') in 0.011348 seconds
Number of updated asset objects reloaded before import = 0
Number of asset objects unloaded after import = 1
========================================================================
Received Import Request.
  Time since last request: 0.000022 seconds.
  path: Assets/SPUM/Basic_Resources/Animator
  artifactKey: Guid(d3db29c447a6a1644a7ca8bc2548e837) Importer(2089858483,0ecaa5967403d082aa24f35e1b516d23)
Start importing Assets/SPUM/Basic_Resources/Animator using Guid(d3db29c447a6a1644a7ca8bc2548e837) Importer(2089858483,0ecaa5967403d082aa24f35e1b516d23) [PhysX] Initialized MultithreadedTaskDispatcher with 12 workers.
 -> (artifact id: '394c637e2aed7cc43ab1b3bd0c6ebf34') in 0.012266 seconds
Number of updated asset objects reloaded before import = 0
Number of asset objects unloaded after import = 1
========================================================================
Received Import Request.
  Time since last request: 0.000019 seconds.
  path: Assets/SPUM/Backup/SPUM_20240911215637961_Backup.Prefab
  artifactKey: Guid(ec3e5ddc0eed847b29e7c75698f3bab0) Importer(2089858483,0ecaa5967403d082aa24f35e1b516d23)
Start importing Assets/SPUM/Backup/SPUM_20240911215637961_Backup.Prefab using Guid(ec3e5ddc0eed847b29e7c75698f3bab0) Importer(2089858483,0ecaa5967403d082aa24f35e1b516d23) [PhysX] Initialized MultithreadedTaskDispatcher with 12 workers.
 -> (artifact id: '593e843f22695d043053d6e09a4d5d45') in 0.068915 seconds
Number of updated asset objects reloaded before import = 0
Number of asset objects unloaded after import = 240
========================================================================
Received Import Request.
  Time since last request: 0.000019 seconds.
  path: Assets/SPUM/Basic_Resources/Package/Script
  artifactKey: Guid(2b8baea9840ac3c4fb79fa0e642dcbee) Importer(2089858483,0ecaa5967403d082aa24f35e1b516d23)
Start importing Assets/SPUM/Basic_Resources/Package/Script using Guid(2b8baea9840ac3c4fb79fa0e642dcbee) Importer(2089858483,0ecaa5967403d082aa24f35e1b516d23) [PhysX] Initialized MultithreadedTaskDispatcher with 12 workers.
 -> (artifact id: 'eba5c9bbc506faf82d0447607fbe5d67') in 0.010691 seconds
Number of updated asset objects reloaded before import = 0
Number of asset objects unloaded after import = 1
========================================================================
Received Import Request.
  Time since last request: 0.000016 seconds.
  path: Assets/SPUM/Resources/Addons/Legacy/0_Unit/0_Sprite/6_Weapons/1_Axe
  artifactKey: Guid(63f7fa0a02acfc4438d9eea255cd7db6) Importer(2089858483,0ecaa5967403d082aa24f35e1b516d23)
Start importing Assets/SPUM/Resources/Addons/Legacy/0_Unit/0_Sprite/6_Weapons/1_Axe using Guid(63f7fa0a02acfc4438d9eea255cd7db6) Importer(2089858483,0ecaa5967403d082aa24f35e1b516d23) [PhysX] Initialized MultithreadedTaskDispatcher with 12 workers.
 -> (artifact id: '6b041738eb77e9a04b7e3f7b4f1fbcf7') in 0.012459 seconds
Number of updated asset objects reloaded before import = 0
Number of asset objects unloaded after import = 1
========================================================================
Received Import Request.
  Time since last request: 0.000019 seconds.
  path: Assets/TextMesh Pro/Examples & Extras/Scripts/WarpTextExample.cs
  artifactKey: Guid(790744c462254b7ba8038e6ed28b3db2) Importer(2089858483,0ecaa5967403d082aa24f35e1b516d23)
Start importing Assets/TextMesh Pro/Examples & Extras/Scripts/WarpTextExample.cs using Guid(790744c462254b7ba8038e6ed28b3db2) Importer(2089858483,0ecaa5967403d082aa24f35e1b516d23) [PhysX] Initialized MultithreadedTaskDispatcher with 12 workers.
 -> (artifact id: '8a7caddbc63d1d369ce28b36205f3a66') in 0.014038 seconds
Number of updated asset objects reloaded before import = 0
Number of asset objects unloaded after import = 1
========================================================================
Received Import Request.
  Time since last request: 0.000024 seconds.
  path: Assets/SPUM/Resources/Addons/Legacy/0_Unit/1_Animation/04_Death
  artifactKey: Guid(f71e60b6520db1642b7667dfbdd4aa79) Importer(2089858483,0ecaa5967403d082aa24f35e1b516d23)
Start importing Assets/SPUM/Resources/Addons/Legacy/0_Unit/1_Animation/04_Death using Guid(f71e60b6520db1642b7667dfbdd4aa79) Importer(2089858483,0ecaa5967403d082aa24f35e1b516d23) [PhysX] Initialized MultithreadedTaskDispatcher with 12 workers.
 -> (artifact id: '68d8b60fc870fd8cf4e15a6c1f999db6') in 0.011499 seconds
Number of updated asset objects reloaded before import = 0
Number of asset objects unloaded after import = 1
========================================================================
Received Import Request.
  Time since last request: 0.000017 seconds.
  path: Assets/SPUM/Script/Plugin
  artifactKey: Guid(38d9511ca70359d44a3dd265e4a2e052) Importer(2089858483,0ecaa5967403d082aa24f35e1b516d23)
Start importing Assets/SPUM/Script/Plugin using Guid(38d9511ca70359d44a3dd265e4a2e052) Importer(2089858483,0ecaa5967403d082aa24f35e1b516d23) [PhysX] Initialized MultithreadedTaskDispatcher with 12 workers.
 -> (artifact id: '6ba7ad0d209a70bbaca5b6060ea9beb8') in 0.011165 seconds
Number of updated asset objects reloaded before import = 0
Number of asset objects unloaded after import = 1
========================================================================
Received Import Request.
  Time since last request: 0.000018 seconds.
  path: Assets/SPUM/Resources/Addons/Legacy/0_Unit/1_Animation/02_Attack/00_MeleeAttack/0_Attack_Normal.anim
  artifactKey: Guid(c66e5eb2778574f1abbd40dcb05e1df7) Importer(2089858483,0ecaa5967403d082aa24f35e1b516d23)
Start importing Assets/SPUM/Resources/Addons/Legacy/0_Unit/1_Animation/02_Attack/00_MeleeAttack/0_Attack_Normal.anim using Guid(c66e5eb2778574f1abbd40dcb05e1df7) Importer(2089858483,0ecaa5967403d082aa24f35e1b516d23) [PhysX] Initialized MultithreadedTaskDispatcher with 12 workers.
 -> (artifact id: '7b3d06f12eade1ca8594e11b6ea670c4') in 0.021468 seconds
Number of updated asset objects reloaded before import = 0
Number of asset objects unloaded after import = 1
========================================================================
Received Import Request.
  Time since last request: 0.000017 seconds.
  path: Assets/SPUM/Basic_Resources/Backup_Eye
  artifactKey: Guid(bb8a40dff6db63645905aa42bf7f7750) Importer(2089858483,0ecaa5967403d082aa24f35e1b516d23)
Start importing Assets/SPUM/Basic_Resources/Backup_Eye using Guid(bb8a40dff6db63645905aa42bf7f7750) Importer(2089858483,0ecaa5967403d082aa24f35e1b516d23) [PhysX] Initialized MultithreadedTaskDispatcher with 12 workers.
 -> (artifact id: 'ecdba494b7222fbfd81c4d5fc872dfb9') in 0.011267 seconds
Number of updated asset objects reloaded before import = 0
Number of asset objects unloaded after import = 1
========================================================================
Received Import Request.
  Time since last request: 0.000022 seconds.
  path: Assets/SPUM/Resources/Addons/BasicPack/2_Prefab/Skelton
  artifactKey: Guid(5a45ddb2f210e4e09a72acbe871ed6d3) Importer(2089858483,0ecaa5967403d082aa24f35e1b516d23)
Start importing Assets/SPUM/Resources/Addons/BasicPack/2_Prefab/Skelton using Guid(5a45ddb2f210e4e09a72acbe871ed6d3) Importer(2089858483,0ecaa5967403d082aa24f35e1b516d23) [PhysX] Initialized MultithreadedTaskDispatcher with 12 workers.
 -> (artifact id: '86feaebc125dc9a9ae7298892c609966') in 0.011118 seconds
Number of updated asset objects reloaded before import = 0
Number of asset objects unloaded after import = 1
========================================================================
Received Import Request.
  Time since last request: 0.000017 seconds.
  path: Assets/TextMesh Pro/Shaders/TMP_SDF SSD.shader
  artifactKey: Guid(14eb328de4b8eb245bb7cea29e4ac00b) Importer(2089858483,0ecaa5967403d082aa24f35e1b516d23)
Start importing Assets/TextMesh Pro/Shaders/TMP_SDF SSD.shader using Guid(14eb328de4b8eb245bb7cea29e4ac00b) Importer(2089858483,0ecaa5967403d082aa24f35e1b516d23) [PhysX] Initialized MultithreadedTaskDispatcher with 12 workers.
 -> (artifact id: 'ec26610fcad6a6d0e25589d47abc8dd1') in 0.016831 seconds
Number of updated asset objects reloaded before import = 0
Number of asset objects unloaded after import = 1
========================================================================
Received Import Request.
  Time since last request: 0.000022 seconds.
  path: Assets/SPUM/Resources/Addons/Legacy/1_Horse/1_Animation/02_Attack/02_MagicAttack/2_Attack_Magic.anim
  artifactKey: Guid(4255d92a76dffad43a599ff71c2471aa) Importer(2089858483,0ecaa5967403d082aa24f35e1b516d23)
Start importing Assets/SPUM/Resources/Addons/Legacy/1_Horse/1_Animation/02_Attack/02_MagicAttack/2_Attack_Magic.anim using Guid(4255d92a76dffad43a599ff71c2471aa) Importer(2089858483,0ecaa5967403d082aa24f35e1b516d23) [PhysX] Initialized MultithreadedTaskDispatcher with 12 workers.
 -> (artifact id: '8dd84f8be58bc1bb0e5ad5a3e732d600') in 0.032150 seconds
Number of updated asset objects reloaded before import = 0
Number of asset objects unloaded after import = 1
========================================================================
Received Import Request.
  Time since last request: 0.000031 seconds.
  path: Assets/SPUM/Resources/Addons/Ver121/0_Unit/0_Sprite/5_Armor
  artifactKey: Guid(b36f2d2d7d954d14dbd2fb8c1b870331) Importer(2089858483,0ecaa5967403d082aa24f35e1b516d23)
Start importing Assets/SPUM/Resources/Addons/Ver121/0_Unit/0_Sprite/5_Armor using Guid(b36f2d2d7d954d14dbd2fb8c1b870331) Importer(2089858483,0ecaa5967403d082aa24f35e1b516d23) [PhysX] Initialized MultithreadedTaskDispatcher with 12 workers.
 -> (artifact id: 'b77cfb20a6147f2e2788372092a7bee0') in 0.011354 seconds
Number of updated asset objects reloaded before import = 0
Number of asset objects unloaded after import = 1
========================================================================
Received Import Request.
  Time since last request: 0.000017 seconds.
  path: Assets/SPUM/Basic_Resources/Font
  artifactKey: Guid(fced846befafaa24482c5f2114969713) Importer(2089858483,0ecaa5967403d082aa24f35e1b516d23)
Start importing Assets/SPUM/Basic_Resources/Font using Guid(fced846befafaa24482c5f2114969713) Importer(2089858483,0ecaa5967403d082aa24f35e1b516d23) [PhysX] Initialized MultithreadedTaskDispatcher with 12 workers.
 -> (artifact id: 'b196d7b32055d9e1d71f97c4afff8965') in 0.011303 seconds
Number of updated asset objects reloaded before import = 0
Number of asset objects unloaded after import = 1
========================================================================
Received Import Request.
  Time since last request: 0.000019 seconds.
  path: Assets/Resources/Font/Noto_Sans_KR/static/NotoSansKR-Regular.ttf
  artifactKey: Guid(f0ded0d62503219419fc2bc3bcf2378b) Importer(2089858483,0ecaa5967403d082aa24f35e1b516d23)
Start importing Assets/Resources/Font/Noto_Sans_KR/static/NotoSansKR-Regular.ttf using Guid(f0ded0d62503219419fc2bc3bcf2378b) Importer(2089858483,0ecaa5967403d082aa24f35e1b516d23) [PhysX] Initialized MultithreadedTaskDispatcher with 12 workers.
 -> (artifact id: '012c381ac640cbe4f2b164c514094250') in 0.024372 seconds
Number of updated asset objects reloaded before import = 0
Number of asset objects unloaded after import = 3
========================================================================
Received Import Request.
  Time since last request: 0.000019 seconds.
  path: Assets/SPUM/Resources/Addons/BasicPack/2_Prefab/Human
  artifactKey: Guid(de1e6c1503b114085a8ed92632428761) Importer(2089858483,0ecaa5967403d082aa24f35e1b516d23)
Start importing Assets/SPUM/Resources/Addons/BasicPack/2_Prefab/Human using Guid(de1e6c1503b114085a8ed92632428761) Importer(2089858483,0ecaa5967403d082aa24f35e1b516d23) [PhysX] Initialized MultithreadedTaskDispatcher with 12 workers.
 -> (artifact id: '4b926f0b0302b6ae3444bd40d31f77fb') in 0.013667 seconds
Number of updated asset objects reloaded before import = 0
Number of asset objects unloaded after import = 1
========================================================================
Received Import Request.
  Time since last request: 0.000023 seconds.
  path: Assets/Resources/Font/Noto_Sans_KR
  artifactKey: Guid(77dc4fa248cfdf044a9fdabe5a30c3a8) Importer(2089858483,0ecaa5967403d082aa24f35e1b516d23)
Start importing Assets/Resources/Font/Noto_Sans_KR using Guid(77dc4fa248cfdf044a9fdabe5a30c3a8) Importer(2089858483,0ecaa5967403d082aa24f35e1b516d23) [PhysX] Initialized MultithreadedTaskDispatcher with 12 workers.
 -> (artifact id: '823fad18c1e92d4d788a7e1bf70292ef') in 0.012108 seconds
Number of updated asset objects reloaded before import = 0
Number of asset objects unloaded after import = 1
========================================================================
Received Import Request.
  Time since last request: 0.000022 seconds.
  path: Assets/SPUM/Basic_Resources/Animator/Unit/MOVE.anim
  artifactKey: Guid(b1692a522a645ad488394d241ad662df) Importer(2089858483,0ecaa5967403d082aa24f35e1b516d23)
Start importing Assets/SPUM/Basic_Resources/Animator/Unit/MOVE.anim using Guid(b1692a522a645ad488394d241ad662df) Importer(2089858483,0ecaa5967403d082aa24f35e1b516d23) [PhysX] Initialized MultithreadedTaskDispatcher with 12 workers.
 -> (artifact id: '57aef1d0df3c31742de0c57e27d623c2') in 0.015116 seconds
Number of updated asset objects reloaded before import = 0
Number of asset objects unloaded after import = 1
========================================================================
Received Import Request.
  Time since last request: 0.000020 seconds.
  path: Assets/SPUM/Resources/Units
  artifactKey: Guid(e053e0e35ae59224380520d40b767892) Importer(2089858483,0ecaa5967403d082aa24f35e1b516d23)
Start importing Assets/SPUM/Resources/Units using Guid(e053e0e35ae59224380520d40b767892) Importer(2089858483,0ecaa5967403d082aa24f35e1b516d23) [PhysX] Initialized MultithreadedTaskDispatcher with 12 workers.
 -> (artifact id: '916acf7e259ce091c13f26f4ed5e9b91') in 0.012852 seconds
Number of updated asset objects reloaded before import = 0
Number of asset objects unloaded after import = 1
========================================================================
Received Import Request.
  Time since last request: 0.000025 seconds.
  path: Assets/SPUM/Resources/Addons/Legacy/1_Horse/1_Animation/06_Other/00_Concentrate
  artifactKey: Guid(ad3580f782a4f004c8ca505570c728fb) Importer(2089858483,0ecaa5967403d082aa24f35e1b516d23)
Start importing Assets/SPUM/Resources/Addons/Legacy/1_Horse/1_Animation/06_Other/00_Concentrate using Guid(ad3580f782a4f004c8ca505570c728fb) Importer(2089858483,0ecaa5967403d082aa24f35e1b516d23) [PhysX] Initialized MultithreadedTaskDispatcher with 12 workers.
 -> (artifact id: 'f1d3162fbb00122cb9ef95fe3c826978') in 0.013906 seconds
Number of updated asset objects reloaded before import = 0
Number of asset objects unloaded after import = 1
========================================================================
Received Import Request.
  Time since last request: 0.000019 seconds.
  path: Assets/TextMesh Pro/Shaders/TMPro_Properties.cginc
  artifactKey: Guid(3997e2241185407d80309a82f9148466) Importer(2089858483,0ecaa5967403d082aa24f35e1b516d23)
Start importing Assets/TextMesh Pro/Shaders/TMPro_Properties.cginc using Guid(3997e2241185407d80309a82f9148466) Importer(2089858483,0ecaa5967403d082aa24f35e1b516d23) [PhysX] Initialized MultithreadedTaskDispatcher with 12 workers.
 -> (artifact id: '727ac8d8c438ee23ddb934a433459dd8') in 0.019983 seconds
Number of updated asset objects reloaded before import = 0
Number of asset objects unloaded after import = 1
========================================================================
Received Import Request.
  Time since last request: 0.000019 seconds.
  path: Assets/SPUM/SoonsoonData
  artifactKey: Guid(a2be95529a1e9e9479f3d513bc7afac3) Importer(2089858483,0ecaa5967403d082aa24f35e1b516d23)
Start importing Assets/SPUM/SoonsoonData using Guid(a2be95529a1e9e9479f3d513bc7afac3) Importer(2089858483,0ecaa5967403d082aa24f35e1b516d23) [PhysX] Initialized MultithreadedTaskDispatcher with 12 workers.
 -> (artifact id: '41fd7f93f2266ae4c8fd99151c696808') in 0.013007 seconds
Number of updated asset objects reloaded before import = 0
Number of asset objects unloaded after import = 1
========================================================================
Received Import Request.
  Time since last request: 0.000024 seconds.
  path: Assets/SPUM/Resources/Addons/Legacy/0_Unit/1_Animation/02_Attack/01_LongRangeAttack
  artifactKey: Guid(13e30bfc22b8e04468e3d26c494a904d) Importer(2089858483,0ecaa5967403d082aa24f35e1b516d23)
Start importing Assets/SPUM/Resources/Addons/Legacy/0_Unit/1_Animation/02_Attack/01_LongRangeAttack using Guid(13e30bfc22b8e04468e3d26c494a904d) Importer(2089858483,0ecaa5967403d082aa24f35e1b516d23) [PhysX] Initialized MultithreadedTaskDispatcher with 12 workers.
 -> (artifact id: '51211a034025599850cc775bd2b34800') in 0.011206 seconds
Number of updated asset objects reloaded before import = 0
Number of asset objects unloaded after import = 1
========================================================================
Received Import Request.
  Time since last request: 0.000024 seconds.
  path: Assets/TextMesh Pro/Examples & Extras/Resources/Fonts & Materials/Roboto-Bold SDF.asset
  artifactKey: Guid(5302535af1044152a457ed104f1f4b91) Importer(2089858483,0ecaa5967403d082aa24f35e1b516d23)
Start importing Assets/TextMesh Pro/Examples & Extras/Resources/Fonts & Materials/Roboto-Bold SDF.asset using Guid(5302535af1044152a457ed104f1f4b91) Importer(2089858483,0ecaa5967403d082aa24f35e1b516d23) [PhysX] Initialized MultithreadedTaskDispatcher with 12 workers.
 -> (artifact id: 'a4698eca4ce61e36ad6c135672f658c2') in 0.060037 seconds
Number of updated asset objects reloaded before import = 0
Number of asset objects unloaded after import = 5
========================================================================
Received Import Request.
  Time since last request: 0.000022 seconds.
  path: Assets/SPUM/Resources/Addons/Legacy/0_Unit/1_Animation/06_Other/00_Concentrate
  artifactKey: Guid(7523740eb6411e540b5f7cff7321f810) Importer(2089858483,0ecaa5967403d082aa24f35e1b516d23)
Start importing Assets/SPUM/Resources/Addons/Legacy/0_Unit/1_Animation/06_Other/00_Concentrate using Guid(7523740eb6411e540b5f7cff7321f810) Importer(2089858483,0ecaa5967403d082aa24f35e1b516d23) [PhysX] Initialized MultithreadedTaskDispatcher with 12 workers.
 -> (artifact id: 'bc552b910fd858e72be3422e3ac4de8d') in 0.011998 seconds
Number of updated asset objects reloaded before import = 0
Number of asset objects unloaded after import = 1
========================================================================
Received Import Request.
  Time since last request: 0.000029 seconds.
  path: Assets/SPUM/Resources/Addons/Legacy/0_Unit/1_Animation/06_Other/02_Etc/0_Sit.anim
  artifactKey: Guid(fabe4f140fdb9cb448bc941c7c93e8b6) Importer(2089858483,0ecaa5967403d082aa24f35e1b516d23)
Start importing Assets/SPUM/Resources/Addons/Legacy/0_Unit/1_Animation/06_Other/02_Etc/0_Sit.anim using Guid(fabe4f140fdb9cb448bc941c7c93e8b6) Importer(2089858483,0ecaa5967403d082aa24f35e1b516d23) [PhysX] Initialized MultithreadedTaskDispatcher with 12 workers.
 -> (artifact id: '8b876ec2a151a244f5fb85e3a1057753') in 0.025214 seconds
Number of updated asset objects reloaded before import = 0
Number of asset objects unloaded after import = 1
========================================================================
Received Import Request.
  Time since last request: 0.000021 seconds.
  path: Assets/SPUM/Basic_Resources/Animator/Horse
  artifactKey: Guid(01044d5c6d3a0154c9e6f0dacaf563de) Importer(2089858483,0ecaa5967403d082aa24f35e1b516d23)
Start importing Assets/SPUM/Basic_Resources/Animator/Horse using Guid(01044d5c6d3a0154c9e6f0dacaf563de) Importer(2089858483,0ecaa5967403d082aa24f35e1b516d23) [PhysX] Initialized MultithreadedTaskDispatcher with 12 workers.
 -> (artifact id: '092eba177cc2f9f484e0b157a861a4bc') in 0.012104 seconds
Number of updated asset objects reloaded before import = 0
Number of asset objects unloaded after import = 1
========================================================================
Received Import Request.
  Time since last request: 0.000019 seconds.
  path: Assets/SPUM/Resources/Addons/Legacy/0_Unit/1_Animation/02_Attack/02_MagicAttack/1_Skill_Magic.anim
  artifactKey: Guid(9a26543e06de846d08fbe01dbfcd13e2) Importer(2089858483,0ecaa5967403d082aa24f35e1b516d23)
Start importing Assets/SPUM/Resources/Addons/Legacy/0_Unit/1_Animation/02_Attack/02_MagicAttack/1_Skill_Magic.anim using Guid(9a26543e06de846d08fbe01dbfcd13e2) Importer(2089858483,0ecaa5967403d082aa24f35e1b516d23) [PhysX] Initialized MultithreadedTaskDispatcher with 12 workers.
 -> (artifact id: '6ccf70dbf93fdae8b33b41c60755e654') in 0.018635 seconds
Number of updated asset objects reloaded before import = 0
Number of asset objects unloaded after import = 1
========================================================================
Received Import Request.
  Time since last request: 0.000026 seconds.
  path: Assets/SPUM/Resources/Addons/Ver121/0_Unit/0_Sprite/4_Helmet
  artifactKey: Guid(03988bc3ec56fbd47b215c5867b2e0ba) Importer(2089858483,0ecaa5967403d082aa24f35e1b516d23)
Start importing Assets/SPUM/Resources/Addons/Ver121/0_Unit/0_Sprite/4_Helmet using Guid(03988bc3ec56fbd47b215c5867b2e0ba) Importer(2089858483,0ecaa5967403d082aa24f35e1b516d23) [PhysX] Initialized MultithreadedTaskDispatcher with 12 workers.
 -> (artifact id: '820a7a1dd3f377eec6bb79a4ebc98f2c') in 0.015240 seconds
Number of updated asset objects reloaded before import = 0
Number of asset objects unloaded after import = 1
========================================================================
Received Import Request.
  Time since last request: 0.000024 seconds.
  path: Assets/TextMesh Pro/Examples & Extras/Scripts/TMP_TextSelector_A.cs
  artifactKey: Guid(103e0a6a1d404693b9fb1a5173e0e979) Importer(2089858483,0ecaa5967403d082aa24f35e1b516d23)
Start importing Assets/TextMesh Pro/Examples & Extras/Scripts/TMP_TextSelector_A.cs using Guid(103e0a6a1d404693b9fb1a5173e0e979) Importer(2089858483,0ecaa5967403d082aa24f35e1b516d23) [PhysX] Initialized MultithreadedTaskDispatcher with 12 workers.
 -> (artifact id: 'b6bae5c0874d7126773f86f38c361450') in 0.014023 seconds
Number of updated asset objects reloaded before import = 0
Number of asset objects unloaded after import = 1
========================================================================
Received Import Request.
  Time since last request: 0.000019 seconds.
  path: Assets/SPUM/Resources/Addons/Legacy/0_Unit/0_Sprite/6_Weapons/3_Shield
  artifactKey: Guid(4759bf30efc1fcd419fc530991bed8c8) Importer(2089858483,0ecaa5967403d082aa24f35e1b516d23)
Start importing Assets/SPUM/Resources/Addons/Legacy/0_Unit/0_Sprite/6_Weapons/3_Shield using Guid(4759bf30efc1fcd419fc530991bed8c8) Importer(2089858483,0ecaa5967403d082aa24f35e1b516d23) [PhysX] Initialized MultithreadedTaskDispatcher with 12 workers.
 -> (artifact id: 'c6895894ed925265048fb0bb0978d9d8') in 0.012026 seconds
Number of updated asset objects reloaded before import = 0
Number of asset objects unloaded after import = 1
========================================================================
Received Import Request.
  Time since last request: 0.000019 seconds.
  path: Assets/TextMesh Pro/Examples & Extras/Scripts/DropdownSample.cs
  artifactKey: Guid(ac1eb05af6d391b4eb0f4c070a99f1d0) Importer(2089858483,0ecaa5967403d082aa24f35e1b516d23)
Start importing Assets/TextMesh Pro/Examples & Extras/Scripts/DropdownSample.cs using Guid(ac1eb05af6d391b4eb0f4c070a99f1d0) Importer(2089858483,0ecaa5967403d082aa24f35e1b516d23) [PhysX] Initialized MultithreadedTaskDispatcher with 12 workers.
 -> (artifact id: '9c27cb93dad70624774f59f70952ec5c') in 0.014604 seconds
Number of updated asset objects reloaded before import = 0
Number of asset objects unloaded after import = 1
========================================================================
Received Import Request.
  Time since last request: 0.000021 seconds.
  path: Assets/TextMesh Pro/Examples & Extras/Scripts/Benchmark04.cs
  artifactKey: Guid(dc20866c0d5e413ab7559440e15333ae) Importer(2089858483,0ecaa5967403d082aa24f35e1b516d23)
Start importing Assets/TextMesh Pro/Examples & Extras/Scripts/Benchmark04.cs using Guid(dc20866c0d5e413ab7559440e15333ae) Importer(2089858483,0ecaa5967403d082aa24f35e1b516d23) [PhysX] Initialized MultithreadedTaskDispatcher with 12 workers.
 -> (artifact id: 'c1ba643f241c99d62e2d13b736d04333') in 0.014230 seconds
Number of updated asset objects reloaded before import = 0
Number of asset objects unloaded after import = 1
========================================================================
Received Import Request.
  Time since last request: 0.000027 seconds.
  path: Assets/TextMesh Pro/Examples & Extras/Scripts/VertexJitter.cs
  artifactKey: Guid(2ed57967c52645d390a89dcf8f61ba73) Importer(2089858483,0ecaa5967403d082aa24f35e1b516d23)
Start importing Assets/TextMesh Pro/Examples & Extras/Scripts/VertexJitter.cs using Guid(2ed57967c52645d390a89dcf8f61ba73) Importer(2089858483,0ecaa5967403d082aa24f35e1b516d23) [PhysX] Initialized MultithreadedTaskDispatcher with 12 workers.
 -> (artifact id: '0236e34aadd4ae723b1cb41b44a842af') in 0.015406 seconds
Number of updated asset objects reloaded before import = 0
Number of asset objects unloaded after import = 1
========================================================================
Received Import Request.
  Time since last request: 0.000023 seconds.
  path: Assets/SPUM/Basic_Resources/Animator/Horse/DEBUFF.anim
  artifactKey: Guid(7deccbbb01b5dce4282412d813b51593) Importer(2089858483,0ecaa5967403d082aa24f35e1b516d23)
Start importing Assets/SPUM/Basic_Resources/Animator/Horse/DEBUFF.anim using Guid(7deccbbb01b5dce4282412d813b51593) Importer(2089858483,0ecaa5967403d082aa24f35e1b516d23) [PhysX] Initialized MultithreadedTaskDispatcher with 12 workers.
 -> (artifact id: 'f44be598ce832b6276a9ea13ea6e0806') in 0.015919 seconds
Number of updated asset objects reloaded before import = 0
Number of asset objects unloaded after import = 1
========================================================================
Received Import Request.
  Time since last request: 0.000020 seconds.
  path: Assets/SPUM/Sprite_SheetExporter(Beta)/Script/Editor
  artifactKey: Guid(485e45f7f67cc6e46a759a7fa067c4f9) Importer(2089858483,0ecaa5967403d082aa24f35e1b516d23)
Start importing Assets/SPUM/Sprite_SheetExporter(Beta)/Script/Editor using Guid(485e45f7f67cc6e46a759a7fa067c4f9) Importer(2089858483,0ecaa5967403d082aa24f35e1b516d23) [PhysX] Initialized MultithreadedTaskDispatcher with 12 workers.
 -> (artifact id: '7e43472f841f9bf0e8266eebe27d89ef') in 0.012294 seconds
Number of updated asset objects reloaded before import = 0
Number of asset objects unloaded after import = 1
========================================================================
Received Import Request.
  Time since last request: 0.000021 seconds.
  path: Assets/SPUM/Backup/SPUM_20240911215640476_Backup.Prefab
  artifactKey: Guid(a9823d640c8424348bf599518c19d05e) Importer(2089858483,0ecaa5967403d082aa24f35e1b516d23)
Start importing Assets/SPUM/Backup/SPUM_20240911215640476_Backup.Prefab using Guid(a9823d640c8424348bf599518c19d05e) Importer(2089858483,0ecaa5967403d082aa24f35e1b516d23) [PhysX] Initialized MultithreadedTaskDispatcher with 12 workers.
 -> (artifact id: '44d498dfb0ce4347fe25baade9cda9ca') in 0.097421 seconds
Number of updated asset objects reloaded before import = 0
Number of asset objects unloaded after import = 244
========================================================================
Received Import Request.
  Time since last request: 0.000031 seconds.
  path: Assets/SPUM/Resources/Addons/Legacy/1_Horse/1_Animation/00_Idle
  artifactKey: Guid(6b42eedddb7076e4f92ea0d06902beae) Importer(2089858483,0ecaa5967403d082aa24f35e1b516d23)
Start importing Assets/SPUM/Resources/Addons/Legacy/1_Horse/1_Animation/00_Idle using Guid(6b42eedddb7076e4f92ea0d06902beae) Importer(2089858483,0ecaa5967403d082aa24f35e1b516d23) [PhysX] Initialized MultithreadedTaskDispatcher with 12 workers.
 -> (artifact id: 'a47560d71d191e50f82c266fc4bba9f5') in 0.013531 seconds
Number of updated asset objects reloaded before import = 0
Number of asset objects unloaded after import = 1
========================================================================
Received Import Request.
  Time since last request: 0.000024 seconds.
  path: Assets/3.Script/Input/PlayerActionType.cs
  artifactKey: Guid(81fffbd65fb02d544baab325354665f9) Importer(2089858483,0ecaa5967403d082aa24f35e1b516d23)
Start importing Assets/3.Script/Input/PlayerActionType.cs using Guid(81fffbd65fb02d544baab325354665f9) Importer(2089858483,0ecaa5967403d082aa24f35e1b516d23) [PhysX] Initialized MultithreadedTaskDispatcher with 12 workers.
 -> (artifact id: '792732ff30181721c84809e44e954c24') in 0.014792 seconds
Number of updated asset objects reloaded before import = 0
Number of asset objects unloaded after import = 1
========================================================================
Received Import Request.
  Time since last request: 0.000019 seconds.
  path: Assets/SPUM/Backup/SPUM_20240911215638140_Backup.Prefab
  artifactKey: Guid(22278203e8d524358894260c10cb0a79) Importer(2089858483,0ecaa5967403d082aa24f35e1b516d23)
Start importing Assets/SPUM/Backup/SPUM_20240911215638140_Backup.Prefab using Guid(22278203e8d524358894260c10cb0a79) Importer(2089858483,0ecaa5967403d082aa24f35e1b516d23) [PhysX] Initialized MultithreadedTaskDispatcher with 12 workers.
 -> (artifact id: 'd9f33b5f34b303ae9d004ebdb05d14d1') in 0.097149 seconds
Number of updated asset objects reloaded before import = 0
Number of asset objects unloaded after import = 244
========================================================================
Received Import Request.
  Time since last request: 0.000022 seconds.
  path: Assets/SPUM/Basic_Resources/Animator/Unit/ATTACK.anim
  artifactKey: Guid(5fa777919e804474080fad7ccf0cb5b4) Importer(2089858483,0ecaa5967403d082aa24f35e1b516d23)
Start importing Assets/SPUM/Basic_Resources/Animator/Unit/ATTACK.anim using Guid(5fa777919e804474080fad7ccf0cb5b4) Importer(2089858483,0ecaa5967403d082aa24f35e1b516d23) [PhysX] Initialized MultithreadedTaskDispatcher with 12 workers.
 -> (artifact id: '4eae6546f16c6a549b598d3f48de6d44') in 0.019734 seconds
Number of updated asset objects reloaded before import = 0
Number of asset objects unloaded after import = 1
========================================================================
Received Import Request.
  Time since last request: 0.000017 seconds.
  path: Assets/SPUM/Resources/Addons/Ver121/0_Unit/0_Sprite
  artifactKey: Guid(d174c005968d16b418c8aba0b346a63e) Importer(2089858483,0ecaa5967403d082aa24f35e1b516d23)
Start importing Assets/SPUM/Resources/Addons/Ver121/0_Unit/0_Sprite using Guid(d174c005968d16b418c8aba0b346a63e) Importer(2089858483,0ecaa5967403d082aa24f35e1b516d23) [PhysX] Initialized MultithreadedTaskDispatcher with 12 workers.
 -> (artifact id: '1e11032e3eb7366c61f3461e8261b20e') in 0.012868 seconds
Number of updated asset objects reloaded before import = 0
Number of asset objects unloaded after import = 1
========================================================================
Received Import Request.
  Time since last request: 0.000020 seconds.
  path: Assets/SPUM/Resources/Addons/Legacy/1_Horse/1_Animation/02_Attack/01_LongRangeAttack
  artifactKey: Guid(e6f5d1590ac218a4bbe3a61ed80631de) Importer(2089858483,0ecaa5967403d082aa24f35e1b516d23)
Start importing Assets/SPUM/Resources/Addons/Legacy/1_Horse/1_Animation/02_Attack/01_LongRangeAttack using Guid(e6f5d1590ac218a4bbe3a61ed80631de) Importer(2089858483,0ecaa5967403d082aa24f35e1b516d23) [PhysX] Initialized MultithreadedTaskDispatcher with 12 workers.
 -> (artifact id: '0d1b1cf547c4d826035ce3da8dc0c114') in 0.012087 seconds
Number of updated asset objects reloaded before import = 0
Number of asset objects unloaded after import = 1
========================================================================
Received Import Request.
  Time since last request: 0.000023 seconds.
  path: Assets/Resources/Font/Noto_Sans_KR/static/NotoSansKR-Regular SDF.asset
  artifactKey: Guid(659ceb8947c683b4a9e1216df0a67515) Importer(2089858483,0ecaa5967403d082aa24f35e1b516d23)
Start importing Assets/Resources/Font/Noto_Sans_KR/static/NotoSansKR-Regular SDF.asset using Guid(659ceb8947c683b4a9e1216df0a67515) Importer(2089858483,0ecaa5967403d082aa24f35e1b516d23) [PhysX] Initialized MultithreadedTaskDispatcher with 12 workers.
 -> (artifact id: '2c73215b3951261e12231b95c697150a') in 0.386963 seconds
Number of updated asset objects reloaded before import = 0
Number of asset objects unloaded after import = 5
========================================================================
Received Import Request.
  Time since last request: 0.000022 seconds.
  path: Assets/TextMesh Pro/Examples & Extras/Scripts/VertexShakeA.cs
  artifactKey: Guid(f7cfa58e417a46ea8889989684c2522e) Importer(2089858483,0ecaa5967403d082aa24f35e1b516d23)
Start importing Assets/TextMesh Pro/Examples & Extras/Scripts/VertexShakeA.cs using Guid(f7cfa58e417a46ea8889989684c2522e) Importer(2089858483,0ecaa5967403d082aa24f35e1b516d23) [PhysX] Initialized MultithreadedTaskDispatcher with 12 workers.
 -> (artifact id: '4a01eee05f1db5e62d7672915b1b129a') in 0.012457 seconds
Number of updated asset objects reloaded before import = 0
Number of asset objects unloaded after import = 1
========================================================================
Received Import Request.
  Time since last request: 0.000026 seconds.
  path: Assets/TextMesh Pro/Examples & Extras/Scripts/SkewTextExample.cs
  artifactKey: Guid(d412675cfb3441efa3bf8dcd9b7624dc) Importer(2089858483,0ecaa5967403d082aa24f35e1b516d23)
Start importing Assets/TextMesh Pro/Examples & Extras/Scripts/SkewTextExample.cs using Guid(d412675cfb3441efa3bf8dcd9b7624dc) Importer(2089858483,0ecaa5967403d082aa24f35e1b516d23) [PhysX] Initialized MultithreadedTaskDispatcher with 12 workers.
 -> (artifact id: '9fdd506c9b55f51d864d24ac4e78220e') in 0.011407 seconds
Number of updated asset objects reloaded before import = 0
Number of asset objects unloaded after import = 1
========================================================================
Received Import Request.
  Time since last request: 0.000019 seconds.
  path: Assets/FantasyIconsPackFree/Icons/Armor
  artifactKey: Guid(400c58400cd03ed4696abdf8d48cb3c1) Importer(2089858483,0ecaa5967403d082aa24f35e1b516d23)
Start importing Assets/FantasyIconsPackFree/Icons/Armor using Guid(400c58400cd03ed4696abdf8d48cb3c1) Importer(2089858483,0ecaa5967403d082aa24f35e1b516d23) [PhysX] Initialized MultithreadedTaskDispatcher with 12 workers.
 -> (artifact id: 'f02ff33996440a9493b94ec014b0c437') in 0.010736 seconds
Number of updated asset objects reloaded before import = 0
Number of asset objects unloaded after import = 1
========================================================================
Received Import Request.
  Time since last request: 0.000018 seconds.
  path: Assets/SPUM/Resources/Addons/Legacy/1_Horse/1_Animation
  artifactKey: Guid(38d42cb0360869e46a8daa42af8bd682) Importer(2089858483,0ecaa5967403d082aa24f35e1b516d23)
Start importing Assets/SPUM/Resources/Addons/Legacy/1_Horse/1_Animation using Guid(38d42cb0360869e46a8daa42af8bd682) Importer(2089858483,0ecaa5967403d082aa24f35e1b516d23) [PhysX] Initialized MultithreadedTaskDispatcher with 12 workers.
 -> (artifact id: '0619f88f6b7e293b9d7dcef1105d55c8') in 0.011827 seconds
Number of updated asset objects reloaded before import = 0
Number of asset objects unloaded after import = 1
========================================================================
Received Import Request.
  Time since last request: 0.000015 seconds.
  path: Assets/SPUM/Sprite_Editor(Beta)/Script/Editor/SPUM_Eye.cs
  artifactKey: Guid(80cb70c35b68645d9a7c874b0283a9e8) Importer(2089858483,0ecaa5967403d082aa24f35e1b516d23)
Start importing Assets/SPUM/Sprite_Editor(Beta)/Script/Editor/SPUM_Eye.cs using Guid(80cb70c35b68645d9a7c874b0283a9e8) Importer(2089858483,0ecaa5967403d082aa24f35e1b516d23) [PhysX] Initialized MultithreadedTaskDispatcher with 12 workers.
 -> (artifact id: 'fb26aeaddab6ca662bbe8e8e184fb3e8') in 0.012887 seconds
Number of updated asset objects reloaded before import = 0
Number of asset objects unloaded after import = 1
========================================================================
Received Import Request.
  Time since last request: 0.000026 seconds.
  path: Assets/5.Animation/SPUMController(archer).controller
  artifactKey: Guid(4c9d1531cf1b45c4a8d240b2df3a9f7c) Importer(2089858483,0ecaa5967403d082aa24f35e1b516d23)
Start importing Assets/5.Animation/SPUMController(archer).controller using Guid(4c9d1531cf1b45c4a8d240b2df3a9f7c) Importer(2089858483,0ecaa5967403d082aa24f35e1b516d23) [PhysX] Initialized MultithreadedTaskDispatcher with 12 workers.
 -> (artifact id: '8715f90ed9d1a74b6a990eea3185d1af') in 0.028852 seconds
Number of updated asset objects reloaded before import = 0
Number of asset objects unloaded after import = 31
========================================================================
Received Import Request.
  Time since last request: 0.000019 seconds.
  path: Assets/SPUM/Script/Plugin/Moments Recorder/Scripts/Worker.cs
  artifactKey: Guid(88f498cb1380c074aaff4631614e0509) Importer(2089858483,0ecaa5967403d082aa24f35e1b516d23)
Start importing Assets/SPUM/Script/Plugin/Moments Recorder/Scripts/Worker.cs using Guid(88f498cb1380c074aaff4631614e0509) Importer(2089858483,0ecaa5967403d082aa24f35e1b516d23) [PhysX] Initialized MultithreadedTaskDispatcher with 12 workers.
 -> (artifact id: '59a417b41d1a76d465dee51ae8fa778f') in 0.014781 seconds
Number of updated asset objects reloaded before import = 0
Number of asset objects unloaded after import = 1
========================================================================
Received Import Request.
  Time since last request: 0.000020 seconds.
  path: Assets/SPUM/Basic_Resources/Backup_Eye7/Eye2.png
  artifactKey: Guid(a7445669b8e624b368c11ceb4f5c0144) Importer(2089858483,0ecaa5967403d082aa24f35e1b516d23)
Start importing Assets/SPUM/Basic_Resources/Backup_Eye7/Eye2.png using Guid(a7445669b8e624b368c11ceb4f5c0144) Importer(2089858483,0ecaa5967403d082aa24f35e1b516d23) [PhysX] Initialized MultithreadedTaskDispatcher with 12 workers.
 -> (artifact id: 'e8ca9e36241c8912a8c42e7f5c13565f') in 0.031663 seconds
Number of updated asset objects reloaded before import = 0
Number of asset objects unloaded after import = 4
========================================================================
Received Import Request.
  Time since last request: 0.000021 seconds.
  path: Assets/SPUM/Basic_Resources/Package/Image/HelpImage.png
  artifactKey: Guid(e7611cf8075d61543a0810e6ea9aed01) Importer(2089858483,0ecaa5967403d082aa24f35e1b516d23)
Start importing Assets/SPUM/Basic_Resources/Package/Image/HelpImage.png using Guid(e7611cf8075d61543a0810e6ea9aed01) Importer(2089858483,0ecaa5967403d082aa24f35e1b516d23) [PhysX] Initialized MultithreadedTaskDispatcher with 12 workers.
 -> (artifact id: 'a69ea23632f27589e7a0433f8b0eae8b') in 0.031114 seconds
Number of updated asset objects reloaded before import = 0
Number of asset objects unloaded after import = 3
========================================================================
Received Import Request.
  Time since last request: 0.000024 seconds.
  path: Assets/SPUM/Basic_Resources/Backup_Eye1/Eye5.png
  artifactKey: Guid(822f7b01756ce4c54849386646ccd392) Importer(2089858483,0ecaa5967403d082aa24f35e1b516d23)
Start importing Assets/SPUM/Basic_Resources/Backup_Eye1/Eye5.png using Guid(822f7b01756ce4c54849386646ccd392) Importer(2089858483,0ecaa5967403d082aa24f35e1b516d23) [PhysX] Initialized MultithreadedTaskDispatcher with 12 workers.
 -> (artifact id: '9a9568697e2c3cebef2a9155122bc679') in 0.034976 seconds
Number of updated asset objects reloaded before import = 0
Number of asset objects unloaded after import = 4
========================================================================
Received Import Request.
  Time since last request: 0.000018 seconds.
  path: Assets/SPUM/Basic_Resources/Backup_Eye7/Eye5.png
  artifactKey: Guid(ebcc48052eb364d82bd00d1b9a872c1d) Importer(2089858483,0ecaa5967403d082aa24f35e1b516d23)
Start importing Assets/SPUM/Basic_Resources/Backup_Eye7/Eye5.png using Guid(ebcc48052eb364d82bd00d1b9a872c1d) Importer(2089858483,0ecaa5967403d082aa24f35e1b516d23) [PhysX] Initialized MultithreadedTaskDispatcher with 12 workers.
 -> (artifact id: '13a0129087f33b55a6a4cf9da9878abf') in 0.030600 seconds
Number of updated asset objects reloaded before import = 0
Number of asset objects unloaded after import = 4
========================================================================
Received Import Request.
  Time since last request: 0.000025 seconds.
  path: Assets/SPUM/Basic_Resources/Prefab/Root Variant.prefab
  artifactKey: Guid(b58d5dcc4900edd4a968e0868ff13547) Importer(2089858483,0ecaa5967403d082aa24f35e1b516d23)
Start importing Assets/SPUM/Basic_Resources/Prefab/Root Variant.prefab using Guid(b58d5dcc4900edd4a968e0868ff13547) Importer(2089858483,0ecaa5967403d082aa24f35e1b516d23) [PhysX] Initialized MultithreadedTaskDispatcher with 12 workers.
 -> (artifact id: '253ebad77c2fc0ff21cf1ca75be19c50') in 0.046191 seconds
Number of updated asset objects reloaded before import = 0
Number of asset objects unloaded after import = 389
========================================================================
Received Import Request.
  Time since last request: 0.000039 seconds.
  path: Assets/SPUM/Basic_Resources/Backup_Eye1/Eye8.png
  artifactKey: Guid(671f95213a5394fe7a3d2704a916d840) Importer(2089858483,0ecaa5967403d082aa24f35e1b516d23)
Start importing Assets/SPUM/Basic_Resources/Backup_Eye1/Eye8.png using Guid(671f95213a5394fe7a3d2704a916d840) Importer(2089858483,0ecaa5967403d082aa24f35e1b516d23) [PhysX] Initialized MultithreadedTaskDispatcher with 12 workers.
 -> (artifact id: '7e7b3f3d914b2f7ab1bc6d9d46d5be67') in 0.024428 seconds
Number of updated asset objects reloaded before import = 0
Number of asset objects unloaded after import = 4
========================================================================
Received Import Request.
  Time since last request: 0.000019 seconds.
  path: Assets/SPUM/Script/Plugin/Moments Recorder/Scripts/Recorder.cs
  artifactKey: Guid(dd5378998db5ba9488d08a4e3b80821a) Importer(2089858483,0ecaa5967403d082aa24f35e1b516d23)
Start importing Assets/SPUM/Script/Plugin/Moments Recorder/Scripts/Recorder.cs using Guid(dd5378998db5ba9488d08a4e3b80821a) Importer(2089858483,0ecaa5967403d082aa24f35e1b516d23) [PhysX] Initialized MultithreadedTaskDispatcher with 12 workers.
 -> (artifact id: '16a244f9266071361097d94a70a1fbce') in 0.014186 seconds
Number of updated asset objects reloaded before import = 0
Number of asset objects unloaded after import = 1
========================================================================
Received Import Request.
  Time since last request: 0.000020 seconds.
  path: Assets/SPUM/Basic_Resources/Backup_Eye2/Eye0.png
  artifactKey: Guid(ad45d956059f54c35ab4f6d6afd50ec0) Importer(2089858483,0ecaa5967403d082aa24f35e1b516d23)
Start importing Assets/SPUM/Basic_Resources/Backup_Eye2/Eye0.png using Guid(ad45d956059f54c35ab4f6d6afd50ec0) Importer(2089858483,0ecaa5967403d082aa24f35e1b516d23) [PhysX] Initialized MultithreadedTaskDispatcher with 12 workers.
 -> (artifact id: '95efc3d044c363956eff1e2088cad2d5') in 0.025323 seconds
Number of updated asset objects reloaded before import = 0
Number of asset objects unloaded after import = 4
========================================================================
Received Import Request.
  Time since last request: 0.000020 seconds.
  path: Assets/SPUM/Script/Editor/SPUM_MatchingListEditor.cs
  artifactKey: Guid(d0072a172a3970a48ab3243ccc27420c) Importer(2089858483,0ecaa5967403d082aa24f35e1b516d23)
Start importing Assets/SPUM/Script/Editor/SPUM_MatchingListEditor.cs using Guid(d0072a172a3970a48ab3243ccc27420c) Importer(2089858483,0ecaa5967403d082aa24f35e1b516d23) [PhysX] Initialized MultithreadedTaskDispatcher with 12 workers.
 -> (artifact id: '1764f4d9488fa76de51dfd52d6ffd348') in 0.013151 seconds
Number of updated asset objects reloaded before import = 0
Number of asset objects unloaded after import = 1
========================================================================
Received Import Request.
  Time since last request: 0.000019 seconds.
  path: Assets/SPUM/Resources/Units/SPUM_20250621171605314.prefab
  artifactKey: Guid(e7ff251ad01aaf54792446aca0906086) Importer(2089858483,0ecaa5967403d082aa24f35e1b516d23)
Start importing Assets/SPUM/Resources/Units/SPUM_20250621171605314.prefab using Guid(e7ff251ad01aaf54792446aca0906086) Importer(2089858483,0ecaa5967403d082aa24f35e1b516d23) [PhysX] Initialized MultithreadedTaskDispatcher with 12 workers.
 -> (artifact id: '82724e8d6eee93930a8e9a38317228be') in 0.096199 seconds
Number of updated asset objects reloaded before import = 0
Number of asset objects unloaded after import = 239
========================================================================
Received Import Request.
  Time since last request: 0.000026 seconds.
  path: Assets/SPUM/Basic_Resources/Backup_Eye1/Eye1.png
  artifactKey: Guid(5b3e20021463342fe917d84818aed305) Importer(2089858483,0ecaa5967403d082aa24f35e1b516d23)
Start importing Assets/SPUM/Basic_Resources/Backup_Eye1/Eye1.png using Guid(5b3e20021463342fe917d84818aed305) Importer(2089858483,0ecaa5967403d082aa24f35e1b516d23) [PhysX] Initialized MultithreadedTaskDispatcher with 12 workers.
 -> (artifact id: '283d363fffd6243dfad50820b3ae7755') in 0.027711 seconds
Number of updated asset objects reloaded before import = 0
Number of asset objects unloaded after import = 4
========================================================================
Received Import Request.
  Time since last request: 0.000025 seconds.
  path: Assets/SPUM/Sprite_Editor(Beta)/Script/SpriteEyeSync.cs
  artifactKey: Guid(641360299a4334b1eaf8685e4323d620) Importer(2089858483,0ecaa5967403d082aa24f35e1b516d23)
Start importing Assets/SPUM/Sprite_Editor(Beta)/Script/SpriteEyeSync.cs using Guid(641360299a4334b1eaf8685e4323d620) Importer(2089858483,0ecaa5967403d082aa24f35e1b516d23) [PhysX] Initialized MultithreadedTaskDispatcher with 12 workers.
 -> (artifact id: '0c115a6c30efe56204e4b37ab6c6c0ec') in 0.014850 seconds
Number of updated asset objects reloaded before import = 0
Number of asset objects unloaded after import = 1
========================================================================
Received Import Request.
  Time since last request: 0.000023 seconds.
  path: Assets/SPUM/Basic_Resources/UI/Icons/Check.png
  artifactKey: Guid(1c1bef4b40e990c42aed6432ebd324ef) Importer(2089858483,0ecaa5967403d082aa24f35e1b516d23)
Start importing Assets/SPUM/Basic_Resources/UI/Icons/Check.png using Guid(1c1bef4b40e990c42aed6432ebd324ef) Importer(2089858483,0ecaa5967403d082aa24f35e1b516d23) [PhysX] Initialized MultithreadedTaskDispatcher with 12 workers.
 -> (artifact id: '8fd3de855a841c8578f5c4cee9bd6577') in 0.033475 seconds
Number of updated asset objects reloaded before import = 0
Number of asset objects unloaded after import = 4
========================================================================
Received Import Request.
  Time since last request: 0.000023 seconds.
  path: Assets/SPUM/Script/SPUM_LoadPrefabPanel.cs
  artifactKey: Guid(6f3a9dfaac2adc74ba3876b8d0ed5e1d) Importer(2089858483,0ecaa5967403d082aa24f35e1b516d23)
Start importing Assets/SPUM/Script/SPUM_LoadPrefabPanel.cs using Guid(6f3a9dfaac2adc74ba3876b8d0ed5e1d) Importer(2089858483,0ecaa5967403d082aa24f35e1b516d23) [PhysX] Initialized MultithreadedTaskDispatcher with 12 workers.
 -> (artifact id: 'dccb07c7c052ee7573a25d91ef10d028') in 0.013758 seconds
Number of updated asset objects reloaded before import = 0
Number of asset objects unloaded after import = 1
========================================================================
Received Import Request.
  Time since last request: 0.000020 seconds.
  path: Assets/FantasyIconsPackFree/Icons/Helmet/ScoutHelm.png
  artifactKey: Guid(67eaf2a7d1686074684270d1821c55cb) Importer(2089858483,0ecaa5967403d082aa24f35e1b516d23)
Start importing Assets/FantasyIconsPackFree/Icons/Helmet/ScoutHelm.png using Guid(67eaf2a7d1686074684270d1821c55cb) Importer(2089858483,0ecaa5967403d082aa24f35e1b516d23) [PhysX] Initialized MultithreadedTaskDispatcher with 12 workers.
 -> (artifact id: '9d82faf1da7c2499d23cd0f959519b18') in 0.029885 seconds
Number of updated asset objects reloaded before import = 0
Number of asset objects unloaded after import = 3
========================================================================
Received Import Request.
  Time since last request: 0.000017 seconds.
  path: Assets/SPUM/Sprite_SheetExporter(Beta)/Scene/SPUM_SheetExporter.unity
  artifactKey: Guid(1063f335a2a9d43ae8931695adc16a78) Importer(2089858483,0ecaa5967403d082aa24f35e1b516d23)
Start importing Assets/SPUM/Sprite_SheetExporter(Beta)/Scene/SPUM_SheetExporter.unity using Guid(1063f335a2a9d43ae8931695adc16a78) Importer(2089858483,0ecaa5967403d082aa24f35e1b516d23) [PhysX] Initialized MultithreadedTaskDispatcher with 12 workers.
 -> (artifact id: '73a6e33e4f15d5c0a0bf0535916a9989') in 0.012510 seconds
Number of updated asset objects reloaded before import = 0
Number of asset objects unloaded after import = 1
========================================================================
Received Import Request.
  Time since last request: 0.000027 seconds.
  path: Assets/SPUM/Script/SoonsoonData.cs
  artifactKey: Guid(211244d0cbd6d4a2181460672ed2c992) Importer(2089858483,0ecaa5967403d082aa24f35e1b516d23)
Start importing Assets/SPUM/Script/SoonsoonData.cs using Guid(211244d0cbd6d4a2181460672ed2c992) Importer(2089858483,0ecaa5967403d082aa24f35e1b516d23) [PhysX] Initialized MultithreadedTaskDispatcher with 12 workers.
 -> (artifact id: '98cc8e4dfb49af8f447f7a90edaf4ed7') in 0.012650 seconds
Number of updated asset objects reloaded before import = 0
Number of asset objects unloaded after import = 1
========================================================================
Received Import Request.
  Time since last request: 0.000019 seconds.
  path: Assets/SPUM/Sprite_Editor(Beta)/Script/SPUM_SpriteEditManager.cs
  artifactKey: Guid(5db1e343cf482456f82e8ac64e0225eb) Importer(2089858483,0ecaa5967403d082aa24f35e1b516d23)
Start importing Assets/SPUM/Sprite_Editor(Beta)/Script/SPUM_SpriteEditManager.cs using Guid(5db1e343cf482456f82e8ac64e0225eb) Importer(2089858483,0ecaa5967403d082aa24f35e1b516d23) [PhysX] Initialized MultithreadedTaskDispatcher with 12 workers.
 -> (artifact id: '36b591b98706c69bd69f9ea7f077342e') in 0.014465 seconds
Number of updated asset objects reloaded before import = 0
Number of asset objects unloaded after import = 1
========================================================================
Received Import Request.
  Time since last request: 0.000020 seconds.
  path: Assets/SPUM/Script/SPUM_HorseSpriteList.cs
  artifactKey: Guid(65fcc3caadd434b67b30962c7f5fa536) Importer(2089858483,0ecaa5967403d082aa24f35e1b516d23)
Start importing Assets/SPUM/Script/SPUM_HorseSpriteList.cs using Guid(65fcc3caadd434b67b30962c7f5fa536) Importer(2089858483,0ecaa5967403d082aa24f35e1b516d23) [PhysX] Initialized MultithreadedTaskDispatcher with 12 workers.
 -> (artifact id: '622090efdd742fdaae443aad5de4123e') in 0.013109 seconds
Number of updated asset objects reloaded before import = 0
Number of asset objects unloaded after import = 1
========================================================================
Received Import Request.
  Time since last request: 0.000016 seconds.
  path: Assets/SPUM/Basic_Resources/Backup_Eye5/Eye11.png
  artifactKey: Guid(3df8fa4d169ee4acfadeac30f7b761de) Importer(2089858483,0ecaa5967403d082aa24f35e1b516d23)
Start importing Assets/SPUM/Basic_Resources/Backup_Eye5/Eye11.png using Guid(3df8fa4d169ee4acfadeac30f7b761de) Importer(2089858483,0ecaa5967403d082aa24f35e1b516d23) [PhysX] Initialized MultithreadedTaskDispatcher with 12 workers.
 -> (artifact id: '5f75f7909ee079d29bf087e4645ecd49') in 0.037313 seconds
Number of updated asset objects reloaded before import = 0
Number of asset objects unloaded after import = 4
========================================================================
Received Import Request.
  Time since last request: 0.000018 seconds.
  path: Assets/SPUM/Script/Editor/SPUM_PreviewMatchingListEditor.cs
  artifactKey: Guid(e8d9d9f54666c6f43bb5efbdd54185a0) Importer(2089858483,0ecaa5967403d082aa24f35e1b516d23)
Start importing Assets/SPUM/Script/Editor/SPUM_PreviewMatchingListEditor.cs using Guid(e8d9d9f54666c6f43bb5efbdd54185a0) Importer(2089858483,0ecaa5967403d082aa24f35e1b516d23) [PhysX] Initialized MultithreadedTaskDispatcher with 12 workers.
 -> (artifact id: '4654d23a144748e58bd941e4884f2fea') in 0.014308 seconds
Number of updated asset objects reloaded before import = 0
Number of asset objects unloaded after import = 1
========================================================================
Received Import Request.
  Time since last request: 0.000023 seconds.
  path: Assets/SPUM/Resources/Addons/BasicPack/2_Prefab/Elf/SPUM_20250621123223362.prefab
  artifactKey: Guid(e9dde2e157ad44b46ba54cabb12c7c52) Importer(2089858483,0ecaa5967403d082aa24f35e1b516d23)
Start importing Assets/SPUM/Resources/Addons/BasicPack/2_Prefab/Elf/SPUM_20250621123223362.prefab using Guid(e9dde2e157ad44b46ba54cabb12c7c52) Importer(2089858483,0ecaa5967403d082aa24f35e1b516d23) [PhysX] Initialized MultithreadedTaskDispatcher with 12 workers.
 -> (artifact id: 'e009c5798f56d4226021282911c2322a') in 0.080600 seconds
Number of updated asset objects reloaded before import = 0
Number of asset objects unloaded after import = 244
========================================================================
Received Import Request.
  Time since last request: 0.000023 seconds.
  path: Assets/SPUM/Basic_Resources/Backup_Eye1/Eye7.png
  artifactKey: Guid(c6a4dea6b01534ab7a60f974046802a5) Importer(2089858483,0ecaa5967403d082aa24f35e1b516d23)
Start importing Assets/SPUM/Basic_Resources/Backup_Eye1/Eye7.png using Guid(c6a4dea6b01534ab7a60f974046802a5) Importer(2089858483,0ecaa5967403d082aa24f35e1b516d23) [PhysX] Initialized MultithreadedTaskDispatcher with 12 workers.
 -> (artifact id: '07383cd7027ad48fa69ba797493f59c4') in 0.025647 seconds
Number of updated asset objects reloaded before import = 0
Number of asset objects unloaded after import = 4
========================================================================
Received Import Request.
  Time since last request: 0.000026 seconds.
  path: Assets/SPUM/Resources/Addons/Legacy/1_Horse/1_Animation/06_Other/02_Etc
  artifactKey: Guid(803ed3aa059541e418ce75c91d83a85b) Importer(2089858483,0ecaa5967403d082aa24f35e1b516d23)
Start importing Assets/SPUM/Resources/Addons/Legacy/1_Horse/1_Animation/06_Other/02_Etc using Guid(803ed3aa059541e418ce75c91d83a85b) Importer(2089858483,0ecaa5967403d082aa24f35e1b516d23) [PhysX] Initialized MultithreadedTaskDispatcher with 12 workers.
 -> (artifact id: '04aec8cd6c396d8b8e7520ae5c02de61') in 0.011246 seconds
Number of updated asset objects reloaded before import = 0
Number of asset objects unloaded after import = 1
========================================================================
Received Import Request.
  Time since last request: 0.000015 seconds.
  path: Assets/SPUM/Basic_Resources/Backup_Eye7/Eye3.png
  artifactKey: Guid(b52256c76c99b4d98bd0b7435e4fb383) Importer(2089858483,0ecaa5967403d082aa24f35e1b516d23)
Start importing Assets/SPUM/Basic_Resources/Backup_Eye7/Eye3.png using Guid(b52256c76c99b4d98bd0b7435e4fb383) Importer(2089858483,0ecaa5967403d082aa24f35e1b516d23) [PhysX] Initialized MultithreadedTaskDispatcher with 12 workers.
 -> (artifact id: '7ae2d666c8f5e8bef09002e6c4e433d8') in 0.033399 seconds
Number of updated asset objects reloaded before import = 0
Number of asset objects unloaded after import = 4
========================================================================
Received Import Request.
  Time since last request: 0.000017 seconds.
  path: Assets/SPUM/Basic_Resources/Backup_Eye1/Eye4.png
  artifactKey: Guid(74b32804ee39a482bb8fd056b05603ae) Importer(2089858483,0ecaa5967403d082aa24f35e1b516d23)
Start importing Assets/SPUM/Basic_Resources/Backup_Eye1/Eye4.png using Guid(74b32804ee39a482bb8fd056b05603ae) Importer(2089858483,0ecaa5967403d082aa24f35e1b516d23) [PhysX] Initialized MultithreadedTaskDispatcher with 12 workers.
 -> (artifact id: '29f539c47833350b695d038e04433160') in 0.025191 seconds
Number of updated asset objects reloaded before import = 0
Number of asset objects unloaded after import = 4
========================================================================
Received Import Request.
  Time since last request: 0.000018 seconds.
  path: Assets/SPUM/Basic_Resources/Prefab/Pivot_Main.prefab
  artifactKey: Guid(a7de1b4958cd9c541a1e9845540e797f) Importer(2089858483,0ecaa5967403d082aa24f35e1b516d23)
Start importing Assets/SPUM/Basic_Resources/Prefab/Pivot_Main.prefab using Guid(a7de1b4958cd9c541a1e9845540e797f) Importer(2089858483,0ecaa5967403d082aa24f35e1b516d23) [PhysX] Initialized MultithreadedTaskDispatcher with 12 workers.
 -> (artifact id: '134fd7927696509d8e179e51643968b0') in 0.037052 seconds
Number of updated asset objects reloaded before import = 0
Number of asset objects unloaded after import = 301
========================================================================
Received Import Request.
  Time since last request: 0.000025 seconds.
  path: Assets/Resources/EnemyPrefabs/Goblinenemy2.prefab
  artifactKey: Guid(8f10eb2fb462f234581eb15a6dc9238d) Importer(2089858483,0ecaa5967403d082aa24f35e1b516d23)
Start importing Assets/Resources/EnemyPrefabs/Goblinenemy2.prefab using Guid(8f10eb2fb462f234581eb15a6dc9238d) Importer(2089858483,0ecaa5967403d082aa24f35e1b516d23) [PhysX] Initialized MultithreadedTaskDispatcher with 12 workers.
 -> (artifact id: '1b1803a3a6bceca6548d067f9ed3b376') in 0.057728 seconds
Number of updated asset objects reloaded before import = 0
Number of asset objects unloaded after import = 241
========================================================================
Received Import Request.
  Time since last request: 0.000020 seconds.
  path: Assets/SPUM/Script/Editor/SPUM_ManagerEditor.cs
  artifactKey: Guid(136918eee75f8024b96e7e7972670bd2) Importer(2089858483,0ecaa5967403d082aa24f35e1b516d23)
Start importing Assets/SPUM/Script/Editor/SPUM_ManagerEditor.cs using Guid(136918eee75f8024b96e7e7972670bd2) Importer(2089858483,0ecaa5967403d082aa24f35e1b516d23) [PhysX] Initialized MultithreadedTaskDispatcher with 12 workers.
 -> (artifact id: 'ef327b78f6bc464157259c403d268921') in 0.015693 seconds
Number of updated asset objects reloaded before import = 0
Number of asset objects unloaded after import = 1
========================================================================
Received Import Request.
  Time since last request: 0.000018 seconds.
  path: Assets/SPUM/Basic_Resources/Backup_Eye2/Eye1.png
  artifactKey: Guid(f494e4ef059af47efa387fc2826afaf8) Importer(2089858483,0ecaa5967403d082aa24f35e1b516d23)
Start importing Assets/SPUM/Basic_Resources/Backup_Eye2/Eye1.png using Guid(f494e4ef059af47efa387fc2826afaf8) Importer(2089858483,0ecaa5967403d082aa24f35e1b516d23) [PhysX] Initialized MultithreadedTaskDispatcher with 12 workers.
 -> (artifact id: '5dc55d2b604196baae9426db683d8a3c') in 0.023217 seconds
Number of updated asset objects reloaded before import = 0
Number of asset objects unloaded after import = 4
========================================================================
Received Import Request.
  Time since last request: 0.000242 seconds.
  path: Assets/SPUM/Resources/Addons/Ver300/0_Unit/0_Sprite/5_Pant
  artifactKey: Guid(507b794353de77a48a14897530b8e4de) Importer(2089858483,0ecaa5967403d082aa24f35e1b516d23)
Start importing Assets/SPUM/Resources/Addons/Ver300/0_Unit/0_Sprite/5_Pant using Guid(507b794353de77a48a14897530b8e4de) Importer(2089858483,0ecaa5967403d082aa24f35e1b516d23) [PhysX] Initialized MultithreadedTaskDispatcher with 12 workers.
 -> (artifact id: '56085c142fcbd6ce805a1435ddfaeee0') in 0.011866 seconds
Number of updated asset objects reloaded before import = 0
Number of asset objects unloaded after import = 1
========================================================================
Received Import Request.
  Time since last request: 0.000028 seconds.
  path: Assets/SPUM/Basic_Resources/Package/PresetData.asset
  artifactKey: Guid(4ff5172d2df604d43a568fd14b2881af) Importer(2089858483,0ecaa5967403d082aa24f35e1b516d23)
Start importing Assets/SPUM/Basic_Resources/Package/PresetData.asset using Guid(4ff5172d2df604d43a568fd14b2881af) Importer(2089858483,0ecaa5967403d082aa24f35e1b516d23) [PhysX] Initialized MultithreadedTaskDispatcher with 12 workers.
 -> (artifact id: '59ba08bbbbaafa443fcb0c02e5e39f79') in 0.021157 seconds
Number of updated asset objects reloaded before import = 0
Number of asset objects unloaded after import = 1
========================================================================
Received Import Request.
  Time since last request: 0.000020 seconds.
  path: Assets/SPUM/Resources/Units/SPUM_20250621170919527.prefab
  artifactKey: Guid(82d8ff2136274e74ea843ee7ba30f611) Importer(2089858483,0ecaa5967403d082aa24f35e1b516d23)
Start importing Assets/SPUM/Resources/Units/SPUM_20250621170919527.prefab using Guid(82d8ff2136274e74ea843ee7ba30f611) Importer(2089858483,0ecaa5967403d082aa24f35e1b516d23) [PhysX] Initialized MultithreadedTaskDispatcher with 12 workers.
 -> (artifact id: '88776567536ab36d8c61453dac1a2b58') in 0.056958 seconds
Number of updated asset objects reloaded before import = 0
Number of asset objects unloaded after import = 237
========================================================================
Received Import Request.
  Time since last request: 0.000031 seconds.
  path: Assets/SPUM/Basic_Resources/Backup_Eye7/Eye8.png
  artifactKey: Guid(0e2d39890931c4e2f991d0e939c2bf56) Importer(2089858483,0ecaa5967403d082aa24f35e1b516d23)
Start importing Assets/SPUM/Basic_Resources/Backup_Eye7/Eye8.png using Guid(0e2d39890931c4e2f991d0e939c2bf56) Importer(2089858483,0ecaa5967403d082aa24f35e1b516d23) [PhysX] Initialized MultithreadedTaskDispatcher with 12 workers.
 -> (artifact id: '4c532eea777479eb07d97cadd7d68550') in 0.034372 seconds
Number of updated asset objects reloaded before import = 0
Number of asset objects unloaded after import = 4
========================================================================
Received Import Request.
  Time since last request: 0.000020 seconds.
  path: Assets/SPUM/Basic_Resources/Backup_Eye5/Eye4.png
  artifactKey: Guid(a2d7566aa9709406c9ea257e60687ca8) Importer(2089858483,0ecaa5967403d082aa24f35e1b516d23)
Start importing Assets/SPUM/Basic_Resources/Backup_Eye5/Eye4.png using Guid(a2d7566aa9709406c9ea257e60687ca8) Importer(2089858483,0ecaa5967403d082aa24f35e1b516d23) [PhysX] Initialized MultithreadedTaskDispatcher with 12 workers.
 -> (artifact id: '1fabb982bc90db9acf6a586934c91262') in 0.024629 seconds
Number of updated asset objects reloaded before import = 0
Number of asset objects unloaded after import = 4
========================================================================
Received Import Request.
  Time since last request: 0.000016 seconds.
  path: Assets/SPUM/Basic_Resources/Backup_Eye2/Eye5.png
  artifactKey: Guid(baca0ba732a6842d3b8ca0f26b33edb8) Importer(2089858483,0ecaa5967403d082aa24f35e1b516d23)
Start importing Assets/SPUM/Basic_Resources/Backup_Eye2/Eye5.png using Guid(baca0ba732a6842d3b8ca0f26b33edb8) Importer(2089858483,0ecaa5967403d082aa24f35e1b516d23) [PhysX] Initialized MultithreadedTaskDispatcher with 12 workers.
 -> (artifact id: '7ee4b90af32fccec0d0ec6e2aef71e77') in 0.025736 seconds
Number of updated asset objects reloaded before import = 0
Number of asset objects unloaded after import = 4
========================================================================
Received Import Request.
  Time since last request: 0.000016 seconds.
  path: Assets/SPUM/Basic_Resources/Backup_Eye1/Eye10.png
  artifactKey: Guid(0f875e7fc258e447096d5261bd70a0f2) Importer(2089858483,0ecaa5967403d082aa24f35e1b516d23)
Start importing Assets/SPUM/Basic_Resources/Backup_Eye1/Eye10.png using Guid(0f875e7fc258e447096d5261bd70a0f2) Importer(2089858483,0ecaa5967403d082aa24f35e1b516d23) [PhysX] Initialized MultithreadedTaskDispatcher with 12 workers.
 -> (artifact id: '603f0276d7f7ec5ae53521e313ac397a') in 0.028868 seconds
Number of updated asset objects reloaded before import = 0
Number of asset objects unloaded after import = 4
========================================================================
Received Import Request.
  Time since last request: 0.000019 seconds.
  path: Assets/SPUM/Basic_Resources/Backup_Eye5/Eye1.png
  artifactKey: Guid(3d547a0c564dc41babadea168612bb7f) Importer(2089858483,0ecaa5967403d082aa24f35e1b516d23)
Start importing Assets/SPUM/Basic_Resources/Backup_Eye5/Eye1.png using Guid(3d547a0c564dc41babadea168612bb7f) Importer(2089858483,0ecaa5967403d082aa24f35e1b516d23) [PhysX] Initialized MultithreadedTaskDispatcher with 12 workers.
 -> (artifact id: 'fd4aa1ac965fc96d6f137e9cd34de1f6') in 0.024573 seconds
Number of updated asset objects reloaded before import = 0
Number of asset objects unloaded after import = 4
========================================================================
Received Import Request.
  Time since last request: 0.000021 seconds.
  path: Assets/SPUM/Basic_Resources/Backup_Eye1/Eye11.png
  artifactKey: Guid(2bc7a73bf12cb4e8596cb7fb130228b3) Importer(2089858483,0ecaa5967403d082aa24f35e1b516d23)
Start importing Assets/SPUM/Basic_Resources/Backup_Eye1/Eye11.png using Guid(2bc7a73bf12cb4e8596cb7fb130228b3) Importer(2089858483,0ecaa5967403d082aa24f35e1b516d23) [PhysX] Initialized MultithreadedTaskDispatcher with 12 workers.
 -> (artifact id: '18d36c49b39d59ae493c102c8de6d6a9') in 0.023769 seconds
Number of updated asset objects reloaded before import = 0
Number of asset objects unloaded after import = 4
========================================================================
Received Import Request.
  Time since last request: 0.000033 seconds.
  path: Assets/SPUM/Scene/SPUM_Scene.unity
  artifactKey: Guid(ba9a45dba30244370b4169d16c9f76a8) Importer(2089858483,0ecaa5967403d082aa24f35e1b516d23)
Start importing Assets/SPUM/Scene/SPUM_Scene.unity using Guid(ba9a45dba30244370b4169d16c9f76a8) Importer(2089858483,0ecaa5967403d082aa24f35e1b516d23) [PhysX] Initialized MultithreadedTaskDispatcher with 12 workers.
 -> (artifact id: 'ea51906b18908aa27dbb7cdcff0c01ce') in 0.011619 seconds
Number of updated asset objects reloaded before import = 0
Number of asset objects unloaded after import = 1
========================================================================
Received Import Request.
  Time since last request: 0.000019 seconds.
  path: Assets/SPUM/Script/SPUM_AnimationStatePanel.cs
  artifactKey: Guid(dcb00365f4cab2f408b21f91383b7764) Importer(2089858483,0ecaa5967403d082aa24f35e1b516d23)
Start importing Assets/SPUM/Script/SPUM_AnimationStatePanel.cs using Guid(dcb00365f4cab2f408b21f91383b7764) Importer(2089858483,0ecaa5967403d082aa24f35e1b516d23) [PhysX] Initialized MultithreadedTaskDispatcher with 12 workers.
 -> (artifact id: '3ce466fbd331245cd9a16ca04b8612ad') in 0.014060 seconds
Number of updated asset objects reloaded before import = 0
Number of asset objects unloaded after import = 1
========================================================================
Received Import Request.
  Time since last request: 0.000020 seconds.
  path: Assets/SPUM/Basic_Resources/Backup_Eye5/Eye5.png
  artifactKey: Guid(435ff0aa334054313b93bed5fa84a4f0) Importer(2089858483,0ecaa5967403d082aa24f35e1b516d23)
Start importing Assets/SPUM/Basic_Resources/Backup_Eye5/Eye5.png using Guid(435ff0aa334054313b93bed5fa84a4f0) Importer(2089858483,0ecaa5967403d082aa24f35e1b516d23) [PhysX] Initialized MultithreadedTaskDispatcher with 12 workers.
 -> (artifact id: '2a639b56f53ce702fd3464be880e59a1') in 0.028678 seconds
Number of updated asset objects reloaded before import = 0
Number of asset objects unloaded after import = 4
========================================================================
Received Import Request.
  Time since last request: 0.000018 seconds.
  path: Assets/SPUM/Basic_Resources/Backup_Eye7/Eye11.png
  artifactKey: Guid(d8a47d739e7714c568118489dc18f7d8) Importer(2089858483,0ecaa5967403d082aa24f35e1b516d23)
Start importing Assets/SPUM/Basic_Resources/Backup_Eye7/Eye11.png using Guid(d8a47d739e7714c568118489dc18f7d8) Importer(2089858483,0ecaa5967403d082aa24f35e1b516d23) [PhysX] Initialized MultithreadedTaskDispatcher with 12 workers.
 -> (artifact id: '0b1bec8b2e5970e1cee558eee8788a87') in 0.023687 seconds
Number of updated asset objects reloaded before import = 0
Number of asset objects unloaded after import = 4
========================================================================
Received Import Request.
  Time since last request: 0.000019 seconds.
  path: Assets/SPUM/Script/Etc/ColorSelect.cs
  artifactKey: Guid(069b494107f034389b40bf87dd28dc17) Importer(2089858483,0ecaa5967403d082aa24f35e1b516d23)
Start importing Assets/SPUM/Script/Etc/ColorSelect.cs using Guid(069b494107f034389b40bf87dd28dc17) Importer(2089858483,0ecaa5967403d082aa24f35e1b516d23) [PhysX] Initialized MultithreadedTaskDispatcher with 12 workers.
 -> (artifact id: '24ce9b16baa546e22ac10fc755bd65bf') in 0.015357 seconds
Number of updated asset objects reloaded before import = 0
Number of asset objects unloaded after import = 1
========================================================================
Received Import Request.
  Time since last request: 0.000028 seconds.
  path: Assets/SPUM/Basic_Resources/Backup_Eye5/Eye8.png
  artifactKey: Guid(adea387524d184211b1d3be38ec30261) Importer(2089858483,0ecaa5967403d082aa24f35e1b516d23)
Start importing Assets/SPUM/Basic_Resources/Backup_Eye5/Eye8.png using Guid(adea387524d184211b1d3be38ec30261) Importer(2089858483,0ecaa5967403d082aa24f35e1b516d23) [PhysX] Initialized MultithreadedTaskDispatcher with 12 workers.
 -> (artifact id: '13c007ca46c13a4d4dbd6fc59b5062d8') in 0.022971 seconds
Number of updated asset objects reloaded before import = 0
Number of asset objects unloaded after import = 4
========================================================================
Received Import Request.
  Time since last request: 0.000019 seconds.
  path: Assets/SPUM/Basic_Resources/Backup_Eye3/Eye3.png
  artifactKey: Guid(6c6c99aec23a14500b4e5d1f76b1d157) Importer(2089858483,0ecaa5967403d082aa24f35e1b516d23)
Start importing Assets/SPUM/Basic_Resources/Backup_Eye3/Eye3.png using Guid(6c6c99aec23a14500b4e5d1f76b1d157) Importer(2089858483,0ecaa5967403d082aa24f35e1b516d23) [PhysX] Initialized MultithreadedTaskDispatcher with 12 workers.
 -> (artifact id: 'c2e252fa12f6c6930df4a22b76a2bfbd') in 0.023364 seconds
Number of updated asset objects reloaded before import = 0
Number of asset objects unloaded after import = 4
========================================================================
Received Import Request.
  Time since last request: 0.000017 seconds.
  path: Assets/SPUM/Sprite_SheetExporter(Beta)/Res/Box.png
  artifactKey: Guid(6c52bbcff1f804ba1b9435a920cb9303) Importer(2089858483,0ecaa5967403d082aa24f35e1b516d23)
Start importing Assets/SPUM/Sprite_SheetExporter(Beta)/Res/Box.png using Guid(6c52bbcff1f804ba1b9435a920cb9303) Importer(2089858483,0ecaa5967403d082aa24f35e1b516d23) [PhysX] Initialized MultithreadedTaskDispatcher with 12 workers.
 -> (artifact id: 'ec9954f971b8c73b1926d5dd6799cb5c') in 0.029202 seconds
Number of updated asset objects reloaded before import = 0
Number of asset objects unloaded after import = 3
========================================================================
Received Import Request.
  Time since last request: 0.000021 seconds.
  path: Assets/SPUM/Basic_Resources/UI/Basic_Fill_Box.png
  artifactKey: Guid(3ac0b4e40bbf0f9449f1d7a6d2a9baba) Importer(2089858483,0ecaa5967403d082aa24f35e1b516d23)
Start importing Assets/SPUM/Basic_Resources/UI/Basic_Fill_Box.png using Guid(3ac0b4e40bbf0f9449f1d7a6d2a9baba) Importer(2089858483,0ecaa5967403d082aa24f35e1b516d23) [PhysX] Initialized MultithreadedTaskDispatcher with 12 workers.
 -> (artifact id: 'f950e7a08756e19bda7aab521fec6ee6') in 0.031540 seconds
Number of updated asset objects reloaded before import = 0
Number of asset objects unloaded after import = 3
========================================================================
Received Import Request.
  Time since last request: 0.000026 seconds.
  path: Assets/SPUM/Basic_Resources/Prefab/Package.prefab
  artifactKey: Guid(de711b3981059aa4aa928c556bfcacf8) Importer(2089858483,0ecaa5967403d082aa24f35e1b516d23)
Start importing Assets/SPUM/Basic_Resources/Prefab/Package.prefab using Guid(de711b3981059aa4aa928c556bfcacf8) Importer(2089858483,0ecaa5967403d082aa24f35e1b516d23) [PhysX] Initialized MultithreadedTaskDispatcher with 12 workers.
 -> (artifact id: '272f61cd347e3341aec371940a8cb56b') in 0.041109 seconds
Number of updated asset objects reloaded before import = 0
Number of asset objects unloaded after import = 73
========================================================================
Received Import Request.
  Time since last request: 0.000031 seconds.
  path: Assets/SPUM/Basic_Resources/Prefab/SPUM_ListItem.prefab
  artifactKey: Guid(6dacd57c44accc7429caab8f30df0909) Importer(2089858483,0ecaa5967403d082aa24f35e1b516d23)
Start importing Assets/SPUM/Basic_Resources/Prefab/SPUM_ListItem.prefab using Guid(6dacd57c44accc7429caab8f30df0909) Importer(2089858483,0ecaa5967403d082aa24f35e1b516d23) [PhysX] Initialized MultithreadedTaskDispatcher with 12 workers.
 -> (artifact id: '49ee8e519bd71de5e79d7334b9f0936c') in 0.062774 seconds
Number of updated asset objects reloaded before import = 0
Number of asset objects unloaded after import = 381
========================================================================
Received Import Request.
  Time since last request: 0.000019 seconds.
  path: Assets/SPUM/Basic_Resources/Backup_Eye2/Eye6.png
  artifactKey: Guid(990434a00ad034df798e0fbd3d8ca806) Importer(2089858483,0ecaa5967403d082aa24f35e1b516d23)
Start importing Assets/SPUM/Basic_Resources/Backup_Eye2/Eye6.png using Guid(990434a00ad034df798e0fbd3d8ca806) Importer(2089858483,0ecaa5967403d082aa24f35e1b516d23) [PhysX] Initialized MultithreadedTaskDispatcher with 12 workers.
 -> (artifact id: 'd78f650eb708d924b3736b52d1d630ed') in 0.031417 seconds
Number of updated asset objects reloaded before import = 0
Number of asset objects unloaded after import = 4
========================================================================
Received Import Request.
  Time since last request: 0.000018 seconds.
  path: Assets/SPUM/Script/SPUM_SpriteButtonST.cs
  artifactKey: Guid(25d3bfcbd705e4ef9b67e649701b6564) Importer(2089858483,0ecaa5967403d082aa24f35e1b516d23)
Start importing Assets/SPUM/Script/SPUM_SpriteButtonST.cs using Guid(25d3bfcbd705e4ef9b67e649701b6564) Importer(2089858483,0ecaa5967403d082aa24f35e1b516d23) [PhysX] Initialized MultithreadedTaskDispatcher with 12 workers.
 -> (artifact id: 'ee6dff6365e30ba7e1a37ef5ef621cef') in 0.014397 seconds
Number of updated asset objects reloaded before import = 0
Number of asset objects unloaded after import = 1
========================================================================
Received Import Request.
  Time since last request: 0.000018 seconds.
  path: Assets/SPUM/Basic_Resources/Backup_Eye5/Eye2.png
  artifactKey: Guid(7c9e4484267244ed8a158384148c5efe) Importer(2089858483,0ecaa5967403d082aa24f35e1b516d23)
Start importing Assets/SPUM/Basic_Resources/Backup_Eye5/Eye2.png using Guid(7c9e4484267244ed8a158384148c5efe) Importer(2089858483,0ecaa5967403d082aa24f35e1b516d23) [PhysX] Initialized MultithreadedTaskDispatcher with 12 workers.
 -> (artifact id: 'e241773b3707a13a122032f4bcf920a0') in 0.023712 seconds
Number of updated asset objects reloaded before import = 0
Number of asset objects unloaded after import = 4
========================================================================
Received Import Request.
  Time since last request: 0.000022 seconds.
  path: Assets/SPUM/Script/SPUM_EyeSet.cs
  artifactKey: Guid(d8fc6f9ab5bd24831a5d34a7afdfa01c) Importer(2089858483,0ecaa5967403d082aa24f35e1b516d23)
Start importing Assets/SPUM/Script/SPUM_EyeSet.cs using Guid(d8fc6f9ab5bd24831a5d34a7afdfa01c) Importer(2089858483,0ecaa5967403d082aa24f35e1b516d23) [PhysX] Initialized MultithreadedTaskDispatcher with 12 workers.
 -> (artifact id: '00e6ac89fdc5a1cbc8a5b990806b5425') in 0.012345 seconds
Number of updated asset objects reloaded before import = 0
Number of asset objects unloaded after import = 1
========================================================================
Received Import Request.
  Time since last request: 0.000028 seconds.
  path: Assets/SPUM/Basic_Resources/Prefab/StateElement.prefab
  artifactKey: Guid(5fb9944274f18e047a9063f5ad1ce263) Importer(2089858483,0ecaa5967403d082aa24f35e1b516d23)
Start importing Assets/SPUM/Basic_Resources/Prefab/StateElement.prefab using Guid(5fb9944274f18e047a9063f5ad1ce263) Importer(2089858483,0ecaa5967403d082aa24f35e1b516d23) [PhysX] Initialized MultithreadedTaskDispatcher with 12 workers.
 -> (artifact id: '0759f3b7b957fb42b4e1e0c27ac80c2e') in 0.038552 seconds
Number of updated asset objects reloaded before import = 0
Number of asset objects unloaded after import = 105
========================================================================
Received Import Request.
  Time since last request: 0.000019 seconds.
  path: Assets/FantasyIconsPackFree/Icons/Other/Misc/SmallPotion.png
  artifactKey: Guid(b7d19ec039fa7b141bd165aa95496c75) Importer(2089858483,0ecaa5967403d082aa24f35e1b516d23)
Start importing Assets/FantasyIconsPackFree/Icons/Other/Misc/SmallPotion.png using Guid(b7d19ec039fa7b141bd165aa95496c75) Importer(2089858483,0ecaa5967403d082aa24f35e1b516d23) [PhysX] Initialized MultithreadedTaskDispatcher with 12 workers.
 -> (artifact id: '3796a41c5e67dd9d7f2c1e7e67fdff54') in 0.029735 seconds
Number of updated asset objects reloaded before import = 0
Number of asset objects unloaded after import = 3
========================================================================
Received Import Request.
  Time since last request: 0.000022 seconds.
  path: Assets/Pixel FX - Fire/Animations/Fire_Napalm_Ball.anim
  artifactKey: Guid(46df783abf545424c9bf9b3b1289ce2f) Importer(2089858483,0ecaa5967403d082aa24f35e1b516d23)
Start importing Assets/Pixel FX - Fire/Animations/Fire_Napalm_Ball.anim using Guid(46df783abf545424c9bf9b3b1289ce2f) Importer(2089858483,0ecaa5967403d082aa24f35e1b516d23) [PhysX] Initialized MultithreadedTaskDispatcher with 12 workers.
 -> (artifact id: '1c91686cebb4f5dfb2ea82f2c79fe5e0') in 0.022476 seconds
Number of updated asset objects reloaded before import = 0
Number of asset objects unloaded after import = 1
========================================================================
Received Import Request.
  Time since last request: 0.000033 seconds.
  path: Assets/FantasyIconsPackFree/Icons/Gloves/ManticoreArmor.png
  artifactKey: Guid(f60a784b4c692634c923c83dc6d7addb) Importer(2089858483,0ecaa5967403d082aa24f35e1b516d23)
Start importing Assets/FantasyIconsPackFree/Icons/Gloves/ManticoreArmor.png using Guid(f60a784b4c692634c923c83dc6d7addb) Importer(2089858483,0ecaa5967403d082aa24f35e1b516d23) [PhysX] Initialized MultithreadedTaskDispatcher with 12 workers.
 -> (artifact id: '4256076e2a5494847f46a091f2833a08') in 0.037680 seconds
Number of updated asset objects reloaded before import = 0
Number of asset objects unloaded after import = 3
========================================================================
Received Import Request.
  Time since last request: 0.000024 seconds.
  path: Assets/Pixel FX - Fire/Prefabs/Fire_Buff.prefab
  artifactKey: Guid(862037c7c71ec6347b71f9e57da7dbdb) Importer(2089858483,0ecaa5967403d082aa24f35e1b516d23)
Start importing Assets/Pixel FX - Fire/Prefabs/Fire_Buff.prefab using Guid(862037c7c71ec6347b71f9e57da7dbdb) Importer(2089858483,0ecaa5967403d082aa24f35e1b516d23) [PhysX] Initialized MultithreadedTaskDispatcher with 12 workers.
 -> (artifact id: '0d72922524cee6fe41c514ac3391adb5') in 0.048190 seconds
Number of updated asset objects reloaded before import = 0
Number of asset objects unloaded after import = 12
========================================================================
Received Import Request.
  Time since last request: 0.000016 seconds.
  path: Assets/Pixel FX - Fire/Controllers/Fire_II_Flame_Controller.controller
  artifactKey: Guid(340905cdcc8ff8d4894b4ed242c91f80) Importer(2089858483,0ecaa5967403d082aa24f35e1b516d23)
Start importing Assets/Pixel FX - Fire/Controllers/Fire_II_Flame_Controller.controller using Guid(340905cdcc8ff8d4894b4ed242c91f80) Importer(2089858483,0ecaa5967403d082aa24f35e1b516d23) [PhysX] Initialized MultithreadedTaskDispatcher with 12 workers.
 -> (artifact id: 'cbbea1e6cf61c98efbcfb28eadf26343') in 0.042979 seconds
Number of updated asset objects reloaded before import = 0
Number of asset objects unloaded after import = 8
========================================================================
Received Import Request.
  Time since last request: 0.000019 seconds.
  path: Assets/FantasyIconsPackFree/Icons/Other/Ring/BronzeRing.png
  artifactKey: Guid(e76b30749d6bac4489c3ccf1ccb2c8fc) Importer(2089858483,0ecaa5967403d082aa24f35e1b516d23)
Start importing Assets/FantasyIconsPackFree/Icons/Other/Ring/BronzeRing.png using Guid(e76b30749d6bac4489c3ccf1ccb2c8fc) Importer(2089858483,0ecaa5967403d082aa24f35e1b516d23) [PhysX] Initialized MultithreadedTaskDispatcher with 12 workers.
 -> (artifact id: 'af8fa42a153d71a187228208bc4c1fe8') in 0.028094 seconds
Number of updated asset objects reloaded before import = 0
Number of asset objects unloaded after import = 3
========================================================================
Received Import Request.
  Time since last request: 0.000019 seconds.
  path: Assets/FantasyIconsPackFree/Icons/MeleeWeapon1H/WoodcutterAxe.png
  artifactKey: Guid(556def944fd02f54c98ac89a1fd817a7) Importer(2089858483,0ecaa5967403d082aa24f35e1b516d23)
Start importing Assets/FantasyIconsPackFree/Icons/MeleeWeapon1H/WoodcutterAxe.png using Guid(556def944fd02f54c98ac89a1fd817a7) Importer(2089858483,0ecaa5967403d082aa24f35e1b516d23) [PhysX] Initialized MultithreadedTaskDispatcher with 12 workers.
 -> (artifact id: 'bd251a563a8b8ce46ecd50556acffa1a') in 0.030588 seconds
Number of updated asset objects reloaded before import = 0
Number of asset objects unloaded after import = 3
========================================================================
Received Import Request.
  Time since last request: 0.000022 seconds.
  path: Assets/Pixel FX - Fire/Sprites/Fire_Napalm_Spread_128x32.png
  artifactKey: Guid(c049ba42cf9c4254fb7c8b615fe09e30) Importer(2089858483,0ecaa5967403d082aa24f35e1b516d23)
Start importing Assets/Pixel FX - Fire/Sprites/Fire_Napalm_Spread_128x32.png using Guid(c049ba42cf9c4254fb7c8b615fe09e30) Importer(2089858483,0ecaa5967403d082aa24f35e1b516d23) [PhysX] Initialized MultithreadedTaskDispatcher with 12 workers.
 -> (artifact id: '825ad6e86743432b520c95f47fb7a334') in 0.047881 seconds
Number of updated asset objects reloaded before import = 0
Number of asset objects unloaded after import = 12
========================================================================
Received Import Request.
  Time since last request: 0.000018 seconds.
  path: Assets/FantasyIconsPackFree/Icons/Other/Misc/Cheese.png
  artifactKey: Guid(e41335ed24c5d4641b9e03ec7a6adcd0) Importer(2089858483,0ecaa5967403d082aa24f35e1b516d23)
Start importing Assets/FantasyIconsPackFree/Icons/Other/Misc/Cheese.png using Guid(e41335ed24c5d4641b9e03ec7a6adcd0) Importer(2089858483,0ecaa5967403d082aa24f35e1b516d23) [PhysX] Initialized MultithreadedTaskDispatcher with 12 workers.
 -> (artifact id: '511e20342944ec9656868036764ccc72') in 0.028821 seconds
Number of updated asset objects reloaded before import = 0
Number of asset objects unloaded after import = 3
========================================================================
Received Import Request.
  Time since last request: 0.000027 seconds.
  path: Assets/Pixel FX - Fire/Animations/Fire_Meteors_Large_B_Start.anim
  artifactKey: Guid(c98be7550e85d9a46bac9ac7d98aaf27) Importer(2089858483,0ecaa5967403d082aa24f35e1b516d23)
Start importing Assets/Pixel FX - Fire/Animations/Fire_Meteors_Large_B_Start.anim using Guid(c98be7550e85d9a46bac9ac7d98aaf27) Importer(2089858483,0ecaa5967403d082aa24f35e1b516d23) [PhysX] Initialized MultithreadedTaskDispatcher with 12 workers.
 -> (artifact id: 'e53d02a55d9236fca4fe7da41c62b034') in 0.012776 seconds
Number of updated asset objects reloaded before import = 0
Number of asset objects unloaded after import = 1
========================================================================
Received Import Request.
  Time since last request: 0.000015 seconds.
  path: Assets/FantasyIconsPackFree/Icons/MeleeWeapon1H/WoodenClub.png
  artifactKey: Guid(dc038b2ab22c65c4488779487c9dae97) Importer(2089858483,0ecaa5967403d082aa24f35e1b516d23)
Start importing Assets/FantasyIconsPackFree/Icons/MeleeWeapon1H/WoodenClub.png using Guid(dc038b2ab22c65c4488779487c9dae97) Importer(2089858483,0ecaa5967403d082aa24f35e1b516d23) [PhysX] Initialized MultithreadedTaskDispatcher with 12 workers.
 -> (artifact id: '5195c17fd7272f1c4af02c3227392a6b') in 0.031371 seconds
Number of updated asset objects reloaded before import = 0
Number of asset objects unloaded after import = 3
========================================================================
Received Import Request.
  Time since last request: 0.000016 seconds.
  path: Assets/Pixel FX - Fire/Animations/Fire_Meteors_Small_Start.anim
  artifactKey: Guid(3301160726408484d8d9dbcdef694b3d) Importer(2089858483,0ecaa5967403d082aa24f35e1b516d23)
Start importing Assets/Pixel FX - Fire/Animations/Fire_Meteors_Small_Start.anim using Guid(3301160726408484d8d9dbcdef694b3d) Importer(2089858483,0ecaa5967403d082aa24f35e1b516d23) [PhysX] Initialized MultithreadedTaskDispatcher with 12 workers.
 -> (artifact id: '1c947224274207e77eebd332e7820013') in 0.013738 seconds
Number of updated asset objects reloaded before import = 0
Number of asset objects unloaded after import = 1
========================================================================
Received Import Request.
  Time since last request: 0.000022 seconds.
  path: Assets/FantasyIconsPackFree/Icons/MeleeWeapon2H/MountainSword [Paint].png
  artifactKey: Guid(62a99ebf2f5cfe04da1d208b9e7817a9) Importer(2089858483,0ecaa5967403d082aa24f35e1b516d23)
Start importing Assets/FantasyIconsPackFree/Icons/MeleeWeapon2H/MountainSword [Paint].png using Guid(62a99ebf2f5cfe04da1d208b9e7817a9) Importer(2089858483,0ecaa5967403d082aa24f35e1b516d23) [PhysX] Initialized MultithreadedTaskDispatcher with 12 workers.
 -> (artifact id: 'c7e5a41759b03a10ed4bd05dcfa923d6') in 0.032290 seconds
Number of updated asset objects reloaded before import = 0
Number of asset objects unloaded after import = 3
========================================================================
Received Import Request.
  Time since last request: 0.000018 seconds.
  path: Assets/FantasyIconsPackFree/ItemBackgrounds/Green.png
  artifactKey: Guid(29114078ffdf3ad46a63ea39321bcc5b) Importer(2089858483,0ecaa5967403d082aa24f35e1b516d23)
Start importing Assets/FantasyIconsPackFree/ItemBackgrounds/Green.png using Guid(29114078ffdf3ad46a63ea39321bcc5b) Importer(2089858483,0ecaa5967403d082aa24f35e1b516d23) [PhysX] Initialized MultithreadedTaskDispatcher with 12 workers.
 -> (artifact id: 'd8b8df99faf8185a24b5f1861a26ea36') in 0.029765 seconds
Number of updated asset objects reloaded before import = 0
Number of asset objects unloaded after import = 3
========================================================================
Received Import Request.
  Time since last request: 0.000019 seconds.
  path: Assets/FantasyIconsPackFree/Icons/Shield/WoodenShield2.png
  artifactKey: Guid(4097dec1e9a0ede4c85bf4caa28e9bcf) Importer(2089858483,0ecaa5967403d082aa24f35e1b516d23)
Start importing Assets/FantasyIconsPackFree/Icons/Shield/WoodenShield2.png using Guid(4097dec1e9a0ede4c85bf4caa28e9bcf) Importer(2089858483,0ecaa5967403d082aa24f35e1b516d23) [PhysX] Initialized MultithreadedTaskDispatcher with 12 workers.
 -> (artifact id: '02bc060e5aae11f3805e61eb3084fa3a') in 0.028292 seconds
Number of updated asset objects reloaded before import = 0
Number of asset objects unloaded after import = 3
========================================================================
Received Import Request.
  Time since last request: 0.000016 seconds.
  path: Assets/FantasyIconsPackFree/Icons/MeleeWeapon2H/LongHammer.png
  artifactKey: Guid(74b95f8fcc76fcc4cb42a25e8d3cdbe0) Importer(2089858483,0ecaa5967403d082aa24f35e1b516d23)
Start importing Assets/FantasyIconsPackFree/Icons/MeleeWeapon2H/LongHammer.png using Guid(74b95f8fcc76fcc4cb42a25e8d3cdbe0) Importer(2089858483,0ecaa5967403d082aa24f35e1b516d23) [PhysX] Initialized MultithreadedTaskDispatcher with 12 workers.
 -> (artifact id: 'fe4eeb3ba9cc72e5369717bea1907e60') in 0.029431 seconds
Number of updated asset objects reloaded before import = 0
Number of asset objects unloaded after import = 3
========================================================================
Received Import Request.
  Time since last request: 0.000023 seconds.
  path: Assets/FantasyIconsPackFree/Icons/Arrow/VikingShortBow.png
  artifactKey: Guid(fc6ec0b0f09e050458575e72975d27bb) Importer(2089858483,0ecaa5967403d082aa24f35e1b516d23)
Start importing Assets/FantasyIconsPackFree/Icons/Arrow/VikingShortBow.png using Guid(fc6ec0b0f09e050458575e72975d27bb) Importer(2089858483,0ecaa5967403d082aa24f35e1b516d23) [PhysX] Initialized MultithreadedTaskDispatcher with 12 workers.
 -> (artifact id: '1172a5b1d5ca6d18bc0bec38aec0df2b') in 0.031023 seconds
Number of updated asset objects reloaded before import = 0
Number of asset objects unloaded after import = 3
========================================================================
Received Import Request.
  Time since last request: 0.000022 seconds.
  path: Assets/Pixel FX - Fire/Controllers/Fire_Burn_Debuff_Controller.controller
  artifactKey: Guid(b00882eb3b71e224b8d216b888d80d36) Importer(2089858483,0ecaa5967403d082aa24f35e1b516d23)
Start importing Assets/Pixel FX - Fire/Controllers/Fire_Burn_Debuff_Controller.controller using Guid(b00882eb3b71e224b8d216b888d80d36) Importer(2089858483,0ecaa5967403d082aa24f35e1b516d23) [PhysX] Initialized MultithreadedTaskDispatcher with 12 workers.
 -> (artifact id: 'd75bc36c5996b4414d3caaa650a18bda') in 0.039992 seconds
Number of updated asset objects reloaded before import = 0
Number of asset objects unloaded after import = 8
========================================================================
Received Import Request.
  Time since last request: 0.000025 seconds.
  path: Assets/FantasyIconsPackFree/Icons/MeleeWeapon1H/BronzeDagger.png
  artifactKey: Guid(54f8589e2ef2f7a4e875a51ae49b1e7b) Importer(2089858483,0ecaa5967403d082aa24f35e1b516d23)
Start importing Assets/FantasyIconsPackFree/Icons/MeleeWeapon1H/BronzeDagger.png using Guid(54f8589e2ef2f7a4e875a51ae49b1e7b) Importer(2089858483,0ecaa5967403d082aa24f35e1b516d23) [PhysX] Initialized MultithreadedTaskDispatcher with 12 workers.
 -> (artifact id: 'eefbe9ebfd270806157267db3e84f592') in 0.030700 seconds
Number of updated asset objects reloaded before import = 0
Number of asset objects unloaded after import = 3
========================================================================
Received Import Request.
  Time since last request: 0.000023 seconds.
  path: Assets/FantasyIconsPackFree/ItemBackgrounds
  artifactKey: Guid(f286c97e9a0e67249881c934bda82ee3) Importer(2089858483,0ecaa5967403d082aa24f35e1b516d23)
Start importing Assets/FantasyIconsPackFree/ItemBackgrounds using Guid(f286c97e9a0e67249881c934bda82ee3) Importer(2089858483,0ecaa5967403d082aa24f35e1b516d23) [PhysX] Initialized MultithreadedTaskDispatcher with 12 workers.
 -> (artifact id: '9bfa75f362768eec087bb57623febaf6') in 0.012885 seconds
Number of updated asset objects reloaded before import = 0
Number of asset objects unloaded after import = 1
========================================================================
Received Import Request.
  Time since last request: 0.000019 seconds.
  path: Assets/Pixel FX - Fire/Sprites/Fire_II_Flame_D_48x48.png
  artifactKey: Guid(21d68974b0ec17b40bfbd07411d3efc7) Importer(2089858483,0ecaa5967403d082aa24f35e1b516d23)
Start importing Assets/Pixel FX - Fire/Sprites/Fire_II_Flame_D_48x48.png using Guid(21d68974b0ec17b40bfbd07411d3efc7) Importer(2089858483,0ecaa5967403d082aa24f35e1b516d23) [PhysX] Initialized MultithreadedTaskDispatcher with 12 workers.
 -> (artifact id: '18508347a2f2e7ad7e13b8d0d3727d2c') in 0.070544 seconds
Number of updated asset objects reloaded before import = 0
Number of asset objects unloaded after import = 22
========================================================================
Received Import Request.
  Time since last request: 0.000020 seconds.
  path: Assets/Pixel FX - Fire/Controllers/Fire_I_Controller.controller
  artifactKey: Guid(296d386ca241dc3449a475559d8875e2) Importer(2089858483,0ecaa5967403d082aa24f35e1b516d23)
Start importing Assets/Pixel FX - Fire/Controllers/Fire_I_Controller.controller using Guid(296d386ca241dc3449a475559d8875e2) Importer(2089858483,0ecaa5967403d082aa24f35e1b516d23) [PhysX] Initialized MultithreadedTaskDispatcher with 12 workers.
 -> (artifact id: '8820854f23c1356a0bbc4e91518d1d42') in 0.013951 seconds
Number of updated asset objects reloaded before import = 0
Number of asset objects unloaded after import = 4
========================================================================
Received Import Request.
  Time since last request: 0.000025 seconds.
  path: Assets/FantasyIconsPackFree/Icons/Gloves
  artifactKey: Guid(2e00c87d053b6954c9c4faa916fe26dd) Importer(2089858483,0ecaa5967403d082aa24f35e1b516d23)
Start importing Assets/FantasyIconsPackFree/Icons/Gloves using Guid(2e00c87d053b6954c9c4faa916fe26dd) Importer(2089858483,0ecaa5967403d082aa24f35e1b516d23) [PhysX] Initialized MultithreadedTaskDispatcher with 12 workers.
 -> (artifact id: '87506c9d30da1944c526c34eb2fab32c') in 0.012665 seconds
Number of updated asset objects reloaded before import = 0
Number of asset objects unloaded after import = 1
========================================================================
Received Import Request.
  Time since last request: 0.000017 seconds.
  path: Assets/Pixel FX - Fire
  artifactKey: Guid(f2cccccd9b1a68b4089e6028a78eff0f) Importer(2089858483,0ecaa5967403d082aa24f35e1b516d23)
Start importing Assets/Pixel FX - Fire using Guid(f2cccccd9b1a68b4089e6028a78eff0f) Importer(2089858483,0ecaa5967403d082aa24f35e1b516d23) [PhysX] Initialized MultithreadedTaskDispatcher with 12 workers.
 -> (artifact id: 'e5506d4bf77f0c5a4cfbf4fbab2a487e') in 0.011507 seconds
Number of updated asset objects reloaded before import = 0
Number of asset objects unloaded after import = 1
========================================================================
Received Import Request.
  Time since last request: 0.000017 seconds.
  path: Assets/FantasyIconsPackFree/Icons/MeleeWeapon1H/Katana1 [Paint].png
  artifactKey: Guid(f2a6caf7b6afd7b4095cfac985b5869c) Importer(2089858483,0ecaa5967403d082aa24f35e1b516d23)
Start importing Assets/FantasyIconsPackFree/Icons/MeleeWeapon1H/Katana1 [Paint].png using Guid(f2a6caf7b6afd7b4095cfac985b5869c) Importer(2089858483,0ecaa5967403d082aa24f35e1b516d23) [PhysX] Initialized MultithreadedTaskDispatcher with 12 workers.
 -> (artifact id: 'eeedefa8597cdd46035a02ae3827ad0f') in 0.030009 seconds
Number of updated asset objects reloaded before import = 0
Number of asset objects unloaded after import = 3
========================================================================
Received Import Request.
  Time since last request: 0.000021 seconds.
  path: Assets/FantasyIconsPackFree/Icons/Boots/GreyKnight.png
  artifactKey: Guid(c544836e2ceee34428d1abdac6b5ac59) Importer(2089858483,0ecaa5967403d082aa24f35e1b516d23)
Start importing Assets/FantasyIconsPackFree/Icons/Boots/GreyKnight.png using Guid(c544836e2ceee34428d1abdac6b5ac59) Importer(2089858483,0ecaa5967403d082aa24f35e1b516d23) [PhysX] Initialized MultithreadedTaskDispatcher with 12 workers.
 -> (artifact id: 'be4226f43ae770d3b34a0b52c720754c') in 0.032578 seconds
Number of updated asset objects reloaded before import = 0
Number of asset objects unloaded after import = 3
========================================================================
Received Import Request.
  Time since last request: 0.000023 seconds.
  path: Assets/FantasyIconsPackFree/Icons/MeleeWeapon2H/GateCrusher.png
  artifactKey: Guid(e67e11d800ebc144b9a0a05702c468e4) Importer(2089858483,0ecaa5967403d082aa24f35e1b516d23)
Start importing Assets/FantasyIconsPackFree/Icons/MeleeWeapon2H/GateCrusher.png using Guid(e67e11d800ebc144b9a0a05702c468e4) Importer(2089858483,0ecaa5967403d082aa24f35e1b516d23) [PhysX] Initialized MultithreadedTaskDispatcher with 12 workers.
 -> (artifact id: 'd46d4045d6e0dc7faa0bc5ae8a1a3b5b') in 0.035063 seconds
Number of updated asset objects reloaded before import = 0
Number of asset objects unloaded after import = 3
========================================================================
Received Import Request.
  Time since last request: 0.000026 seconds.
  path: Assets/Pixel FX - Fire/Controllers
  artifactKey: Guid(8148c6b1fb7811f42a2c564393b3a95c) Importer(2089858483,0ecaa5967403d082aa24f35e1b516d23)
Start importing Assets/Pixel FX - Fire/Controllers using Guid(8148c6b1fb7811f42a2c564393b3a95c) Importer(2089858483,0ecaa5967403d082aa24f35e1b516d23) [PhysX] Initialized MultithreadedTaskDispatcher with 12 workers.
 -> (artifact id: '5db0be1f9d8894b5e7f7ededd03a1d0b') in 0.011723 seconds
Number of updated asset objects reloaded before import = 0
Number of asset objects unloaded after import = 1
========================================================================
Received Import Request.
  Time since last request: 0.000020 seconds.
  path: Assets/FantasyIconsPackFree/Icons/Arrow/MarauderBow.png
  artifactKey: Guid(2624c48670f92d649b04d03fe36abcd8) Importer(2089858483,0ecaa5967403d082aa24f35e1b516d23)
Start importing Assets/FantasyIconsPackFree/Icons/Arrow/MarauderBow.png using Guid(2624c48670f92d649b04d03fe36abcd8) Importer(2089858483,0ecaa5967403d082aa24f35e1b516d23) [PhysX] Initialized MultithreadedTaskDispatcher with 12 workers.
 -> (artifact id: '0d3b76f39d7e46594ca77f7d1a1bdc22') in 0.029697 seconds
Number of updated asset objects reloaded before import = 0
Number of asset objects unloaded after import = 3
========================================================================
Received Import Request.
  Time since last request: 0.000018 seconds.
  path: Assets/FantasyIconsPackFree/Icons/Other/Ring/GoldenRing.png
  artifactKey: Guid(8661c2c7e325a33438f06b02458fd199) Importer(2089858483,0ecaa5967403d082aa24f35e1b516d23)
Start importing Assets/FantasyIconsPackFree/Icons/Other/Ring/GoldenRing.png using Guid(8661c2c7e325a33438f06b02458fd199) Importer(2089858483,0ecaa5967403d082aa24f35e1b516d23) [PhysX] Initialized MultithreadedTaskDispatcher with 12 workers.
 -> (artifact id: '8d94afd61e9f757e40ab359fdd5af3c0') in 0.030263 seconds
Number of updated asset objects reloaded before import = 0
Number of asset objects unloaded after import = 3
========================================================================
Received Import Request.
  Time since last request: 0.000021 seconds.
  path: Assets/FantasyIconsPackFree/Icons
  artifactKey: Guid(701f8d3b6112e8d4c80ce90b73cd22d4) Importer(2089858483,0ecaa5967403d082aa24f35e1b516d23)
Start importing Assets/FantasyIconsPackFree/Icons using Guid(701f8d3b6112e8d4c80ce90b73cd22d4) Importer(2089858483,0ecaa5967403d082aa24f35e1b516d23) [PhysX] Initialized MultithreadedTaskDispatcher with 12 workers.
 -> (artifact id: 'bf503e99689f6b99465420971e9aa514') in 0.011215 seconds
Number of updated asset objects reloaded before import = 0
Number of asset objects unloaded after import = 1
========================================================================
Received Import Request.
  Time since last request: 0.000020 seconds.
  path: Assets/FantasyIconsPackFree/Icons/MeleeWeapon1H/AssassinDagger [Paint].png
  artifactKey: Guid(1ff1175d56df9eb4f8cfa0ba429d9254) Importer(2089858483,0ecaa5967403d082aa24f35e1b516d23)
Start importing Assets/FantasyIconsPackFree/Icons/MeleeWeapon1H/AssassinDagger [Paint].png using Guid(1ff1175d56df9eb4f8cfa0ba429d9254) Importer(2089858483,0ecaa5967403d082aa24f35e1b516d23) [PhysX] Initialized MultithreadedTaskDispatcher with 12 workers.
 -> (artifact id: '72ac4a3cbb1fd3d74d5b9fb14bdc5bbe') in 0.031249 seconds
Number of updated asset objects reloaded before import = 0
Number of asset objects unloaded after import = 3
========================================================================
Received Import Request.
  Time since last request: 0.000019 seconds.
  path: Assets/FantasyIconsPackFree/Icons/MeleeWeapon2H/DestroyerAxe.png
  artifactKey: Guid(68377f5ef74af2a448279951a5a833b9) Importer(2089858483,0ecaa5967403d082aa24f35e1b516d23)
Start importing Assets/FantasyIconsPackFree/Icons/MeleeWeapon2H/DestroyerAxe.png using Guid(68377f5ef74af2a448279951a5a833b9) Importer(2089858483,0ecaa5967403d082aa24f35e1b516d23) [PhysX] Initialized MultithreadedTaskDispatcher with 12 workers.
 -> (artifact id: '72871d68b66edce60bd1141dc4e31d20') in 0.030315 seconds
Number of updated asset objects reloaded before import = 0
Number of asset objects unloaded after import = 3
========================================================================
Received Import Request.
  Time since last request: 0.000023 seconds.
  path: Assets/FantasyIconsPackFree/Icons/Bow/MarauderBow.png
  artifactKey: Guid(51d0cbd98e5243c4eac6f1e283a558c2) Importer(2089858483,0ecaa5967403d082aa24f35e1b516d23)
Start importing Assets/FantasyIconsPackFree/Icons/Bow/MarauderBow.png using Guid(51d0cbd98e5243c4eac6f1e283a558c2) Importer(2089858483,0ecaa5967403d082aa24f35e1b516d23) [PhysX] Initialized MultithreadedTaskDispatcher with 12 workers.
 -> (artifact id: 'dfacd4c2fbed0ea8e9fadd5f182b477a') in 0.028818 seconds
Number of updated asset objects reloaded before import = 0
Number of asset objects unloaded after import = 3
========================================================================
Received Import Request.
  Time since last request: 0.000020 seconds.
  path: Assets/Pixel FX - Fire/Sprites/Fire_Burn_Debuff_16x16.png
  artifactKey: Guid(ad4bde9b5ad466442911882cdc4078e2) Importer(2089858483,0ecaa5967403d082aa24f35e1b516d23)
Start importing Assets/Pixel FX - Fire/Sprites/Fire_Burn_Debuff_16x16.png using Guid(ad4bde9b5ad466442911882cdc4078e2) Importer(2089858483,0ecaa5967403d082aa24f35e1b516d23) [PhysX] Initialized MultithreadedTaskDispatcher with 12 workers.
 -> (artifact id: '9393cbaac292d7b4260ada47d1c86dcd') in 0.044110 seconds
Number of updated asset objects reloaded before import = 0
Number of asset objects unloaded after import = 10
========================================================================
Received Import Request.
  Time since last request: 0.000023 seconds.
  path: Assets/Pixel FX - Fire/Scenes
  artifactKey: Guid(df11b03cfb07c424d805cc1531bcf709) Importer(2089858483,0ecaa5967403d082aa24f35e1b516d23)
Start importing Assets/Pixel FX - Fire/Scenes using Guid(df11b03cfb07c424d805cc1531bcf709) Importer(2089858483,0ecaa5967403d082aa24f35e1b516d23) [PhysX] Initialized MultithreadedTaskDispatcher with 12 workers.
 -> (artifact id: '35871c3d8d28407fb58d6503c995d7d9') in 0.010862 seconds
Number of updated asset objects reloaded before import = 0
Number of asset objects unloaded after import = 1
========================================================================
Received Import Request.
  Time since last request: 0.000025 seconds.
  path: Assets/Pixel FX - Fire/Animations/Fire_III_Hand_Start.anim
  artifactKey: Guid(955ec275767277f4a92df8b8a4482352) Importer(2089858483,0ecaa5967403d082aa24f35e1b516d23)
Start importing Assets/Pixel FX - Fire/Animations/Fire_III_Hand_Start.anim using Guid(955ec275767277f4a92df8b8a4482352) Importer(2089858483,0ecaa5967403d082aa24f35e1b516d23) [PhysX] Initialized MultithreadedTaskDispatcher with 12 workers.
 -> (artifact id: '775a08a278b34be74581bb939cd13f92') in 0.013716 seconds
Number of updated asset objects reloaded before import = 0
Number of asset objects unloaded after import = 1
========================================================================
Received Import Request.
  Time since last request: 0.000024 seconds.
  path: Assets/FantasyIconsPackFree/Icons/Boots/BanditLightArmor [Paint].png
  artifactKey: Guid(4a59607811bc1f9459591856511467a5) Importer(2089858483,0ecaa5967403d082aa24f35e1b516d23)
Start importing Assets/FantasyIconsPackFree/Icons/Boots/BanditLightArmor [Paint].png using Guid(4a59607811bc1f9459591856511467a5) Importer(2089858483,0ecaa5967403d082aa24f35e1b516d23) [PhysX] Initialized MultithreadedTaskDispatcher with 12 workers.
 -> (artifact id: '450594ab622dde1183ea25767b80c403') in 0.030871 seconds
Number of updated asset objects reloaded before import = 0
Number of asset objects unloaded after import = 3
========================================================================
Received Import Request.
  Time since last request: 0.000017 seconds.
  path: Assets/FantasyIconsPackFree/Icons/Boots/ManticoreArmor.png
  artifactKey: Guid(6f6648c32a819be4a87ef3bad2807bad) Importer(2089858483,0ecaa5967403d082aa24f35e1b516d23)
Start importing Assets/FantasyIconsPackFree/Icons/Boots/ManticoreArmor.png using Guid(6f6648c32a819be4a87ef3bad2807bad) Importer(2089858483,0ecaa5967403d082aa24f35e1b516d23) [PhysX] Initialized MultithreadedTaskDispatcher with 12 workers.
 -> (artifact id: 'f8f1a97566eb275e89f455828964ece1') in 0.027508 seconds
Number of updated asset objects reloaded before import = 0
Number of asset objects unloaded after import = 3
========================================================================
Received Import Request.
  Time since last request: 0.000016 seconds.
  path: Assets/FantasyIconsPackFree/Icons/Other/Misc/Apple.png
  artifactKey: Guid(60c1d42986dc0094c808b9e135f31ba2) Importer(2089858483,0ecaa5967403d082aa24f35e1b516d23)
Start importing Assets/FantasyIconsPackFree/Icons/Other/Misc/Apple.png using Guid(60c1d42986dc0094c808b9e135f31ba2) Importer(2089858483,0ecaa5967403d082aa24f35e1b516d23) [PhysX] Initialized MultithreadedTaskDispatcher with 12 workers.
 -> (artifact id: '0dd87b7b92fb6077bfa4cb240ca196a3') in 0.031032 seconds
Number of updated asset objects reloaded before import = 0
Number of asset objects unloaded after import = 3
========================================================================
Received Import Request.
  Time since last request: 0.000021 seconds.
  path: Assets/FantasyIconsPackFree/Icons/Other/Ring/MagicBronzeRing.png
  artifactKey: Guid(0f1303cfff6593747a97f9c964728649) Importer(2089858483,0ecaa5967403d082aa24f35e1b516d23)
Start importing Assets/FantasyIconsPackFree/Icons/Other/Ring/MagicBronzeRing.png using Guid(0f1303cfff6593747a97f9c964728649) Importer(2089858483,0ecaa5967403d082aa24f35e1b516d23) [PhysX] Initialized MultithreadedTaskDispatcher with 12 workers.
 -> (artifact id: 'dfba1462ac0bc43396af152ebcac12c2') in 0.030207 seconds
Number of updated asset objects reloaded before import = 0
Number of asset objects unloaded after import = 3
========================================================================
Received Import Request.
  Time since last request: 0.000025 seconds.
  path: Assets/Pixel FX - Fire/Controllers/Fire_III_Flame_A_Controller.controller
  artifactKey: Guid(6170ffb35b0e45d4b912fa760a0bbe63) Importer(2089858483,0ecaa5967403d082aa24f35e1b516d23)
Start importing Assets/Pixel FX - Fire/Controllers/Fire_III_Flame_A_Controller.controller using Guid(6170ffb35b0e45d4b912fa760a0bbe63) Importer(2089858483,0ecaa5967403d082aa24f35e1b516d23) [PhysX] Initialized MultithreadedTaskDispatcher with 12 workers.
 -> (artifact id: '559fd82c5b3329bcba97b3d3f9fe2cf4') in 0.012183 seconds
Number of updated asset objects reloaded before import = 0
Number of asset objects unloaded after import = 4
========================================================================
Received Import Request.
  Time since last request: 0.000017 seconds.
  path: Assets/FantasyIconsPackFree/Icons/Armor/BattleguardArmor.png
  artifactKey: Guid(28b103e16acf21b45afc90eb7afb7e42) Importer(2089858483,0ecaa5967403d082aa24f35e1b516d23)
Start importing Assets/FantasyIconsPackFree/Icons/Armor/BattleguardArmor.png using Guid(28b103e16acf21b45afc90eb7afb7e42) Importer(2089858483,0ecaa5967403d082aa24f35e1b516d23) [PhysX] Initialized MultithreadedTaskDispatcher with 12 workers.
 -> (artifact id: 'a43a919f40ae27eef74ffed9951732a4') in 0.030413 seconds
Number of updated asset objects reloaded before import = 0
Number of asset objects unloaded after import = 3
========================================================================
Received Import Request.
  Time since last request: 0.000019 seconds.
  path: Assets/FantasyIconsPackFree/Demo/IconViewer.cs
  artifactKey: Guid(d40b916b1d7183f48b17fc406504800b) Importer(2089858483,0ecaa5967403d082aa24f35e1b516d23)
Start importing Assets/FantasyIconsPackFree/Demo/IconViewer.cs using Guid(d40b916b1d7183f48b17fc406504800b) Importer(2089858483,0ecaa5967403d082aa24f35e1b516d23) [PhysX] Initialized MultithreadedTaskDispatcher with 12 workers.
 -> (artifact id: '3e6748cbb214a2ed72725659a817b965') in 0.016158 seconds
Number of updated asset objects reloaded before import = 0
Number of asset objects unloaded after import = 1
========================================================================
Received Import Request.
  Time since last request: 0.000019 seconds.
  path: Assets/FantasyIconsPackFree/Icons/Boots/DarkMountain.png
  artifactKey: Guid(84d6a36e47e8f9042a960a8b033203a1) Importer(2089858483,0ecaa5967403d082aa24f35e1b516d23)
Start importing Assets/FantasyIconsPackFree/Icons/Boots/DarkMountain.png using Guid(84d6a36e47e8f9042a960a8b033203a1) Importer(2089858483,0ecaa5967403d082aa24f35e1b516d23) [PhysX] Initialized MultithreadedTaskDispatcher with 12 workers.
 -> (artifact id: '895243d9af2cd595594fc0d7712e002b') in 0.030508 seconds
Number of updated asset objects reloaded before import = 0
Number of asset objects unloaded after import = 3
========================================================================
Received Import Request.
  Time since last request: 0.000019 seconds.
  path: Assets/FantasyIconsPackFree/ItemBackgrounds/Red.png
  artifactKey: Guid(f51787da7231e434c9f318683e9d5011) Importer(2089858483,0ecaa5967403d082aa24f35e1b516d23)
Start importing Assets/FantasyIconsPackFree/ItemBackgrounds/Red.png using Guid(f51787da7231e434c9f318683e9d5011) Importer(2089858483,0ecaa5967403d082aa24f35e1b516d23) [PhysX] Initialized MultithreadedTaskDispatcher with 12 workers.
 -> (artifact id: '4333b6579b59bfa8fa04632152097835') in 0.029368 seconds
Number of updated asset objects reloaded before import = 0
Number of asset objects unloaded after import = 3
========================================================================
Received Import Request.
  Time since last request: 0.000027 seconds.
  path: Assets/FantasyIconsPackFree/Icons/Shield/MilitiamanShield.png
  artifactKey: Guid(cee802c4711b2cc4c9be089c2d913ba9) Importer(2089858483,0ecaa5967403d082aa24f35e1b516d23)
Start importing Assets/FantasyIconsPackFree/Icons/Shield/MilitiamanShield.png using Guid(cee802c4711b2cc4c9be089c2d913ba9) Importer(2089858483,0ecaa5967403d082aa24f35e1b516d23) [PhysX] Initialized MultithreadedTaskDispatcher with 12 workers.
 -> (artifact id: '4d67526cab02b7f80f879263664f50b4') in 0.035091 seconds
Number of updated asset objects reloaded before import = 0
Number of asset objects unloaded after import = 3
========================================================================
Received Import Request.
  Time since last request: 0.000017 seconds.
  path: Assets/FantasyIconsPackFree/Icons/Other/Misc/HandBomb.png
  artifactKey: Guid(5df4b9cfda870304c9e2decfcc0b094f) Importer(2089858483,0ecaa5967403d082aa24f35e1b516d23)
Start importing Assets/FantasyIconsPackFree/Icons/Other/Misc/HandBomb.png using Guid(5df4b9cfda870304c9e2decfcc0b094f) Importer(2089858483,0ecaa5967403d082aa24f35e1b516d23) [PhysX] Initialized MultithreadedTaskDispatcher with 12 workers.
 -> (artifact id: '5e95a13ce2bfa4ebac1355557e065ff6') in 0.030587 seconds
Number of updated asset objects reloaded before import = 0
Number of asset objects unloaded after import = 3
========================================================================
Received Import Request.
  Time since last request: 0.000019 seconds.
  path: Assets/FantasyIconsPackFree/Icons/Gloves/GreyKnight.png
  artifactKey: Guid(9309c4b66286c02498fce9e465b4916b) Importer(2089858483,0ecaa5967403d082aa24f35e1b516d23)
Start importing Assets/FantasyIconsPackFree/Icons/Gloves/GreyKnight.png using Guid(9309c4b66286c02498fce9e465b4916b) Importer(2089858483,0ecaa5967403d082aa24f35e1b516d23) [PhysX] Initialized MultithreadedTaskDispatcher with 12 workers.
 -> (artifact id: 'db5ac9f603bb109c40f7f05850665e26') in 0.031114 seconds
Number of updated asset objects reloaded before import = 0
Number of asset objects unloaded after import = 3
========================================================================
Received Import Request.
  Time since last request: 0.000021 seconds.
  path: Assets/Pixel FX - Fire/Sprites/Fire_II_Flame_Explosion_16x16.png
  artifactKey: Guid(b506451f8076ff34e87dfdb7aaec65b8) Importer(2089858483,0ecaa5967403d082aa24f35e1b516d23)
Start importing Assets/Pixel FX - Fire/Sprites/Fire_II_Flame_Explosion_16x16.png using Guid(b506451f8076ff34e87dfdb7aaec65b8) Importer(2089858483,0ecaa5967403d082aa24f35e1b516d23) [PhysX] Initialized MultithreadedTaskDispatcher with 12 workers.
 -> (artifact id: 'b0e47eb8f95070c0bddb61c91cee7d15') in 0.034925 seconds
Number of updated asset objects reloaded before import = 0
Number of asset objects unloaded after import = 6
========================================================================
Received Import Request.
  Time since last request: 0.000016 seconds.
  path: Assets/Pixel FX - Fire/Controllers/Fire_Meteors_Large_A_Controller.controller
  artifactKey: Guid(4b2f93a5b8594e84a8aa4356f9e29bf5) Importer(2089858483,0ecaa5967403d082aa24f35e1b516d23)
Start importing Assets/Pixel FX - Fire/Controllers/Fire_Meteors_Large_A_Controller.controller using Guid(4b2f93a5b8594e84a8aa4356f9e29bf5) Importer(2089858483,0ecaa5967403d082aa24f35e1b516d23) [PhysX] Initialized MultithreadedTaskDispatcher with 12 workers.
 -> (artifact id: '737697a0ff8b00980540dabf50cec94e') in 0.011763 seconds
Number of updated asset objects reloaded before import = 0
Number of asset objects unloaded after import = 8
========================================================================
Received Import Request.
  Time since last request: 0.000022 seconds.
  path: Assets/GoldenSkullStudios/2D/2D_Iso_Tile_Pack_Starter/Sprites/Grass/Tiles/ISO_Tile_Dirt_01_GrassPatch_01.asset
  artifactKey: Guid(b409d22b4213bc14683b1e4a1170f1bd) Importer(2089858483,0ecaa5967403d082aa24f35e1b516d23)
Start importing Assets/GoldenSkullStudios/2D/2D_Iso_Tile_Pack_Starter/Sprites/Grass/Tiles/ISO_Tile_Dirt_01_GrassPatch_01.asset using Guid(b409d22b4213bc14683b1e4a1170f1bd) Importer(2089858483,0ecaa5967403d082aa24f35e1b516d23) [PhysX] Initialized MultithreadedTaskDispatcher with 12 workers.
 -> (artifact id: '76bc4120175250d881e7213f7def4188') in 0.036164 seconds
Number of updated asset objects reloaded before import = 0
Number of asset objects unloaded after import = 3
========================================================================
Received Import Request.
  Time since last request: 0.000018 seconds.
  path: Assets/GoldenSkullStudios/2D/2D_Iso_Tile_Pack_Starter/Autotiles/Fence/Sprites/ISO_Fence_01_S1L_NW.png
  artifactKey: Guid(a49f91126ddeeaa47a06a897edc47448) Importer(2089858483,0ecaa5967403d082aa24f35e1b516d23)
Start importing Assets/GoldenSkullStudios/2D/2D_Iso_Tile_Pack_Starter/Autotiles/Fence/Sprites/ISO_Fence_01_S1L_NW.png using Guid(a49f91126ddeeaa47a06a897edc47448) Importer(2089858483,0ecaa5967403d082aa24f35e1b516d23) [PhysX] Initialized MultithreadedTaskDispatcher with 12 workers.
 -> (artifact id: 'eaf4ee337132c7e55c4621ef647d3176') in 0.031763 seconds
Number of updated asset objects reloaded before import = 0
Number of asset objects unloaded after import = 3
========================================================================
Received Import Request.
  Time since last request: 0.000022 seconds.
  path: Assets/GoldenSkullStudios/2D/2D_Iso_Tile_Pack_Starter/Sprites/Wood/ISO_Tile_Tree_Birch_01.png
  artifactKey: Guid(f564c2b738fc8644f8556addb932f232) Importer(2089858483,0ecaa5967403d082aa24f35e1b516d23)
Start importing Assets/GoldenSkullStudios/2D/2D_Iso_Tile_Pack_Starter/Sprites/Wood/ISO_Tile_Tree_Birch_01.png using Guid(f564c2b738fc8644f8556addb932f232) Importer(2089858483,0ecaa5967403d082aa24f35e1b516d23) [PhysX] Initialized MultithreadedTaskDispatcher with 12 workers.
 -> (artifact id: 'efbdf86b5140ece84d2fa49aebf67800') in 0.034030 seconds
Number of updated asset objects reloaded before import = 0
Number of asset objects unloaded after import = 3
========================================================================
Received Import Request.
  Time since last request: 0.000024 seconds.
  path: Assets/GoldenSkullStudios/2D/2D_Iso_Tile_Pack_Starter/Autotiles/Stairs_Simple/Sprites/ISO_Prop_Stair_Stone_11.png
  artifactKey: Guid(57113a2de4a3b8d4ca496d483c804a22) Importer(2089858483,0ecaa5967403d082aa24f35e1b516d23)
Start importing Assets/GoldenSkullStudios/2D/2D_Iso_Tile_Pack_Starter/Autotiles/Stairs_Simple/Sprites/ISO_Prop_Stair_Stone_11.png using Guid(57113a2de4a3b8d4ca496d483c804a22) Importer(2089858483,0ecaa5967403d082aa24f35e1b516d23) [PhysX] Initialized MultithreadedTaskDispatcher with 12 workers.
 -> (artifact id: '6c71f2dadff31c35e88684ee3336579b') in 0.041916 seconds
Number of updated asset objects reloaded before import = 0
Number of asset objects unloaded after import = 3
========================================================================
Received Import Request.
  Time since last request: 0.000029 seconds.
  path: Assets/GoldenSkullStudios/2D/2D_Iso_Tile_Pack_Starter/Sprites/Overlay/ISO_Overlay_StonePieces_01_Half_H_01.png
  artifactKey: Guid(6ba61ff10f4e4704090da619160cff57) Importer(2089858483,0ecaa5967403d082aa24f35e1b516d23)
Start importing Assets/GoldenSkullStudios/2D/2D_Iso_Tile_Pack_Starter/Sprites/Overlay/ISO_Overlay_StonePieces_01_Half_H_01.png using Guid(6ba61ff10f4e4704090da619160cff57) Importer(2089858483,0ecaa5967403d082aa24f35e1b516d23) [PhysX] Initialized MultithreadedTaskDispatcher with 12 workers.
 -> (artifact id: '88fd47f77ea45d4dcd0781036c4997a9') in 0.043858 seconds
Number of updated asset objects reloaded before import = 0
Number of asset objects unloaded after import = 3
========================================================================
Received Import Request.
  Time since last request: 0.000021 seconds.
  path: Assets/GoldenSkullStudios/2D/2D_Iso_Tile_Pack_Starter/Extras/Scripts/Simple_Char_Move.cs
  artifactKey: Guid(913c22de3922e534a8eb6041dbc68b54) Importer(2089858483,0ecaa5967403d082aa24f35e1b516d23)
Start importing Assets/GoldenSkullStudios/2D/2D_Iso_Tile_Pack_Starter/Extras/Scripts/Simple_Char_Move.cs using Guid(913c22de3922e534a8eb6041dbc68b54) Importer(2089858483,0ecaa5967403d082aa24f35e1b516d23) [PhysX] Initialized MultithreadedTaskDispatcher with 12 workers.
 -> (artifact id: '65140d352e7795ac616a20cdc8768688') in 0.015870 seconds
Number of updated asset objects reloaded before import = 0
Number of asset objects unloaded after import = 1
========================================================================
Received Import Request.
  Time since last request: 0.000022 seconds.
  path: Assets/GoldenSkullStudios/2D/2D_Iso_Tile_Pack_Starter/Autotiles/Fence/Sprites/ISO_Fence_01_C2N.png
  artifactKey: Guid(11de8b92c6cbe174182eb1e8792250d5) Importer(2089858483,0ecaa5967403d082aa24f35e1b516d23)
Start importing Assets/GoldenSkullStudios/2D/2D_Iso_Tile_Pack_Starter/Autotiles/Fence/Sprites/ISO_Fence_01_C2N.png using Guid(11de8b92c6cbe174182eb1e8792250d5) Importer(2089858483,0ecaa5967403d082aa24f35e1b516d23) [PhysX] Initialized MultithreadedTaskDispatcher with 12 workers.
 -> (artifact id: 'c811b514c64aba948817e9e37c8f379a') in 0.035150 seconds
Number of updated asset objects reloaded before import = 0
Number of asset objects unloaded after import = 3
========================================================================
Received Import Request.
  Time since last request: 0.000018 seconds.
  path: Assets/2.Model/Prefabs/Firefrfab.prefab
  artifactKey: Guid(7ae1fde053cd207418e6fa5763d32b46) Importer(2089858483,0ecaa5967403d082aa24f35e1b516d23)
Start importing Assets/2.Model/Prefabs/Firefrfab.prefab using Guid(7ae1fde053cd207418e6fa5763d32b46) Importer(2089858483,0ecaa5967403d082aa24f35e1b516d23) [PhysX] Initialized MultithreadedTaskDispatcher with 12 workers.
 -> (artifact id: 'a13369726b43ac41d3dbf574f92921c1') in 0.021683 seconds
Number of updated asset objects reloaded before import = 0
Number of asset objects unloaded after import = 13
========================================================================
Received Import Request.
  Time since last request: 0.000017 seconds.
  path: Assets/GoldenSkullStudios/2D/2D_Iso_Tile_Pack_Starter/Sprites/Skin/Tiles/ISO_Deco_Tooth_01_.asset
  artifactKey: Guid(d92d88de8eba73c4d81f909e35ed42ea) Importer(2089858483,0ecaa5967403d082aa24f35e1b516d23)
Start importing Assets/GoldenSkullStudios/2D/2D_Iso_Tile_Pack_Starter/Sprites/Skin/Tiles/ISO_Deco_Tooth_01_.asset using Guid(d92d88de8eba73c4d81f909e35ed42ea) Importer(2089858483,0ecaa5967403d082aa24f35e1b516d23) [PhysX] Initialized MultithreadedTaskDispatcher with 12 workers.
 -> (artifact id: '24f1e809a72bf12a30060b6716504022') in 0.032262 seconds
Number of updated asset objects reloaded before import = 0
Number of asset objects unloaded after import = 3
========================================================================
Received Import Request.
  Time since last request: 0.000021 seconds.
  path: Assets/GoldenSkullStudios/2D/2D_Iso_Tile_Pack_Starter/Autotiles/Path/Sprites/ISO_Tile_Dirt_01_GrassPath_Curve_04.png
  artifactKey: Guid(618a53cdf166b5948991fb74cc6b130c) Importer(2089858483,0ecaa5967403d082aa24f35e1b516d23)
Start importing Assets/GoldenSkullStudios/2D/2D_Iso_Tile_Pack_Starter/Autotiles/Path/Sprites/ISO_Tile_Dirt_01_GrassPath_Curve_04.png using Guid(618a53cdf166b5948991fb74cc6b130c) Importer(2089858483,0ecaa5967403d082aa24f35e1b516d23) [PhysX] Initialized MultithreadedTaskDispatcher with 12 workers.
 -> (artifact id: '3990fd70f9e3a2b90b605b8f68990655') in 0.033915 seconds
Number of updated asset objects reloaded before import = 0
Number of asset objects unloaded after import = 3
========================================================================
Received Import Request.
  Time since last request: 0.000021 seconds.
  path: Assets/GoldenSkullStudios/2D/2D_Iso_Tile_Pack_Starter/Sprites/Lava/ISO_Tile_Tar_01.png
  artifactKey: Guid(15161deb77df09646b88368bbf01568e) Importer(2089858483,0ecaa5967403d082aa24f35e1b516d23)
Start importing Assets/GoldenSkullStudios/2D/2D_Iso_Tile_Pack_Starter/Sprites/Lava/ISO_Tile_Tar_01.png using Guid(15161deb77df09646b88368bbf01568e) Importer(2089858483,0ecaa5967403d082aa24f35e1b516d23) [PhysX] Initialized MultithreadedTaskDispatcher with 12 workers.
 -> (artifact id: '4b1db950ad8789ef8173b226a8eb7816') in 0.033161 seconds
Number of updated asset objects reloaded before import = 0
Number of asset objects unloaded after import = 3
========================================================================
Received Import Request.
  Time since last request: 0.000028 seconds.
  path: Assets/GoldenSkullStudios/2D/2D_Iso_Tile_Pack_Starter/Sprites/Overlay/ISO_Overlay_Grass_Half_V_02.png
  artifactKey: Guid(4089537d0a713ce40990e19b27bc22c0) Importer(2089858483,0ecaa5967403d082aa24f35e1b516d23)
Start importing Assets/GoldenSkullStudios/2D/2D_Iso_Tile_Pack_Starter/Sprites/Overlay/ISO_Overlay_Grass_Half_V_02.png using Guid(4089537d0a713ce40990e19b27bc22c0) Importer(2089858483,0ecaa5967403d082aa24f35e1b516d23) [PhysX] Initialized MultithreadedTaskDispatcher with 12 workers.
 -> (artifact id: 'aebdc655adc711bc02563df96c1fd77a') in 0.031170 seconds
Number of updated asset objects reloaded before import = 0
Number of asset objects unloaded after import = 3
========================================================================
Received Import Request.
  Time since last request: 0.000016 seconds.
  path: Assets/Pixel FX - Fire/Prefabs/Fire_II_Flame.prefab
  artifactKey: Guid(ab010414735b3ee46b8e12a1b5000164) Importer(2089858483,0ecaa5967403d082aa24f35e1b516d23)
Start importing Assets/Pixel FX - Fire/Prefabs/Fire_II_Flame.prefab using Guid(ab010414735b3ee46b8e12a1b5000164) Importer(2089858483,0ecaa5967403d082aa24f35e1b516d23) [PhysX] Initialized MultithreadedTaskDispatcher with 12 workers.
 -> (artifact id: 'd4b8b6136694ff9558cf15f2ad95ddb4') in 0.038278 seconds
Number of updated asset objects reloaded before import = 0
Number of asset objects unloaded after import = 16
========================================================================
Received Import Request.
  Time since last request: 0.000018 seconds.
  path: Assets/Pixel FX - Fire/Sprites
  artifactKey: Guid(d0985416e03d1794bbfa6ab3f01bd26d) Importer(2089858483,0ecaa5967403d082aa24f35e1b516d23)
Start importing Assets/Pixel FX - Fire/Sprites using Guid(d0985416e03d1794bbfa6ab3f01bd26d) Importer(2089858483,0ecaa5967403d082aa24f35e1b516d23) [PhysX] Initialized MultithreadedTaskDispatcher with 12 workers.
 -> (artifact id: '72d9c6434fce0957d37607174e4bb6bd') in 0.012064 seconds
Number of updated asset objects reloaded before import = 0
Number of asset objects unloaded after import = 1
========================================================================
Received Import Request.
  Time since last request: 0.000019 seconds.
  path: Assets/Pixel FX - Fire/Sprites/Fire_II_Flame_C_48x48.png
  artifactKey: Guid(856b5e38433e0af48999417736130159) Importer(2089858483,0ecaa5967403d082aa24f35e1b516d23)
Start importing Assets/Pixel FX - Fire/Sprites/Fire_II_Flame_C_48x48.png using Guid(856b5e38433e0af48999417736130159) Importer(2089858483,0ecaa5967403d082aa24f35e1b516d23) [PhysX] Initialized MultithreadedTaskDispatcher with 12 workers.
 -> (artifact id: '8db47c0c43259667c02a7a8cfa32248c') in 0.076852 seconds
Number of updated asset objects reloaded before import = 0
Number of asset objects unloaded after import = 27
========================================================================
Received Import Request.
  Time since last request: 0.000028 seconds.
  path: Assets/GoldenSkullStudios/2D/2D_Iso_Tile_Pack_Starter/Sprites/Grass/Tiles/ISO_Tile_Dirt_01_GrassPath_Curve_04.asset
  artifactKey: Guid(b0ebca04dbe04e44bb362fb841069c2a) Importer(2089858483,0ecaa5967403d082aa24f35e1b516d23)
Start importing Assets/GoldenSkullStudios/2D/2D_Iso_Tile_Pack_Starter/Sprites/Grass/Tiles/ISO_Tile_Dirt_01_GrassPath_Curve_04.asset using Guid(b0ebca04dbe04e44bb362fb841069c2a) Importer(2089858483,0ecaa5967403d082aa24f35e1b516d23) [PhysX] Initialized MultithreadedTaskDispatcher with 12 workers.
 -> (artifact id: 'fecc0c51351052e430b45c63baeb3157') in 0.021908 seconds
Number of updated asset objects reloaded before import = 0
Number of asset objects unloaded after import = 3
========================================================================
Received Import Request.
  Time since last request: 0.000016 seconds.
  path: Assets/GoldenSkullStudios/2D/2D_Iso_Tile_Pack_Starter/Sprites/Wood/Tiles/ISO_Tile_Tree_01.asset
  artifactKey: Guid(45265c2aca47b0d44b1c7ee94c4ec3b7) Importer(2089858483,0ecaa5967403d082aa24f35e1b516d23)
Start importing Assets/GoldenSkullStudios/2D/2D_Iso_Tile_Pack_Starter/Sprites/Wood/Tiles/ISO_Tile_Tree_01.asset using Guid(45265c2aca47b0d44b1c7ee94c4ec3b7) Importer(2089858483,0ecaa5967403d082aa24f35e1b516d23) [PhysX] Initialized MultithreadedTaskDispatcher with 12 workers.
 -> (artifact id: '0d1e3da0fe6279078daf9d931467f343') in 0.033139 seconds
Number of updated asset objects reloaded before import = 0
Number of asset objects unloaded after import = 3
========================================================================
Received Import Request.
  Time since last request: 0.000026 seconds.
  path: Assets/GoldenSkullStudios/2D/2D_Iso_Tile_Pack_Starter/Autotiles/Stairs_Simple/RuleTile/ISO_Autotile_Stairs_Simple.asset
  artifactKey: Guid(7529051e5a94b17429511def4f566c43) Importer(2089858483,0ecaa5967403d082aa24f35e1b516d23)
Start importing Assets/GoldenSkullStudios/2D/2D_Iso_Tile_Pack_Starter/Autotiles/Stairs_Simple/RuleTile/ISO_Autotile_Stairs_Simple.asset using Guid(7529051e5a94b17429511def4f566c43) Importer(2089858483,0ecaa5967403d082aa24f35e1b516d23) [PhysX] Initialized MultithreadedTaskDispatcher with 12 workers.
 -> (artifact id: '779eb4f2afed64353b7831776ed59ab3') in 0.221921 seconds
Number of updated asset objects reloaded before import = 0
Number of asset objects unloaded after import = 15
========================================================================
Received Import Request.
  Time since last request: 0.000029 seconds.
  path: Assets/GoldenSkullStudios/2D/2D_Iso_Tile_Pack_Starter/Autotiles/WaterBlock_Shores_Complex/Sprites/ISO_Tile_Water_Shore_1C_04.png
  artifactKey: Guid(20c1c2db2359b6448a08c7b8080414f9) Importer(2089858483,0ecaa5967403d082aa24f35e1b516d23)
Start importing Assets/GoldenSkullStudios/2D/2D_Iso_Tile_Pack_Starter/Autotiles/WaterBlock_Shores_Complex/Sprites/ISO_Tile_Water_Shore_1C_04.png using Guid(20c1c2db2359b6448a08c7b8080414f9) Importer(2089858483,0ecaa5967403d082aa24f35e1b516d23) [PhysX] Initialized MultithreadedTaskDispatcher with 12 workers.
 -> (artifact id: '751c3be1a407b79d81e59418f5a1ff7c') in 0.040163 seconds
Number of updated asset objects reloaded before import = 0
Number of asset objects unloaded after import = 3
========================================================================
Received Import Request.
  Time since last request: 0.000023 seconds.
  path: Assets/GoldenSkullStudios/2D/2D_Iso_Tile_Pack_Starter/Autotiles/Path/Sprites/ISO_Tile_Dirt_01_GrassPath_End_03.png
  artifactKey: Guid(5f31dcef41c3a1f4c926e4148766fc19) Importer(2089858483,0ecaa5967403d082aa24f35e1b516d23)
Start importing Assets/GoldenSkullStudios/2D/2D_Iso_Tile_Pack_Starter/Autotiles/Path/Sprites/ISO_Tile_Dirt_01_GrassPath_End_03.png using Guid(5f31dcef41c3a1f4c926e4148766fc19) Importer(2089858483,0ecaa5967403d082aa24f35e1b516d23) [PhysX] Initialized MultithreadedTaskDispatcher with 12 workers.
 -> (artifact id: '9aa040a1d53cf870a7877f5a0b3f8d55') in 0.024100 seconds
Number of updated asset objects reloaded before import = 0
Number of asset objects unloaded after import = 3
========================================================================
Received Import Request.
  Time since last request: 0.000019 seconds.
  path: Assets/GoldenSkullStudios/2D/2D_Iso_Tile_Pack_Starter/Autotiles/WaterBlock_Shores_Complex/Sprites/ISO_Tile_Water_Shore_2S_06.png
  artifactKey: Guid(7bffda9b7b5b09f40a321ffc81588858) Importer(2089858483,0ecaa5967403d082aa24f35e1b516d23)
Start importing Assets/GoldenSkullStudios/2D/2D_Iso_Tile_Pack_Starter/Autotiles/WaterBlock_Shores_Complex/Sprites/ISO_Tile_Water_Shore_2S_06.png using Guid(7bffda9b7b5b09f40a321ffc81588858) Importer(2089858483,0ecaa5967403d082aa24f35e1b516d23) [PhysX] Initialized MultithreadedTaskDispatcher with 12 workers.
 -> (artifact id: '5604b0176b3c559e9bc49f2e430a47eb') in 0.034077 seconds
Number of updated asset objects reloaded before import = 0
Number of asset objects unloaded after import = 3
========================================================================
Received Import Request.
  Time since last request: 0.000031 seconds.
  path: Assets/GoldenSkullStudios/2D/2D_Iso_Tile_Pack_Starter/Sprites/Brick
  artifactKey: Guid(b0a490d9819983d4f916ccdf046e98cd) Importer(2089858483,0ecaa5967403d082aa24f35e1b516d23)
Start importing Assets/GoldenSkullStudios/2D/2D_Iso_Tile_Pack_Starter/Sprites/Brick using Guid(b0a490d9819983d4f916ccdf046e98cd) Importer(2089858483,0ecaa5967403d082aa24f35e1b516d23) [PhysX] Initialized MultithreadedTaskDispatcher with 12 workers.
 -> (artifact id: '01488465ac3009adeebaa47a451f0989') in 0.011795 seconds
Number of updated asset objects reloaded before import = 0
Number of asset objects unloaded after import = 1
========================================================================
Received Import Request.
  Time since last request: 0.000017 seconds.
  path: Assets/GoldenSkullStudios/2D/2D_Iso_Tile_Pack_Starter/Autotiles/Stairs_Simple
  artifactKey: Guid(4df62af333ee1944b9315099620d6438) Importer(2089858483,0ecaa5967403d082aa24f35e1b516d23)
Start importing Assets/GoldenSkullStudios/2D/2D_Iso_Tile_Pack_Starter/Autotiles/Stairs_Simple using Guid(4df62af333ee1944b9315099620d6438) Importer(2089858483,0ecaa5967403d082aa24f35e1b516d23) [PhysX] Initialized MultithreadedTaskDispatcher with 12 workers.
 -> (artifact id: '9a9de258d8e77047fc2f51e22f213811') in 0.011605 seconds
Number of updated asset objects reloaded before import = 0
Number of asset objects unloaded after import = 1
========================================================================
Received Import Request.
  Time since last request: 0.000026 seconds.
  path: Assets/GoldenSkullStudios/2D/2D_Iso_Tile_Pack_Starter/Sprites/Stone/Tiles/ISO_Tile_Riverbed_04.asset
  artifactKey: Guid(4cf9179f41c75164fb1cff04572ec3c2) Importer(2089858483,0ecaa5967403d082aa24f35e1b516d23)
Start importing Assets/GoldenSkullStudios/2D/2D_Iso_Tile_Pack_Starter/Sprites/Stone/Tiles/ISO_Tile_Riverbed_04.asset using Guid(4cf9179f41c75164fb1cff04572ec3c2) Importer(2089858483,0ecaa5967403d082aa24f35e1b516d23) [PhysX] Initialized MultithreadedTaskDispatcher with 12 workers.
 -> (artifact id: 'f2abf6b517e4922296d154cb0a2de417') in 0.038492 seconds
Number of updated asset objects reloaded before import = 0
Number of asset objects unloaded after import = 3
========================================================================
Received Import Request.
  Time since last request: 0.000024 seconds.
  path: Assets/GoldenSkullStudios/2D/2D_Iso_Tile_Pack_Starter/Extras/Sprites/Sprite_ISO_Collider 1.psd
  artifactKey: Guid(c5de095f10ed51b48b3b19348443f138) Importer(2089858483,0ecaa5967403d082aa24f35e1b516d23)
Start importing Assets/GoldenSkullStudios/2D/2D_Iso_Tile_Pack_Starter/Extras/Sprites/Sprite_ISO_Collider 1.psd using Guid(c5de095f10ed51b48b3b19348443f138) Importer(2089858483,0ecaa5967403d082aa24f35e1b516d23) [PhysX] Initialized MultithreadedTaskDispatcher with 12 workers.
 -> (artifact id: 'e89b8e1971f908990a5cd4efcfe2052a') in 0.029236 seconds
Number of updated asset objects reloaded before import = 0
Number of asset objects unloaded after import = 3
========================================================================
Received Import Request.
  Time since last request: 0.000016 seconds.
  path: Assets/GoldenSkullStudios/2D/2D_Iso_Tile_Pack_Starter/Sprites/Low/ISO_LowTile_Sand_03.png
  artifactKey: Guid(bb816b6bfac6508489d7914e92369deb) Importer(2089858483,0ecaa5967403d082aa24f35e1b516d23)
Start importing Assets/GoldenSkullStudios/2D/2D_Iso_Tile_Pack_Starter/Sprites/Low/ISO_LowTile_Sand_03.png using Guid(bb816b6bfac6508489d7914e92369deb) Importer(2089858483,0ecaa5967403d082aa24f35e1b516d23) [PhysX] Initialized MultithreadedTaskDispatcher with 12 workers.
 -> (artifact id: '2de74ea0ca10b3f6e647a21081aa7ceb') in 0.030242 seconds
Number of updated asset objects reloaded before import = 0
Number of asset objects unloaded after import = 3
========================================================================
Received Import Request.
  Time since last request: 0.000020 seconds.
  path: Assets/GoldenSkullStudios/2D/2D_Iso_Tile_Pack_Starter/Sprites/Wood/Tiles/ISO_Tile_Tree_Birch_01.asset
  artifactKey: Guid(e71735929c1a4f545845cbc0bfe72b4c) Importer(2089858483,0ecaa5967403d082aa24f35e1b516d23)
Start importing Assets/GoldenSkullStudios/2D/2D_Iso_Tile_Pack_Starter/Sprites/Wood/Tiles/ISO_Tile_Tree_Birch_01.asset using Guid(e71735929c1a4f545845cbc0bfe72b4c) Importer(2089858483,0ecaa5967403d082aa24f35e1b516d23) [PhysX] Initialized MultithreadedTaskDispatcher with 12 workers.
 -> (artifact id: '78f80c6b11840795b49cc0fe5ef45feb') in 0.021019 seconds
Number of updated asset objects reloaded before import = 0
Number of asset objects unloaded after import = 3
========================================================================
Received Import Request.
  Time since last request: 0.000026 seconds.
  path: Assets/GoldenSkullStudios/2D/2D_Iso_Tile_Pack_Starter/Sprites/Overlay/ISO_Overlay_Path_End_01.png
  artifactKey: Guid(8d4e61c74ae78854697316f19e4257f6) Importer(2089858483,0ecaa5967403d082aa24f35e1b516d23)
Start importing Assets/GoldenSkullStudios/2D/2D_Iso_Tile_Pack_Starter/Sprites/Overlay/ISO_Overlay_Path_End_01.png using Guid(8d4e61c74ae78854697316f19e4257f6) Importer(2089858483,0ecaa5967403d082aa24f35e1b516d23) [PhysX] Initialized MultithreadedTaskDispatcher with 12 workers.
 -> (artifact id: 'ff2a0b55a9f890e3e5e424387fde23fe') in 0.035002 seconds
Number of updated asset objects reloaded before import = 0
Number of asset objects unloaded after import = 3
========================================================================
Received Import Request.
  Time since last request: 0.000014 seconds.
  path: Assets/GoldenSkullStudios/2D/2D_Iso_Tile_Pack_Starter/Extras/Sprites/Template_Character.png
  artifactKey: Guid(8843fdb6fb155e2499f17aa399ff4ee1) Importer(2089858483,0ecaa5967403d082aa24f35e1b516d23)
Start importing Assets/GoldenSkullStudios/2D/2D_Iso_Tile_Pack_Starter/Extras/Sprites/Template_Character.png using Guid(8843fdb6fb155e2499f17aa399ff4ee1) Importer(2089858483,0ecaa5967403d082aa24f35e1b516d23) [PhysX] Initialized MultithreadedTaskDispatcher with 12 workers.
 -> (artifact id: 'aa22d0f743fc74d60f6fe9b655092570') in 0.031513 seconds
Number of updated asset objects reloaded before import = 0
Number of asset objects unloaded after import = 3
========================================================================
Received Import Request.
  Time since last request: 0.000023 seconds.
  path: Assets/GoldenSkullStudios/2D/2D_Iso_Tile_Pack_Starter/Sprites/Overlay/Tiles/ISO_Overlay_Grass_Patch_01.asset
  artifactKey: Guid(7cfd96607bdd48842bec1c1b31e73842) Importer(2089858483,0ecaa5967403d082aa24f35e1b516d23)
Start importing Assets/GoldenSkullStudios/2D/2D_Iso_Tile_Pack_Starter/Sprites/Overlay/Tiles/ISO_Overlay_Grass_Patch_01.asset using Guid(7cfd96607bdd48842bec1c1b31e73842) Importer(2089858483,0ecaa5967403d082aa24f35e1b516d23) [PhysX] Initialized MultithreadedTaskDispatcher with 12 workers.
 -> (artifact id: 'f43ee93e0bdf5e8d1c37d5839196a313') in 0.032468 seconds
Number of updated asset objects reloaded before import = 0
Number of asset objects unloaded after import = 3
========================================================================
Received Import Request.
  Time since last request: 0.000021 seconds.
  path: Assets/GoldenSkullStudios/2D/2D_Iso_Tile_Pack_Starter/Sprites/Skin/ISO_Tile_Flesh_01_Var01.png
  artifactKey: Guid(f482e96cafc9ed849aa5b14b59d95b4d) Importer(2089858483,0ecaa5967403d082aa24f35e1b516d23)
Start importing Assets/GoldenSkullStudios/2D/2D_Iso_Tile_Pack_Starter/Sprites/Skin/ISO_Tile_Flesh_01_Var01.png using Guid(f482e96cafc9ed849aa5b14b59d95b4d) Importer(2089858483,0ecaa5967403d082aa24f35e1b516d23) [PhysX] Initialized MultithreadedTaskDispatcher with 12 workers.
 -> (artifact id: 'cdd6408dbf5eddbd3f92ec47c0e1a7cb') in 0.024534 seconds
Number of updated asset objects reloaded before import = 0
Number of asset objects unloaded after import = 3
========================================================================
Received Import Request.
  Time since last request: 0.000017 seconds.
  path: Assets/GoldenSkullStudios/2D/2D_Iso_Tile_Pack_Starter/Autotiles/Roof_Hay_Simple/Sprites/Tiles/ISO_Roof_Hay_01_T_E1_SE.asset
  artifactKey: Guid(7b37cec4892653649842b7168c0c2296) Importer(2089858483,0ecaa5967403d082aa24f35e1b516d23)
Start importing Assets/GoldenSkullStudios/2D/2D_Iso_Tile_Pack_Starter/Autotiles/Roof_Hay_Simple/Sprites/Tiles/ISO_Roof_Hay_01_T_E1_SE.asset using Guid(7b37cec4892653649842b7168c0c2296) Importer(2089858483,0ecaa5967403d082aa24f35e1b516d23) [PhysX] Initialized MultithreadedTaskDispatcher with 12 workers.
 -> (artifact id: 'd373d45962a0b57c095fd15b3c62b5b8') in 0.028818 seconds
Number of updated asset objects reloaded before import = 0
Number of asset objects unloaded after import = 3
========================================================================
Received Import Request.
  Time since last request: 0.000022 seconds.
  path: Assets/GoldenSkullStudios/2D/2D_Iso_Tile_Pack_Starter/Sprites/Overlay/ISO_Overlay_Shore_Corner_U.png
  artifactKey: Guid(f43c57fe04fc4b041bd2035a199b4f96) Importer(2089858483,0ecaa5967403d082aa24f35e1b516d23)
Start importing Assets/GoldenSkullStudios/2D/2D_Iso_Tile_Pack_Starter/Sprites/Overlay/ISO_Overlay_Shore_Corner_U.png using Guid(f43c57fe04fc4b041bd2035a199b4f96) Importer(2089858483,0ecaa5967403d082aa24f35e1b516d23) [PhysX] Initialized MultithreadedTaskDispatcher with 12 workers.
 -> (artifact id: '4ab3a95351aadb01bd1168147c0b0de8') in 0.029958 seconds
Number of updated asset objects reloaded before import = 0
Number of asset objects unloaded after import = 3
========================================================================
Received Import Request.
  Time since last request: 0.000019 seconds.
  path: Assets/GoldenSkullStudios/2D/2D_Iso_Tile_Pack_Starter/Sprites/Overlay/Tiles/ISO_Overlay_Shore_Corner_RU.asset
  artifactKey: Guid(5b6bece2d3ae26247b633663fb8f1a21) Importer(2089858483,0ecaa5967403d082aa24f35e1b516d23)
Start importing Assets/GoldenSkullStudios/2D/2D_Iso_Tile_Pack_Starter/Sprites/Overlay/Tiles/ISO_Overlay_Shore_Corner_RU.asset using Guid(5b6bece2d3ae26247b633663fb8f1a21) Importer(2089858483,0ecaa5967403d082aa24f35e1b516d23) [PhysX] Initialized MultithreadedTaskDispatcher with 12 workers.
 -> (artifact id: '9cf9d167cd826b380253c6ef277dee14') in 0.052581 seconds
Number of updated asset objects reloaded before import = 0
Number of asset objects unloaded after import = 3
========================================================================
Received Import Request.
  Time since last request: 0.000324 seconds.
  path: Assets/GoldenSkullStudios/2D/2D_Iso_Tile_Pack_Starter/Sprites/Overlay/ISO_Overlay_Grass_Half_H_01.png
  artifactKey: Guid(dfe2a770858303943b5f831706023cad) Importer(2089858483,0ecaa5967403d082aa24f35e1b516d23)
Start importing Assets/GoldenSkullStudios/2D/2D_Iso_Tile_Pack_Starter/Sprites/Overlay/ISO_Overlay_Grass_Half_H_01.png using Guid(dfe2a770858303943b5f831706023cad) Importer(2089858483,0ecaa5967403d082aa24f35e1b516d23) [PhysX] Initialized MultithreadedTaskDispatcher with 12 workers.
 -> (artifact id: '53be9e02d81da5dba62ccae6ef9db20a') in 0.028022 seconds
Number of updated asset objects reloaded before import = 0
Number of asset objects unloaded after import = 3
========================================================================
Received Import Request.
  Time since last request: 0.000017 seconds.
  path: Assets/GoldenSkullStudios/2D/2D_Iso_Tile_Pack_Starter/Autotiles/Roof_Hay_Simple/Sprites
  artifactKey: Guid(3fc5d5fc1f1632c4696e41cf842778bf) Importer(2089858483,0ecaa5967403d082aa24f35e1b516d23)
Start importing Assets/GoldenSkullStudios/2D/2D_Iso_Tile_Pack_Starter/Autotiles/Roof_Hay_Simple/Sprites using Guid(3fc5d5fc1f1632c4696e41cf842778bf) Importer(2089858483,0ecaa5967403d082aa24f35e1b516d23) [PhysX] Initialized MultithreadedTaskDispatcher with 12 workers.
 -> (artifact id: 'b2d663c00ab10afa3f0b6a5b3666e106') in 0.013522 seconds
Number of updated asset objects reloaded before import = 0
Number of asset objects unloaded after import = 1
========================================================================
Received Import Request.
  Time since last request: 0.000018 seconds.
  path: Assets/GoldenSkullStudios/2D/2D_Iso_Tile_Pack_Starter/Autotiles/Roof_Hay_Simple/Sprites/Tiles/ISO_Roof_Hay_01_T_M.asset
  artifactKey: Guid(8c9b563dca566a049bafcd60dbc27b86) Importer(2089858483,0ecaa5967403d082aa24f35e1b516d23)
Start importing Assets/GoldenSkullStudios/2D/2D_Iso_Tile_Pack_Starter/Autotiles/Roof_Hay_Simple/Sprites/Tiles/ISO_Roof_Hay_01_T_M.asset using Guid(8c9b563dca566a049bafcd60dbc27b86) Importer(2089858483,0ecaa5967403d082aa24f35e1b516d23) [PhysX] Initialized MultithreadedTaskDispatcher with 12 workers.
 -> (artifact id: 'f2d4543944c00cd9e056b656080bcde9') in 0.032644 seconds
Number of updated asset objects reloaded before import = 0
Number of asset objects unloaded after import = 3
========================================================================
Received Import Request.
  Time since last request: 0.000018 seconds.
  path: Assets/GoldenSkullStudios/2D/2D_Iso_Tile_Pack_Starter/Sprites/Low/Tiles/ISO_LowTile_Sand_01.asset
  artifactKey: Guid(48f6b4b228bb1b24094750011a4bc7af) Importer(2089858483,0ecaa5967403d082aa24f35e1b516d23)
Start importing Assets/GoldenSkullStudios/2D/2D_Iso_Tile_Pack_Starter/Sprites/Low/Tiles/ISO_LowTile_Sand_01.asset using Guid(48f6b4b228bb1b24094750011a4bc7af) Importer(2089858483,0ecaa5967403d082aa24f35e1b516d23) [PhysX] Initialized MultithreadedTaskDispatcher with 12 workers.
 -> (artifact id: '9fdb7746c299058da037b8e51e1fccb3') in 0.030950 seconds
Number of updated asset objects reloaded before import = 0
Number of asset objects unloaded after import = 3
========================================================================
Received Import Request.
  Time since last request: 0.000021 seconds.
  path: Assets/GoldenSkullStudios/2D/2D_Iso_Tile_Pack_Starter/Autotiles/WaterBlock_Shores_Simple/Sprites/ISO_Tile_Water_Shore_2S_02.png
  artifactKey: Guid(e37a01976df8ed344b14148af1dec545) Importer(2089858483,0ecaa5967403d082aa24f35e1b516d23)
Start importing Assets/GoldenSkullStudios/2D/2D_Iso_Tile_Pack_Starter/Autotiles/WaterBlock_Shores_Simple/Sprites/ISO_Tile_Water_Shore_2S_02.png using Guid(e37a01976df8ed344b14148af1dec545) Importer(2089858483,0ecaa5967403d082aa24f35e1b516d23) [PhysX] Initialized MultithreadedTaskDispatcher with 12 workers.
 -> (artifact id: '372bab7f67e81386b991ac64a51f2e4e') in 0.027747 seconds
Number of updated asset objects reloaded before import = 0
Number of asset objects unloaded after import = 3
========================================================================
Received Import Request.
  Time since last request: 0.000019 seconds.
  path: Assets/GoldenSkullStudios/2D/2D_Iso_Tile_Pack_Starter/Sprites/Dirt/Tiles/ISO_Deco_Stairs_01_Dirt-01.asset
  artifactKey: Guid(e223c71442798ed47aaa31d0cf4f6316) Importer(2089858483,0ecaa5967403d082aa24f35e1b516d23)
Start importing Assets/GoldenSkullStudios/2D/2D_Iso_Tile_Pack_Starter/Sprites/Dirt/Tiles/ISO_Deco_Stairs_01_Dirt-01.asset using Guid(e223c71442798ed47aaa31d0cf4f6316) Importer(2089858483,0ecaa5967403d082aa24f35e1b516d23) [PhysX] Initialized MultithreadedTaskDispatcher with 12 workers.
 -> (artifact id: '257d24eab3dd1ac4806a199fde27ee46') in 0.031567 seconds
Number of updated asset objects reloaded before import = 0
Number of asset objects unloaded after import = 3
========================================================================
Received Import Request.
  Time since last request: 0.000024 seconds.
  path: Assets/GoldenSkullStudios/2D/2D_Iso_Tile_Pack_Starter/Sprites/Dirt/Tiles/ISO_Tile_Dirt_01.asset
  artifactKey: Guid(f36c23d29f9cde6428309080e44f6522) Importer(2089858483,0ecaa5967403d082aa24f35e1b516d23)
Start importing Assets/GoldenSkullStudios/2D/2D_Iso_Tile_Pack_Starter/Sprites/Dirt/Tiles/ISO_Tile_Dirt_01.asset using Guid(f36c23d29f9cde6428309080e44f6522) Importer(2089858483,0ecaa5967403d082aa24f35e1b516d23) [PhysX] Initialized MultithreadedTaskDispatcher with 12 workers.
 -> (artifact id: 'eaf552554bdb11bb4b4be8be6fa667bb') in 0.020951 seconds
Number of updated asset objects reloaded before import = 0
Number of asset objects unloaded after import = 3
========================================================================
Received Import Request.
  Time since last request: 0.000023 seconds.
  path: Assets/GoldenSkullStudios/2D/2D_Iso_Tile_Pack_Starter/Autotiles/Path/Sprites/ISO_Tile_Dirt_01_GrassPath_Curve_01.png
  artifactKey: Guid(f19fa1a145c3d644ead1a5e87518ac35) Importer(2089858483,0ecaa5967403d082aa24f35e1b516d23)
Start importing Assets/GoldenSkullStudios/2D/2D_Iso_Tile_Pack_Starter/Autotiles/Path/Sprites/ISO_Tile_Dirt_01_GrassPath_Curve_01.png using Guid(f19fa1a145c3d644ead1a5e87518ac35) Importer(2089858483,0ecaa5967403d082aa24f35e1b516d23) [PhysX] Initialized MultithreadedTaskDispatcher with 12 workers.
 -> (artifact id: '6d661eefd1e54805a4bac950c7afa985') in 0.034720 seconds
Number of updated asset objects reloaded before import = 0
Number of asset objects unloaded after import = 3
========================================================================
Received Import Request.
  Time since last request: 0.000021 seconds.
  path: Assets/GoldenSkullStudios/2D/2D_Iso_Tile_Pack_Starter/Sprites/Water/Animation_01/Sprites/ISO_Tile_Water_01_Anim_01_F6.png
  artifactKey: Guid(d068e3547e5f19c46a68d5b981a8d7ab) Importer(2089858483,0ecaa5967403d082aa24f35e1b516d23)
Start importing Assets/GoldenSkullStudios/2D/2D_Iso_Tile_Pack_Starter/Sprites/Water/Animation_01/Sprites/ISO_Tile_Water_01_Anim_01_F6.png using Guid(d068e3547e5f19c46a68d5b981a8d7ab) Importer(2089858483,0ecaa5967403d082aa24f35e1b516d23) [PhysX] Initialized MultithreadedTaskDispatcher with 12 workers.
 -> (artifact id: 'd365983ef29d112461554ac8f1803485') in 0.032651 seconds
Number of updated asset objects reloaded before import = 0
Number of asset objects unloaded after import = 3
========================================================================
Received Import Request.
  Time since last request: 0.000025 seconds.
  path: Assets/GoldenSkullStudios/2D/2D_Iso_Tile_Pack_Starter/Sprites/Lava/Tiles/ISO_Tile_LavaCracks_01.asset
  artifactKey: Guid(0c2bb8754b672cb4c8418f6825df00cb) Importer(2089858483,0ecaa5967403d082aa24f35e1b516d23)
Start importing Assets/GoldenSkullStudios/2D/2D_Iso_Tile_Pack_Starter/Sprites/Lava/Tiles/ISO_Tile_LavaCracks_01.asset using Guid(0c2bb8754b672cb4c8418f6825df00cb) Importer(2089858483,0ecaa5967403d082aa24f35e1b516d23) [PhysX] Initialized MultithreadedTaskDispatcher with 12 workers.
 -> (artifact id: '209bee5c44c0c07170686f0859a5730f') in 0.031994 seconds
Number of updated asset objects reloaded before import = 0
Number of asset objects unloaded after import = 3
========================================================================
Received Import Request.
  Time since last request: 0.000016 seconds.
  path: Assets/GoldenSkullStudios/2D/2D_Iso_Tile_Pack_Starter/Sprites/Overlay/Tiles/ISO_Overlay_Cracks_02.asset
  artifactKey: Guid(74dbc4156dc71f9449bf919555eedad8) Importer(2089858483,0ecaa5967403d082aa24f35e1b516d23)
Start importing Assets/GoldenSkullStudios/2D/2D_Iso_Tile_Pack_Starter/Sprites/Overlay/Tiles/ISO_Overlay_Cracks_02.asset using Guid(74dbc4156dc71f9449bf919555eedad8) Importer(2089858483,0ecaa5967403d082aa24f35e1b516d23) [PhysX] Initialized MultithreadedTaskDispatcher with 12 workers.
 -> (artifact id: '3b2bc45690d2a516664fae7f5a2dc8b3') in 0.032331 seconds
Number of updated asset objects reloaded before import = 0
Number of asset objects unloaded after import = 3
========================================================================
Received Import Request.
  Time since last request: 0.000019 seconds.
  path: Assets/GoldenSkullStudios/2D/2D_Iso_Tile_Pack_Starter/Sprites/Overlay/Tiles/ISO_Overlay_Grass_Patch_03_H_01.asset
  artifactKey: Guid(91612ccf000ff364fa7a686b93372679) Importer(2089858483,0ecaa5967403d082aa24f35e1b516d23)
Start importing Assets/GoldenSkullStudios/2D/2D_Iso_Tile_Pack_Starter/Sprites/Overlay/Tiles/ISO_Overlay_Grass_Patch_03_H_01.asset using Guid(91612ccf000ff364fa7a686b93372679) Importer(2089858483,0ecaa5967403d082aa24f35e1b516d23) [PhysX] Initialized MultithreadedTaskDispatcher with 12 workers.
 -> (artifact id: 'a35213f52a1497303c7e336f3442ca06') in 0.034370 seconds
Number of updated asset objects reloaded before import = 0
Number of asset objects unloaded after import = 3
========================================================================
Received Import Request.
  Time since last request: 0.000017 seconds.
  path: Assets/GoldenSkullStudios/2D/2D_Iso_Tile_Pack_Starter/Sprites/Wood
  artifactKey: Guid(df2f34e27683d814597d76dbb0a6b89c) Importer(2089858483,0ecaa5967403d082aa24f35e1b516d23)
Start importing Assets/GoldenSkullStudios/2D/2D_Iso_Tile_Pack_Starter/Sprites/Wood using Guid(df2f34e27683d814597d76dbb0a6b89c) Importer(2089858483,0ecaa5967403d082aa24f35e1b516d23) [PhysX] Initialized MultithreadedTaskDispatcher with 12 workers.
 -> (artifact id: '8494fa4d2db8221f0fbeece5857f85d0') in 0.014069 seconds
Number of updated asset objects reloaded before import = 0
Number of asset objects unloaded after import = 1
========================================================================
Received Import Request.
  Time since last request: 0.000020 seconds.
  path: Assets/GoldenSkullStudios/2D/2D_Iso_Tile_Pack_Starter/Sprites/Snow/Tiles/ISO_Tile_Ice_01-06.asset
  artifactKey: Guid(9a925ec8073930244b0d550f7fc635e6) Importer(2089858483,0ecaa5967403d082aa24f35e1b516d23)
Start importing Assets/GoldenSkullStudios/2D/2D_Iso_Tile_Pack_Starter/Sprites/Snow/Tiles/ISO_Tile_Ice_01-06.asset using Guid(9a925ec8073930244b0d550f7fc635e6) Importer(2089858483,0ecaa5967403d082aa24f35e1b516d23) [PhysX] Initialized MultithreadedTaskDispatcher with 12 workers.
 -> (artifact id: '0c242de5523cf261dd5cfb4a9b79f087') in 0.024295 seconds
Number of updated asset objects reloaded before import = 0
Number of asset objects unloaded after import = 3
========================================================================
Received Import Request.
  Time since last request: 0.000024 seconds.
  path: Assets/GoldenSkullStudios/2D/2D_Iso_Tile_Pack_Starter/Sprites/Low/Tiles/ISO_LowTile_Riverbed_04.asset
  artifactKey: Guid(dac25578c072b3f4898995c857095a53) Importer(2089858483,0ecaa5967403d082aa24f35e1b516d23)
Start importing Assets/GoldenSkullStudios/2D/2D_Iso_Tile_Pack_Starter/Sprites/Low/Tiles/ISO_LowTile_Riverbed_04.asset using Guid(dac25578c072b3f4898995c857095a53) Importer(2089858483,0ecaa5967403d082aa24f35e1b516d23) [PhysX] Initialized MultithreadedTaskDispatcher with 12 workers.
 -> (artifact id: 'eba0b7e24f949ea8e9c8ac2032486afc') in 0.036772 seconds
Number of updated asset objects reloaded before import = 0
Number of asset objects unloaded after import = 3
========================================================================
Received Import Request.
  Time since last request: 0.000019 seconds.
  path: Assets/GoldenSkullStudios/2D/2D_Iso_Tile_Pack_Starter/Sprites/Overlay/ISO_Overlay_Path_End_04.png
  artifactKey: Guid(97d7363c3727cbe4fa7b3e4ea4a759e6) Importer(2089858483,0ecaa5967403d082aa24f35e1b516d23)
Start importing Assets/GoldenSkullStudios/2D/2D_Iso_Tile_Pack_Starter/Sprites/Overlay/ISO_Overlay_Path_End_04.png using Guid(97d7363c3727cbe4fa7b3e4ea4a759e6) Importer(2089858483,0ecaa5967403d082aa24f35e1b516d23) [PhysX] Initialized MultithreadedTaskDispatcher with 12 workers.
 -> (artifact id: 'e4b59b325c2b310f8fbc4c75e1d9aefe') in 0.033481 seconds
Number of updated asset objects reloaded before import = 0
Number of asset objects unloaded after import = 3
========================================================================
Received Import Request.
  Time since last request: 0.000021 seconds.
  path: Assets/GoldenSkullStudios/2D/2D_Iso_Tile_Pack_Starter/Sprites/Skin/ISO_Deco_Tooth_01_.png
  artifactKey: Guid(bed3d98fb71473c4b99ca50e6f7552a9) Importer(2089858483,0ecaa5967403d082aa24f35e1b516d23)
Start importing Assets/GoldenSkullStudios/2D/2D_Iso_Tile_Pack_Starter/Sprites/Skin/ISO_Deco_Tooth_01_.png using Guid(bed3d98fb71473c4b99ca50e6f7552a9) Importer(2089858483,0ecaa5967403d082aa24f35e1b516d23) [PhysX] Initialized MultithreadedTaskDispatcher with 12 workers.
 -> (artifact id: '83fd4faedf3dcbfabc618a1c87c68d56') in 0.024008 seconds
Number of updated asset objects reloaded before import = 0
Number of asset objects unloaded after import = 3
========================================================================
Received Import Request.
  Time since last request: 0.000027 seconds.
  path: Assets/GoldenSkullStudios/2D/2D_Iso_Tile_Pack_Starter/Sprites/Brick/ISO_Tile_Brick_Brick_02.png
  artifactKey: Guid(30cc86803a5ed6c42a8f299a8fa84ed8) Importer(2089858483,0ecaa5967403d082aa24f35e1b516d23)
Start importing Assets/GoldenSkullStudios/2D/2D_Iso_Tile_Pack_Starter/Sprites/Brick/ISO_Tile_Brick_Brick_02.png using Guid(30cc86803a5ed6c42a8f299a8fa84ed8) Importer(2089858483,0ecaa5967403d082aa24f35e1b516d23) [PhysX] Initialized MultithreadedTaskDispatcher with 12 workers.
 -> (artifact id: 'ca7c3e8039985d8953662b0fd23d0075') in 0.033823 seconds
Number of updated asset objects reloaded before import = 0
Number of asset objects unloaded after import = 3
========================================================================
Received Import Request.
  Time since last request: 0.000017 seconds.
  path: Assets/GoldenSkullStudios/2D/2D_Iso_Tile_Pack_Starter/Sprites/Low/ISO_LowTile_Riverbed_03.png
  artifactKey: Guid(1f153e23efcc85c4dba48df6301da55a) Importer(2089858483,0ecaa5967403d082aa24f35e1b516d23)
Start importing Assets/GoldenSkullStudios/2D/2D_Iso_Tile_Pack_Starter/Sprites/Low/ISO_LowTile_Riverbed_03.png using Guid(1f153e23efcc85c4dba48df6301da55a) Importer(2089858483,0ecaa5967403d082aa24f35e1b516d23) [PhysX] Initialized MultithreadedTaskDispatcher with 12 workers.
 -> (artifact id: '5967ebcb22bf7141c90c936a41f71da6') in 0.025539 seconds
Number of updated asset objects reloaded before import = 0
Number of asset objects unloaded after import = 3
========================================================================
Received Import Request.
  Time since last request: 0.000019 seconds.
  path: Assets/GoldenSkullStudios/2D/2D_Iso_Tile_Pack_Starter/Sprites/Dirt/ISO_Deco_Stairs_01_Dirt-01.png
  artifactKey: Guid(d5e7be5568bed664491c15bb7175f41b) Importer(2089858483,0ecaa5967403d082aa24f35e1b516d23)
Start importing Assets/GoldenSkullStudios/2D/2D_Iso_Tile_Pack_Starter/Sprites/Dirt/ISO_Deco_Stairs_01_Dirt-01.png using Guid(d5e7be5568bed664491c15bb7175f41b) Importer(2089858483,0ecaa5967403d082aa24f35e1b516d23) [PhysX] Initialized MultithreadedTaskDispatcher with 12 workers.
 -> (artifact id: 'd3aa7389fc6c1ab154db4724076f3511') in 0.024226 seconds
Number of updated asset objects reloaded before import = 0
Number of asset objects unloaded after import = 3
========================================================================
Received Import Request.
  Time since last request: 0.000019 seconds.
  path: Assets/GoldenSkullStudios/2D/2D_Iso_Tile_Pack_Starter/Sprites/Overlay/Tiles/ISO_Overlay_Grass_Patch_03_V_01.asset
  artifactKey: Guid(f2191bd9c868b1c49b0a6f3135363b52) Importer(2089858483,0ecaa5967403d082aa24f35e1b516d23)
Start importing Assets/GoldenSkullStudios/2D/2D_Iso_Tile_Pack_Starter/Sprites/Overlay/Tiles/ISO_Overlay_Grass_Patch_03_V_01.asset using Guid(f2191bd9c868b1c49b0a6f3135363b52) Importer(2089858483,0ecaa5967403d082aa24f35e1b516d23) [PhysX] Initialized MultithreadedTaskDispatcher with 12 workers.
 -> (artifact id: '9c76be636b22c93487277be75d755c35') in 0.032218 seconds
Number of updated asset objects reloaded before import = 0
Number of asset objects unloaded after import = 3
========================================================================
Received Import Request.
  Time since last request: 0.000021 seconds.
  path: Assets/GoldenSkullStudios/2D/2D_Iso_Tile_Pack_Starter/Sprites/Snow/ISO_Tile_Snow_01_ToStone_02.png
  artifactKey: Guid(6772d1026061fd244a988489ce84f01f) Importer(2089858483,0ecaa5967403d082aa24f35e1b516d23)
Start importing Assets/GoldenSkullStudios/2D/2D_Iso_Tile_Pack_Starter/Sprites/Snow/ISO_Tile_Snow_01_ToStone_02.png using Guid(6772d1026061fd244a988489ce84f01f) Importer(2089858483,0ecaa5967403d082aa24f35e1b516d23) [PhysX] Initialized MultithreadedTaskDispatcher with 12 workers.
 -> (artifact id: '80fd277aa3404d64a342dcdcd25aeb62') in 0.034626 seconds
Number of updated asset objects reloaded before import = 0
Number of asset objects unloaded after import = 3
========================================================================
Received Import Request.
  Time since last request: 0.000019 seconds.
  path: Assets/GoldenSkullStudios/2D/2D_Iso_Tile_Pack_Starter/Autotiles/Fence/Sprites/ISO_Fence_01_C3-SW.png
  artifactKey: Guid(be4f21c595dd4de4e843517f95ad90c5) Importer(2089858483,0ecaa5967403d082aa24f35e1b516d23)
Start importing Assets/GoldenSkullStudios/2D/2D_Iso_Tile_Pack_Starter/Autotiles/Fence/Sprites/ISO_Fence_01_C3-SW.png using Guid(be4f21c595dd4de4e843517f95ad90c5) Importer(2089858483,0ecaa5967403d082aa24f35e1b516d23) [PhysX] Initialized MultithreadedTaskDispatcher with 12 workers.
 -> (artifact id: 'c9ca37511e8c98a4fc37636f52481de3') in 0.034423 seconds
Number of updated asset objects reloaded before import = 0
Number of asset objects unloaded after import = 3
========================================================================
Received Import Request.
  Time since last request: 0.000018 seconds.
  path: Assets/GoldenSkullStudios/2D/2D_Iso_Tile_Pack_Starter/Autotiles/WaterBlock_Shores_Simple/Sprites/ISO_Tile_Water_Shore_1C_04.png
  artifactKey: Guid(49cbee280ae08934e91f903903a803cc) Importer(2089858483,0ecaa5967403d082aa24f35e1b516d23)
Start importing Assets/GoldenSkullStudios/2D/2D_Iso_Tile_Pack_Starter/Autotiles/WaterBlock_Shores_Simple/Sprites/ISO_Tile_Water_Shore_1C_04.png using Guid(49cbee280ae08934e91f903903a803cc) Importer(2089858483,0ecaa5967403d082aa24f35e1b516d23) [PhysX] Initialized MultithreadedTaskDispatcher with 12 workers.
 -> (artifact id: '6259bed21f9efde615dbc3e0aa271b5f') in 0.025511 seconds
Number of updated asset objects reloaded before import = 0
Number of asset objects unloaded after import = 3
========================================================================
Received Import Request.
  Time since last request: 0.000023 seconds.
  path: Assets/GoldenSkullStudios/2D/2D_Iso_Tile_Pack_Starter/Autotiles/Roof_Hay_Simple/Sprites/Tiles/ISO_Roof_Hay_01_C3_SW.asset
  artifactKey: Guid(ed1307a2441a35746a15e952797bd311) Importer(2089858483,0ecaa5967403d082aa24f35e1b516d23)
Start importing Assets/GoldenSkullStudios/2D/2D_Iso_Tile_Pack_Starter/Autotiles/Roof_Hay_Simple/Sprites/Tiles/ISO_Roof_Hay_01_C3_SW.asset using Guid(ed1307a2441a35746a15e952797bd311) Importer(2089858483,0ecaa5967403d082aa24f35e1b516d23) [PhysX] Initialized MultithreadedTaskDispatcher with 12 workers.
 -> (artifact id: '10384c21ccc803502aa8ccf31fe39de4') in 0.022581 seconds
Number of updated asset objects reloaded before import = 0
Number of asset objects unloaded after import = 3
========================================================================
Received Import Request.
  Time since last request: 0.000036 seconds.
  path: Assets/GoldenSkullStudios/2D/2D_Iso_Tile_Pack_Starter/Autotiles/WaterBlock_Shores_Simple/Sprites/ISO_Tile_Water_Shore_2S_04.png
  artifactKey: Guid(d0bc5237a1130714a8c90e829db8b78a) Importer(2089858483,0ecaa5967403d082aa24f35e1b516d23)
Start importing Assets/GoldenSkullStudios/2D/2D_Iso_Tile_Pack_Starter/Autotiles/WaterBlock_Shores_Simple/Sprites/ISO_Tile_Water_Shore_2S_04.png using Guid(d0bc5237a1130714a8c90e829db8b78a) Importer(2089858483,0ecaa5967403d082aa24f35e1b516d23) [PhysX] Initialized MultithreadedTaskDispatcher with 12 workers.
 -> (artifact id: '72553ce664e27e3133b71a9060f5f1b1') in 0.088429 seconds
Number of updated asset objects reloaded before import = 0
Number of asset objects unloaded after import = 3
========================================================================
Received Import Request.
  Time since last request: 0.000019 seconds.
  path: Assets/GoldenSkullStudios/2D/2D_Iso_Tile_Pack_Starter/Sprites/Low/ISO_LowTile_Stone_01.png
  artifactKey: Guid(937a0e285256b9348b5561d142b3fe43) Importer(2089858483,0ecaa5967403d082aa24f35e1b516d23)
Start importing Assets/GoldenSkullStudios/2D/2D_Iso_Tile_Pack_Starter/Sprites/Low/ISO_LowTile_Stone_01.png using Guid(937a0e285256b9348b5561d142b3fe43) Importer(2089858483,0ecaa5967403d082aa24f35e1b516d23) [PhysX] Initialized MultithreadedTaskDispatcher with 12 workers.
 -> (artifact id: 'c8b28bace88ec4a07c54f6a397655fa1') in 0.031119 seconds
Number of updated asset objects reloaded before import = 0
Number of asset objects unloaded after import = 3
========================================================================
Received Import Request.
  Time since last request: 0.000016 seconds.
  path: Assets/GoldenSkullStudios/2D/2D_Iso_Tile_Pack_Starter/Sprites/Dirt/ISO_Tile_Dirt_01_ToStone_02.png
  artifactKey: Guid(cdd25e8ee4271f047b3ecb7bdcd1df9b) Importer(2089858483,0ecaa5967403d082aa24f35e1b516d23)
Start importing Assets/GoldenSkullStudios/2D/2D_Iso_Tile_Pack_Starter/Sprites/Dirt/ISO_Tile_Dirt_01_ToStone_02.png using Guid(cdd25e8ee4271f047b3ecb7bdcd1df9b) Importer(2089858483,0ecaa5967403d082aa24f35e1b516d23) [PhysX] Initialized MultithreadedTaskDispatcher with 12 workers.
 -> (artifact id: '99b3fe78a4de541c3ccc3fdacd1352a3') in 0.023553 seconds
Number of updated asset objects reloaded before import = 0
Number of asset objects unloaded after import = 3
========================================================================
Received Import Request.
  Time since last request: 0.000017 seconds.
  path: Assets/GoldenSkullStudios/2D/2D_Iso_Tile_Pack_Starter/Sprites/Overlay/ISO_Overlay_Path_Curve_02.png
  artifactKey: Guid(003ccdb1a474b4748aeeaa090fe5e37f) Importer(2089858483,0ecaa5967403d082aa24f35e1b516d23)
Start importing Assets/GoldenSkullStudios/2D/2D_Iso_Tile_Pack_Starter/Sprites/Overlay/ISO_Overlay_Path_Curve_02.png using Guid(003ccdb1a474b4748aeeaa090fe5e37f) Importer(2089858483,0ecaa5967403d082aa24f35e1b516d23) [PhysX] Initialized MultithreadedTaskDispatcher with 12 workers.
 -> (artifact id: '905bddb04bdc96d27a4e4fe95fff00f2') in 0.033276 seconds
Number of updated asset objects reloaded before import = 0
Number of asset objects unloaded after import = 3
========================================================================
Received Import Request.
  Time since last request: 0.000022 seconds.
  path: Assets/GoldenSkullStudios/2D/2D_Iso_Tile_Pack_Starter/Autotiles/Stairs_Simple/Sprites/ISO_Prop_Stair_Stone_06.png
  artifactKey: Guid(d862b5309164d78429acf8df1d570a66) Importer(2089858483,0ecaa5967403d082aa24f35e1b516d23)
Start importing Assets/GoldenSkullStudios/2D/2D_Iso_Tile_Pack_Starter/Autotiles/Stairs_Simple/Sprites/ISO_Prop_Stair_Stone_06.png using Guid(d862b5309164d78429acf8df1d570a66) Importer(2089858483,0ecaa5967403d082aa24f35e1b516d23) [PhysX] Initialized MultithreadedTaskDispatcher with 12 workers.
 -> (artifact id: '7135e3fff313b313208347d0c784246e') in 0.025044 seconds
Number of updated asset objects reloaded before import = 0
Number of asset objects unloaded after import = 3
========================================================================
Received Import Request.
  Time since last request: 0.000021 seconds.
  path: Assets/GoldenSkullStudios/2D/2D_Iso_Tile_Pack_Starter/Sprites/Overlay/ISO_Overlay_StonePieces_02_Half_V_01.png
  artifactKey: Guid(74b09da65e1639b4a9185bf4fb91cd50) Importer(2089858483,0ecaa5967403d082aa24f35e1b516d23)
Start importing Assets/GoldenSkullStudios/2D/2D_Iso_Tile_Pack_Starter/Sprites/Overlay/ISO_Overlay_StonePieces_02_Half_V_01.png using Guid(74b09da65e1639b4a9185bf4fb91cd50) Importer(2089858483,0ecaa5967403d082aa24f35e1b516d23) [PhysX] Initialized MultithreadedTaskDispatcher with 12 workers.
 -> (artifact id: 'd8e30b79fee606b21e68cb3da0f159bc') in 0.033261 seconds
Number of updated asset objects reloaded before import = 0
Number of asset objects unloaded after import = 3
========================================================================
Received Import Request.
  Time since last request: 0.000019 seconds.
  path: Assets/GoldenSkullStudios/2D/2D_Iso_Tile_Pack_Starter/Autotiles/WaterBlock_Shores_Complex/Sprites/ISO_Tile_Water_Shore_2C_03.png
  artifactKey: Guid(5dfb01527a3851a4fb5001a86afaca9a) Importer(2089858483,0ecaa5967403d082aa24f35e1b516d23)
Start importing Assets/GoldenSkullStudios/2D/2D_Iso_Tile_Pack_Starter/Autotiles/WaterBlock_Shores_Complex/Sprites/ISO_Tile_Water_Shore_2C_03.png using Guid(5dfb01527a3851a4fb5001a86afaca9a) Importer(2089858483,0ecaa5967403d082aa24f35e1b516d23) [PhysX] Initialized MultithreadedTaskDispatcher with 12 workers.
 -> (artifact id: '813a68ef0fd82694ea3116935619b0cb') in 0.034201 seconds
Number of updated asset objects reloaded before import = 0
Number of asset objects unloaded after import = 3
========================================================================
Received Import Request.
  Time since last request: 0.000032 seconds.
  path: Assets/Pixel FX - Fire/Sprites/Fire_II_Flame_16x16.png
  artifactKey: Guid(85bdce936e5aff14bb300c5caa251eb9) Importer(2089858483,0ecaa5967403d082aa24f35e1b516d23)
Start importing Assets/Pixel FX - Fire/Sprites/Fire_II_Flame_16x16.png using Guid(85bdce936e5aff14bb300c5caa251eb9) Importer(2089858483,0ecaa5967403d082aa24f35e1b516d23) [PhysX] Initialized MultithreadedTaskDispatcher with 12 workers.
 -> (artifact id: '7d5d55668e4f71652ee84bb6ccf911ec') in 0.039195 seconds
Number of updated asset objects reloaded before import = 0
Number of asset objects unloaded after import = 14
========================================================================
Received Import Request.
  Time since last request: 0.000017 seconds.
  path: Assets/Pixel FX - Fire/Animations/Fire_Bomb_Start.anim
  artifactKey: Guid(d37875c91dcddbd47898d8428e7ae39d) Importer(2089858483,0ecaa5967403d082aa24f35e1b516d23)
Start importing Assets/Pixel FX - Fire/Animations/Fire_Bomb_Start.anim using Guid(d37875c91dcddbd47898d8428e7ae39d) Importer(2089858483,0ecaa5967403d082aa24f35e1b516d23) [PhysX] Initialized MultithreadedTaskDispatcher with 12 workers.
 -> (artifact id: '655f2edb38fb614a114cf043ea2e7849') in 0.017189 seconds
Number of updated asset objects reloaded before import = 0
Number of asset objects unloaded after import = 1
========================================================================
Received Import Request.
  Time since last request: 0.000016 seconds.
  path: Assets/GoldenSkullStudios/2D/2D_Iso_Tile_Pack_Starter/Sprites/Grass/Tiles/ISO_Tile_Dirt_01_GrassPath_Curve_02.asset
  artifactKey: Guid(e9ff0239ca2b4cb498b85c4cc7ff0aa6) Importer(2089858483,0ecaa5967403d082aa24f35e1b516d23)
Start importing Assets/GoldenSkullStudios/2D/2D_Iso_Tile_Pack_Starter/Sprites/Grass/Tiles/ISO_Tile_Dirt_01_GrassPath_Curve_02.asset using Guid(e9ff0239ca2b4cb498b85c4cc7ff0aa6) Importer(2089858483,0ecaa5967403d082aa24f35e1b516d23) [PhysX] Initialized MultithreadedTaskDispatcher with 12 workers.
 -> (artifact id: '4170b4d59b13dfac872dde7346d7ff6d') in 0.031179 seconds
Number of updated asset objects reloaded before import = 0
Number of asset objects unloaded after import = 3
========================================================================
Received Import Request.
  Time since last request: 0.000018 seconds.
  path: Assets/GoldenSkullStudios/2D/2D_Iso_Tile_Pack_Starter/Sprites/Lava/Tiles/ISO_Tile_LavaStone_01.asset
  artifactKey: Guid(059453531139e774c950af22ce2335f3) Importer(2089858483,0ecaa5967403d082aa24f35e1b516d23)
Start importing Assets/GoldenSkullStudios/2D/2D_Iso_Tile_Pack_Starter/Sprites/Lava/Tiles/ISO_Tile_LavaStone_01.asset using Guid(059453531139e774c950af22ce2335f3) Importer(2089858483,0ecaa5967403d082aa24f35e1b516d23) [PhysX] Initialized MultithreadedTaskDispatcher with 12 workers.
 -> (artifact id: '60753ab7960e0e94ca0fb701b1c61b12') in 0.034564 seconds
Number of updated asset objects reloaded before import = 0
Number of asset objects unloaded after import = 3
========================================================================
Received Import Request.
  Time since last request: 0.000017 seconds.
  path: Assets/FantasyIconsPackFree/Icons/Helmet/KnightHelm [Paint].png
  artifactKey: Guid(896dada9aa8b8444b8145f80381d5fda) Importer(2089858483,0ecaa5967403d082aa24f35e1b516d23)
Start importing Assets/FantasyIconsPackFree/Icons/Helmet/KnightHelm [Paint].png using Guid(896dada9aa8b8444b8145f80381d5fda) Importer(2089858483,0ecaa5967403d082aa24f35e1b516d23) [PhysX] Initialized MultithreadedTaskDispatcher with 12 workers.
 -> (artifact id: '61be8a065f58b5bdb2eaadf397f8e440') in 0.030636 seconds
Number of updated asset objects reloaded before import = 0
Number of asset objects unloaded after import = 3
========================================================================
Received Import Request.
  Time since last request: 0.000019 seconds.
  path: Assets/Pixel FX - Fire/Animations/Fire_II_Flame.anim
  artifactKey: Guid(88d929f8feb56624588fc4462f9d80b6) Importer(2089858483,0ecaa5967403d082aa24f35e1b516d23)
Start importing Assets/Pixel FX - Fire/Animations/Fire_II_Flame.anim using Guid(88d929f8feb56624588fc4462f9d80b6) Importer(2089858483,0ecaa5967403d082aa24f35e1b516d23) [PhysX] Initialized MultithreadedTaskDispatcher with 12 workers.
 -> (artifact id: '9b276284a981066196089d8f539ed6ba') in 0.016456 seconds
Number of updated asset objects reloaded before import = 0
Number of asset objects unloaded after import = 1
========================================================================
Received Import Request.
  Time since last request: 0.000017 seconds.
  path: Assets/Pixel FX - Fire/Prefabs/Fire_Napalm.prefab
  artifactKey: Guid(88ec24feb74d03746acf79c6467ce29b) Importer(2089858483,0ecaa5967403d082aa24f35e1b516d23)
Start importing Assets/Pixel FX - Fire/Prefabs/Fire_Napalm.prefab using Guid(88ec24feb74d03746acf79c6467ce29b) Importer(2089858483,0ecaa5967403d082aa24f35e1b516d23) [PhysX] Initialized MultithreadedTaskDispatcher with 12 workers.
 -> (artifact id: '8aecfb44870be8130d54a2b763698b8e') in 0.026699 seconds
Number of updated asset objects reloaded before import = 0
Number of asset objects unloaded after import = 19
========================================================================
Received Import Request.
  Time since last request: 0.000016 seconds.
  path: Assets/Pixel FX - Fire/Sprites/Fire_Bomb_Start_96x48.png
  artifactKey: Guid(975bd06b56232d147a3303415a5fb328) Importer(2089858483,0ecaa5967403d082aa24f35e1b516d23)
Start importing Assets/Pixel FX - Fire/Sprites/Fire_Bomb_Start_96x48.png using Guid(975bd06b56232d147a3303415a5fb328) Importer(2089858483,0ecaa5967403d082aa24f35e1b516d23) [PhysX] Initialized MultithreadedTaskDispatcher with 12 workers.
 -> (artifact id: '8dcda9080ef94cb64f17898d5ed60e5e') in 0.041616 seconds
Number of updated asset objects reloaded before import = 0
Number of asset objects unloaded after import = 10
========================================================================
Received Import Request.
  Time since last request: 0.000020 seconds.
  path: Assets/Pixel FX - Fire/Controllers/Fire_Meteors_Small_Controller.controller
  artifactKey: Guid(ee6f8394fd22a654fa06b4edf2d75eaa) Importer(2089858483,0ecaa5967403d082aa24f35e1b516d23)
Start importing Assets/Pixel FX - Fire/Controllers/Fire_Meteors_Small_Controller.controller using Guid(ee6f8394fd22a654fa06b4edf2d75eaa) Importer(2089858483,0ecaa5967403d082aa24f35e1b516d23) [PhysX] Initialized MultithreadedTaskDispatcher with 12 workers.
 -> (artifact id: '14a4148d2411ffb88c3f5133e5217171') in 0.014453 seconds
Number of updated asset objects reloaded before import = 0
Number of asset objects unloaded after import = 8
========================================================================
Received Import Request.
  Time since last request: 0.000029 seconds.
  path: Assets/GoldenSkullStudios/2D/2D_Iso_Tile_Pack_Starter/Sprites/Grass/Tiles/ISO_Tile_Dirt_01_GrassPath_4Cross.asset
  artifactKey: Guid(c4207264ae732834495edbdd47beb31c) Importer(2089858483,0ecaa5967403d082aa24f35e1b516d23)
Start importing Assets/GoldenSkullStudios/2D/2D_Iso_Tile_Pack_Starter/Sprites/Grass/Tiles/ISO_Tile_Dirt_01_GrassPath_4Cross.asset using Guid(c4207264ae732834495edbdd47beb31c) Importer(2089858483,0ecaa5967403d082aa24f35e1b516d23) [PhysX] Initialized MultithreadedTaskDispatcher with 12 workers.
 -> (artifact id: '1d898a1aff384721835c879bbcfb05ac') in 0.031240 seconds
Number of updated asset objects reloaded before import = 0
Number of asset objects unloaded after import = 3
========================================================================
Received Import Request.
  Time since last request: 0.000018 seconds.
  path: Assets/GoldenSkullStudios/2D/2D_Iso_Tile_Pack_Starter/Sprites/Overlay/Tiles/ISO_Overlay_Grass_01.asset
  artifactKey: Guid(c18824a5484864b4cb0d5b7dd35e86cb) Importer(2089858483,0ecaa5967403d082aa24f35e1b516d23)
Start importing Assets/GoldenSkullStudios/2D/2D_Iso_Tile_Pack_Starter/Sprites/Overlay/Tiles/ISO_Overlay_Grass_01.asset using Guid(c18824a5484864b4cb0d5b7dd35e86cb) Importer(2089858483,0ecaa5967403d082aa24f35e1b516d23) [PhysX] Initialized MultithreadedTaskDispatcher with 12 workers.
 -> (artifact id: 'b6d965a325924aa15116f4964150b0e6') in 0.030229 seconds
Number of updated asset objects reloaded before import = 0
Number of asset objects unloaded after import = 3
========================================================================
Received Import Request.
  Time since last request: 0.000019 seconds.
  path: Assets/GoldenSkullStudios/2D/2D_Iso_Tile_Pack_Starter/Sprites/Overlay/Tiles/ISO_Overlay_Path_Cross3_04.asset
  artifactKey: Guid(7c4e5b53107276341a6b6aaa50a8bf49) Importer(2089858483,0ecaa5967403d082aa24f35e1b516d23)
Start importing Assets/GoldenSkullStudios/2D/2D_Iso_Tile_Pack_Starter/Sprites/Overlay/Tiles/ISO_Overlay_Path_Cross3_04.asset using Guid(7c4e5b53107276341a6b6aaa50a8bf49) Importer(2089858483,0ecaa5967403d082aa24f35e1b516d23) [PhysX] Initialized MultithreadedTaskDispatcher with 12 workers.
 -> (artifact id: '80408022ae8e0eaab23e036ee899a464') in 0.024301 seconds
Number of updated asset objects reloaded before import = 0
Number of asset objects unloaded after import = 3
========================================================================
Received Import Request.
  Time since last request: 0.000018 seconds.
  path: Assets/GoldenSkullStudios/2D/2D_Iso_Tile_Pack_Starter/Autotiles/Stairs_Simple/Tiles/ISO_Prop_Stair_Stone_02.asset
  artifactKey: Guid(07e07fe138c37a34a98b9040e8cbb1cc) Importer(2089858483,0ecaa5967403d082aa24f35e1b516d23)
Start importing Assets/GoldenSkullStudios/2D/2D_Iso_Tile_Pack_Starter/Autotiles/Stairs_Simple/Tiles/ISO_Prop_Stair_Stone_02.asset using Guid(07e07fe138c37a34a98b9040e8cbb1cc) Importer(2089858483,0ecaa5967403d082aa24f35e1b516d23) [PhysX] Initialized MultithreadedTaskDispatcher with 12 workers.
 -> (artifact id: '9b9c79e36c39aaacd7d2fe7a46c1a4ba') in 0.025808 seconds
Number of updated asset objects reloaded before import = 0
Number of asset objects unloaded after import = 3
========================================================================
Received Import Request.
  Time since last request: 0.000028 seconds.
  path: Assets/GoldenSkullStudios/2D/2D_Iso_Tile_Pack_Starter/Sprites/Dirt/Tiles/ISO_Tile_Dirt_01_ToStone_01.asset
  artifactKey: Guid(f9b87b3a25d34114e937d09e0af59c15) Importer(2089858483,0ecaa5967403d082aa24f35e1b516d23)
Start importing Assets/GoldenSkullStudios/2D/2D_Iso_Tile_Pack_Starter/Sprites/Dirt/Tiles/ISO_Tile_Dirt_01_ToStone_01.asset using Guid(f9b87b3a25d34114e937d09e0af59c15) Importer(2089858483,0ecaa5967403d082aa24f35e1b516d23) [PhysX] Initialized MultithreadedTaskDispatcher with 12 workers.
 -> (artifact id: '58dfb30e07294465d8b73fdffb39ec4e') in 0.030459 seconds
Number of updated asset objects reloaded before import = 0
Number of asset objects unloaded after import = 3
========================================================================
Received Import Request.
  Time since last request: 0.000017 seconds.
  path: Assets/GoldenSkullStudios/2D/2D_Iso_Tile_Pack_Starter/Sprites/Low/Tiles/ISO_LowTile_Stone_01.asset
  artifactKey: Guid(acf645633945d034bbc8a898c8dfccea) Importer(2089858483,0ecaa5967403d082aa24f35e1b516d23)
Start importing Assets/GoldenSkullStudios/2D/2D_Iso_Tile_Pack_Starter/Sprites/Low/Tiles/ISO_LowTile_Stone_01.asset using Guid(acf645633945d034bbc8a898c8dfccea) Importer(2089858483,0ecaa5967403d082aa24f35e1b516d23) [PhysX] Initialized MultithreadedTaskDispatcher with 12 workers.
 -> (artifact id: 'fa6c874d6294c551190f64976ed0272a') in 0.022879 seconds
Number of updated asset objects reloaded before import = 0
Number of asset objects unloaded after import = 3
========================================================================
Received Import Request.
  Time since last request: 0.000019 seconds.
  path: Assets/GoldenSkullStudios/2D/2D_Iso_Tile_Pack_Starter/Autotiles/WaterBlock_Shores_Complex/Sprites/ISO_Tile_Water_Shore_2S_04.png
  artifactKey: Guid(5f51aa33698511b4e836dfafc15d0298) Importer(2089858483,0ecaa5967403d082aa24f35e1b516d23)
Start importing Assets/GoldenSkullStudios/2D/2D_Iso_Tile_Pack_Starter/Autotiles/WaterBlock_Shores_Complex/Sprites/ISO_Tile_Water_Shore_2S_04.png using Guid(5f51aa33698511b4e836dfafc15d0298) Importer(2089858483,0ecaa5967403d082aa24f35e1b516d23) [PhysX] Initialized MultithreadedTaskDispatcher with 12 workers.
 -> (artifact id: '8de70e47390fb9b0cba14e251e243f0c') in 0.024421 seconds
Number of updated asset objects reloaded before import = 0
Number of asset objects unloaded after import = 3
========================================================================
Received Import Request.
  Time since last request: 0.000022 seconds.
  path: Assets/GoldenSkullStudios/2D/2D_Iso_Tile_Pack_Starter/Sprites/Low/Tiles/ISO_LowTile_Stone_02.asset
  artifactKey: Guid(00e243e0a12decf43b1edd9cd9d41c73) Importer(2089858483,0ecaa5967403d082aa24f35e1b516d23)
Start importing Assets/GoldenSkullStudios/2D/2D_Iso_Tile_Pack_Starter/Sprites/Low/Tiles/ISO_LowTile_Stone_02.asset using Guid(00e243e0a12decf43b1edd9cd9d41c73) Importer(2089858483,0ecaa5967403d082aa24f35e1b516d23) [PhysX] Initialized MultithreadedTaskDispatcher with 12 workers.
 -> (artifact id: 'c86d5d2f02ac3fdf100a853e7cfc4f76') in 0.022284 seconds
Number of updated asset objects reloaded before import = 0
Number of asset objects unloaded after import = 3
========================================================================
Received Import Request.
  Time since last request: 0.000019 seconds.
  path: Assets/GoldenSkullStudios/2D/2D_Iso_Tile_Pack_Starter/0_Example_Scenes/ExampleScene.unity
  artifactKey: Guid(940f5a1f0ee284c40896a94eddd6afeb) Importer(2089858483,0ecaa5967403d082aa24f35e1b516d23)
Start importing Assets/GoldenSkullStudios/2D/2D_Iso_Tile_Pack_Starter/0_Example_Scenes/ExampleScene.unity using Guid(940f5a1f0ee284c40896a94eddd6afeb) Importer(2089858483,0ecaa5967403d082aa24f35e1b516d23) [PhysX] Initialized MultithreadedTaskDispatcher with 12 workers.
 -> (artifact id: 'a401cc7c4773ed143321fa4e662bc0e5') in 0.011437 seconds
Number of updated asset objects reloaded before import = 0
Number of asset objects unloaded after import = 1
========================================================================
Received Import Request.
  Time since last request: 0.000023 seconds.
  path: Assets/GoldenSkullStudios/2D/2D_Iso_Tile_Pack_Starter/Autotiles/Stairs_Simple/Sprites/ISO_Prop_Stair_Stone_07.png
  artifactKey: Guid(daee479a9545e4241ad0f4b772fac976) Importer(2089858483,0ecaa5967403d082aa24f35e1b516d23)
Start importing Assets/GoldenSkullStudios/2D/2D_Iso_Tile_Pack_Starter/Autotiles/Stairs_Simple/Sprites/ISO_Prop_Stair_Stone_07.png using Guid(daee479a9545e4241ad0f4b772fac976) Importer(2089858483,0ecaa5967403d082aa24f35e1b516d23) [PhysX] Initialized MultithreadedTaskDispatcher with 12 workers.
 -> (artifact id: 'dd8d2e4e84dde95d8bc4529d02016728') in 0.024809 seconds
Number of updated asset objects reloaded before import = 0
Number of asset objects unloaded after import = 3
========================================================================
Received Import Request.
  Time since last request: 0.000020 seconds.
  path: Assets/GoldenSkullStudios/2D/2D_Iso_Tile_Pack_Starter/Sprites/Overlay/ISO_Overlay_StonePieces_01_Half_H_02.png
  artifactKey: Guid(ea4cfaaedf6568847997ff2633225864) Importer(2089858483,0ecaa5967403d082aa24f35e1b516d23)
Start importing Assets/GoldenSkullStudios/2D/2D_Iso_Tile_Pack_Starter/Sprites/Overlay/ISO_Overlay_StonePieces_01_Half_H_02.png using Guid(ea4cfaaedf6568847997ff2633225864) Importer(2089858483,0ecaa5967403d082aa24f35e1b516d23) [PhysX] Initialized MultithreadedTaskDispatcher with 12 workers.
 -> (artifact id: 'b0d208650312ded9a3575ecd396669ab') in 0.032364 seconds
Number of updated asset objects reloaded before import = 0
Number of asset objects unloaded after import = 3
========================================================================
Received Import Request.
  Time since last request: 0.000017 seconds.
  path: Assets/GoldenSkullStudios/2D/2D_Iso_Tile_Pack_Starter/Sprites/Grass
  artifactKey: Guid(15e6ee8156f0ed3439ec6aecf5cdfec4) Importer(2089858483,0ecaa5967403d082aa24f35e1b516d23)
Start importing Assets/GoldenSkullStudios/2D/2D_Iso_Tile_Pack_Starter/Sprites/Grass using Guid(15e6ee8156f0ed3439ec6aecf5cdfec4) Importer(2089858483,0ecaa5967403d082aa24f35e1b516d23) [PhysX] Initialized MultithreadedTaskDispatcher with 12 workers.
 -> (artifact id: 'f9edaf9b085602bc66adeef697e19e74') in 0.013159 seconds
Number of updated asset objects reloaded before import = 0
Number of asset objects unloaded after import = 1
========================================================================
Received Import Request.
  Time since last request: 0.000023 seconds.
  path: Assets/GoldenSkullStudios/2D/2D_Iso_Tile_Pack_Starter/Autotiles/Path
  artifactKey: Guid(5dbf874530f33d64696f846a30fb4130) Importer(2089858483,0ecaa5967403d082aa24f35e1b516d23)
Start importing Assets/GoldenSkullStudios/2D/2D_Iso_Tile_Pack_Starter/Autotiles/Path using Guid(5dbf874530f33d64696f846a30fb4130) Importer(2089858483,0ecaa5967403d082aa24f35e1b516d23) [PhysX] Initialized MultithreadedTaskDispatcher with 12 workers.
 -> (artifact id: '9ae0c30f70c016eed954c9c6a7e09444') in 0.013014 seconds
Number of updated asset objects reloaded before import = 0
Number of asset objects unloaded after import = 1
========================================================================
Received Import Request.
  Time since last request: 0.000021 seconds.
  path: Assets/GoldenSkullStudios/2D/2D_Iso_Tile_Pack_Starter/Sprites/Lava/Tiles/ISO_Tile_Lava_01.asset
  artifactKey: Guid(3ff5e8b5a89337e4bab275939abefa23) Importer(2089858483,0ecaa5967403d082aa24f35e1b516d23)
Start importing Assets/GoldenSkullStudios/2D/2D_Iso_Tile_Pack_Starter/Sprites/Lava/Tiles/ISO_Tile_Lava_01.asset using Guid(3ff5e8b5a89337e4bab275939abefa23) Importer(2089858483,0ecaa5967403d082aa24f35e1b516d23) [PhysX] Initialized MultithreadedTaskDispatcher with 12 workers.
 -> (artifact id: 'de926108028a5e2d27c5e30918895779') in 0.030825 seconds
Number of updated asset objects reloaded before import = 0
Number of asset objects unloaded after import = 3
========================================================================
Received Import Request.
  Time since last request: 0.000020 seconds.
  path: Assets/GoldenSkullStudios/2D/2D_Iso_Tile_Pack_Starter/Sprites/Overlay/Tiles/ISO_Overlay_StonePieces_01.asset
  artifactKey: Guid(5962f6d3715fdec4199d166c6837308c) Importer(2089858483,0ecaa5967403d082aa24f35e1b516d23)
Start importing Assets/GoldenSkullStudios/2D/2D_Iso_Tile_Pack_Starter/Sprites/Overlay/Tiles/ISO_Overlay_StonePieces_01.asset using Guid(5962f6d3715fdec4199d166c6837308c) Importer(2089858483,0ecaa5967403d082aa24f35e1b516d23) [PhysX] Initialized MultithreadedTaskDispatcher with 12 workers.
 -> (artifact id: '864306bd42dd0f4556855e16fe1b59ca') in 0.034006 seconds
Number of updated asset objects reloaded before import = 0
Number of asset objects unloaded after import = 3
========================================================================
Received Import Request.
  Time since last request: 0.000022 seconds.
  path: Assets/GoldenSkullStudios/2D/2D_Iso_Tile_Pack_Starter/Autotiles/Roof_Hay_Simple/Sprites/ISO_Roof_Hay_01_C2_S.png
  artifactKey: Guid(075d135499883a146b07eab0c43d7269) Importer(2089858483,0ecaa5967403d082aa24f35e1b516d23)
Start importing Assets/GoldenSkullStudios/2D/2D_Iso_Tile_Pack_Starter/Autotiles/Roof_Hay_Simple/Sprites/ISO_Roof_Hay_01_C2_S.png using Guid(075d135499883a146b07eab0c43d7269) Importer(2089858483,0ecaa5967403d082aa24f35e1b516d23) [PhysX] Initialized MultithreadedTaskDispatcher with 12 workers.
 -> (artifact id: '65cc285cef97a376e0fb18e0bc5c1f95') in 0.025619 seconds
Number of updated asset objects reloaded before import = 0
Number of asset objects unloaded after import = 3
========================================================================
Received Import Request.
  Time since last request: 0.000020 seconds.
  path: Assets/GoldenSkullStudios/2D/2D_Iso_Tile_Pack_Starter/Sprites/Overlay/Tiles/ISO_Overlay_StonePieces_02.asset
  artifactKey: Guid(3e54704ad2abb67469be8cb97e7b50af) Importer(2089858483,0ecaa5967403d082aa24f35e1b516d23)
Start importing Assets/GoldenSkullStudios/2D/2D_Iso_Tile_Pack_Starter/Sprites/Overlay/Tiles/ISO_Overlay_StonePieces_02.asset using Guid(3e54704ad2abb67469be8cb97e7b50af) Importer(2089858483,0ecaa5967403d082aa24f35e1b516d23) [PhysX] Initialized MultithreadedTaskDispatcher with 12 workers.
 -> (artifact id: 'c2bd9af809fe16641793b94651329e7f') in 0.023321 seconds
Number of updated asset objects reloaded before import = 0
Number of asset objects unloaded after import = 3
========================================================================
Received Import Request.
  Time since last request: 0.000017 seconds.
  path: Assets/GoldenSkullStudios/2D/2D_Iso_Tile_Pack_Starter/Sprites/Overlay/ISO_Overlay_Grass_Patch_02_H_02.png
  artifactKey: Guid(9b09cd0c7aeec79409fcaa63a355d957) Importer(2089858483,0ecaa5967403d082aa24f35e1b516d23)
Start importing Assets/GoldenSkullStudios/2D/2D_Iso_Tile_Pack_Starter/Sprites/Overlay/ISO_Overlay_Grass_Patch_02_H_02.png using Guid(9b09cd0c7aeec79409fcaa63a355d957) Importer(2089858483,0ecaa5967403d082aa24f35e1b516d23) [PhysX] Initialized MultithreadedTaskDispatcher with 12 workers.
 -> (artifact id: '750032c053bad07168aa0873760ac1d4') in 0.032546 seconds
Number of updated asset objects reloaded before import = 0
Number of asset objects unloaded after import = 3
========================================================================
Received Import Request.
  Time since last request: 0.000027 seconds.
  path: Assets/GoldenSkullStudios/2D/2D_Iso_Tile_Pack_Starter/Sprites/Stone/ISO_Deco_Stairs_01_Stone_01.png
  artifactKey: Guid(ba2bcb233a753ae408c65b0b704f4e6e) Importer(2089858483,0ecaa5967403d082aa24f35e1b516d23)
Start importing Assets/GoldenSkullStudios/2D/2D_Iso_Tile_Pack_Starter/Sprites/Stone/ISO_Deco_Stairs_01_Stone_01.png using Guid(ba2bcb233a753ae408c65b0b704f4e6e) Importer(2089858483,0ecaa5967403d082aa24f35e1b516d23) [PhysX] Initialized MultithreadedTaskDispatcher with 12 workers.
 -> (artifact id: '2427e9211458fa39cb00905848c20e93') in 0.025094 seconds
Number of updated asset objects reloaded before import = 0
Number of asset objects unloaded after import = 3
========================================================================
Received Import Request.
  Time since last request: 0.000024 seconds.
  path: Assets/GoldenSkullStudios/2D/2D_Iso_Tile_Pack_Starter/Sprites/Overlay/Tiles/ISO_Overlay_Grass_Patch__H_02.asset
  artifactKey: Guid(d462c0b6a01760842a7a70ea13453562) Importer(2089858483,0ecaa5967403d082aa24f35e1b516d23)
Start importing Assets/GoldenSkullStudios/2D/2D_Iso_Tile_Pack_Starter/Sprites/Overlay/Tiles/ISO_Overlay_Grass_Patch__H_02.asset using Guid(d462c0b6a01760842a7a70ea13453562) Importer(2089858483,0ecaa5967403d082aa24f35e1b516d23) [PhysX] Initialized MultithreadedTaskDispatcher with 12 workers.
 -> (artifact id: '23aed8cc954bb1781ff3d06a6f5b5168') in 0.032226 seconds
Number of updated asset objects reloaded before import = 0
Number of asset objects unloaded after import = 3
========================================================================
Received Import Request.
  Time since last request: 0.000020 seconds.
  path: Assets/GoldenSkullStudios/2D/2D_Iso_Tile_Pack_Starter/Autotiles/Roof_Hay_Simple/RuleTile/ISO_Autotile_Roof_Hay_Simple.asset
  artifactKey: Guid(272c1aa903c314c44a5c4454927f14ca) Importer(2089858483,0ecaa5967403d082aa24f35e1b516d23)
Start importing Assets/GoldenSkullStudios/2D/2D_Iso_Tile_Pack_Starter/Autotiles/Roof_Hay_Simple/RuleTile/ISO_Autotile_Roof_Hay_Simple.asset using Guid(272c1aa903c314c44a5c4454927f14ca) Importer(2089858483,0ecaa5967403d082aa24f35e1b516d23) [PhysX] Initialized MultithreadedTaskDispatcher with 12 workers.
 -> (artifact id: 'afade5134dc54a07046df89a1c14b844') in 0.121352 seconds
Number of updated asset objects reloaded before import = 0
Number of asset objects unloaded after import = 30
========================================================================
Received Import Request.
  Time since last request: 0.000018 seconds.
  path: Assets/GoldenSkullStudios/2D/2D_Iso_Tile_Pack_Starter/Autotiles/Fence
  artifactKey: Guid(729ac97b3c977ea4eb621fab1e309124) Importer(2089858483,0ecaa5967403d082aa24f35e1b516d23)
Start importing Assets/GoldenSkullStudios/2D/2D_Iso_Tile_Pack_Starter/Autotiles/Fence using Guid(729ac97b3c977ea4eb621fab1e309124) Importer(2089858483,0ecaa5967403d082aa24f35e1b516d23) [PhysX] Initialized MultithreadedTaskDispatcher with 12 workers.
 -> (artifact id: 'b7ebea5e32a0566b0239026d7591206f') in 0.012694 seconds
Number of updated asset objects reloaded before import = 0
Number of asset objects unloaded after import = 1
========================================================================
Received Import Request.
  Time since last request: 0.000018 seconds.
  path: Assets/GoldenSkullStudios/2D/2D_Iso_Tile_Pack_Starter/Autotiles/Path/Sprites/ISO_Tile_Dirt_01_GrassPath_3Cross_01.png
  artifactKey: Guid(a57785f55a3f9dd4dbfc3fa955962baf) Importer(2089858483,0ecaa5967403d082aa24f35e1b516d23)
Start importing Assets/GoldenSkullStudios/2D/2D_Iso_Tile_Pack_Starter/Autotiles/Path/Sprites/ISO_Tile_Dirt_01_GrassPath_3Cross_01.png using Guid(a57785f55a3f9dd4dbfc3fa955962baf) Importer(2089858483,0ecaa5967403d082aa24f35e1b516d23) [PhysX] Initialized MultithreadedTaskDispatcher with 12 workers.
 -> (artifact id: '337400dfc9b089118dab06629638f5eb') in 0.034408 seconds
Number of updated asset objects reloaded before import = 0
Number of asset objects unloaded after import = 3
========================================================================
Received Import Request.
  Time since last request: 0.000022 seconds.
  path: Assets/GoldenSkullStudios/2D/2D_Iso_Tile_Pack_Starter/Extras/TilemapTemplate
  artifactKey: Guid(733ff7b1d7dcb8846a09a31702834632) Importer(2089858483,0ecaa5967403d082aa24f35e1b516d23)
Start importing Assets/GoldenSkullStudios/2D/2D_Iso_Tile_Pack_Starter/Extras/TilemapTemplate using Guid(733ff7b1d7dcb8846a09a31702834632) Importer(2089858483,0ecaa5967403d082aa24f35e1b516d23) [PhysX] Initialized MultithreadedTaskDispatcher with 12 workers.
 -> (artifact id: '71173773a1cf10ab90f13304e467790d') in 0.010732 seconds
Number of updated asset objects reloaded before import = 0
Number of asset objects unloaded after import = 1
========================================================================
Received Import Request.
  Time since last request: 0.000023 seconds.
  path: Assets/GoldenSkullStudios/2D/2D_Iso_Tile_Pack_Starter/Sprites/Overlay/ISO_Overlay_Path_End_02.png
  artifactKey: Guid(6bda9484823acea41a1b479642322a86) Importer(2089858483,0ecaa5967403d082aa24f35e1b516d23)
Start importing Assets/GoldenSkullStudios/2D/2D_Iso_Tile_Pack_Starter/Sprites/Overlay/ISO_Overlay_Path_End_02.png using Guid(6bda9484823acea41a1b479642322a86) Importer(2089858483,0ecaa5967403d082aa24f35e1b516d23) [PhysX] Initialized MultithreadedTaskDispatcher with 12 workers.
 -> (artifact id: '23781f26d7c37252c2e6431f7a7fe315') in 0.031747 seconds
Number of updated asset objects reloaded before import = 0
Number of asset objects unloaded after import = 3
========================================================================
Received Import Request.
  Time since last request: 0.000017 seconds.
  path: Assets/GoldenSkullStudios/2D/2D_Iso_Tile_Pack_Starter/Sprites/Overlay/ISO_Overlay_Path_Cross3_03.png
  artifactKey: Guid(a2877342a79c82c4ab8c1d41c3be26ec) Importer(2089858483,0ecaa5967403d082aa24f35e1b516d23)
Start importing Assets/GoldenSkullStudios/2D/2D_Iso_Tile_Pack_Starter/Sprites/Overlay/ISO_Overlay_Path_Cross3_03.png using Guid(a2877342a79c82c4ab8c1d41c3be26ec) Importer(2089858483,0ecaa5967403d082aa24f35e1b516d23) [PhysX] Initialized MultithreadedTaskDispatcher with 12 workers.
 -> (artifact id: 'a6ab9efabccfe024c8a8dfae5fc56e6c') in 0.034368 seconds
Number of updated asset objects reloaded before import = 0
Number of asset objects unloaded after import = 3
========================================================================
Received Import Request.
  Time since last request: 0.000016 seconds.
  path: Assets/GoldenSkullStudios/2D/2D_Iso_Tile_Pack_Starter/Extras/ImportSettings/Import_GSS_2D-IsoTile_1-High-Top.preset
  artifactKey: Guid(5db5d2c409431944fa85180fe5a03ba0) Importer(2089858483,0ecaa5967403d082aa24f35e1b516d23)
Start importing Assets/GoldenSkullStudios/2D/2D_Iso_Tile_Pack_Starter/Extras/ImportSettings/Import_GSS_2D-IsoTile_1-High-Top.preset using Guid(5db5d2c409431944fa85180fe5a03ba0) Importer(2089858483,0ecaa5967403d082aa24f35e1b516d23) [PhysX] Initialized MultithreadedTaskDispatcher with 12 workers.
 -> (artifact id: '664fcbb8f3db65156a77a66b7ec2581e') in 0.026615 seconds
Number of updated asset objects reloaded before import = 0
Number of asset objects unloaded after import = 1
========================================================================
Received Import Request.
  Time since last request: 0.000017 seconds.
  path: Assets/GoldenSkullStudios/2D/2D_Iso_Tile_Pack_Starter/Atlas
  artifactKey: Guid(1b2b5a1075df1f44684259f9ffc7f737) Importer(2089858483,0ecaa5967403d082aa24f35e1b516d23)
Start importing Assets/GoldenSkullStudios/2D/2D_Iso_Tile_Pack_Starter/Atlas using Guid(1b2b5a1075df1f44684259f9ffc7f737) Importer(2089858483,0ecaa5967403d082aa24f35e1b516d23) [PhysX] Initialized MultithreadedTaskDispatcher with 12 workers.
 -> (artifact id: '505317451b181ddaa9b6a95bb84bf87a') in 0.010625 seconds
Number of updated asset objects reloaded before import = 0
Number of asset objects unloaded after import = 1
========================================================================
Received Import Request.
  Time since last request: 0.000023 seconds.
  path: Assets/GoldenSkullStudios/2D/2D_Iso_Tile_Pack_Starter/Autotiles/WaterBlock_Shores_Complex/Sprites/ISO_Tile_Water_Shore_1S_04.png
  artifactKey: Guid(b9e52e01fbcff37449018d165461e1d9) Importer(2089858483,0ecaa5967403d082aa24f35e1b516d23)
Start importing Assets/GoldenSkullStudios/2D/2D_Iso_Tile_Pack_Starter/Autotiles/WaterBlock_Shores_Complex/Sprites/ISO_Tile_Water_Shore_1S_04.png using Guid(b9e52e01fbcff37449018d165461e1d9) Importer(2089858483,0ecaa5967403d082aa24f35e1b516d23) [PhysX] Initialized MultithreadedTaskDispatcher with 12 workers.
 -> (artifact id: 'dea7462d8ed661f69402db717f00e457') in 0.024762 seconds
Number of updated asset objects reloaded before import = 0
Number of asset objects unloaded after import = 3
========================================================================
Received Import Request.
  Time since last request: 0.000020 seconds.
  path: Assets/GoldenSkullStudios/2D/2D_Iso_Tile_Pack_Starter/Autotiles/Fence/Sprites/ISO_Fence_01_C2W.png
  artifactKey: Guid(51a6fec350de05b4b9b439066295203c) Importer(2089858483,0ecaa5967403d082aa24f35e1b516d23)
Start importing Assets/GoldenSkullStudios/2D/2D_Iso_Tile_Pack_Starter/Autotiles/Fence/Sprites/ISO_Fence_01_C2W.png using Guid(51a6fec350de05b4b9b439066295203c) Importer(2089858483,0ecaa5967403d082aa24f35e1b516d23) [PhysX] Initialized MultithreadedTaskDispatcher with 12 workers.
 -> (artifact id: 'c8d1da28e50b4bf7cae337f88f302d33') in 0.033377 seconds
Number of updated asset objects reloaded before import = 0
Number of asset objects unloaded after import = 3
========================================================================
Received Import Request.
  Time since last request: 0.000022 seconds.
  path: Assets/GoldenSkullStudios/2D/2D_Iso_Tile_Pack_Starter/Sprites/Snow/ISO_Tile_Snow_02.png
  artifactKey: Guid(bc88e5be61642e44885c2d7d8048513f) Importer(2089858483,0ecaa5967403d082aa24f35e1b516d23)
Start importing Assets/GoldenSkullStudios/2D/2D_Iso_Tile_Pack_Starter/Sprites/Snow/ISO_Tile_Snow_02.png using Guid(bc88e5be61642e44885c2d7d8048513f) Importer(2089858483,0ecaa5967403d082aa24f35e1b516d23) [PhysX] Initialized MultithreadedTaskDispatcher with 12 workers.
 -> (artifact id: '88951a1a6fc1131814d72c829c859a6e') in 0.032099 seconds
Number of updated asset objects reloaded before import = 0
Number of asset objects unloaded after import = 3
========================================================================
Received Import Request.
  Time since last request: 0.000020 seconds.
  path: Assets/GoldenSkullStudios/2D/2D_Iso_Tile_Pack_Starter/Sprites/Grass/Tiles/ISO_Tile_Dirt_01_GrassPath_End_01.asset
  artifactKey: Guid(ec56abe11a68d704e8aee218385a93f2) Importer(2089858483,0ecaa5967403d082aa24f35e1b516d23)
Start importing Assets/GoldenSkullStudios/2D/2D_Iso_Tile_Pack_Starter/Sprites/Grass/Tiles/ISO_Tile_Dirt_01_GrassPath_End_01.asset using Guid(ec56abe11a68d704e8aee218385a93f2) Importer(2089858483,0ecaa5967403d082aa24f35e1b516d23) [PhysX] Initialized MultithreadedTaskDispatcher with 12 workers.
 -> (artifact id: 'b514f75755b7d803f540273e1db649d4') in 0.034932 seconds
Number of updated asset objects reloaded before import = 0
Number of asset objects unloaded after import = 3
========================================================================
Received Import Request.
  Time since last request: 0.000020 seconds.
  path: Assets/GoldenSkullStudios/2D/2D_Iso_Tile_Pack_Starter/Autotiles/WaterBlock_Shores_Complex/Sprites/ISO_Tile_Water_Shore_2S_01.png
  artifactKey: Guid(045f7a2b97b9adb4e9022da24aa1ff7b) Importer(2089858483,0ecaa5967403d082aa24f35e1b516d23)
Start importing Assets/GoldenSkullStudios/2D/2D_Iso_Tile_Pack_Starter/Autotiles/WaterBlock_Shores_Complex/Sprites/ISO_Tile_Water_Shore_2S_01.png using Guid(045f7a2b97b9adb4e9022da24aa1ff7b) Importer(2089858483,0ecaa5967403d082aa24f35e1b516d23) [PhysX] Initialized MultithreadedTaskDispatcher with 12 workers.
 -> (artifact id: '7c6ff2dabf4017571ef012ffcf82a66a') in 0.026737 seconds
Number of updated asset objects reloaded before import = 0
Number of asset objects unloaded after import = 3
========================================================================
Received Import Request.
  Time since last request: 0.000028 seconds.
  path: Assets/GoldenSkullStudios/2D/2D_Iso_Tile_Pack_Starter/0_Example_Scenes/Maps/Island_AnimatedWater.prefab
  artifactKey: Guid(5d0b142347dc24c45b20384c3aedde9c) Importer(2089858483,0ecaa5967403d082aa24f35e1b516d23)
Start importing Assets/GoldenSkullStudios/2D/2D_Iso_Tile_Pack_Starter/0_Example_Scenes/Maps/Island_AnimatedWater.prefab using Guid(5d0b142347dc24c45b20384c3aedde9c) Importer(2089858483,0ecaa5967403d082aa24f35e1b516d23) [PhysX] Initialized MultithreadedTaskDispatcher with 12 workers.
 -> (artifact id: 'f5020edaca6accd651ff9be638c61049') in 0.020851 seconds
Number of updated asset objects reloaded before import = 0
Number of asset objects unloaded after import = 13
========================================================================
Received Import Request.
  Time since last request: 0.000029 seconds.
  path: Assets/GoldenSkullStudios/2D/2D_Iso_Tile_Pack_Starter/Autotiles/WaterBlock_Shores_Complex/RuleTile/ISO_Autotile_Water_Shores_01_Complex.asset
  artifactKey: Guid(753c40826fadd234691818342dce9c63) Importer(2089858483,0ecaa5967403d082aa24f35e1b516d23)
Start importing Assets/GoldenSkullStudios/2D/2D_Iso_Tile_Pack_Starter/Autotiles/WaterBlock_Shores_Complex/RuleTile/ISO_Autotile_Water_Shores_01_Complex.asset using Guid(753c40826fadd234691818342dce9c63) Importer(2089858483,0ecaa5967403d082aa24f35e1b516d23) [PhysX] Initialized MultithreadedTaskDispatcher with 12 workers.
 -> (artifact id: '0325cc8bc34b4f0bb71ec76286dae96b') in 0.225630 seconds
Number of updated asset objects reloaded before import = 0
Number of asset objects unloaded after import = 48
========================================================================
Received Import Request.
  Time since last request: 0.000025 seconds.
  path: Assets/GoldenSkullStudios/2D/2D_Iso_Tile_Pack_Starter/Sprites/Overlay/Tiles/ISO_Overlay_Shore_Straight_LU.asset
  artifactKey: Guid(872c8c499c411c94f9db90df0cc057d3) Importer(2089858483,0ecaa5967403d082aa24f35e1b516d23)
Start importing Assets/GoldenSkullStudios/2D/2D_Iso_Tile_Pack_Starter/Sprites/Overlay/Tiles/ISO_Overlay_Shore_Straight_LU.asset using Guid(872c8c499c411c94f9db90df0cc057d3) Importer(2089858483,0ecaa5967403d082aa24f35e1b516d23) [PhysX] Initialized MultithreadedTaskDispatcher with 12 workers.
 -> (artifact id: 'ba6e9b396500449ef467bf9d0328e5b3') in 0.033088 seconds
Number of updated asset objects reloaded before import = 0
Number of asset objects unloaded after import = 3
========================================================================
Received Import Request.
  Time since last request: 0.000026 seconds.
  path: Assets/GoldenSkullStudios/2D/2D_Iso_Tile_Pack_Starter/Sprites/Sand/ISO_Tile_Sand_01.png
  artifactKey: Guid(2c5a3117d5db1264188c0e85c12e64c7) Importer(2089858483,0ecaa5967403d082aa24f35e1b516d23)
Start importing Assets/GoldenSkullStudios/2D/2D_Iso_Tile_Pack_Starter/Sprites/Sand/ISO_Tile_Sand_01.png using Guid(2c5a3117d5db1264188c0e85c12e64c7) Importer(2089858483,0ecaa5967403d082aa24f35e1b516d23) [PhysX] Initialized MultithreadedTaskDispatcher with 12 workers.
 -> (artifact id: '1d1c11d5d395492af413dbc60c7a25d3') in 0.021681 seconds
Number of updated asset objects reloaded before import = 0
Number of asset objects unloaded after import = 3
========================================================================
Received Import Request.
  Time since last request: 0.000018 seconds.
  path: Assets/GoldenSkullStudios/2D/2D_Iso_Tile_Pack_Starter/Sprites/Lava/ISO_Tile_LavaCracks_01 1.png
  artifactKey: Guid(485bab44178e01949bee7c4ebe48bacb) Importer(2089858483,0ecaa5967403d082aa24f35e1b516d23)
Start importing Assets/GoldenSkullStudios/2D/2D_Iso_Tile_Pack_Starter/Sprites/Lava/ISO_Tile_LavaCracks_01 1.png using Guid(485bab44178e01949bee7c4ebe48bacb) Importer(2089858483,0ecaa5967403d082aa24f35e1b516d23) [PhysX] Initialized MultithreadedTaskDispatcher with 12 workers.
 -> (artifact id: 'b2e54f3721d627bf605cb79a2346fbf8') in 0.023728 seconds
Number of updated asset objects reloaded before import = 0
Number of asset objects unloaded after import = 3
========================================================================
Received Import Request.
  Time since last request: 0.000023 seconds.
  path: Assets/GoldenSkullStudios/2D/2D_Iso_Tile_Pack_Starter/Sprites/Sand/Tiles/ISO_Tile_Sand_04.asset
  artifactKey: Guid(42a42f1cc6e2f5e4392df6fa9f418ce7) Importer(2089858483,0ecaa5967403d082aa24f35e1b516d23)
Start importing Assets/GoldenSkullStudios/2D/2D_Iso_Tile_Pack_Starter/Sprites/Sand/Tiles/ISO_Tile_Sand_04.asset using Guid(42a42f1cc6e2f5e4392df6fa9f418ce7) Importer(2089858483,0ecaa5967403d082aa24f35e1b516d23) [PhysX] Initialized MultithreadedTaskDispatcher with 12 workers.
 -> (artifact id: '31e0d0488f424dbbb3bfd11b08059e0a') in 0.031331 seconds
Number of updated asset objects reloaded before import = 0
Number of asset objects unloaded after import = 3
========================================================================
Received Import Request.
  Time since last request: 0.000017 seconds.
  path: Assets/GoldenSkullStudios/2D/2D_Iso_Tile_Pack_Starter/Autotiles/WaterBlock_Shores_Complex/Sprites/ISO_Tile_Water_Shore_1S_03.png
  artifactKey: Guid(3d92f1e19b45ed14ba896c49deaa1428) Importer(2089858483,0ecaa5967403d082aa24f35e1b516d23)
Start importing Assets/GoldenSkullStudios/2D/2D_Iso_Tile_Pack_Starter/Autotiles/WaterBlock_Shores_Complex/Sprites/ISO_Tile_Water_Shore_1S_03.png using Guid(3d92f1e19b45ed14ba896c49deaa1428) Importer(2089858483,0ecaa5967403d082aa24f35e1b516d23) [PhysX] Initialized MultithreadedTaskDispatcher with 12 workers.
 -> (artifact id: '6153ea3f4499dfe590e2ed97c08ad048') in 0.025360 seconds
Number of updated asset objects reloaded before import = 0
Number of asset objects unloaded after import = 3
========================================================================
Received Import Request.
  Time since last request: 0.000024 seconds.
  path: Assets/GoldenSkullStudios/2D/2D_Iso_Tile_Pack_Starter/Sprites/Skin/ISO_Tile_Flesh_01.png
  artifactKey: Guid(5efb0fb6aed8b05498f04e750ada970f) Importer(2089858483,0ecaa5967403d082aa24f35e1b516d23)
Start importing Assets/GoldenSkullStudios/2D/2D_Iso_Tile_Pack_Starter/Sprites/Skin/ISO_Tile_Flesh_01.png using Guid(5efb0fb6aed8b05498f04e750ada970f) Importer(2089858483,0ecaa5967403d082aa24f35e1b516d23) [PhysX] Initialized MultithreadedTaskDispatcher with 12 workers.
 -> (artifact id: 'e11b75fef0a8c096a7944336b9c19ebf') in 0.030746 seconds
Number of updated asset objects reloaded before import = 0
Number of asset objects unloaded after import = 3
========================================================================
Received Import Request.
  Time since last request: 0.000155 seconds.
  path: Assets/GoldenSkullStudios/2D/2D_Iso_Tile_Pack_Starter/Sprites/Dirt/Tiles/ISO_Tile_Mud_02.asset
  artifactKey: Guid(da5ffb8101d3d2241ac257a600fc81de) Importer(2089858483,0ecaa5967403d082aa24f35e1b516d23)
Start importing Assets/GoldenSkullStudios/2D/2D_Iso_Tile_Pack_Starter/Sprites/Dirt/Tiles/ISO_Tile_Mud_02.asset using Guid(da5ffb8101d3d2241ac257a600fc81de) Importer(2089858483,0ecaa5967403d082aa24f35e1b516d23) [PhysX] Initialized MultithreadedTaskDispatcher with 12 workers.
 -> (artifact id: '90356315ec440c9081c2db4514e1a299') in 0.032811 seconds
Number of updated asset objects reloaded before import = 0
Number of asset objects unloaded after import = 3
========================================================================
Received Import Request.
  Time since last request: 0.000020 seconds.
  path: Assets/GoldenSkullStudios/2D/2D_Iso_Tile_Pack_Starter/Extras/Sprites/Sprite_ISO_Collider 1.asset
  artifactKey: Guid(6a5a98870e378fc4fac793b118cd9b0c) Importer(2089858483,0ecaa5967403d082aa24f35e1b516d23)
Start importing Assets/GoldenSkullStudios/2D/2D_Iso_Tile_Pack_Starter/Extras/Sprites/Sprite_ISO_Collider 1.asset using Guid(6a5a98870e378fc4fac793b118cd9b0c) Importer(2089858483,0ecaa5967403d082aa24f35e1b516d23) [PhysX] Initialized MultithreadedTaskDispatcher with 12 workers.
 -> (artifact id: '625458a9e15b95f162072dabe37c8749') in 0.023377 seconds
Number of updated asset objects reloaded before import = 0
Number of asset objects unloaded after import = 3
========================================================================
Received Import Request.
  Time since last request: 0.000017 seconds.
  path: Assets/GoldenSkullStudios/2D/2D_Iso_Tile_Pack_Starter/Sprites/Wood/ISO_Tile_Tree_01.png
  artifactKey: Guid(499dedb64d81e5a43a0a75bb85d060c7) Importer(2089858483,0ecaa5967403d082aa24f35e1b516d23)
Start importing Assets/GoldenSkullStudios/2D/2D_Iso_Tile_Pack_Starter/Sprites/Wood/ISO_Tile_Tree_01.png using Guid(499dedb64d81e5a43a0a75bb85d060c7) Importer(2089858483,0ecaa5967403d082aa24f35e1b516d23) [PhysX] Initialized MultithreadedTaskDispatcher with 12 workers.
 -> (artifact id: 'd20a0506fecbd55ab090014fe8aba580') in 0.022525 seconds
Number of updated asset objects reloaded before import = 0
Number of asset objects unloaded after import = 3
========================================================================
Received Import Request.
  Time since last request: 0.000024 seconds.
  path: Assets/GoldenSkullStudios/2D/2D_Iso_Tile_Pack_Starter/Sprites/Overlay/ISO_Overlay_Grass_Patch_03_H_02.png
  artifactKey: Guid(03714e6aaa131ca4f83cdccfdf4222f3) Importer(2089858483,0ecaa5967403d082aa24f35e1b516d23)
Start importing Assets/GoldenSkullStudios/2D/2D_Iso_Tile_Pack_Starter/Sprites/Overlay/ISO_Overlay_Grass_Patch_03_H_02.png using Guid(03714e6aaa131ca4f83cdccfdf4222f3) Importer(2089858483,0ecaa5967403d082aa24f35e1b516d23) [PhysX] Initialized MultithreadedTaskDispatcher with 12 workers.
 -> (artifact id: 'a477158cbc6b0ac7ef033e79b01d8598') in 0.024807 seconds
Number of updated asset objects reloaded before import = 0
Number of asset objects unloaded after import = 3
========================================================================
Received Import Request.
  Time since last request: 0.000026 seconds.
  path: Assets/GoldenSkullStudios/2D/2D_Iso_Tile_Pack_Starter/Extras/Scripts
  artifactKey: Guid(d2c6ae97e22c6724d98f33f4fe8f62d6) Importer(2089858483,0ecaa5967403d082aa24f35e1b516d23)
Start importing Assets/GoldenSkullStudios/2D/2D_Iso_Tile_Pack_Starter/Extras/Scripts using Guid(d2c6ae97e22c6724d98f33f4fe8f62d6) Importer(2089858483,0ecaa5967403d082aa24f35e1b516d23) [PhysX] Initialized MultithreadedTaskDispatcher with 12 workers.
 -> (artifact id: '25a688ac1e52dfee529a0a7e201c9d4f') in 0.012797 seconds
Number of updated asset objects reloaded before import = 0
Number of asset objects unloaded after import = 1
========================================================================
Received Import Request.
  Time since last request: 0.000025 seconds.
  path: Assets/GoldenSkullStudios/2D/2D_Iso_Tile_Pack_Starter/Autotiles/Roof_Hay_Simple/Sprites/ISO_Roof_Hay_01_S1_NW.png
  artifactKey: Guid(759aad390c3de2d4b9fbe13219864922) Importer(2089858483,0ecaa5967403d082aa24f35e1b516d23)
Start importing Assets/GoldenSkullStudios/2D/2D_Iso_Tile_Pack_Starter/Autotiles/Roof_Hay_Simple/Sprites/ISO_Roof_Hay_01_S1_NW.png using Guid(759aad390c3de2d4b9fbe13219864922) Importer(2089858483,0ecaa5967403d082aa24f35e1b516d23) [PhysX] Initialized MultithreadedTaskDispatcher with 12 workers.
 -> (artifact id: 'eadd98c1b57c40cc330ebe9754da097e') in 0.023550 seconds
Number of updated asset objects reloaded before import = 0
Number of asset objects unloaded after import = 3
========================================================================
Received Import Request.
  Time since last request: 0.000024 seconds.
  path: Assets/GoldenSkullStudios/2D/2D_Iso_Tile_Pack_Starter/Sprites/Skin/Tiles/ISO_Tile_Flesh_01.asset
  artifactKey: Guid(1865a91e85abece4ab27d84b6d9a10c9) Importer(2089858483,0ecaa5967403d082aa24f35e1b516d23)
Start importing Assets/GoldenSkullStudios/2D/2D_Iso_Tile_Pack_Starter/Sprites/Skin/Tiles/ISO_Tile_Flesh_01.asset using Guid(1865a91e85abece4ab27d84b6d9a10c9) Importer(2089858483,0ecaa5967403d082aa24f35e1b516d23) [PhysX] Initialized MultithreadedTaskDispatcher with 12 workers.
 -> (artifact id: '7fb1375e53c4a522478b0fbd5959a3e8') in 0.019963 seconds
Number of updated asset objects reloaded before import = 0
Number of asset objects unloaded after import = 3
========================================================================
Received Import Request.
  Time since last request: 0.000022 seconds.
  path: Assets/GoldenSkullStudios/2D/2D_Iso_Tile_Pack_Starter/Autotiles/Roof_Hay_Simple/Sprites/Tiles/ISO_Roof_Hay_01_T_S2_NW-SE.asset
  artifactKey: Guid(b3baf18bafde9734b8d942828353983f) Importer(2089858483,0ecaa5967403d082aa24f35e1b516d23)
Start importing Assets/GoldenSkullStudios/2D/2D_Iso_Tile_Pack_Starter/Autotiles/Roof_Hay_Simple/Sprites/Tiles/ISO_Roof_Hay_01_T_S2_NW-SE.asset using Guid(b3baf18bafde9734b8d942828353983f) Importer(2089858483,0ecaa5967403d082aa24f35e1b516d23) [PhysX] Initialized MultithreadedTaskDispatcher with 12 workers.
 -> (artifact id: '84fc5edb7a6277d76b86d203eba0a141') in 0.024319 seconds
Number of updated asset objects reloaded before import = 0
Number of asset objects unloaded after import = 3
========================================================================
Received Import Request.
  Time since last request: 0.000019 seconds.
  path: Assets/GoldenSkullStudios/2D/2D_Iso_Tile_Pack_Starter/Autotiles/Roof_Hay_Simple/RuleTile
  artifactKey: Guid(25b646a49b69b8843ba50a5f3f158275) Importer(2089858483,0ecaa5967403d082aa24f35e1b516d23)
Start importing Assets/GoldenSkullStudios/2D/2D_Iso_Tile_Pack_Starter/Autotiles/Roof_Hay_Simple/RuleTile using Guid(25b646a49b69b8843ba50a5f3f158275) Importer(2089858483,0ecaa5967403d082aa24f35e1b516d23) [PhysX] Initialized MultithreadedTaskDispatcher with 12 workers.
 -> (artifact id: 'c308fcab8f3ca4f598d7c5344640c7f9') in 0.010434 seconds
Number of updated asset objects reloaded before import = 0
Number of asset objects unloaded after import = 1
========================================================================
Received Import Request.
  Time since last request: 0.000024 seconds.
  path: Assets/GoldenSkullStudios/2D/2D_Iso_Tile_Pack_Starter/Sprites/Lava/ISO_Tile_Lava_01.png
  artifactKey: Guid(4ae23acbbd0567947a6051d8f4ef6629) Importer(2089858483,0ecaa5967403d082aa24f35e1b516d23)
Start importing Assets/GoldenSkullStudios/2D/2D_Iso_Tile_Pack_Starter/Sprites/Lava/ISO_Tile_Lava_01.png using Guid(4ae23acbbd0567947a6051d8f4ef6629) Importer(2089858483,0ecaa5967403d082aa24f35e1b516d23) [PhysX] Initialized MultithreadedTaskDispatcher with 12 workers.
 -> (artifact id: 'b74ff687a7bcc0aa626e4b58101197f7') in 0.023233 seconds
Number of updated asset objects reloaded before import = 0
Number of asset objects unloaded after import = 3
========================================================================
Received Import Request.
  Time since last request: 0.000026 seconds.
  path: Assets/GoldenSkullStudios/2D/2D_Iso_Tile_Pack_Starter/Autotiles/Roof_Hay_Simple/Sprites/ISO_Roof_Hay_01_C2_W.png
  artifactKey: Guid(a2cc0f705d138d147b768560680fbec7) Importer(2089858483,0ecaa5967403d082aa24f35e1b516d23)
Start importing Assets/GoldenSkullStudios/2D/2D_Iso_Tile_Pack_Starter/Autotiles/Roof_Hay_Simple/Sprites/ISO_Roof_Hay_01_C2_W.png using Guid(a2cc0f705d138d147b768560680fbec7) Importer(2089858483,0ecaa5967403d082aa24f35e1b516d23) [PhysX] Initialized MultithreadedTaskDispatcher with 12 workers.
 -> (artifact id: 'ceab5d807024a8d4789f0508830892cb') in 0.024820 seconds
Number of updated asset objects reloaded before import = 0
Number of asset objects unloaded after import = 3
========================================================================
Received Import Request.
  Time since last request: 0.000026 seconds.
  path: Assets/GoldenSkullStudios/2D/2D_Iso_Tile_Pack_Starter/Sprites/Dirt/ISO_Tile_Mud_02.png
  artifactKey: Guid(951949fe22d8c98408f1d19a88cc260a) Importer(2089858483,0ecaa5967403d082aa24f35e1b516d23)
Start importing Assets/GoldenSkullStudios/2D/2D_Iso_Tile_Pack_Starter/Sprites/Dirt/ISO_Tile_Mud_02.png using Guid(951949fe22d8c98408f1d19a88cc260a) Importer(2089858483,0ecaa5967403d082aa24f35e1b516d23) [PhysX] Initialized MultithreadedTaskDispatcher with 12 workers.
 -> (artifact id: 'bef475dd36dd4026f5b21784aa1e6c8b') in 0.024040 seconds
Number of updated asset objects reloaded before import = 0
Number of asset objects unloaded after import = 3
========================================================================
Received Import Request.
  Time since last request: 0.000019 seconds.
  path: Assets/GoldenSkullStudios/2D/2D_Iso_Tile_Pack_Starter/Sprites/Low/Tiles/ISO_LowTile_DirtToStoneTransition_02.asset
  artifactKey: Guid(f817e81f58be3974383c896113026cb9) Importer(2089858483,0ecaa5967403d082aa24f35e1b516d23)
Start importing Assets/GoldenSkullStudios/2D/2D_Iso_Tile_Pack_Starter/Sprites/Low/Tiles/ISO_LowTile_DirtToStoneTransition_02.asset using Guid(f817e81f58be3974383c896113026cb9) Importer(2089858483,0ecaa5967403d082aa24f35e1b516d23) [PhysX] Initialized MultithreadedTaskDispatcher with 12 workers.
 -> (artifact id: '92a086e141b8337bf0260bb285be794a') in 0.026390 seconds
Number of updated asset objects reloaded before import = 0
Number of asset objects unloaded after import = 3
========================================================================
Received Import Request.
  Time since last request: 0.000021 seconds.
  path: Assets/GoldenSkullStudios/2D/2D_Iso_Tile_Pack_Starter/Sprites/Stone/Tiles/ISO_Tile_Stone_03.asset
  artifactKey: Guid(90393db5209b10444940271c561f67e7) Importer(2089858483,0ecaa5967403d082aa24f35e1b516d23)
Start importing Assets/GoldenSkullStudios/2D/2D_Iso_Tile_Pack_Starter/Sprites/Stone/Tiles/ISO_Tile_Stone_03.asset using Guid(90393db5209b10444940271c561f67e7) Importer(2089858483,0ecaa5967403d082aa24f35e1b516d23) [PhysX] Initialized MultithreadedTaskDispatcher with 12 workers.
 -> (artifact id: '995a02f966f6e34b4d6cc868408b1347') in 0.039681 seconds
Number of updated asset objects reloaded before import = 0
Number of asset objects unloaded after import = 3
========================================================================
Received Import Request.
  Time since last request: 0.000020 seconds.
  path: Assets/GoldenSkullStudios/2D/2D_Iso_Tile_Pack_Starter/Autotiles/Roof_Hay_Simple/Sprites/Tiles/ISO_Roof_Hay_01_T_C2_SE-NE.asset
  artifactKey: Guid(6af662025805fc74b9d91dc09da61c1c) Importer(2089858483,0ecaa5967403d082aa24f35e1b516d23)
Start importing Assets/GoldenSkullStudios/2D/2D_Iso_Tile_Pack_Starter/Autotiles/Roof_Hay_Simple/Sprites/Tiles/ISO_Roof_Hay_01_T_C2_SE-NE.asset using Guid(6af662025805fc74b9d91dc09da61c1c) Importer(2089858483,0ecaa5967403d082aa24f35e1b516d23) [PhysX] Initialized MultithreadedTaskDispatcher with 12 workers.
 -> (artifact id: '999be4c74954b837afe00604e585de9f') in 0.029337 seconds
Number of updated asset objects reloaded before import = 0
Number of asset objects unloaded after import = 3
========================================================================
Received Import Request.
  Time since last request: 0.000034 seconds.
  path: Assets/GoldenSkullStudios/2D/2D_Iso_Tile_Pack_Starter/Autotiles/WaterBlock_Shores_Complex/Sprites/ISO_Tile_Water_Shore_1S1C_02.png
  artifactKey: Guid(7de66a47d8bcc884a82b6d182079c79b) Importer(2089858483,0ecaa5967403d082aa24f35e1b516d23)
Start importing Assets/GoldenSkullStudios/2D/2D_Iso_Tile_Pack_Starter/Autotiles/WaterBlock_Shores_Complex/Sprites/ISO_Tile_Water_Shore_1S1C_02.png using Guid(7de66a47d8bcc884a82b6d182079c79b) Importer(2089858483,0ecaa5967403d082aa24f35e1b516d23) [PhysX] Initialized MultithreadedTaskDispatcher with 12 workers.
 -> (artifact id: 'f86329608635f9292f7d3ecf229a6d57') in 0.026562 seconds
Number of updated asset objects reloaded before import = 0
Number of asset objects unloaded after import = 3
========================================================================
Received Import Request.
  Time since last request: 0.000023 seconds.
  path: Assets/GoldenSkullStudios/2D/2D_Iso_Tile_Pack_Starter/Autotiles/Roof_Hay_Simple/Sprites/Tiles/ISO_Roof_Hay_01_T_C3_NE.asset
  artifactKey: Guid(34ba71e8579234443a47f943f3c6121d) Importer(2089858483,0ecaa5967403d082aa24f35e1b516d23)
Start importing Assets/GoldenSkullStudios/2D/2D_Iso_Tile_Pack_Starter/Autotiles/Roof_Hay_Simple/Sprites/Tiles/ISO_Roof_Hay_01_T_C3_NE.asset using Guid(34ba71e8579234443a47f943f3c6121d) Importer(2089858483,0ecaa5967403d082aa24f35e1b516d23) [PhysX] Initialized MultithreadedTaskDispatcher with 12 workers.
 -> (artifact id: '32ef63857d3c70772e4839577284eef1') in 0.022896 seconds
Number of updated asset objects reloaded before import = 0
Number of asset objects unloaded after import = 3
========================================================================
Received Import Request.
  Time since last request: 0.000020 seconds.
  path: Assets/GoldenSkullStudios/2D/2D_Iso_Tile_Pack_Starter/Autotiles/Fence/Rule Tile/ISO_Autotile_Fence_01_Short 1.asset
  artifactKey: Guid(1afeaf324500dc34aba962a51c0dc301) Importer(2089858483,0ecaa5967403d082aa24f35e1b516d23)
Start importing Assets/GoldenSkullStudios/2D/2D_Iso_Tile_Pack_Starter/Autotiles/Fence/Rule Tile/ISO_Autotile_Fence_01_Short 1.asset using Guid(1afeaf324500dc34aba962a51c0dc301) Importer(2089858483,0ecaa5967403d082aa24f35e1b516d23) [PhysX] Initialized MultithreadedTaskDispatcher with 12 workers.
 -> (artifact id: '0c483f14bd8016caebe208cf79fde0cd') in 0.092488 seconds
Number of updated asset objects reloaded before import = 0
Number of asset objects unloaded after import = 17
========================================================================
Received Import Request.
  Time since last request: 0.000021 seconds.
  path: Assets/GoldenSkullStudios/2D/2D_Iso_Tile_Pack_Starter/Autotiles/WaterBlock_Shores_Complex/Sprites/ISO_Tile_Water_Shore_1S2C_01.png
  artifactKey: Guid(89954f53ba60e7c4f840428abe52efa5) Importer(2089858483,0ecaa5967403d082aa24f35e1b516d23)
Start importing Assets/GoldenSkullStudios/2D/2D_Iso_Tile_Pack_Starter/Autotiles/WaterBlock_Shores_Complex/Sprites/ISO_Tile_Water_Shore_1S2C_01.png using Guid(89954f53ba60e7c4f840428abe52efa5) Importer(2089858483,0ecaa5967403d082aa24f35e1b516d23) [PhysX] Initialized MultithreadedTaskDispatcher with 12 workers.
 -> (artifact id: 'a3ad4d86f3202e52c3833ff6d2cfe88c') in 0.028641 seconds
Number of updated asset objects reloaded before import = 0
Number of asset objects unloaded after import = 3
========================================================================
Received Import Request.
  Time since last request: 0.000017 seconds.
  path: Assets/GoldenSkullStudios/2D/2D_Iso_Tile_Pack_Starter/Autotiles/Roof_Hay_Simple/Sprites/Tiles/ISO_Roof_Hay_01_T_C3_SW.asset
  artifactKey: Guid(ba65f548c7d43cb40b5f0dac42d3d801) Importer(2089858483,0ecaa5967403d082aa24f35e1b516d23)
Start importing Assets/GoldenSkullStudios/2D/2D_Iso_Tile_Pack_Starter/Autotiles/Roof_Hay_Simple/Sprites/Tiles/ISO_Roof_Hay_01_T_C3_SW.asset using Guid(ba65f548c7d43cb40b5f0dac42d3d801) Importer(2089858483,0ecaa5967403d082aa24f35e1b516d23) [PhysX] Initialized MultithreadedTaskDispatcher with 12 workers.
 -> (artifact id: '4779e9233050fd36c89cf26fcb1dfa37') in 0.024740 seconds
Number of updated asset objects reloaded before import = 0
Number of asset objects unloaded after import = 3
========================================================================
Received Import Request.
  Time since last request: 0.000022 seconds.
  path: Assets/GoldenSkullStudios/2D/2D_Iso_Tile_Pack_Starter/Sprites/Dirt
  artifactKey: Guid(6f32953e22e1b9441b06b57f4caf9458) Importer(2089858483,0ecaa5967403d082aa24f35e1b516d23)
Start importing Assets/GoldenSkullStudios/2D/2D_Iso_Tile_Pack_Starter/Sprites/Dirt using Guid(6f32953e22e1b9441b06b57f4caf9458) Importer(2089858483,0ecaa5967403d082aa24f35e1b516d23) [PhysX] Initialized MultithreadedTaskDispatcher with 12 workers.
 -> (artifact id: '85bf370313a8c20b02307db7a8ecf9a3') in 0.011226 seconds
Number of updated asset objects reloaded before import = 0
Number of asset objects unloaded after import = 1
========================================================================
Received Import Request.
  Time since last request: 0.000019 seconds.
  path: Assets/GoldenSkullStudios/2D/2D_Iso_Tile_Pack_Starter/Sprites/Sand
  artifactKey: Guid(4ecb08fe1e574a84f958f98ba13a7500) Importer(2089858483,0ecaa5967403d082aa24f35e1b516d23)
Start importing Assets/GoldenSkullStudios/2D/2D_Iso_Tile_Pack_Starter/Sprites/Sand using Guid(4ecb08fe1e574a84f958f98ba13a7500) Importer(2089858483,0ecaa5967403d082aa24f35e1b516d23) [PhysX] Initialized MultithreadedTaskDispatcher with 12 workers.
 -> (artifact id: '5c3207dac2301d33ae9d27360b79e936') in 0.010809 seconds
Number of updated asset objects reloaded before import = 0
Number of asset objects unloaded after import = 1
========================================================================
Received Import Request.
  Time since last request: 0.000026 seconds.
  path: Assets/GoldenSkullStudios/2D/2D_Iso_Tile_Pack_Starter/Sprites/Foliage
  artifactKey: Guid(5b9a6c5300ff9004eb7a56da58b545ad) Importer(2089858483,0ecaa5967403d082aa24f35e1b516d23)
Start importing Assets/GoldenSkullStudios/2D/2D_Iso_Tile_Pack_Starter/Sprites/Foliage using Guid(5b9a6c5300ff9004eb7a56da58b545ad) Importer(2089858483,0ecaa5967403d082aa24f35e1b516d23) [PhysX] Initialized MultithreadedTaskDispatcher with 12 workers.
 -> (artifact id: '5660c37973e32e6206a9e6beb91ffcd7') in 0.012053 seconds
Number of updated asset objects reloaded before import = 0
Number of asset objects unloaded after import = 1
========================================================================
Received Import Request.
  Time since last request: 0.000018 seconds.
  path: Assets/GoldenSkullStudios/2D/2D_Iso_Tile_Pack_Starter/Autotiles/Roof_Hay_Simple/Sprites/ISO_Roof_Hay_01_S1_SW.png
  artifactKey: Guid(e33b8442fb5d34f45974eeff1d58ba4c) Importer(2089858483,0ecaa5967403d082aa24f35e1b516d23)
Start importing Assets/GoldenSkullStudios/2D/2D_Iso_Tile_Pack_Starter/Autotiles/Roof_Hay_Simple/Sprites/ISO_Roof_Hay_01_S1_SW.png using Guid(e33b8442fb5d34f45974eeff1d58ba4c) Importer(2089858483,0ecaa5967403d082aa24f35e1b516d23) [PhysX] Initialized MultithreadedTaskDispatcher with 12 workers.
 -> (artifact id: '1084ae9d11b18adad9e278326f477915') in 0.025268 seconds
Number of updated asset objects reloaded before import = 0
Number of asset objects unloaded after import = 3
========================================================================
Received Import Request.
  Time since last request: 0.000022 seconds.
  path: Assets/GoldenSkullStudios/2D/2D_Iso_Tile_Pack_Starter/Sprites/Wood/ISO_Tile_Wood_01.png
  artifactKey: Guid(a416a1a7d55496a47950196a3edecb91) Importer(2089858483,0ecaa5967403d082aa24f35e1b516d23)
Start importing Assets/GoldenSkullStudios/2D/2D_Iso_Tile_Pack_Starter/Sprites/Wood/ISO_Tile_Wood_01.png using Guid(a416a1a7d55496a47950196a3edecb91) Importer(2089858483,0ecaa5967403d082aa24f35e1b516d23) [PhysX] Initialized MultithreadedTaskDispatcher with 12 workers.
 -> (artifact id: '9b239144db2809bc4d144b862bab9185') in 0.032475 seconds
Number of updated asset objects reloaded before import = 0
Number of asset objects unloaded after import = 3
========================================================================
Received Import Request.
  Time since last request: 0.000016 seconds.
  path: Assets/GoldenSkullStudios/2D/2D_Iso_Tile_Pack_Starter/Autotiles/Stairs_Simple/Sprites
  artifactKey: Guid(2f3f9a3f2854a7645adfb1e325b91059) Importer(2089858483,0ecaa5967403d082aa24f35e1b516d23)
Start importing Assets/GoldenSkullStudios/2D/2D_Iso_Tile_Pack_Starter/Autotiles/Stairs_Simple/Sprites using Guid(2f3f9a3f2854a7645adfb1e325b91059) Importer(2089858483,0ecaa5967403d082aa24f35e1b516d23) [PhysX] Initialized MultithreadedTaskDispatcher with 12 workers.
 -> (artifact id: '9fbceb90a45edc5a9b5615417aeffa22') in 0.010482 seconds
Number of updated asset objects reloaded before import = 0
Number of asset objects unloaded after import = 1
========================================================================
Received Import Request.
  Time since last request: 0.000022 seconds.
  path: Assets/GoldenSkullStudios/2D/2D_Iso_Tile_Pack_Starter/Sprites/Lava/ISO_Tile_Mud_03.png
  artifactKey: Guid(bfa269768df10874394934d69634e6fd) Importer(2089858483,0ecaa5967403d082aa24f35e1b516d23)
Start importing Assets/GoldenSkullStudios/2D/2D_Iso_Tile_Pack_Starter/Sprites/Lava/ISO_Tile_Mud_03.png using Guid(bfa269768df10874394934d69634e6fd) Importer(2089858483,0ecaa5967403d082aa24f35e1b516d23) [PhysX] Initialized MultithreadedTaskDispatcher with 12 workers.
 -> (artifact id: '8d2bfc9a2492caf95facff20c6fedb4b') in 0.023988 seconds
Number of updated asset objects reloaded before import = 0
Number of asset objects unloaded after import = 3
========================================================================
Received Import Request.
  Time since last request: 0.000022 seconds.
  path: Assets/GoldenSkullStudios/2D/2D_Iso_Tile_Pack_Starter/Sprites/Overlay/ISO_Overlay_Glow_02.png
  artifactKey: Guid(84c6f0f8006966a4fa3b1b8ed8a8cffb) Importer(2089858483,0ecaa5967403d082aa24f35e1b516d23)
Start importing Assets/GoldenSkullStudios/2D/2D_Iso_Tile_Pack_Starter/Sprites/Overlay/ISO_Overlay_Glow_02.png using Guid(84c6f0f8006966a4fa3b1b8ed8a8cffb) Importer(2089858483,0ecaa5967403d082aa24f35e1b516d23) [PhysX] Initialized MultithreadedTaskDispatcher with 12 workers.
 -> (artifact id: '55c19e70af24173d84b84133c64cc314') in 0.032293 seconds
Number of updated asset objects reloaded before import = 0
Number of asset objects unloaded after import = 3
========================================================================
Received Import Request.
  Time since last request: 0.000018 seconds.
  path: Assets/GoldenSkullStudios/2D/2D_Iso_Tile_Pack_Starter/Autotiles/Roof_Hay_Simple/Sprites/ISO_Roof_Hay_01_S1_NE.png
  artifactKey: Guid(8957f179720588b419317ae5a8ce9772) Importer(2089858483,0ecaa5967403d082aa24f35e1b516d23)
Start importing Assets/GoldenSkullStudios/2D/2D_Iso_Tile_Pack_Starter/Autotiles/Roof_Hay_Simple/Sprites/ISO_Roof_Hay_01_S1_NE.png using Guid(8957f179720588b419317ae5a8ce9772) Importer(2089858483,0ecaa5967403d082aa24f35e1b516d23) [PhysX] Initialized MultithreadedTaskDispatcher with 12 workers.
 -> (artifact id: 'b4c9a6ae9ee38318416184d753e485ae') in 0.025981 seconds
Number of updated asset objects reloaded before import = 0
Number of asset objects unloaded after import = 3
========================================================================
Received Import Request.
  Time since last request: 0.000018 seconds.
  path: Assets/SPUM/Backup/SPUM_20240911215639234_Backup.Prefab
  artifactKey: Guid(a77f2796fd776459c9b84d0b63c90e3a) Importer(2089858483,0ecaa5967403d082aa24f35e1b516d23)
Start importing Assets/SPUM/Backup/SPUM_20240911215639234_Backup.Prefab using Guid(a77f2796fd776459c9b84d0b63c90e3a) Importer(2089858483,0ecaa5967403d082aa24f35e1b516d23) [PhysX] Initialized MultithreadedTaskDispatcher with 12 workers.
 -> (artifact id: 'be460a2d5a74ea2d814914a6e382bed0') in 0.067915 seconds
Number of updated asset objects reloaded before import = 0
Number of asset objects unloaded after import = 248
========================================================================
Received Import Request.
  Time since last request: 0.000023 seconds.
  path: Assets/GoldenSkullStudios/2D/2D_Iso_Tile_Pack_Starter/Sprites/Lava/ISO_Tile_Lava_02.png
  artifactKey: Guid(eef2814b295b565498b6c5a7d12f33e7) Importer(2089858483,0ecaa5967403d082aa24f35e1b516d23)
Start importing Assets/GoldenSkullStudios/2D/2D_Iso_Tile_Pack_Starter/Sprites/Lava/ISO_Tile_Lava_02.png using Guid(eef2814b295b565498b6c5a7d12f33e7) Importer(2089858483,0ecaa5967403d082aa24f35e1b516d23) [PhysX] Initialized MultithreadedTaskDispatcher with 12 workers.
 -> (artifact id: '255015f960964e3f772ba6d5b48ff3e4') in 0.025274 seconds
Number of updated asset objects reloaded before import = 0
Number of asset objects unloaded after import = 3
========================================================================
Received Import Request.
  Time since last request: 0.000029 seconds.
  path: Assets/GoldenSkullStudios/2D/2D_Iso_Tile_Pack_Starter/Autotiles/Roof_Hay_Simple/Sprites/Tiles/ISO_Roof_Hay_01_T_C3_NW.asset
  artifactKey: Guid(51154a81a11a3d8439bcdf1215374943) Importer(2089858483,0ecaa5967403d082aa24f35e1b516d23)
Start importing Assets/GoldenSkullStudios/2D/2D_Iso_Tile_Pack_Starter/Autotiles/Roof_Hay_Simple/Sprites/Tiles/ISO_Roof_Hay_01_T_C3_NW.asset using Guid(51154a81a11a3d8439bcdf1215374943) Importer(2089858483,0ecaa5967403d082aa24f35e1b516d23) [PhysX] Initialized MultithreadedTaskDispatcher with 12 workers.
 -> (artifact id: '73b0983519283abc8d16f1339439a8af') in 0.025035 seconds
Number of updated asset objects reloaded before import = 0
Number of asset objects unloaded after import = 3
========================================================================
Received Import Request.
  Time since last request: 0.000018 seconds.
  path: Assets/GoldenSkullStudios/2D/2D_Iso_Tile_Pack_Starter/Autotiles/Fence/Sprites/ISO_Fence_01_C2E.png
  artifactKey: Guid(c2e17146b62498e489fe3d82bb2df8ca) Importer(2089858483,0ecaa5967403d082aa24f35e1b516d23)
Start importing Assets/GoldenSkullStudios/2D/2D_Iso_Tile_Pack_Starter/Autotiles/Fence/Sprites/ISO_Fence_01_C2E.png using Guid(c2e17146b62498e489fe3d82bb2df8ca) Importer(2089858483,0ecaa5967403d082aa24f35e1b516d23) [PhysX] Initialized MultithreadedTaskDispatcher with 12 workers.
 -> (artifact id: 'efa5019f34f071876857e8203148c906') in 0.026508 seconds
Number of updated asset objects reloaded before import = 0
Number of asset objects unloaded after import = 3
========================================================================
Received Import Request.
  Time since last request: 0.000018 seconds.
  path: Assets/GoldenSkullStudios/2D/2D_Iso_Tile_Pack_Starter/Sprites/Overlay/ISO_Overlay_Grass_Half_V_01.png
  artifactKey: Guid(9caaffbb44d47cf4d81e42ffb704389e) Importer(2089858483,0ecaa5967403d082aa24f35e1b516d23)
Start importing Assets/GoldenSkullStudios/2D/2D_Iso_Tile_Pack_Starter/Sprites/Overlay/ISO_Overlay_Grass_Half_V_01.png using Guid(9caaffbb44d47cf4d81e42ffb704389e) Importer(2089858483,0ecaa5967403d082aa24f35e1b516d23) [PhysX] Initialized MultithreadedTaskDispatcher with 12 workers.
 -> (artifact id: 'cb83d89468e54d75f802e0b7fd60f19d') in 0.027272 seconds
Number of updated asset objects reloaded before import = 0
Number of asset objects unloaded after import = 3
========================================================================
Received Import Request.
  Time since last request: 0.000022 seconds.
  path: Assets/GoldenSkullStudios/2D/2D_Iso_Tile_Pack_Starter/Sprites/Overlay/ISO_Overlay_Grass_Patch__H_02.png
  artifactKey: Guid(39c46cd7b33b3d44b9ef3a19d7741763) Importer(2089858483,0ecaa5967403d082aa24f35e1b516d23)
Start importing Assets/GoldenSkullStudios/2D/2D_Iso_Tile_Pack_Starter/Sprites/Overlay/ISO_Overlay_Grass_Patch__H_02.png using Guid(39c46cd7b33b3d44b9ef3a19d7741763) Importer(2089858483,0ecaa5967403d082aa24f35e1b516d23) [PhysX] Initialized MultithreadedTaskDispatcher with 12 workers.
 -> (artifact id: 'bf007ce992989aaf6a6c44d453c4d4d6') in 0.025720 seconds
Number of updated asset objects reloaded before import = 0
Number of asset objects unloaded after import = 3
========================================================================
Received Import Request.
  Time since last request: 0.000019 seconds.
  path: Assets/GoldenSkullStudios/2D/2D_Iso_Tile_Pack_Starter/Sprites/Overlay/ISO_Overlay_Grass_Patch__H_01.png
  artifactKey: Guid(5c809256ff0eb254a99ffbe029ba5513) Importer(2089858483,0ecaa5967403d082aa24f35e1b516d23)
Start importing Assets/GoldenSkullStudios/2D/2D_Iso_Tile_Pack_Starter/Sprites/Overlay/ISO_Overlay_Grass_Patch__H_01.png using Guid(5c809256ff0eb254a99ffbe029ba5513) Importer(2089858483,0ecaa5967403d082aa24f35e1b516d23) [PhysX] Initialized MultithreadedTaskDispatcher with 12 workers.
 -> (artifact id: '11d5567786e6e3b160448475241df856') in 0.032683 seconds
Number of updated asset objects reloaded before import = 0
Number of asset objects unloaded after import = 3
========================================================================
Received Import Request.
  Time since last request: 0.000017 seconds.
  path: Assets/GoldenSkullStudios/2D/2D_Iso_Tile_Pack_Starter/Sprites/Dirt/ISO_Tile_Dirt_02_ToStone_01.png
  artifactKey: Guid(8ba6494715c915547b322c0c281b7b78) Importer(2089858483,0ecaa5967403d082aa24f35e1b516d23)
Start importing Assets/GoldenSkullStudios/2D/2D_Iso_Tile_Pack_Starter/Sprites/Dirt/ISO_Tile_Dirt_02_ToStone_01.png using Guid(8ba6494715c915547b322c0c281b7b78) Importer(2089858483,0ecaa5967403d082aa24f35e1b516d23) [PhysX] Initialized MultithreadedTaskDispatcher with 12 workers.
 -> (artifact id: '907318e61efd13b9a1e6d8f8ea46bb63') in 0.022834 seconds
Number of updated asset objects reloaded before import = 0
Number of asset objects unloaded after import = 3
========================================================================
Received Import Request.
  Time since last request: 0.000016 seconds.
  path: Assets/GoldenSkullStudios/2D/2D_Iso_Tile_Pack_Starter/Sprites/Low/Tiles
  artifactKey: Guid(29f1d13b3610f3f4cb4243d9b9cdbd03) Importer(2089858483,0ecaa5967403d082aa24f35e1b516d23)
Start importing Assets/GoldenSkullStudios/2D/2D_Iso_Tile_Pack_Starter/Sprites/Low/Tiles using Guid(29f1d13b3610f3f4cb4243d9b9cdbd03) Importer(2089858483,0ecaa5967403d082aa24f35e1b516d23) [PhysX] Initialized MultithreadedTaskDispatcher with 12 workers.
 -> (artifact id: 'd72b8050986ac97045bd1073e5f53d9c') in 0.011081 seconds
Number of updated asset objects reloaded before import = 0
Number of asset objects unloaded after import = 1
========================================================================
Received Import Request.
  Time since last request: 0.000021 seconds.
  path: Assets/GoldenSkullStudios/2D/2D_Iso_Tile_Pack_Starter/Sprites/Skin/ISO_Tile_Skin_01_Smooth.png
  artifactKey: Guid(267892a36f5951b4ebe1e7343b465ac9) Importer(2089858483,0ecaa5967403d082aa24f35e1b516d23)
Start importing Assets/GoldenSkullStudios/2D/2D_Iso_Tile_Pack_Starter/Sprites/Skin/ISO_Tile_Skin_01_Smooth.png using Guid(267892a36f5951b4ebe1e7343b465ac9) Importer(2089858483,0ecaa5967403d082aa24f35e1b516d23) [PhysX] Initialized MultithreadedTaskDispatcher with 12 workers.
 -> (artifact id: '461cc2d7f769e7669d1f1d6dbdaee864') in 0.025228 seconds
Number of updated asset objects reloaded before import = 0
Number of asset objects unloaded after import = 3
========================================================================
Received Import Request.
  Time since last request: 0.000019 seconds.
  path: Assets/GoldenSkullStudios/2D/2D_Iso_Tile_Pack_Starter/Autotiles/Fence/Sprites/ISO_Fence_01_Fence01 4.png
  artifactKey: Guid(475985155edd81d4ea9821e7b5635d14) Importer(2089858483,0ecaa5967403d082aa24f35e1b516d23)
Start importing Assets/GoldenSkullStudios/2D/2D_Iso_Tile_Pack_Starter/Autotiles/Fence/Sprites/ISO_Fence_01_Fence01 4.png using Guid(475985155edd81d4ea9821e7b5635d14) Importer(2089858483,0ecaa5967403d082aa24f35e1b516d23) [PhysX] Initialized MultithreadedTaskDispatcher with 12 workers.
 -> (artifact id: 'c968355bf43f158529811e29590d8c5c') in 0.031590 seconds
Number of updated asset objects reloaded before import = 0
Number of asset objects unloaded after import = 3
========================================================================
Received Import Request.
  Time since last request: 0.000024 seconds.
  path: Assets/GoldenSkullStudios/2D/2D_Iso_Tile_Pack_Starter/Sprites/Sand/Tiles
  artifactKey: Guid(b0e45f448bd80014ba5fc3b7e2c5071a) Importer(2089858483,0ecaa5967403d082aa24f35e1b516d23)
Start importing Assets/GoldenSkullStudios/2D/2D_Iso_Tile_Pack_Starter/Sprites/Sand/Tiles using Guid(b0e45f448bd80014ba5fc3b7e2c5071a) Importer(2089858483,0ecaa5967403d082aa24f35e1b516d23) [PhysX] Initialized MultithreadedTaskDispatcher with 12 workers.
 -> (artifact id: '3919d3546dd4b4175d5d64dbe32f3356') in 0.012129 seconds
Number of updated asset objects reloaded before import = 0
Number of asset objects unloaded after import = 1
========================================================================
Received Import Request.
  Time since last request: 0.000026 seconds.
  path: Assets/GoldenSkullStudios/2D/2D_Iso_Tile_Pack_Starter/Sprites/Overlay/ISO_Overlay_Grass_Patch_02_H_01.png
  artifactKey: Guid(f1c54e49b8e6a294d90bfd7e637f460c) Importer(2089858483,0ecaa5967403d082aa24f35e1b516d23)
Start importing Assets/GoldenSkullStudios/2D/2D_Iso_Tile_Pack_Starter/Sprites/Overlay/ISO_Overlay_Grass_Patch_02_H_01.png using Guid(f1c54e49b8e6a294d90bfd7e637f460c) Importer(2089858483,0ecaa5967403d082aa24f35e1b516d23) [PhysX] Initialized MultithreadedTaskDispatcher with 12 workers.
 -> (artifact id: '158cdd050baae4693d288a7aff6b70a9') in 0.035115 seconds
Number of updated asset objects reloaded before import = 0
Number of asset objects unloaded after import = 3
========================================================================
Received Import Request.
  Time since last request: 0.000023 seconds.
  path: Assets/GoldenSkullStudios/2D/2D_Iso_Tile_Pack_Starter/Sprites/Water/Animation_01/Sprites/ISO_Tile_Water_01_Anim_01_F2.png
  artifactKey: Guid(1a603cedd3c448f4881a89937992fcbe) Importer(2089858483,0ecaa5967403d082aa24f35e1b516d23)
Start importing Assets/GoldenSkullStudios/2D/2D_Iso_Tile_Pack_Starter/Sprites/Water/Animation_01/Sprites/ISO_Tile_Water_01_Anim_01_F2.png using Guid(1a603cedd3c448f4881a89937992fcbe) Importer(2089858483,0ecaa5967403d082aa24f35e1b516d23) [PhysX] Initialized MultithreadedTaskDispatcher with 12 workers.
 -> (artifact id: '04c3f0158fca8eac7cd827abfc0fce29') in 0.024069 seconds
Number of updated asset objects reloaded before import = 0
Number of asset objects unloaded after import = 3
========================================================================
Received Import Request.
  Time since last request: 0.000016 seconds.
  path: Assets/GoldenSkullStudios/2D/2D_Iso_Tile_Pack_Starter/Sprites/Overlay/ISO_Overlay_StonePieces_01_Half_V_02.png
  artifactKey: Guid(c1a3bf26a4570784493b03906f787627) Importer(2089858483,0ecaa5967403d082aa24f35e1b516d23)
Start importing Assets/GoldenSkullStudios/2D/2D_Iso_Tile_Pack_Starter/Sprites/Overlay/ISO_Overlay_StonePieces_01_Half_V_02.png using Guid(c1a3bf26a4570784493b03906f787627) Importer(2089858483,0ecaa5967403d082aa24f35e1b516d23) [PhysX] Initialized MultithreadedTaskDispatcher with 12 workers.
 -> (artifact id: 'b8bede19d8c5a239c202344387c3faac') in 0.026253 seconds
Number of updated asset objects reloaded before import = 0
Number of asset objects unloaded after import = 3
========================================================================
Received Import Request.
  Time since last request: 0.000027 seconds.
  path: Assets/GoldenSkullStudios/2D/2D_Iso_Tile_Pack_Starter/Sprites/Grass/Tiles/ISO_Tile_Dirt_01_GrassPath_3Cross_04.asset
  artifactKey: Guid(3a50a46b806a9844ab57c1a362cca3a2) Importer(2089858483,0ecaa5967403d082aa24f35e1b516d23)
Start importing Assets/GoldenSkullStudios/2D/2D_Iso_Tile_Pack_Starter/Sprites/Grass/Tiles/ISO_Tile_Dirt_01_GrassPath_3Cross_04.asset using Guid(3a50a46b806a9844ab57c1a362cca3a2) Importer(2089858483,0ecaa5967403d082aa24f35e1b516d23) [PhysX] Initialized MultithreadedTaskDispatcher with 12 workers.
 -> (artifact id: '9dbe7455d2f6fe60de0ce7cb9ef816b4') in 0.022071 seconds
Number of updated asset objects reloaded before import = 0
Number of asset objects unloaded after import = 3
========================================================================
Received Import Request.
  Time since last request: 0.000017 seconds.
  path: Assets/GoldenSkullStudios/2D/2D_Iso_Tile_Pack_Starter/Sprites/Wood/ISO_Tile_Wood_04.png
  artifactKey: Guid(fd86dfe7337c54a49847b192495cb1d6) Importer(2089858483,0ecaa5967403d082aa24f35e1b516d23)
Start importing Assets/GoldenSkullStudios/2D/2D_Iso_Tile_Pack_Starter/Sprites/Wood/ISO_Tile_Wood_04.png using Guid(fd86dfe7337c54a49847b192495cb1d6) Importer(2089858483,0ecaa5967403d082aa24f35e1b516d23) [PhysX] Initialized MultithreadedTaskDispatcher with 12 workers.
 -> (artifact id: '305c9e6f9fe8254c8ea269bb9303bf2f') in 0.023218 seconds
Number of updated asset objects reloaded before import = 0
Number of asset objects unloaded after import = 3
========================================================================
Received Import Request.
  Time since last request: 0.000018 seconds.
  path: Assets/GoldenSkullStudios/2D/2D_Iso_Tile_Pack_Starter/Sprites/Foliage/Tiles
  artifactKey: Guid(ff3e6097e35bbda4eaf2e4843e690690) Importer(2089858483,0ecaa5967403d082aa24f35e1b516d23)
Start importing Assets/GoldenSkullStudios/2D/2D_Iso_Tile_Pack_Starter/Sprites/Foliage/Tiles using Guid(ff3e6097e35bbda4eaf2e4843e690690) Importer(2089858483,0ecaa5967403d082aa24f35e1b516d23) [PhysX] Initialized MultithreadedTaskDispatcher with 12 workers.
 -> (artifact id: 'e70f8b5ef6d184604e0540abd1587c4c') in 0.011123 seconds
Number of updated asset objects reloaded before import = 0
Number of asset objects unloaded after import = 1
========================================================================
Received Import Request.
  Time since last request: 0.000017 seconds.
  path: Assets/GoldenSkullStudios/2D/2D_Iso_Tile_Pack_Starter/Sprites/Water/Tiles/ISO_Tile_Water_01.asset
  artifactKey: Guid(849ce1f07107df34a82c1977cae6dbfe) Importer(2089858483,0ecaa5967403d082aa24f35e1b516d23)
Start importing Assets/GoldenSkullStudios/2D/2D_Iso_Tile_Pack_Starter/Sprites/Water/Tiles/ISO_Tile_Water_01.asset using Guid(849ce1f07107df34a82c1977cae6dbfe) Importer(2089858483,0ecaa5967403d082aa24f35e1b516d23) [PhysX] Initialized MultithreadedTaskDispatcher with 12 workers.
 -> (artifact id: '9afc7962d57329f78a47938ea144e757') in 0.032248 seconds
Number of updated asset objects reloaded before import = 0
Number of asset objects unloaded after import = 3
========================================================================
Received Import Request.
  Time since last request: 0.000023 seconds.
  path: Assets/GoldenSkullStudios/2D/2D_Iso_Tile_Pack_Starter/Sprites/Water/ISO_Overlay_Water_02.png
  artifactKey: Guid(e7f43ecab1dd89d498a3db6b6bdf2788) Importer(2089858483,0ecaa5967403d082aa24f35e1b516d23)
Start importing Assets/GoldenSkullStudios/2D/2D_Iso_Tile_Pack_Starter/Sprites/Water/ISO_Overlay_Water_02.png using Guid(e7f43ecab1dd89d498a3db6b6bdf2788) Importer(2089858483,0ecaa5967403d082aa24f35e1b516d23) [PhysX] Initialized MultithreadedTaskDispatcher with 12 workers.
 -> (artifact id: 'b324c1499e69917ec773910d5a7d89b1') in 0.024014 seconds
Number of updated asset objects reloaded before import = 0
Number of asset objects unloaded after import = 3
========================================================================
Received Import Request.
  Time since last request: 0.000019 seconds.
  path: Assets/GoldenSkullStudios/2D/2D_Iso_Tile_Pack_Starter/Sprites/Grass/Tiles/ISO_Tile_Dirt_01_GrassPath_Curve_03.asset
  artifactKey: Guid(1a648f13bca3a7f4689a2cb53e1ec592) Importer(2089858483,0ecaa5967403d082aa24f35e1b516d23)
Start importing Assets/GoldenSkullStudios/2D/2D_Iso_Tile_Pack_Starter/Sprites/Grass/Tiles/ISO_Tile_Dirt_01_GrassPath_Curve_03.asset using Guid(1a648f13bca3a7f4689a2cb53e1ec592) Importer(2089858483,0ecaa5967403d082aa24f35e1b516d23) [PhysX] Initialized MultithreadedTaskDispatcher with 12 workers.
 -> (artifact id: '4fa02e4ecb67dbb55fbff97460466e27') in 0.022685 seconds
Number of updated asset objects reloaded before import = 0
Number of asset objects unloaded after import = 3
========================================================================
Received Import Request.
  Time since last request: 0.000024 seconds.
  path: Assets/GoldenSkullStudios/2D/2D_Iso_Tile_Pack_Starter/Sprites/Sand/Tiles/ISO_Tile_Sand_03_ToStone_02.asset
  artifactKey: Guid(018525b1e04000e46857062325c1dd22) Importer(2089858483,0ecaa5967403d082aa24f35e1b516d23)
Start importing Assets/GoldenSkullStudios/2D/2D_Iso_Tile_Pack_Starter/Sprites/Sand/Tiles/ISO_Tile_Sand_03_ToStone_02.asset using Guid(018525b1e04000e46857062325c1dd22) Importer(2089858483,0ecaa5967403d082aa24f35e1b516d23) [PhysX] Initialized MultithreadedTaskDispatcher with 12 workers.
 -> (artifact id: 'f85d493416cbe9b93913c53af0a96e68') in 0.025751 seconds
Number of updated asset objects reloaded before import = 0
Number of asset objects unloaded after import = 3
========================================================================
Received Import Request.
  Time since last request: 0.000028 seconds.
  path: Assets/GoldenSkullStudios/2D/2D_Iso_Tile_Pack_Starter/Sprites/Overlay/ISO_Overlay_Path_End_03.png
  artifactKey: Guid(0d24fd69acb911047a1538d90d9094f6) Importer(2089858483,0ecaa5967403d082aa24f35e1b516d23)
Start importing Assets/GoldenSkullStudios/2D/2D_Iso_Tile_Pack_Starter/Sprites/Overlay/ISO_Overlay_Path_End_03.png using Guid(0d24fd69acb911047a1538d90d9094f6) Importer(2089858483,0ecaa5967403d082aa24f35e1b516d23) [PhysX] Initialized MultithreadedTaskDispatcher with 12 workers.
 -> (artifact id: '77d5fb540e4f08a0f717fb63ed13272a') in 0.023896 seconds
Number of updated asset objects reloaded before import = 0
Number of asset objects unloaded after import = 3
========================================================================
Received Import Request.
  Time since last request: 0.000018 seconds.
  path: Assets/GoldenSkullStudios/2D/2D_Iso_Tile_Pack_Starter/Autotiles/Roof_Hay_Simple/Sprites/Tiles/ISO_Roof_Hay_01_C1_W.asset
  artifactKey: Guid(5ed53a9cf0700d74fb276d2e8f233b39) Importer(2089858483,0ecaa5967403d082aa24f35e1b516d23)
Start importing Assets/GoldenSkullStudios/2D/2D_Iso_Tile_Pack_Starter/Autotiles/Roof_Hay_Simple/Sprites/Tiles/ISO_Roof_Hay_01_C1_W.asset using Guid(5ed53a9cf0700d74fb276d2e8f233b39) Importer(2089858483,0ecaa5967403d082aa24f35e1b516d23) [PhysX] Initialized MultithreadedTaskDispatcher with 12 workers.
 -> (artifact id: '3fd9d0df5b0e7f97d2c2a3daeb6a1d8a') in 0.025379 seconds
Number of updated asset objects reloaded before import = 0
Number of asset objects unloaded after import = 3
========================================================================
Received Import Request.
  Time since last request: 0.000022 seconds.
  path: Assets/GoldenSkullStudios/2D/2D_Iso_Tile_Pack_Starter/Sprites/Low/ISO_LowTile_Sand_02.png
  artifactKey: Guid(035f00ee1289dd147a384068f68ef852) Importer(2089858483,0ecaa5967403d082aa24f35e1b516d23)
Start importing Assets/GoldenSkullStudios/2D/2D_Iso_Tile_Pack_Starter/Sprites/Low/ISO_LowTile_Sand_02.png using Guid(035f00ee1289dd147a384068f68ef852) Importer(2089858483,0ecaa5967403d082aa24f35e1b516d23) [PhysX] Initialized MultithreadedTaskDispatcher with 12 workers.
 -> (artifact id: 'dd577eb1ceb0bedee534053ed83fa936') in 0.025996 seconds
Number of updated asset objects reloaded before import = 0
Number of asset objects unloaded after import = 3
========================================================================
Received Import Request.
  Time since last request: 0.000028 seconds.
  path: Assets/GoldenSkullStudios/2D/2D_Iso_Tile_Pack_Starter/Sprites/Overlay/ISO_Overlay_StonePieces_01_Half_V_01.png
  artifactKey: Guid(3efb15a68f7b8884a93bdc854ef65112) Importer(2089858483,0ecaa5967403d082aa24f35e1b516d23)
Start importing Assets/GoldenSkullStudios/2D/2D_Iso_Tile_Pack_Starter/Sprites/Overlay/ISO_Overlay_StonePieces_01_Half_V_01.png using Guid(3efb15a68f7b8884a93bdc854ef65112) Importer(2089858483,0ecaa5967403d082aa24f35e1b516d23) [PhysX] Initialized MultithreadedTaskDispatcher with 12 workers.
 -> (artifact id: 'c7756cc7abe005ea5492b807ae7ea950') in 0.030705 seconds
Number of updated asset objects reloaded before import = 0
Number of asset objects unloaded after import = 3
========================================================================
Received Import Request.
  Time since last request: 0.000023 seconds.
  path: Assets/GoldenSkullStudios/2D/2D_Iso_Tile_Pack_Starter/Autotiles/Roof_Hay_Simple/Sprites/ISO_Roof_Hay_01_T_C2_SW-NW.png
  artifactKey: Guid(03a5663e875b88e4caaf4c3f61600a85) Importer(2089858483,0ecaa5967403d082aa24f35e1b516d23)
Start importing Assets/GoldenSkullStudios/2D/2D_Iso_Tile_Pack_Starter/Autotiles/Roof_Hay_Simple/Sprites/ISO_Roof_Hay_01_T_C2_SW-NW.png using Guid(03a5663e875b88e4caaf4c3f61600a85) Importer(2089858483,0ecaa5967403d082aa24f35e1b516d23) [PhysX] Initialized MultithreadedTaskDispatcher with 12 workers.
 -> (artifact id: '5559934c494afc96ad7b9cf96abe62d0') in 0.026441 seconds
Number of updated asset objects reloaded before import = 0
Number of asset objects unloaded after import = 3
========================================================================
Received Import Request.
  Time since last request: 0.000019 seconds.
  path: Assets/GoldenSkullStudios/2D/2D_Iso_Tile_Pack_Starter/Autotiles/WaterBlock_Shores_Complex/RuleTile
  artifactKey: Guid(637b7e09c32c594468edafb0ef6cbfb1) Importer(2089858483,0ecaa5967403d082aa24f35e1b516d23)
Start importing Assets/GoldenSkullStudios/2D/2D_Iso_Tile_Pack_Starter/Autotiles/WaterBlock_Shores_Complex/RuleTile using Guid(637b7e09c32c594468edafb0ef6cbfb1) Importer(2089858483,0ecaa5967403d082aa24f35e1b516d23) [PhysX] Initialized MultithreadedTaskDispatcher with 12 workers.
 -> (artifact id: '859bcb5d1196183802887baa4d5ad9ae') in 0.011618 seconds
Number of updated asset objects reloaded before import = 0
Number of asset objects unloaded after import = 1
========================================================================
Received Import Request.
  Time since last request: 0.000020 seconds.
  path: Assets/GoldenSkullStudios/2D/2D_Iso_Tile_Pack_Starter/0_Example_Scenes/Maps/Map_3.prefab
  artifactKey: Guid(820447fb078fb074ab764909a271eff4) Importer(2089858483,0ecaa5967403d082aa24f35e1b516d23)
Start importing Assets/GoldenSkullStudios/2D/2D_Iso_Tile_Pack_Starter/0_Example_Scenes/Maps/Map_3.prefab using Guid(820447fb078fb074ab764909a271eff4) Importer(2089858483,0ecaa5967403d082aa24f35e1b516d23) [PhysX] Initialized MultithreadedTaskDispatcher with 12 workers.
 -> (artifact id: '3173fbdc8d507e03ad4043b292aaffb7') in 0.020692 seconds
Number of updated asset objects reloaded before import = 0
Number of asset objects unloaded after import = 24
========================================================================
Received Import Request.
  Time since last request: 0.000021 seconds.
  path: Assets/GoldenSkullStudios/2D/2D_Iso_Tile_Pack_Starter/Autotiles/Path/Sprites/ISO_Tile_Dirt_01_GrassPath_Single.png
  artifactKey: Guid(4fa1d04c987d2824ab1a53a2abad9069) Importer(2089858483,0ecaa5967403d082aa24f35e1b516d23)
Start importing Assets/GoldenSkullStudios/2D/2D_Iso_Tile_Pack_Starter/Autotiles/Path/Sprites/ISO_Tile_Dirt_01_GrassPath_Single.png using Guid(4fa1d04c987d2824ab1a53a2abad9069) Importer(2089858483,0ecaa5967403d082aa24f35e1b516d23) [PhysX] Initialized MultithreadedTaskDispatcher with 12 workers.
 -> (artifact id: 'cf8285ac49ccfe87b972530f69721663') in 0.023096 seconds
Number of updated asset objects reloaded before import = 0
Number of asset objects unloaded after import = 3
========================================================================
Received Import Request.
  Time since last request: 0.000022 seconds.
  path: Assets/GoldenSkullStudios/2D/2D_Iso_Tile_Pack_Starter/Sprites/Stone/ISO_Tile_Stone_03.png
  artifactKey: Guid(7b90af6ca594e3244b9ef0bd0f20603a) Importer(2089858483,0ecaa5967403d082aa24f35e1b516d23)
Start importing Assets/GoldenSkullStudios/2D/2D_Iso_Tile_Pack_Starter/Sprites/Stone/ISO_Tile_Stone_03.png using Guid(7b90af6ca594e3244b9ef0bd0f20603a) Importer(2089858483,0ecaa5967403d082aa24f35e1b516d23) [PhysX] Initialized MultithreadedTaskDispatcher with 12 workers.
 -> (artifact id: '509da7069e67be0ed40febe15a63d3bc') in 0.024034 seconds
Number of updated asset objects reloaded before import = 0
Number of asset objects unloaded after import = 3
========================================================================
Received Import Request.
  Time since last request: 0.000021 seconds.
  path: Assets/GoldenSkullStudios/2D/2D_Iso_Tile_Pack_Starter/Sprites/Water/Tiles/ISO_Overlay_Water_01.asset
  artifactKey: Guid(4a618593189e44c498e9961593c48856) Importer(2089858483,0ecaa5967403d082aa24f35e1b516d23)
Start importing Assets/GoldenSkullStudios/2D/2D_Iso_Tile_Pack_Starter/Sprites/Water/Tiles/ISO_Overlay_Water_01.asset using Guid(4a618593189e44c498e9961593c48856) Importer(2089858483,0ecaa5967403d082aa24f35e1b516d23) [PhysX] Initialized MultithreadedTaskDispatcher with 12 workers.
 -> (artifact id: 'e4ed8e6a4df2035a541eb30294a5c80a') in 0.023275 seconds
Number of updated asset objects reloaded before import = 0
Number of asset objects unloaded after import = 3
========================================================================
Received Import Request.
  Time since last request: 0.000027 seconds.
  path: Assets/SPUM/Retro UI Set/1_UI_Images/Theme2/07_Resources/Spum_Icon263.png
  artifactKey: Guid(8e78a8a76fd9e4168a4f8eca840d94ca) Importer(2089858483,0ecaa5967403d082aa24f35e1b516d23)
Start importing Assets/SPUM/Retro UI Set/1_UI_Images/Theme2/07_Resources/Spum_Icon263.png using Guid(8e78a8a76fd9e4168a4f8eca840d94ca) Importer(2089858483,0ecaa5967403d082aa24f35e1b516d23) [PhysX] Initialized MultithreadedTaskDispatcher with 12 workers.
 -> (artifact id: 'e5db20fdb6402b0becfae582e384678a') in 0.029929 seconds
Number of updated asset objects reloaded before import = 0
Number of asset objects unloaded after import = 3
========================================================================
Received Import Request.
  Time since last request: 0.000022 seconds.
  path: Assets/SPUM/Retro UI Set/1_UI_Images/Theme2/02_Job/Spum_Icon20.png
  artifactKey: Guid(0935ad7a37c864448a56eceb320985b1) Importer(2089858483,0ecaa5967403d082aa24f35e1b516d23)
Start importing Assets/SPUM/Retro UI Set/1_UI_Images/Theme2/02_Job/Spum_Icon20.png using Guid(0935ad7a37c864448a56eceb320985b1) Importer(2089858483,0ecaa5967403d082aa24f35e1b516d23) [PhysX] Initialized MultithreadedTaskDispatcher with 12 workers.
 -> (artifact id: 'd586b04c695fffa931701d70efcf1a64') in 0.029155 seconds
Number of updated asset objects reloaded before import = 0
Number of asset objects unloaded after import = 3
========================================================================
Received Import Request.
  Time since last request: 0.000025 seconds.
  path: Assets/SPUM/Retro UI Set/1_UI_Images/Theme2/06_UI/Spum_Icon173.png
  artifactKey: Guid(78a95be9e21934476ad453107bf2abfc) Importer(2089858483,0ecaa5967403d082aa24f35e1b516d23)
Start importing Assets/SPUM/Retro UI Set/1_UI_Images/Theme2/06_UI/Spum_Icon173.png using Guid(78a95be9e21934476ad453107bf2abfc) Importer(2089858483,0ecaa5967403d082aa24f35e1b516d23) [PhysX] Initialized MultithreadedTaskDispatcher with 12 workers.
 -> (artifact id: 'd6da50846b2c86cf3dd8484a57a3f604') in 0.030363 seconds
Number of updated asset objects reloaded before import = 0
Number of asset objects unloaded after import = 3
========================================================================
Received Import Request.
  Time since last request: 0.000015 seconds.
  path: Assets/SPUM/Retro UI Set/1_UI_Images/Theme1/02_Icons/2_Extra/Icon_59.png
  artifactKey: Guid(869e26b3b61bd49d68b721384e7cb5d7) Importer(2089858483,0ecaa5967403d082aa24f35e1b516d23)
Start importing Assets/SPUM/Retro UI Set/1_UI_Images/Theme1/02_Icons/2_Extra/Icon_59.png using Guid(869e26b3b61bd49d68b721384e7cb5d7) Importer(2089858483,0ecaa5967403d082aa24f35e1b516d23) [PhysX] Initialized MultithreadedTaskDispatcher with 12 workers.
 -> (artifact id: '93411459576e0cce2bbb9530827bc790') in 0.029398 seconds
Number of updated asset objects reloaded before import = 0
Number of asset objects unloaded after import = 3
========================================================================
Received Import Request.
  Time since last request: 0.000026 seconds.
  path: Assets/SPUM/Retro UI Set/1_UI_Images/Theme1/02_Icons/0_Flat/Icon_Flat__3.png
  artifactKey: Guid(7e36191b2262c466a9af0f7cdf6dded0) Importer(2089858483,0ecaa5967403d082aa24f35e1b516d23)
Start importing Assets/SPUM/Retro UI Set/1_UI_Images/Theme1/02_Icons/0_Flat/Icon_Flat__3.png using Guid(7e36191b2262c466a9af0f7cdf6dded0) Importer(2089858483,0ecaa5967403d082aa24f35e1b516d23) [PhysX] Initialized MultithreadedTaskDispatcher with 12 workers.
 -> (artifact id: '75b6002fdbcd2699797455cb0e455047') in 0.029032 seconds
Number of updated asset objects reloaded before import = 0
Number of asset objects unloaded after import = 3
========================================================================
Received Import Request.
  Time since last request: 0.000019 seconds.
  path: Assets/SPUM/Retro UI Set/1_UI_Images/Theme1/02_Icons/1_Basic/Icon_Quest_WS.png
  artifactKey: Guid(f9102bed4a5ca4c6bbd07bf96cbef893) Importer(2089858483,0ecaa5967403d082aa24f35e1b516d23)
Start importing Assets/SPUM/Retro UI Set/1_UI_Images/Theme1/02_Icons/1_Basic/Icon_Quest_WS.png using Guid(f9102bed4a5ca4c6bbd07bf96cbef893) Importer(2089858483,0ecaa5967403d082aa24f35e1b516d23) [PhysX] Initialized MultithreadedTaskDispatcher with 12 workers.
 -> (artifact id: 'bd5fcada34b7161b90764e78850cf9e0') in 0.028716 seconds
Number of updated asset objects reloaded before import = 0
Number of asset objects unloaded after import = 3
========================================================================
Received Import Request.
  Time since last request: 0.000017 seconds.
  path: Assets/SPUM/Retro UI Set/1_UI_Images/Theme1/01_UI_Images/00_Basic/Image_Select2.png
  artifactKey: Guid(5103a6ae60eca4f5481d1826e81a95f5) Importer(2089858483,0ecaa5967403d082aa24f35e1b516d23)
Start importing Assets/SPUM/Retro UI Set/1_UI_Images/Theme1/01_UI_Images/00_Basic/Image_Select2.png using Guid(5103a6ae60eca4f5481d1826e81a95f5) Importer(2089858483,0ecaa5967403d082aa24f35e1b516d23) [PhysX] Initialized MultithreadedTaskDispatcher with 12 workers.
 -> (artifact id: '0fd3809e49fd71e0c2a4f5ce811296ce') in 0.029878 seconds
Number of updated asset objects reloaded before import = 0
Number of asset objects unloaded after import = 3
========================================================================
Received Import Request.
  Time since last request: 0.000026 seconds.
  path: Assets/SPUM/Retro UI Set/1_UI_Images/Theme1/02_Icons/2_Extra/Icon_39.png
  artifactKey: Guid(00d91276c5703477baeb590095d6bb17) Importer(2089858483,0ecaa5967403d082aa24f35e1b516d23)
Start importing Assets/SPUM/Retro UI Set/1_UI_Images/Theme1/02_Icons/2_Extra/Icon_39.png using Guid(00d91276c5703477baeb590095d6bb17) Importer(2089858483,0ecaa5967403d082aa24f35e1b516d23) [PhysX] Initialized MultithreadedTaskDispatcher with 12 workers.
 -> (artifact id: '3bd5794a88876af26bbd961cb1153cda') in 0.032838 seconds
Number of updated asset objects reloaded before import = 0
Number of asset objects unloaded after import = 3
========================================================================
Received Import Request.
  Time since last request: 0.000038 seconds.
  path: Assets/SPUM/Retro UI Set/1_UI_Images/Theme1/02_Icons/2_Extra/Icon_30.png
  artifactKey: Guid(678a0ad4be47340d49403da6b930716c) Importer(2089858483,0ecaa5967403d082aa24f35e1b516d23)
Start importing Assets/SPUM/Retro UI Set/1_UI_Images/Theme1/02_Icons/2_Extra/Icon_30.png using Guid(678a0ad4be47340d49403da6b930716c) Importer(2089858483,0ecaa5967403d082aa24f35e1b516d23) [PhysX] Initialized MultithreadedTaskDispatcher with 12 workers.
 -> (artifact id: '1c8a42ad0b8e7a1f793011f66790aea1') in 0.028417 seconds
Number of updated asset objects reloaded before import = 0
Number of asset objects unloaded after import = 3
========================================================================
Received Import Request.
  Time since last request: 0.000019 seconds.
  path: Assets/SPUM/Retro UI Set/1_UI_Images/Theme2/06_UI/Spum_Icon158.png
  artifactKey: Guid(583a4efd7a5d041c98552927c6c00f34) Importer(2089858483,0ecaa5967403d082aa24f35e1b516d23)
Start importing Assets/SPUM/Retro UI Set/1_UI_Images/Theme2/06_UI/Spum_Icon158.png using Guid(583a4efd7a5d041c98552927c6c00f34) Importer(2089858483,0ecaa5967403d082aa24f35e1b516d23) [PhysX] Initialized MultithreadedTaskDispatcher with 12 workers.
 -> (artifact id: 'c0242d5a3e552ef27fd6c97cfabd42c6') in 0.030182 seconds
Number of updated asset objects reloaded before import = 0
Number of asset objects unloaded after import = 3
========================================================================
Received Import Request.
  Time since last request: 0.000021 seconds.
  path: Assets/GoldenSkullStudios/2D/2D_Iso_Tile_Pack_Starter/Autotiles/WaterBlock_Shores_Simple/Sprites/ISO_Tile_Water_01.png
  artifactKey: Guid(9ec9745b7c0d583438238366d740427c) Importer(2089858483,0ecaa5967403d082aa24f35e1b516d23)
Start importing Assets/GoldenSkullStudios/2D/2D_Iso_Tile_Pack_Starter/Autotiles/WaterBlock_Shores_Simple/Sprites/ISO_Tile_Water_01.png using Guid(9ec9745b7c0d583438238366d740427c) Importer(2089858483,0ecaa5967403d082aa24f35e1b516d23) [PhysX] Initialized MultithreadedTaskDispatcher with 12 workers.
 -> (artifact id: 'cac6afd5793fd8033995225c39de8a63') in 0.021850 seconds
Number of updated asset objects reloaded before import = 0
Number of asset objects unloaded after import = 3
========================================================================
Received Import Request.
  Time since last request: 0.000018 seconds.
  path: Assets/SPUM/Retro UI Set/1_UI_Images/Theme2/07_Resources/Spum_Icon269.png
  artifactKey: Guid(2b7668097896e4ffba5bef0ff1ee2e5a) Importer(2089858483,0ecaa5967403d082aa24f35e1b516d23)
Start importing Assets/SPUM/Retro UI Set/1_UI_Images/Theme2/07_Resources/Spum_Icon269.png using Guid(2b7668097896e4ffba5bef0ff1ee2e5a) Importer(2089858483,0ecaa5967403d082aa24f35e1b516d23) [PhysX] Initialized MultithreadedTaskDispatcher with 12 workers.
 -> (artifact id: '417842077584ed386ae86ff5e675bbfe') in 0.032059 seconds
Number of updated asset objects reloaded before import = 0
Number of asset objects unloaded after import = 3
========================================================================
Received Import Request.
  Time since last request: 0.000019 seconds.
  path: Assets/SPUM/Retro UI Set/1_UI_Images/Theme2/05_System/Spum_Icon58.png
  artifactKey: Guid(1e06d900555164ab6a9495031a28c0b6) Importer(2089858483,0ecaa5967403d082aa24f35e1b516d23)
Start importing Assets/SPUM/Retro UI Set/1_UI_Images/Theme2/05_System/Spum_Icon58.png using Guid(1e06d900555164ab6a9495031a28c0b6) Importer(2089858483,0ecaa5967403d082aa24f35e1b516d23) [PhysX] Initialized MultithreadedTaskDispatcher with 12 workers.
 -> (artifact id: 'f89c7a0630b4c011ef33699266a42cd5') in 0.029294 seconds
Number of updated asset objects reloaded before import = 0
Number of asset objects unloaded after import = 3
========================================================================
Received Import Request.
  Time since last request: 0.000018 seconds.
  path: Assets/SPUM/Retro UI Set/1_UI_Images/Theme2/05_System/Spum_Icon126.png
  artifactKey: Guid(4944d5038c03e483aa3fe3feef365335) Importer(2089858483,0ecaa5967403d082aa24f35e1b516d23)
Start importing Assets/SPUM/Retro UI Set/1_UI_Images/Theme2/05_System/Spum_Icon126.png using Guid(4944d5038c03e483aa3fe3feef365335) Importer(2089858483,0ecaa5967403d082aa24f35e1b516d23) [PhysX] Initialized MultithreadedTaskDispatcher with 12 workers.
 -> (artifact id: 'b63f079eefb1cad6ad70e176257c083d') in 0.028073 seconds
Number of updated asset objects reloaded before import = 0
Number of asset objects unloaded after import = 3
========================================================================
Received Import Request.
  Time since last request: 0.000021 seconds.
  path: Assets/SPUM/Retro UI Set/1_UI_Images/Theme2/07_Resources/Spum_Icon272.png
  artifactKey: Guid(7701aea4eb0b24f829a4d5587c7b02cd) Importer(2089858483,0ecaa5967403d082aa24f35e1b516d23)
Start importing Assets/SPUM/Retro UI Set/1_UI_Images/Theme2/07_Resources/Spum_Icon272.png using Guid(7701aea4eb0b24f829a4d5587c7b02cd) Importer(2089858483,0ecaa5967403d082aa24f35e1b516d23) [PhysX] Initialized MultithreadedTaskDispatcher with 12 workers.
 -> (artifact id: 'fef8c763876e4845dfe975976fa9a87b') in 0.028577 seconds
Number of updated asset objects reloaded before import = 0
Number of asset objects unloaded after import = 3
========================================================================
Received Import Request.
  Time since last request: 0.000019 seconds.
  path: Assets/SPUM/Retro UI Set/1_UI_Images/Theme1/02_Icons/0_Flat/Icon_Flat__44.png
  artifactKey: Guid(80b92c3296a7743538b7eb844b078aac) Importer(2089858483,0ecaa5967403d082aa24f35e1b516d23)
Start importing Assets/SPUM/Retro UI Set/1_UI_Images/Theme1/02_Icons/0_Flat/Icon_Flat__44.png using Guid(80b92c3296a7743538b7eb844b078aac) Importer(2089858483,0ecaa5967403d082aa24f35e1b516d23) [PhysX] Initialized MultithreadedTaskDispatcher with 12 workers.
 -> (artifact id: '491eb7bb2a3e8c6866f59507f92c9ee4') in 0.028827 seconds
Number of updated asset objects reloaded before import = 0
Number of asset objects unloaded after import = 3
========================================================================
Received Import Request.
  Time since last request: 0.000021 seconds.
  path: Assets/GoldenSkullStudios/2D/2D_Iso_Tile_Pack_Starter/Autotiles/WaterBlock_Shores_Complex/Sprites/ISO_Tile_Water_Shore_2C_01.png
  artifactKey: Guid(ccf8086ce1391004caf2d8fe9eb53de3) Importer(2089858483,0ecaa5967403d082aa24f35e1b516d23)
Start importing Assets/GoldenSkullStudios/2D/2D_Iso_Tile_Pack_Starter/Autotiles/WaterBlock_Shores_Complex/Sprites/ISO_Tile_Water_Shore_2C_01.png using Guid(ccf8086ce1391004caf2d8fe9eb53de3) Importer(2089858483,0ecaa5967403d082aa24f35e1b516d23) [PhysX] Initialized MultithreadedTaskDispatcher with 12 workers.
 -> (artifact id: '1792a67dae545c521c766c316e83ed28') in 0.026924 seconds
Number of updated asset objects reloaded before import = 0
Number of asset objects unloaded after import = 3
========================================================================
Received Import Request.
  Time since last request: 0.000027 seconds.
  path: Assets/GoldenSkullStudios/2D/2D_Iso_Tile_Pack_Starter/Sprites/Brick/Tiles/ISO_Tile_Brick_Brick_04.asset
  artifactKey: Guid(c273b3f360182f14497935d0aa640b06) Importer(2089858483,0ecaa5967403d082aa24f35e1b516d23)
Start importing Assets/GoldenSkullStudios/2D/2D_Iso_Tile_Pack_Starter/Sprites/Brick/Tiles/ISO_Tile_Brick_Brick_04.asset using Guid(c273b3f360182f14497935d0aa640b06) Importer(2089858483,0ecaa5967403d082aa24f35e1b516d23) [PhysX] Initialized MultithreadedTaskDispatcher with 12 workers.
 -> (artifact id: 'aa9168513e9b1a77285cc17cea6cfae4') in 0.021836 seconds
Number of updated asset objects reloaded before import = 0
Number of asset objects unloaded after import = 3
========================================================================
Received Import Request.
  Time since last request: 0.000016 seconds.
  path: Assets/SPUM/Retro UI Set/1_UI_Images/Theme1/02_Icons/2_Extra/Icon_33.png
  artifactKey: Guid(3c75a14c8732644e38cba8578aa6ac74) Importer(2089858483,0ecaa5967403d082aa24f35e1b516d23)
Start importing Assets/SPUM/Retro UI Set/1_UI_Images/Theme1/02_Icons/2_Extra/Icon_33.png using Guid(3c75a14c8732644e38cba8578aa6ac74) Importer(2089858483,0ecaa5967403d082aa24f35e1b516d23) [PhysX] Initialized MultithreadedTaskDispatcher with 12 workers.
 -> (artifact id: '69135db7cf58cf9eae8f7b890a3c5135') in 0.033263 seconds
Number of updated asset objects reloaded before import = 0
Number of asset objects unloaded after import = 3
========================================================================
Received Import Request.
  Time since last request: 0.000018 seconds.
  path: Assets/SPUM/Retro UI Set/1_UI_Images/Theme2/06_UI/Spum_Icon154.png
  artifactKey: Guid(93509f74b69c548dcadb725cdd73a6c6) Importer(2089858483,0ecaa5967403d082aa24f35e1b516d23)
Start importing Assets/SPUM/Retro UI Set/1_UI_Images/Theme2/06_UI/Spum_Icon154.png using Guid(93509f74b69c548dcadb725cdd73a6c6) Importer(2089858483,0ecaa5967403d082aa24f35e1b516d23) [PhysX] Initialized MultithreadedTaskDispatcher with 12 workers.
 -> (artifact id: '681cd51baabea70d37ba2528915def56') in 0.030887 seconds
Number of updated asset objects reloaded before import = 0
Number of asset objects unloaded after import = 3
========================================================================
Received Import Request.
  Time since last request: 0.000020 seconds.
  path: Assets/GoldenSkullStudios/2D/2D_Iso_Tile_Pack_Starter/Sprites/Overlay/ISO_Overlay_Path_Curve_01.png
  artifactKey: Guid(95df30394352b864a8b93321f5d13d72) Importer(2089858483,0ecaa5967403d082aa24f35e1b516d23)
Start importing Assets/GoldenSkullStudios/2D/2D_Iso_Tile_Pack_Starter/Sprites/Overlay/ISO_Overlay_Path_Curve_01.png using Guid(95df30394352b864a8b93321f5d13d72) Importer(2089858483,0ecaa5967403d082aa24f35e1b516d23) [PhysX] Initialized MultithreadedTaskDispatcher with 12 workers.
 -> (artifact id: '26c13594442c3e03a87b4e7eaf44d0d9') in 0.041702 seconds
Number of updated asset objects reloaded before import = 0
Number of asset objects unloaded after import = 3
========================================================================
Received Import Request.
  Time since last request: 0.000022 seconds.
  path: Assets/GoldenSkullStudios/2D/2D_Iso_Tile_Pack_Starter/Sprites/Grass/Tiles/ISO_Tile_Dirt_01_GrassPath_3Cross_02.asset
  artifactKey: Guid(45bf64ef30cbebc40ab3628189ed2ccf) Importer(2089858483,0ecaa5967403d082aa24f35e1b516d23)
Start importing Assets/GoldenSkullStudios/2D/2D_Iso_Tile_Pack_Starter/Sprites/Grass/Tiles/ISO_Tile_Dirt_01_GrassPath_3Cross_02.asset using Guid(45bf64ef30cbebc40ab3628189ed2ccf) Importer(2089858483,0ecaa5967403d082aa24f35e1b516d23) [PhysX] Initialized MultithreadedTaskDispatcher with 12 workers.
 -> (artifact id: 'b77cd76f412eb182a8d99f0610c6a998') in 0.027094 seconds
Number of updated asset objects reloaded before import = 0
Number of asset objects unloaded after import = 3
========================================================================
Received Import Request.
  Time since last request: 0.000017 seconds.
  path: Assets/SPUM/Retro UI Set/1_UI_Images/Theme1/01_UI_Images/01_Box&Btn
  artifactKey: Guid(ca3169e12a8cb49b08fc9431d4435078) Importer(2089858483,0ecaa5967403d082aa24f35e1b516d23)
Start importing Assets/SPUM/Retro UI Set/1_UI_Images/Theme1/01_UI_Images/01_Box&Btn using Guid(ca3169e12a8cb49b08fc9431d4435078) Importer(2089858483,0ecaa5967403d082aa24f35e1b516d23) [PhysX] Initialized MultithreadedTaskDispatcher with 12 workers.
 -> (artifact id: '74f69660a6fba09cb945a7d993d9bf4b') in 0.009144 seconds
Number of updated asset objects reloaded before import = 0
Number of asset objects unloaded after import = 1
========================================================================
Received Import Request.
  Time since last request: 0.000019 seconds.
  path: Assets/SPUM/Retro UI Set/1_UI_Images/Theme2/05_System/Spum_Icon104.png
  artifactKey: Guid(da5cb48f9f55241d3826a8fac3453304) Importer(2089858483,0ecaa5967403d082aa24f35e1b516d23)
Start importing Assets/SPUM/Retro UI Set/1_UI_Images/Theme2/05_System/Spum_Icon104.png using Guid(da5cb48f9f55241d3826a8fac3453304) Importer(2089858483,0ecaa5967403d082aa24f35e1b516d23) [PhysX] Initialized MultithreadedTaskDispatcher with 12 workers.
 -> (artifact id: '0654bc37062a610acfe884f632af73bd') in 0.065291 seconds
Number of updated asset objects reloaded before import = 0
Number of asset objects unloaded after import = 3
========================================================================
Received Import Request.
  Time since last request: 0.000029 seconds.
  path: Assets/SPUM/Retro UI Set/1_UI_Images/Theme1/01_UI_Images/02_Box&Btn_White/Box_Basic2.png
  artifactKey: Guid(ff996b4f2744d48d1b844bf2fe4f9204) Importer(2089858483,0ecaa5967403d082aa24f35e1b516d23)
Start importing Assets/SPUM/Retro UI Set/1_UI_Images/Theme1/01_UI_Images/02_Box&Btn_White/Box_Basic2.png using Guid(ff996b4f2744d48d1b844bf2fe4f9204) Importer(2089858483,0ecaa5967403d082aa24f35e1b516d23) [PhysX] Initialized MultithreadedTaskDispatcher with 12 workers.
 -> (artifact id: 'fdade8086b4738622729d3b64a131a40') in 0.030619 seconds
Number of updated asset objects reloaded before import = 0
Number of asset objects unloaded after import = 3
========================================================================
Received Import Request.
  Time since last request: 0.000027 seconds.
  path: Assets/SPUM/Retro UI Set/1_UI_Images/Theme2/05_System/Spum_Icon51.png
  artifactKey: Guid(715b91e52a26e44fca3967fc7469b289) Importer(2089858483,0ecaa5967403d082aa24f35e1b516d23)
Start importing Assets/SPUM/Retro UI Set/1_UI_Images/Theme2/05_System/Spum_Icon51.png using Guid(715b91e52a26e44fca3967fc7469b289) Importer(2089858483,0ecaa5967403d082aa24f35e1b516d23) [PhysX] Initialized MultithreadedTaskDispatcher with 12 workers.
 -> (artifact id: 'b53aa5f5de349f3646fed80ca69035fb') in 0.027785 seconds
Number of updated asset objects reloaded before import = 0
Number of asset objects unloaded after import = 3
========================================================================
Received Import Request.
  Time since last request: 0.000017 seconds.
  path: Assets/SPUM/Retro UI Set/1_UI_Images/Theme1/02_Icons/2_Extra/Icon_9.png
  artifactKey: Guid(41cf9020d8ba74a6d836d27cbad90ec9) Importer(2089858483,0ecaa5967403d082aa24f35e1b516d23)
Start importing Assets/SPUM/Retro UI Set/1_UI_Images/Theme1/02_Icons/2_Extra/Icon_9.png using Guid(41cf9020d8ba74a6d836d27cbad90ec9) Importer(2089858483,0ecaa5967403d082aa24f35e1b516d23) [PhysX] Initialized MultithreadedTaskDispatcher with 12 workers.
 -> (artifact id: '7573004ddda726ae6c6082beb0714766') in 0.025449 seconds
Number of updated asset objects reloaded before import = 0
Number of asset objects unloaded after import = 3
========================================================================
Received Import Request.
  Time since last request: 0.000016 seconds.
  path: Assets/SPUM/Retro UI Set/1_UI_Images/Theme1/01_UI_Images/05_ResultScreen/Level_Guage1.png
  artifactKey: Guid(d2b1c331c89154c1f963484a0d363ffa) Importer(2089858483,0ecaa5967403d082aa24f35e1b516d23)
Start importing Assets/SPUM/Retro UI Set/1_UI_Images/Theme1/01_UI_Images/05_ResultScreen/Level_Guage1.png using Guid(d2b1c331c89154c1f963484a0d363ffa) Importer(2089858483,0ecaa5967403d082aa24f35e1b516d23) [PhysX] Initialized MultithreadedTaskDispatcher with 12 workers.
 -> (artifact id: '1649f3738dbbb148173543de2671c315') in 0.026390 seconds
Number of updated asset objects reloaded before import = 0
Number of asset objects unloaded after import = 3
========================================================================
Received Import Request.
  Time since last request: 0.000018 seconds.
  path: Assets/SPUM/Retro UI Set/1_UI_Images/Theme2/07_Resources/Spum_Icon285.png
  artifactKey: Guid(a6f658271eafc4e1fb0ba88917bf51bc) Importer(2089858483,0ecaa5967403d082aa24f35e1b516d23)
Start importing Assets/SPUM/Retro UI Set/1_UI_Images/Theme2/07_Resources/Spum_Icon285.png using Guid(a6f658271eafc4e1fb0ba88917bf51bc) Importer(2089858483,0ecaa5967403d082aa24f35e1b516d23) [PhysX] Initialized MultithreadedTaskDispatcher with 12 workers.
 -> (artifact id: '975b3697856cb95d0d03de154aeef7d3') in 0.027509 seconds
Number of updated asset objects reloaded before import = 0
Number of asset objects unloaded after import = 3
========================================================================
Received Import Request.
  Time since last request: 0.000018 seconds.
  path: Assets/GoldenSkullStudios/2D/2D_Iso_Tile_Pack_Starter/Sprites/Overlay/Tiles/ISO_Overlay_Grass_Patch__V_01.asset
  artifactKey: Guid(109c3eafb485b7b479323da684c5f890) Importer(2089858483,0ecaa5967403d082aa24f35e1b516d23)
Start importing Assets/GoldenSkullStudios/2D/2D_Iso_Tile_Pack_Starter/Sprites/Overlay/Tiles/ISO_Overlay_Grass_Patch__V_01.asset using Guid(109c3eafb485b7b479323da684c5f890) Importer(2089858483,0ecaa5967403d082aa24f35e1b516d23) [PhysX] Initialized MultithreadedTaskDispatcher with 12 workers.
 -> (artifact id: '6774af8df7f092a20d04192ae78e1e02') in 0.020478 seconds
Number of updated asset objects reloaded before import = 0
Number of asset objects unloaded after import = 3
========================================================================
Received Import Request.
  Time since last request: 0.000015 seconds.
  path: Assets/SPUM/Retro UI Set/1_UI_Images/Theme2/07_Resources/Spum_Icon218.png
  artifactKey: Guid(02621294d13f74b7f9dd99e1f6981677) Importer(2089858483,0ecaa5967403d082aa24f35e1b516d23)
Start importing Assets/SPUM/Retro UI Set/1_UI_Images/Theme2/07_Resources/Spum_Icon218.png using Guid(02621294d13f74b7f9dd99e1f6981677) Importer(2089858483,0ecaa5967403d082aa24f35e1b516d23) [PhysX] Initialized MultithreadedTaskDispatcher with 12 workers.
 -> (artifact id: '01314faf96318e1fe1a453da18e121e3') in 0.027682 seconds
Number of updated asset objects reloaded before import = 0
Number of asset objects unloaded after import = 3
========================================================================
Received Import Request.
  Time since last request: 0.000016 seconds.
  path: Assets/SPUM/Retro UI Set/1_UI_Images/Theme2/07_Resources/Spum_Icon228.png
  artifactKey: Guid(fbd570d39870f45528f8e0540c5e8ce7) Importer(2089858483,0ecaa5967403d082aa24f35e1b516d23)
Start importing Assets/SPUM/Retro UI Set/1_UI_Images/Theme2/07_Resources/Spum_Icon228.png using Guid(fbd570d39870f45528f8e0540c5e8ce7) Importer(2089858483,0ecaa5967403d082aa24f35e1b516d23) [PhysX] Initialized MultithreadedTaskDispatcher with 12 workers.
 -> (artifact id: '0a17cec2e7f7db425b64e00ccd91ec3c') in 0.025497 seconds
Number of updated asset objects reloaded before import = 0
Number of asset objects unloaded after import = 3
========================================================================
Received Import Request.
  Time since last request: 0.000018 seconds.
  path: Assets/GoldenSkullStudios/2D/2D_Iso_Tile_Pack_Starter/Autotiles/Path/Sprites/ISO_Tile_Dirt_01_GrassPath_3Cross_02.png
  artifactKey: Guid(8d0ea7c6932260f418e7e2b8dd14f2a6) Importer(2089858483,0ecaa5967403d082aa24f35e1b516d23)
Start importing Assets/GoldenSkullStudios/2D/2D_Iso_Tile_Pack_Starter/Autotiles/Path/Sprites/ISO_Tile_Dirt_01_GrassPath_3Cross_02.png using Guid(8d0ea7c6932260f418e7e2b8dd14f2a6) Importer(2089858483,0ecaa5967403d082aa24f35e1b516d23) [PhysX] Initialized MultithreadedTaskDispatcher with 12 workers.
 -> (artifact id: '403a7645a62d8f842f87affb63af599b') in 0.023697 seconds
Number of updated asset objects reloaded before import = 0
Number of asset objects unloaded after import = 3
========================================================================
Received Import Request.
  Time since last request: 0.000060 seconds.
  path: Assets/FantasyIconsPackFree/Icons/Arrow
  artifactKey: Guid(e92b691b0d4e1a5499cf4d21744de898) Importer(2089858483,0ecaa5967403d082aa24f35e1b516d23)
Start importing Assets/FantasyIconsPackFree/Icons/Arrow using Guid(e92b691b0d4e1a5499cf4d21744de898) Importer(2089858483,0ecaa5967403d082aa24f35e1b516d23) [PhysX] Initialized MultithreadedTaskDispatcher with 12 workers.
 -> (artifact id: '3e0ddbc18c99fa42594ad14f69f29492') in 0.010102 seconds
Number of updated asset objects reloaded before import = 0
Number of asset objects unloaded after import = 1
========================================================================
Received Import Request.
  Time since last request: 0.000021 seconds.
  path: Assets/GoldenSkullStudios/2D/2D_Iso_Tile_Pack_Starter/Sprites/Overlay/Tiles/ISO_Overlay_Cracks_01.asset
  artifactKey: Guid(df09d29eeea69ee4e959b40b4ec5b1ad) Importer(2089858483,0ecaa5967403d082aa24f35e1b516d23)
Start importing Assets/GoldenSkullStudios/2D/2D_Iso_Tile_Pack_Starter/Sprites/Overlay/Tiles/ISO_Overlay_Cracks_01.asset using Guid(df09d29eeea69ee4e959b40b4ec5b1ad) Importer(2089858483,0ecaa5967403d082aa24f35e1b516d23) [PhysX] Initialized MultithreadedTaskDispatcher with 12 workers.
 -> (artifact id: 'f74afeb130c197ea8ae8f4c4367538c1') in 0.020838 seconds
Number of updated asset objects reloaded before import = 0
Number of asset objects unloaded after import = 3
========================================================================
Received Import Request.
  Time since last request: 0.000025 seconds.
  path: Assets/GoldenSkullStudios/2D/2D_Iso_Tile_Pack_Starter/Sprites/Low/ISO_LowTile_DirtToStoneTransition_01.png
  artifactKey: Guid(fb0e7cfd4c205ee4f8ccc1588e5dfb02) Importer(2089858483,0ecaa5967403d082aa24f35e1b516d23)
Start importing Assets/GoldenSkullStudios/2D/2D_Iso_Tile_Pack_Starter/Sprites/Low/ISO_LowTile_DirtToStoneTransition_01.png using Guid(fb0e7cfd4c205ee4f8ccc1588e5dfb02) Importer(2089858483,0ecaa5967403d082aa24f35e1b516d23) [PhysX] Initialized MultithreadedTaskDispatcher with 12 workers.
 -> (artifact id: '0cbb62f50c1ddf4fb09338ccf844fd13') in 0.024304 seconds
Number of updated asset objects reloaded before import = 0
Number of asset objects unloaded after import = 3
========================================================================
Received Import Request.
  Time since last request: 0.000020 seconds.
  path: Assets/SPUM/Sample/Script/Editor
  artifactKey: Guid(9b19c01ca594ef14594bacbbd8fceba5) Importer(2089858483,0ecaa5967403d082aa24f35e1b516d23)
Start importing Assets/SPUM/Sample/Script/Editor using Guid(9b19c01ca594ef14594bacbbd8fceba5) Importer(2089858483,0ecaa5967403d082aa24f35e1b516d23) [PhysX] Initialized MultithreadedTaskDispatcher with 12 workers.
 -> (artifact id: '20b239a440b8ee04b19c7aede9c635cf') in 0.013450 seconds
Number of updated asset objects reloaded before import = 0
Number of asset objects unloaded after import = 1
========================================================================
Received Import Request.
  Time since last request: 0.000021 seconds.
  path: Assets/SPUM/Retro UI Set/1_UI_Images/Theme1/01_UI_Images/00_Basic/HP_Gauge1.png
  artifactKey: Guid(c18f0cf49c03a4fa8ac06695273139c6) Importer(2089858483,0ecaa5967403d082aa24f35e1b516d23)
Start importing Assets/SPUM/Retro UI Set/1_UI_Images/Theme1/01_UI_Images/00_Basic/HP_Gauge1.png using Guid(c18f0cf49c03a4fa8ac06695273139c6) Importer(2089858483,0ecaa5967403d082aa24f35e1b516d23) [PhysX] Initialized MultithreadedTaskDispatcher with 12 workers.
 -> (artifact id: '6ca5cbd10cbaf538e026a0cdf9654055') in 0.021120 seconds
Number of updated asset objects reloaded before import = 0
Number of asset objects unloaded after import = 3
========================================================================
Received Import Request.
  Time since last request: 0.000025 seconds.
  path: Assets/SPUM/Retro UI Set/1_UI_Images/Theme2/05_System/Spum_Icon111.png
  artifactKey: Guid(6ad3f5f86688c4adfb4e1ba31a2bcc99) Importer(2089858483,0ecaa5967403d082aa24f35e1b516d23)
Start importing Assets/SPUM/Retro UI Set/1_UI_Images/Theme2/05_System/Spum_Icon111.png using Guid(6ad3f5f86688c4adfb4e1ba31a2bcc99) Importer(2089858483,0ecaa5967403d082aa24f35e1b516d23) [PhysX] Initialized MultithreadedTaskDispatcher with 12 workers.
 -> (artifact id: 'a959698ea66c215df462fc533561a262') in 0.031022 seconds
Number of updated asset objects reloaded before import = 0
Number of asset objects unloaded after import = 3
========================================================================
Received Import Request.
  Time since last request: 0.000017 seconds.
  path: Assets/SPUM/Retro UI Set/1_UI_Images/Theme2/03_Status/Spum_Icon27.png
  artifactKey: Guid(91a8980acbaad4aee85b695d3caed882) Importer(2089858483,0ecaa5967403d082aa24f35e1b516d23)
Start importing Assets/SPUM/Retro UI Set/1_UI_Images/Theme2/03_Status/Spum_Icon27.png using Guid(91a8980acbaad4aee85b695d3caed882) Importer(2089858483,0ecaa5967403d082aa24f35e1b516d23) [PhysX] Initialized MultithreadedTaskDispatcher with 12 workers.
 -> (artifact id: '45c7303bb4cea2a9af28d2bcc09f21c8') in 0.028900 seconds
Number of updated asset objects reloaded before import = 0
Number of asset objects unloaded after import = 3
========================================================================
Received Import Request.
  Time since last request: 0.000017 seconds.
  path: Assets/SPUM/Retro UI Set/1_UI_Images/Theme1/01_UI_Images/03_Popup_Equipment/Box_Bottom.png
  artifactKey: Guid(795155f846ede47feaf54fb9422cd9a4) Importer(2089858483,0ecaa5967403d082aa24f35e1b516d23)
Start importing Assets/SPUM/Retro UI Set/1_UI_Images/Theme1/01_UI_Images/03_Popup_Equipment/Box_Bottom.png using Guid(795155f846ede47feaf54fb9422cd9a4) Importer(2089858483,0ecaa5967403d082aa24f35e1b516d23) [PhysX] Initialized MultithreadedTaskDispatcher with 12 workers.
 -> (artifact id: '9da17d928c0a61aab4de0f8ddc2e1dec') in 0.029370 seconds
Number of updated asset objects reloaded before import = 0
Number of asset objects unloaded after import = 3
========================================================================
Received Import Request.
  Time since last request: 0.000026 seconds.
  path: Assets/SPUM/Retro UI Set/1_UI_Images/Theme2/05_System/Spum_Icon70.png
  artifactKey: Guid(76e419ef952884282974c4cc29e416c6) Importer(2089858483,0ecaa5967403d082aa24f35e1b516d23)
Start importing Assets/SPUM/Retro UI Set/1_UI_Images/Theme2/05_System/Spum_Icon70.png using Guid(76e419ef952884282974c4cc29e416c6) Importer(2089858483,0ecaa5967403d082aa24f35e1b516d23) [PhysX] Initialized MultithreadedTaskDispatcher with 12 workers.
 -> (artifact id: 'e3e58d689ca520e1b97b4dccd37136b8') in 0.030851 seconds
Number of updated asset objects reloaded before import = 0
Number of asset objects unloaded after import = 3
========================================================================
Received Import Request.
  Time since last request: 0.000026 seconds.
  path: Assets/SPUM/Retro UI Set/1_UI_Images/Theme2/06_UI/Spum_Icon204.png
  artifactKey: Guid(782ca290f3e9e4283a3fe458704a83b3) Importer(2089858483,0ecaa5967403d082aa24f35e1b516d23)
Start importing Assets/SPUM/Retro UI Set/1_UI_Images/Theme2/06_UI/Spum_Icon204.png using Guid(782ca290f3e9e4283a3fe458704a83b3) Importer(2089858483,0ecaa5967403d082aa24f35e1b516d23) [PhysX] Initialized MultithreadedTaskDispatcher with 12 workers.
 -> (artifact id: 'b175cdcd91eaa21fb18ab18c4ab171a9') in 0.032308 seconds
Number of updated asset objects reloaded before import = 0
Number of asset objects unloaded after import = 3
========================================================================
Received Import Request.
  Time since last request: 0.000020 seconds.
  path: Assets/SPUM/Retro UI Set/1_UI_Images/Theme1/02_Icons/2_Extra/Icon_31.png
  artifactKey: Guid(64b94098362044f53a05d9e17a623248) Importer(2089858483,0ecaa5967403d082aa24f35e1b516d23)
Start importing Assets/SPUM/Retro UI Set/1_UI_Images/Theme1/02_Icons/2_Extra/Icon_31.png using Guid(64b94098362044f53a05d9e17a623248) Importer(2089858483,0ecaa5967403d082aa24f35e1b516d23) [PhysX] Initialized MultithreadedTaskDispatcher with 12 workers.
 -> (artifact id: '4e216b64d57addbf3df9db266b53b6b1') in 0.021661 seconds
Number of updated asset objects reloaded before import = 0
Number of asset objects unloaded after import = 3
========================================================================
Received Import Request.
  Time since last request: 0.000028 seconds.
  path: Assets/SPUM/Retro UI Set/1_UI_Images/Theme1/02_Icons/2_Extra/Icon_45.png
  artifactKey: Guid(88b93e6451c3f468088db3a06dfff2d9) Importer(2089858483,0ecaa5967403d082aa24f35e1b516d23)
Start importing Assets/SPUM/Retro UI Set/1_UI_Images/Theme1/02_Icons/2_Extra/Icon_45.png using Guid(88b93e6451c3f468088db3a06dfff2d9) Importer(2089858483,0ecaa5967403d082aa24f35e1b516d23) [PhysX] Initialized MultithreadedTaskDispatcher with 12 workers.
 -> (artifact id: '32f5fcb59237105a31f82b1f4609be9d') in 0.027782 seconds
Number of updated asset objects reloaded before import = 0
Number of asset objects unloaded after import = 3
========================================================================
Received Import Request.
  Time since last request: 0.000017 seconds.
  path: Assets/SPUM/Retro UI Set/1_UI_Images/Theme2/06_UI/Spum_Icon166.png
  artifactKey: Guid(3df3af5b3aba64c0aa071b66564456f4) Importer(2089858483,0ecaa5967403d082aa24f35e1b516d23)
Start importing Assets/SPUM/Retro UI Set/1_UI_Images/Theme2/06_UI/Spum_Icon166.png using Guid(3df3af5b3aba64c0aa071b66564456f4) Importer(2089858483,0ecaa5967403d082aa24f35e1b516d23) [PhysX] Initialized MultithreadedTaskDispatcher with 12 workers.
 -> (artifact id: '15e687dbbdaa232ad1288011a1606410') in 0.029732 seconds
Number of updated asset objects reloaded before import = 0
Number of asset objects unloaded after import = 3
========================================================================
Received Import Request.
  Time since last request: 0.000018 seconds.
  path: Assets/SPUM/Retro UI Set/1_UI_Images/Theme2/06_UI/Spum_Icon164.png
  artifactKey: Guid(d75b3d19f9d6b41b599cc3b9728b38ec) Importer(2089858483,0ecaa5967403d082aa24f35e1b516d23)
Start importing Assets/SPUM/Retro UI Set/1_UI_Images/Theme2/06_UI/Spum_Icon164.png using Guid(d75b3d19f9d6b41b599cc3b9728b38ec) Importer(2089858483,0ecaa5967403d082aa24f35e1b516d23) [PhysX] Initialized MultithreadedTaskDispatcher with 12 workers.
 -> (artifact id: '9f468322ddbbab7058acf060460ea448') in 0.032857 seconds
Number of updated asset objects reloaded before import = 0
Number of asset objects unloaded after import = 3
========================================================================
Received Import Request.
  Time since last request: 0.000019 seconds.
  path: Assets/SPUM/Retro UI Set/1_UI_Images/Theme1/01_UI_Images/05_ResultScreen
  artifactKey: Guid(c9290eec1179a41b98f842ccbb5f380d) Importer(2089858483,0ecaa5967403d082aa24f35e1b516d23)
Start importing Assets/SPUM/Retro UI Set/1_UI_Images/Theme1/01_UI_Images/05_ResultScreen using Guid(c9290eec1179a41b98f842ccbb5f380d) Importer(2089858483,0ecaa5967403d082aa24f35e1b516d23) [PhysX] Initialized MultithreadedTaskDispatcher with 12 workers.
 -> (artifact id: '8cc6dd369ed0c08db909906bc69b1edf') in 0.013161 seconds
Number of updated asset objects reloaded before import = 0
Number of asset objects unloaded after import = 1
========================================================================
Received Import Request.
  Time since last request: 0.000019 seconds.
  path: Assets/SPUM/Retro UI Set/1_UI_Images/Theme1/02_Icons/1_Basic/Icon_Diamond.png
  artifactKey: Guid(813bee8d9e5194da188268b7990f604c) Importer(2089858483,0ecaa5967403d082aa24f35e1b516d23)
Start importing Assets/SPUM/Retro UI Set/1_UI_Images/Theme1/02_Icons/1_Basic/Icon_Diamond.png using Guid(813bee8d9e5194da188268b7990f604c) Importer(2089858483,0ecaa5967403d082aa24f35e1b516d23) [PhysX] Initialized MultithreadedTaskDispatcher with 12 workers.
 -> (artifact id: '19e12ad2ae51f783e2ef6ee7d7486e76') in 0.028401 seconds
Number of updated asset objects reloaded before import = 0
Number of asset objects unloaded after import = 3
========================================================================
Received Import Request.
  Time since last request: 0.000023 seconds.
  path: Assets/SPUM/Retro UI Set/1_UI_Images/Theme1/02_Icons/1_Basic/Icon_Potion1_WS.png
  artifactKey: Guid(987c89abbac8a4d56b5457102935b3fc) Importer(2089858483,0ecaa5967403d082aa24f35e1b516d23)
Start importing Assets/SPUM/Retro UI Set/1_UI_Images/Theme1/02_Icons/1_Basic/Icon_Potion1_WS.png using Guid(987c89abbac8a4d56b5457102935b3fc) Importer(2089858483,0ecaa5967403d082aa24f35e1b516d23) [PhysX] Initialized MultithreadedTaskDispatcher with 12 workers.
 -> (artifact id: '7026b24483f14c4e34499c8dfa4a8e35') in 0.030825 seconds
Number of updated asset objects reloaded before import = 0
Number of asset objects unloaded after import = 3
========================================================================
Received Import Request.
  Time since last request: 0.000017 seconds.
  path: Assets/SPUM/Retro UI Set/1_UI_Images/Theme1/01_UI_Images/03_Popup_Equipment/Box_Cape.png
  artifactKey: Guid(6c1f1ba968a384ce4abc7ccf27d72ecc) Importer(2089858483,0ecaa5967403d082aa24f35e1b516d23)
Start importing Assets/SPUM/Retro UI Set/1_UI_Images/Theme1/01_UI_Images/03_Popup_Equipment/Box_Cape.png using Guid(6c1f1ba968a384ce4abc7ccf27d72ecc) Importer(2089858483,0ecaa5967403d082aa24f35e1b516d23) [PhysX] Initialized MultithreadedTaskDispatcher with 12 workers.
 -> (artifact id: '396b16c82cd9f005743bbfac262d4a33') in 0.030852 seconds
Number of updated asset objects reloaded before import = 0
Number of asset objects unloaded after import = 3
========================================================================
Received Import Request.
  Time since last request: 0.000020 seconds.
  path: Assets/SPUM/Retro UI Set/1_UI_Images/Theme2/05_System/Spum_Icon74.png
  artifactKey: Guid(93ca59bbd24254dc383fc43cd802d7e6) Importer(2089858483,0ecaa5967403d082aa24f35e1b516d23)
Start importing Assets/SPUM/Retro UI Set/1_UI_Images/Theme2/05_System/Spum_Icon74.png using Guid(93ca59bbd24254dc383fc43cd802d7e6) Importer(2089858483,0ecaa5967403d082aa24f35e1b516d23) [PhysX] Initialized MultithreadedTaskDispatcher with 12 workers.
 -> (artifact id: 'c65dec157daf82a4da69733fcfafe3c4') in 0.030054 seconds
Number of updated asset objects reloaded before import = 0
Number of asset objects unloaded after import = 3
========================================================================
Received Import Request.
  Time since last request: 0.000020 seconds.
  path: Assets/SPUM/Retro UI Set/1_UI_Images/Theme2/05_System/Spum_Icon106.png
  artifactKey: Guid(daac08c84373e4a02b8729fc46889843) Importer(2089858483,0ecaa5967403d082aa24f35e1b516d23)
Start importing Assets/SPUM/Retro UI Set/1_UI_Images/Theme2/05_System/Spum_Icon106.png using Guid(daac08c84373e4a02b8729fc46889843) Importer(2089858483,0ecaa5967403d082aa24f35e1b516d23) [PhysX] Initialized MultithreadedTaskDispatcher with 12 workers.
 -> (artifact id: '81a1733449b12b8737ea35c8d35b142c') in 0.034546 seconds
Number of updated asset objects reloaded before import = 0
Number of asset objects unloaded after import = 3
========================================================================
Received Import Request.
  Time since last request: 0.000025 seconds.
  path: Assets/SPUM/Retro UI Set/1_UI_Images/Theme2/05_System/Spum_Icon107.png
  artifactKey: Guid(ff6d7d8611d984d55a929da64d2c2904) Importer(2089858483,0ecaa5967403d082aa24f35e1b516d23)
Start importing Assets/SPUM/Retro UI Set/1_UI_Images/Theme2/05_System/Spum_Icon107.png using Guid(ff6d7d8611d984d55a929da64d2c2904) Importer(2089858483,0ecaa5967403d082aa24f35e1b516d23) [PhysX] Initialized MultithreadedTaskDispatcher with 12 workers.
 -> (artifact id: '345fcd3b78e929118fc147153fc9e224') in 0.031199 seconds
Number of updated asset objects reloaded before import = 0
Number of asset objects unloaded after import = 3
========================================================================
Received Import Request.
  Time since last request: 0.000020 seconds.
  path: Assets/SPUM/Retro UI Set/1_UI_Images/Theme2/05_System/Spum_Icon102.png
  artifactKey: Guid(7c2e7b904e30e40cbaf850fdd0201194) Importer(2089858483,0ecaa5967403d082aa24f35e1b516d23)
Start importing Assets/SPUM/Retro UI Set/1_UI_Images/Theme2/05_System/Spum_Icon102.png using Guid(7c2e7b904e30e40cbaf850fdd0201194) Importer(2089858483,0ecaa5967403d082aa24f35e1b516d23) [PhysX] Initialized MultithreadedTaskDispatcher with 12 workers.
 -> (artifact id: '55e5c334e7b5f43ff4a3351a2a6265cf') in 0.033567 seconds
Number of updated asset objects reloaded before import = 0
Number of asset objects unloaded after import = 3
========================================================================
Received Import Request.
  Time since last request: 0.000022 seconds.
  path: Assets/GoldenSkullStudios/2D/2D_Iso_Tile_Pack_Starter/Sprites/Overlay/Tiles/ISO_Overlay_Path_Straight_01.asset
  artifactKey: Guid(87a056ab8c675964dbf754136f24b37b) Importer(2089858483,0ecaa5967403d082aa24f35e1b516d23)
Start importing Assets/GoldenSkullStudios/2D/2D_Iso_Tile_Pack_Starter/Sprites/Overlay/Tiles/ISO_Overlay_Path_Straight_01.asset using Guid(87a056ab8c675964dbf754136f24b37b) Importer(2089858483,0ecaa5967403d082aa24f35e1b516d23) [PhysX] Initialized MultithreadedTaskDispatcher with 12 workers.
 -> (artifact id: '63ee87080d40c72b66621ba28d4e9a13') in 0.032723 seconds
Number of updated asset objects reloaded before import = 0
Number of asset objects unloaded after import = 3
========================================================================
Received Import Request.
  Time since last request: 0.000025 seconds.
  path: Assets/SPUM/Retro UI Set/1_UI_Images/Theme2/07_Resources/Spum_Icon262.png
  artifactKey: Guid(9be830e55460a4a4f8cc45ff5343db82) Importer(2089858483,0ecaa5967403d082aa24f35e1b516d23)
Start importing Assets/SPUM/Retro UI Set/1_UI_Images/Theme2/07_Resources/Spum_Icon262.png using Guid(9be830e55460a4a4f8cc45ff5343db82) Importer(2089858483,0ecaa5967403d082aa24f35e1b516d23) [PhysX] Initialized MultithreadedTaskDispatcher with 12 workers.
 -> (artifact id: '04d3b0ed9ff09ccb65456110cd339769') in 0.036437 seconds
Number of updated asset objects reloaded before import = 0
Number of asset objects unloaded after import = 3
========================================================================
Received Import Request.
  Time since last request: 0.000021 seconds.
  path: Assets/SPUM/Retro UI Set/1_UI_Images/Theme2/07_Resources/Spum_Icon250.png
  artifactKey: Guid(f576ab3a7f6494b1ebc02d5f2b9d1efc) Importer(2089858483,0ecaa5967403d082aa24f35e1b516d23)
Start importing Assets/SPUM/Retro UI Set/1_UI_Images/Theme2/07_Resources/Spum_Icon250.png using Guid(f576ab3a7f6494b1ebc02d5f2b9d1efc) Importer(2089858483,0ecaa5967403d082aa24f35e1b516d23) [PhysX] Initialized MultithreadedTaskDispatcher with 12 workers.
 -> (artifact id: 'de7cab03c8d1e6a34c9c14dac5ac6c6c') in 0.033323 seconds
Number of updated asset objects reloaded before import = 0
Number of asset objects unloaded after import = 3
========================================================================
Received Import Request.
  Time since last request: 0.000023 seconds.
  path: Assets/SPUM/Retro UI Set/1_UI_Images/Theme1/02_Icons/0_Flat/Icon_Flat__48.png
  artifactKey: Guid(7de4f17a0ab224fe5a6d6b2e94c06b79) Importer(2089858483,0ecaa5967403d082aa24f35e1b516d23)
Start importing Assets/SPUM/Retro UI Set/1_UI_Images/Theme1/02_Icons/0_Flat/Icon_Flat__48.png using Guid(7de4f17a0ab224fe5a6d6b2e94c06b79) Importer(2089858483,0ecaa5967403d082aa24f35e1b516d23) [PhysX] Initialized MultithreadedTaskDispatcher with 12 workers.
 -> (artifact id: '75ad67e4353173e9869739d84d8af8b0') in 0.034085 seconds
Number of updated asset objects reloaded before import = 0
Number of asset objects unloaded after import = 3
========================================================================
Received Import Request.
  Time since last request: 0.000034 seconds.
  path: Assets/SPUM/Retro UI Set/1_UI_Images/Theme1/02_Icons/2_Extra/Icon_50.png
  artifactKey: Guid(108136a809eb44363bb15514fbd2048d) Importer(2089858483,0ecaa5967403d082aa24f35e1b516d23)
Start importing Assets/SPUM/Retro UI Set/1_UI_Images/Theme1/02_Icons/2_Extra/Icon_50.png using Guid(108136a809eb44363bb15514fbd2048d) Importer(2089858483,0ecaa5967403d082aa24f35e1b516d23) [PhysX] Initialized MultithreadedTaskDispatcher with 12 workers.
 -> (artifact id: '24e1ce2a1c404a9f297bdf501283f791') in 0.030472 seconds
Number of updated asset objects reloaded before import = 0
Number of asset objects unloaded after import = 3
========================================================================
Received Import Request.
  Time since last request: 0.000025 seconds.
  path: Assets/SPUM/Retro UI Set/1_UI_Images/Theme2/06_UI/Spum_Icon131.png
  artifactKey: Guid(54583775bbbcd4bac91bbb56dcc9f146) Importer(2089858483,0ecaa5967403d082aa24f35e1b516d23)
Start importing Assets/SPUM/Retro UI Set/1_UI_Images/Theme2/06_UI/Spum_Icon131.png using Guid(54583775bbbcd4bac91bbb56dcc9f146) Importer(2089858483,0ecaa5967403d082aa24f35e1b516d23) [PhysX] Initialized MultithreadedTaskDispatcher with 12 workers.
 -> (artifact id: '1f61423909329a45e8f71ec69f9b7173') in 0.029692 seconds
Number of updated asset objects reloaded before import = 0
Number of asset objects unloaded after import = 3
========================================================================
Received Import Request.
  Time since last request: 0.000024 seconds.
  path: Assets/SPUM/Retro UI Set/1_UI_Images/Theme1/01_UI_Images/03_Popup_Equipment/Box_Equipment.png
  artifactKey: Guid(caa5f27f9ca7d419396a4d238f94f78e) Importer(2089858483,0ecaa5967403d082aa24f35e1b516d23)
Start importing Assets/SPUM/Retro UI Set/1_UI_Images/Theme1/01_UI_Images/03_Popup_Equipment/Box_Equipment.png using Guid(caa5f27f9ca7d419396a4d238f94f78e) Importer(2089858483,0ecaa5967403d082aa24f35e1b516d23) [PhysX] Initialized MultithreadedTaskDispatcher with 12 workers.
 -> (artifact id: 'a6046340bfc8668ca90f7fc30163aaeb') in 0.028479 seconds
Number of updated asset objects reloaded before import = 0
Number of asset objects unloaded after import = 3
========================================================================
Received Import Request.
  Time since last request: 0.000019 seconds.
  path: Assets/SPUM/Retro UI Set/1_UI_Images/Theme2/05_System/Spum_Icon117.png
  artifactKey: Guid(6b3e8c6ade02649f384a054507650140) Importer(2089858483,0ecaa5967403d082aa24f35e1b516d23)
Start importing Assets/SPUM/Retro UI Set/1_UI_Images/Theme2/05_System/Spum_Icon117.png using Guid(6b3e8c6ade02649f384a054507650140) Importer(2089858483,0ecaa5967403d082aa24f35e1b516d23) [PhysX] Initialized MultithreadedTaskDispatcher with 12 workers.
 -> (artifact id: '20db6343a1e5019c2e3cfb77f512c0ab') in 0.031072 seconds
Number of updated asset objects reloaded before import = 0
Number of asset objects unloaded after import = 3
========================================================================
Received Import Request.
  Time since last request: 0.000023 seconds.
  path: Assets/SPUM/Retro UI Set/1_UI_Images/Theme1/02_Icons/2_Extra/Icon_52.png
  artifactKey: Guid(6a047fb55b5554419b5bb2ee553ff45f) Importer(2089858483,0ecaa5967403d082aa24f35e1b516d23)
Start importing Assets/SPUM/Retro UI Set/1_UI_Images/Theme1/02_Icons/2_Extra/Icon_52.png using Guid(6a047fb55b5554419b5bb2ee553ff45f) Importer(2089858483,0ecaa5967403d082aa24f35e1b516d23) [PhysX] Initialized MultithreadedTaskDispatcher with 12 workers.
 -> (artifact id: 'aa8092206537c9342cf11170c2d09484') in 0.028366 seconds
Number of updated asset objects reloaded before import = 0
Number of asset objects unloaded after import = 3
========================================================================
Received Import Request.
  Time since last request: 0.000028 seconds.
  path: Assets/SPUM/Retro UI Set/1_UI_Images/Theme2/07_Resources/Spum_Icon212.png
  artifactKey: Guid(4e3e75f8bc6e14bce84ad9f2f2b19563) Importer(2089858483,0ecaa5967403d082aa24f35e1b516d23)
Start importing Assets/SPUM/Retro UI Set/1_UI_Images/Theme2/07_Resources/Spum_Icon212.png using Guid(4e3e75f8bc6e14bce84ad9f2f2b19563) Importer(2089858483,0ecaa5967403d082aa24f35e1b516d23) [PhysX] Initialized MultithreadedTaskDispatcher with 12 workers.
 -> (artifact id: 'fadddeaec9a5305fc598dd927290f849') in 0.031143 seconds
Number of updated asset objects reloaded before import = 0
Number of asset objects unloaded after import = 3
========================================================================
Received Import Request.
  Time since last request: 0.000020 seconds.
  path: Assets/SPUM/Retro UI Set/1_UI_Images/Theme1/02_Icons/0_Flat/Icon_Flat__43.png
  artifactKey: Guid(392a42fac20e044729fd9892ca268f05) Importer(2089858483,0ecaa5967403d082aa24f35e1b516d23)
Start importing Assets/SPUM/Retro UI Set/1_UI_Images/Theme1/02_Icons/0_Flat/Icon_Flat__43.png using Guid(392a42fac20e044729fd9892ca268f05) Importer(2089858483,0ecaa5967403d082aa24f35e1b516d23) [PhysX] Initialized MultithreadedTaskDispatcher with 12 workers.
 -> (artifact id: '7c79a4ddea31b2e469e9761ae7e1e497') in 0.035851 seconds
Number of updated asset objects reloaded before import = 0
Number of asset objects unloaded after import = 3
========================================================================
Received Import Request.
  Time since last request: 0.000023 seconds.
  path: Assets/SPUM/Retro UI Set/1_UI_Images/Theme2/05_System/Spum_Icon95.png
  artifactKey: Guid(46c9ab8be600c4ffe94fea349dc3b83c) Importer(2089858483,0ecaa5967403d082aa24f35e1b516d23)
Start importing Assets/SPUM/Retro UI Set/1_UI_Images/Theme2/05_System/Spum_Icon95.png using Guid(46c9ab8be600c4ffe94fea349dc3b83c) Importer(2089858483,0ecaa5967403d082aa24f35e1b516d23) [PhysX] Initialized MultithreadedTaskDispatcher with 12 workers.
 -> (artifact id: 'b7a70f0f87d3ddab0f18640e201c4985') in 0.040463 seconds
Number of updated asset objects reloaded before import = 0
Number of asset objects unloaded after import = 3
========================================================================
Received Import Request.
  Time since last request: 0.000018 seconds.
  path: Assets/SPUM/Retro UI Set/1_UI_Images/Theme2/07_Resources/Spum_Icon217.png
  artifactKey: Guid(6afc1474ff17f4467b2b27b1780bbd4b) Importer(2089858483,0ecaa5967403d082aa24f35e1b516d23)
Start importing Assets/SPUM/Retro UI Set/1_UI_Images/Theme2/07_Resources/Spum_Icon217.png using Guid(6afc1474ff17f4467b2b27b1780bbd4b) Importer(2089858483,0ecaa5967403d082aa24f35e1b516d23) [PhysX] Initialized MultithreadedTaskDispatcher with 12 workers.
 -> (artifact id: 'fc2d7431133160cf2a1c084ec409e043') in 0.029432 seconds
Number of updated asset objects reloaded before import = 0
Number of asset objects unloaded after import = 3
========================================================================
Received Import Request.
  Time since last request: 0.000024 seconds.
  path: Assets/SPUM/Retro UI Set/1_UI_Images/Theme2/07_Resources/Spum_Icon266.png
  artifactKey: Guid(8e9a5533b0a6344d4a267fdb742ef89c) Importer(2089858483,0ecaa5967403d082aa24f35e1b516d23)
Start importing Assets/SPUM/Retro UI Set/1_UI_Images/Theme2/07_Resources/Spum_Icon266.png using Guid(8e9a5533b0a6344d4a267fdb742ef89c) Importer(2089858483,0ecaa5967403d082aa24f35e1b516d23) [PhysX] Initialized MultithreadedTaskDispatcher with 12 workers.
 -> (artifact id: 'a963d2811fb7f64b6c0bb5e8ddb20dc9') in 0.028170 seconds
Number of updated asset objects reloaded before import = 0
Number of asset objects unloaded after import = 3
========================================================================
Received Import Request.
  Time since last request: 0.000018 seconds.
  path: Assets/SPUM/Retro UI Set/1_UI_Images/Theme2/04_Equipment/Spum_Icon39.png
  artifactKey: Guid(30f3130c77e34407ca22b902569206ff) Importer(2089858483,0ecaa5967403d082aa24f35e1b516d23)
Start importing Assets/SPUM/Retro UI Set/1_UI_Images/Theme2/04_Equipment/Spum_Icon39.png using Guid(30f3130c77e34407ca22b902569206ff) Importer(2089858483,0ecaa5967403d082aa24f35e1b516d23) [PhysX] Initialized MultithreadedTaskDispatcher with 12 workers.
 -> (artifact id: '5981e30ec8d0df776597a2f707238ba7') in 0.029630 seconds
Number of updated asset objects reloaded before import = 0
Number of asset objects unloaded after import = 3
========================================================================
Received Import Request.
  Time since last request: 0.000018 seconds.
  path: Assets/SPUM/Retro UI Set/1_UI_Images/Theme1/01_UI_Images/01_Box&Btn/Button_X_WS.png
  artifactKey: Guid(0a00239ab451b478e942d6c1fc7057d3) Importer(2089858483,0ecaa5967403d082aa24f35e1b516d23)
Start importing Assets/SPUM/Retro UI Set/1_UI_Images/Theme1/01_UI_Images/01_Box&Btn/Button_X_WS.png using Guid(0a00239ab451b478e942d6c1fc7057d3) Importer(2089858483,0ecaa5967403d082aa24f35e1b516d23) [PhysX] Initialized MultithreadedTaskDispatcher with 12 workers.
 -> (artifact id: 'd7cbe58cd438e937db1da23239327f96') in 0.030423 seconds
Number of updated asset objects reloaded before import = 0
Number of asset objects unloaded after import = 3
========================================================================
Received Import Request.
  Time since last request: 0.000044 seconds.
  path: Assets/SPUM/Retro UI Set/1_UI_Images/Theme2/03_Status/Spum_Icon22.png
  artifactKey: Guid(af64414b5881d4bd9a7fe66363674f2c) Importer(2089858483,0ecaa5967403d082aa24f35e1b516d23)
Start importing Assets/SPUM/Retro UI Set/1_UI_Images/Theme2/03_Status/Spum_Icon22.png using Guid(af64414b5881d4bd9a7fe66363674f2c) Importer(2089858483,0ecaa5967403d082aa24f35e1b516d23) [PhysX] Initialized MultithreadedTaskDispatcher with 12 workers.
 -> (artifact id: '7aa146dd304ded62563058a047cfbf41') in 0.027011 seconds
Number of updated asset objects reloaded before import = 0
Number of asset objects unloaded after import = 3
========================================================================
Received Import Request.
  Time since last request: 0.000018 seconds.
  path: Assets/SPUM/Retro UI Set/1_UI_Images/Theme1/01_UI_Images/04_Popup_Inventory/Bar_Scroll.png
  artifactKey: Guid(8f56213fb46c54e7a9c1ad0b90a14b91) Importer(2089858483,0ecaa5967403d082aa24f35e1b516d23)
Start importing Assets/SPUM/Retro UI Set/1_UI_Images/Theme1/01_UI_Images/04_Popup_Inventory/Bar_Scroll.png using Guid(8f56213fb46c54e7a9c1ad0b90a14b91) Importer(2089858483,0ecaa5967403d082aa24f35e1b516d23) [PhysX] Initialized MultithreadedTaskDispatcher with 12 workers.
 -> (artifact id: 'b0764286145c0cac7bd31d8889e64534') in 0.029507 seconds
Number of updated asset objects reloaded before import = 0
Number of asset objects unloaded after import = 3
========================================================================
Received Import Request.
  Time since last request: 0.000019 seconds.
  path: Assets/SPUM/Retro UI Set/1_UI_Images/Theme1/01_UI_Images/00_Basic/Image_Select1.png
  artifactKey: Guid(3a3bafe900dbc43f2b54db79914cc5dd) Importer(2089858483,0ecaa5967403d082aa24f35e1b516d23)
Start importing Assets/SPUM/Retro UI Set/1_UI_Images/Theme1/01_UI_Images/00_Basic/Image_Select1.png using Guid(3a3bafe900dbc43f2b54db79914cc5dd) Importer(2089858483,0ecaa5967403d082aa24f35e1b516d23) [PhysX] Initialized MultithreadedTaskDispatcher with 12 workers.
 -> (artifact id: 'a4ec7f376dd984e1d8b72664d091d772') in 0.036186 seconds
Number of updated asset objects reloaded before import = 0
Number of asset objects unloaded after import = 3
========================================================================
Received Import Request.
  Time since last request: 0.000025 seconds.
  path: Assets/SPUM/Retro UI Set/1_UI_Images/Theme1/01_UI_Images/05_ResultScreen/Icon_Money.png
  artifactKey: Guid(9fb74b40a22104a2aa68ca00e8fb0037) Importer(2089858483,0ecaa5967403d082aa24f35e1b516d23)
Start importing Assets/SPUM/Retro UI Set/1_UI_Images/Theme1/01_UI_Images/05_ResultScreen/Icon_Money.png using Guid(9fb74b40a22104a2aa68ca00e8fb0037) Importer(2089858483,0ecaa5967403d082aa24f35e1b516d23) [PhysX] Initialized MultithreadedTaskDispatcher with 12 workers.
 -> (artifact id: 'e8edded40a2e62369738222bb0301295') in 0.034108 seconds
Number of updated asset objects reloaded before import = 0
Number of asset objects unloaded after import = 3
========================================================================
Received Import Request.
  Time since last request: 0.000020 seconds.
  path: Assets/SPUM/Retro UI Set/1_UI_Images/Theme1/02_Icons/0_Flat/Icon_Flat__35.png
  artifactKey: Guid(0e5f4cb8fa7e5498f8c175ebcf7612ff) Importer(2089858483,0ecaa5967403d082aa24f35e1b516d23)
Start importing Assets/SPUM/Retro UI Set/1_UI_Images/Theme1/02_Icons/0_Flat/Icon_Flat__35.png using Guid(0e5f4cb8fa7e5498f8c175ebcf7612ff) Importer(2089858483,0ecaa5967403d082aa24f35e1b516d23) [PhysX] Initialized MultithreadedTaskDispatcher with 12 workers.
 -> (artifact id: 'd4d2fbca8f285f1c6abb388bf49bc5ea') in 0.032648 seconds
Number of updated asset objects reloaded before import = 0
Number of asset objects unloaded after import = 3
========================================================================
Received Import Request.
  Time since last request: 0.000054 seconds.
  path: Assets/SPUM/Retro UI Set/1_UI_Images/Theme2/07_Resources/Spum_Icon245.png
  artifactKey: Guid(10c42777999f04a438f80be6b8305f38) Importer(2089858483,0ecaa5967403d082aa24f35e1b516d23)
Start importing Assets/SPUM/Retro UI Set/1_UI_Images/Theme2/07_Resources/Spum_Icon245.png using Guid(10c42777999f04a438f80be6b8305f38) Importer(2089858483,0ecaa5967403d082aa24f35e1b516d23) [PhysX] Initialized MultithreadedTaskDispatcher with 12 workers.
 -> (artifact id: 'd319e41709941c1b800201971c0e17e0') in 0.028415 seconds
Number of updated asset objects reloaded before import = 0
Number of asset objects unloaded after import = 3
========================================================================
Received Import Request.
  Time since last request: 0.000024 seconds.
  path: Assets/SPUM/Retro UI Set/1_UI_Images/Theme2/05_System/Spum_Icon67.png
  artifactKey: Guid(d207442bc32d64d598a04a9df1312a6a) Importer(2089858483,0ecaa5967403d082aa24f35e1b516d23)
Start importing Assets/SPUM/Retro UI Set/1_UI_Images/Theme2/05_System/Spum_Icon67.png using Guid(d207442bc32d64d598a04a9df1312a6a) Importer(2089858483,0ecaa5967403d082aa24f35e1b516d23) [PhysX] Initialized MultithreadedTaskDispatcher with 12 workers.
 -> (artifact id: 'a75a44ea679fc6e0cdb305c3d6e248cb') in 0.027044 seconds
Number of updated asset objects reloaded before import = 0
Number of asset objects unloaded after import = 3
========================================================================
Received Import Request.
  Time since last request: 0.000018 seconds.
  path: Assets/SPUM/Retro UI Set/1_UI_Images/Theme1/01_UI_Images/05_ResultScreen/Image_Fail.png
  artifactKey: Guid(a8ab6d43bbe394b429cb3de368017386) Importer(2089858483,0ecaa5967403d082aa24f35e1b516d23)
Start importing Assets/SPUM/Retro UI Set/1_UI_Images/Theme1/01_UI_Images/05_ResultScreen/Image_Fail.png using Guid(a8ab6d43bbe394b429cb3de368017386) Importer(2089858483,0ecaa5967403d082aa24f35e1b516d23) [PhysX] Initialized MultithreadedTaskDispatcher with 12 workers.
 -> (artifact id: 'c8a0eb9c449c89d93445c0b169606f16') in 0.038041 seconds
Number of updated asset objects reloaded before import = 0
Number of asset objects unloaded after import = 3
========================================================================
Received Import Request.
  Time since last request: 0.000021 seconds.
  path: Assets/SPUM/Retro UI Set/1_UI_Images/Theme2/01_Properties/Spum_Icon1.png
  artifactKey: Guid(ec19b57ff2b9d4c8ea79f30947f223a7) Importer(2089858483,0ecaa5967403d082aa24f35e1b516d23)
Start importing Assets/SPUM/Retro UI Set/1_UI_Images/Theme2/01_Properties/Spum_Icon1.png using Guid(ec19b57ff2b9d4c8ea79f30947f223a7) Importer(2089858483,0ecaa5967403d082aa24f35e1b516d23) [PhysX] Initialized MultithreadedTaskDispatcher with 12 workers.
 -> (artifact id: '975e4e041cd965736d454c46e20194ea') in 0.027243 seconds
Number of updated asset objects reloaded before import = 0
Number of asset objects unloaded after import = 3
========================================================================
Received Import Request.
  Time since last request: 0.000017 seconds.
  path: Assets/SPUM/Retro UI Set/1_UI_Images/Theme2/07_Resources/Spum_Icon283.png
  artifactKey: Guid(a8776341f295f4de2a9bdb7baf69adde) Importer(2089858483,0ecaa5967403d082aa24f35e1b516d23)
Start importing Assets/SPUM/Retro UI Set/1_UI_Images/Theme2/07_Resources/Spum_Icon283.png using Guid(a8776341f295f4de2a9bdb7baf69adde) Importer(2089858483,0ecaa5967403d082aa24f35e1b516d23) [PhysX] Initialized MultithreadedTaskDispatcher with 12 workers.
 -> (artifact id: '2dc764a5ed1d52020469a18a3ef17345') in 0.027258 seconds
Number of updated asset objects reloaded before import = 0
Number of asset objects unloaded after import = 3
========================================================================
Received Import Request.
  Time since last request: 0.000017 seconds.
  path: Assets/SPUM/Retro UI Set/1_UI_Images/Theme2/06_UI/Spum_Icon198.png
  artifactKey: Guid(c79e7c3697b714173a37fa2a54914a1a) Importer(2089858483,0ecaa5967403d082aa24f35e1b516d23)
Start importing Assets/SPUM/Retro UI Set/1_UI_Images/Theme2/06_UI/Spum_Icon198.png using Guid(c79e7c3697b714173a37fa2a54914a1a) Importer(2089858483,0ecaa5967403d082aa24f35e1b516d23) [PhysX] Initialized MultithreadedTaskDispatcher with 12 workers.
 -> (artifact id: '33ca4a81cb73021e73e5a153b42ba711') in 0.027610 seconds
Number of updated asset objects reloaded before import = 0
Number of asset objects unloaded after import = 3
========================================================================
Received Import Request.
  Time since last request: 0.000017 seconds.
  path: Assets/SPUM/Retro UI Set/1_UI_Images/Theme1/01_UI_Images/02_Box&Btn_White/Box_Basic3.png
  artifactKey: Guid(5976c178553914a71926bef0b03b878a) Importer(2089858483,0ecaa5967403d082aa24f35e1b516d23)
Start importing Assets/SPUM/Retro UI Set/1_UI_Images/Theme1/01_UI_Images/02_Box&Btn_White/Box_Basic3.png using Guid(5976c178553914a71926bef0b03b878a) Importer(2089858483,0ecaa5967403d082aa24f35e1b516d23) [PhysX] Initialized MultithreadedTaskDispatcher with 12 workers.
 -> (artifact id: 'd6c432e30d87f94457d6a3ec8b79f45e') in 0.029914 seconds
Number of updated asset objects reloaded before import = 0
Number of asset objects unloaded after import = 3
========================================================================
Received Import Request.
  Time since last request: 0.000021 seconds.
  path: Assets/SPUM/Retro UI Set/1_UI_Images/Theme1/01_UI_Images/03_Popup_Equipment/Box_Eye_WS.png
  artifactKey: Guid(cba92f4af7ac5420080324163ef85438) Importer(2089858483,0ecaa5967403d082aa24f35e1b516d23)
Start importing Assets/SPUM/Retro UI Set/1_UI_Images/Theme1/01_UI_Images/03_Popup_Equipment/Box_Eye_WS.png using Guid(cba92f4af7ac5420080324163ef85438) Importer(2089858483,0ecaa5967403d082aa24f35e1b516d23) [PhysX] Initialized MultithreadedTaskDispatcher with 12 workers.
 -> (artifact id: '4b6f3341f2a8aa035c33ed9274800699') in 0.027619 seconds
Number of updated asset objects reloaded before import = 0
Number of asset objects unloaded after import = 3
========================================================================
Received Import Request.
  Time since last request: 0.000027 seconds.
  path: Assets/SPUM/Retro UI Set/1_UI_Images/Theme1/02_Icons/0_Flat/Icon_Flat__31.png
  artifactKey: Guid(4731ed99c7e144cb5bcb80daa7b7eb1e) Importer(2089858483,0ecaa5967403d082aa24f35e1b516d23)
Start importing Assets/SPUM/Retro UI Set/1_UI_Images/Theme1/02_Icons/0_Flat/Icon_Flat__31.png using Guid(4731ed99c7e144cb5bcb80daa7b7eb1e) Importer(2089858483,0ecaa5967403d082aa24f35e1b516d23) [PhysX] Initialized MultithreadedTaskDispatcher with 12 workers.
 -> (artifact id: 'eb00ffa6eddd30f88033133070861f13') in 0.031202 seconds
Number of updated asset objects reloaded before import = 0
Number of asset objects unloaded after import = 3
========================================================================
Received Import Request.
  Time since last request: 0.000019 seconds.
  path: Assets/SPUM/Retro UI Set/1_UI_Images/Theme1/01_UI_Images/01_Box&Btn/Button_Icon1.png
  artifactKey: Guid(e8b9be948c8fc4e8aa2ca08844a85f85) Importer(2089858483,0ecaa5967403d082aa24f35e1b516d23)
Start importing Assets/SPUM/Retro UI Set/1_UI_Images/Theme1/01_UI_Images/01_Box&Btn/Button_Icon1.png using Guid(e8b9be948c8fc4e8aa2ca08844a85f85) Importer(2089858483,0ecaa5967403d082aa24f35e1b516d23) [PhysX] Initialized MultithreadedTaskDispatcher with 12 workers.
 -> (artifact id: '9b916d8d12450e2c48f5cf45ad2cbe8c') in 0.026091 seconds
Number of updated asset objects reloaded before import = 0
Number of asset objects unloaded after import = 3
========================================================================
Received Import Request.
  Time since last request: 0.000017 seconds.
  path: Assets/SPUM/Retro UI Set/1_UI_Images/Theme2/06_UI/Spum_Icon152.png
  artifactKey: Guid(1d58c7965520f4e629f2ba778a777d9a) Importer(2089858483,0ecaa5967403d082aa24f35e1b516d23)
Start importing Assets/SPUM/Retro UI Set/1_UI_Images/Theme2/06_UI/Spum_Icon152.png using Guid(1d58c7965520f4e629f2ba778a777d9a) Importer(2089858483,0ecaa5967403d082aa24f35e1b516d23) [PhysX] Initialized MultithreadedTaskDispatcher with 12 workers.
 -> (artifact id: '29999aa451a118e10aa74ad4ddf11d12') in 0.033042 seconds
Number of updated asset objects reloaded before import = 0
Number of asset objects unloaded after import = 3
========================================================================
Received Import Request.
  Time since last request: 0.000023 seconds.
  path: Assets/SPUM/Retro UI Set/1_UI_Images/Theme2/07_Resources/Spum_Icon235.png
  artifactKey: Guid(d63136c2d745d4230927f0d5b7907cb2) Importer(2089858483,0ecaa5967403d082aa24f35e1b516d23)
Start importing Assets/SPUM/Retro UI Set/1_UI_Images/Theme2/07_Resources/Spum_Icon235.png using Guid(d63136c2d745d4230927f0d5b7907cb2) Importer(2089858483,0ecaa5967403d082aa24f35e1b516d23) [PhysX] Initialized MultithreadedTaskDispatcher with 12 workers.
 -> (artifact id: '67e7c8ff29a4afe5ea0d533e3acb770a') in 0.029617 seconds
Number of updated asset objects reloaded before import = 0
Number of asset objects unloaded after import = 3
========================================================================
Received Import Request.
  Time since last request: 0.000031 seconds.
  path: Assets/SPUM/Retro UI Set/1_UI_Images/Theme1/02_Icons/1_Basic/Icon_Equip.png
  artifactKey: Guid(10c2aee3d77274bf9967e7a34b07dd53) Importer(2089858483,0ecaa5967403d082aa24f35e1b516d23)
Start importing Assets/SPUM/Retro UI Set/1_UI_Images/Theme1/02_Icons/1_Basic/Icon_Equip.png using Guid(10c2aee3d77274bf9967e7a34b07dd53) Importer(2089858483,0ecaa5967403d082aa24f35e1b516d23) [PhysX] Initialized MultithreadedTaskDispatcher with 12 workers.
 -> (artifact id: '9b202c6e0039506854d14d290cd15d2b') in 0.026679 seconds
Number of updated asset objects reloaded before import = 0
Number of asset objects unloaded after import = 3
========================================================================
Received Import Request.
  Time since last request: 0.000021 seconds.
  path: Assets/SPUM/Retro UI Set/1_UI_Images/Theme2/07_Resources
  artifactKey: Guid(ff1fa5a3b8fe84458acc32c750aeae73) Importer(2089858483,0ecaa5967403d082aa24f35e1b516d23)
Start importing Assets/SPUM/Retro UI Set/1_UI_Images/Theme2/07_Resources using Guid(ff1fa5a3b8fe84458acc32c750aeae73) Importer(2089858483,0ecaa5967403d082aa24f35e1b516d23) [PhysX] Initialized MultithreadedTaskDispatcher with 12 workers.
 -> (artifact id: '6cf47d3ccc6adee9a846c5c59812e78b') in 0.011506 seconds
Number of updated asset objects reloaded before import = 0
Number of asset objects unloaded after import = 1
========================================================================
Received Import Request.
  Time since last request: 0.000017 seconds.
  path: Assets/SPUM/Retro UI Set/1_UI_Images/Theme1/02_Icons/0_Flat/Icon_Flat__2.png
  artifactKey: Guid(b1b849a706a024e898123ddf69246517) Importer(2089858483,0ecaa5967403d082aa24f35e1b516d23)
Start importing Assets/SPUM/Retro UI Set/1_UI_Images/Theme1/02_Icons/0_Flat/Icon_Flat__2.png using Guid(b1b849a706a024e898123ddf69246517) Importer(2089858483,0ecaa5967403d082aa24f35e1b516d23) [PhysX] Initialized MultithreadedTaskDispatcher with 12 workers.
 -> (artifact id: 'd8775e2cf486545d9a8ef6a80c9c3b8a') in 0.029292 seconds
Number of updated asset objects reloaded before import = 0
Number of asset objects unloaded after import = 3
========================================================================
Received Import Request.
  Time since last request: 0.000016 seconds.
  path: Assets/SPUM/Retro UI Set/1_UI_Images/Theme2/05_System/Spum_Icon89.png
  artifactKey: Guid(01976252770024713a92ffbe609c67ea) Importer(2089858483,0ecaa5967403d082aa24f35e1b516d23)
Start importing Assets/SPUM/Retro UI Set/1_UI_Images/Theme2/05_System/Spum_Icon89.png using Guid(01976252770024713a92ffbe609c67ea) Importer(2089858483,0ecaa5967403d082aa24f35e1b516d23) [PhysX] Initialized MultithreadedTaskDispatcher with 12 workers.
 -> (artifact id: '909252255faa8126b8fc74a4b15534a8') in 0.030353 seconds
Number of updated asset objects reloaded before import = 0
Number of asset objects unloaded after import = 3
========================================================================
Received Import Request.
  Time since last request: 0.000023 seconds.
  path: Assets/SPUM/Retro UI Set/1_UI_Images/Theme2/07_Resources/Spum_Icon287.png
  artifactKey: Guid(d03196b2da51b402f8db62a23d9fa4d8) Importer(2089858483,0ecaa5967403d082aa24f35e1b516d23)
Start importing Assets/SPUM/Retro UI Set/1_UI_Images/Theme2/07_Resources/Spum_Icon287.png using Guid(d03196b2da51b402f8db62a23d9fa4d8) Importer(2089858483,0ecaa5967403d082aa24f35e1b516d23) [PhysX] Initialized MultithreadedTaskDispatcher with 12 workers.
 -> (artifact id: '946a97676594e1ac29d9cf28566c770d') in 0.027640 seconds
Number of updated asset objects reloaded before import = 0
Number of asset objects unloaded after import = 3
========================================================================
Received Import Request.
  Time since last request: 0.000034 seconds.
  path: Assets/SPUM/Retro UI Set/1_UI_Images/Theme2/05_System/Spum_Icon86.png
  artifactKey: Guid(dbd15bac1c5494db9913d4a7e299931e) Importer(2089858483,0ecaa5967403d082aa24f35e1b516d23)
Start importing Assets/SPUM/Retro UI Set/1_UI_Images/Theme2/05_System/Spum_Icon86.png using Guid(dbd15bac1c5494db9913d4a7e299931e) Importer(2089858483,0ecaa5967403d082aa24f35e1b516d23) [PhysX] Initialized MultithreadedTaskDispatcher with 12 workers.
 -> (artifact id: '145babf73aa44727bb51b711508bf5bb') in 0.028931 seconds
Number of updated asset objects reloaded before import = 0
Number of asset objects unloaded after import = 3
========================================================================
Received Import Request.
  Time since last request: 0.000020 seconds.
  path: Assets/SPUM/Retro UI Set/1_UI_Images/Theme2/05_System/Spum_Icon128.png
  artifactKey: Guid(e36510853d91b403ea3231abf43a1e5e) Importer(2089858483,0ecaa5967403d082aa24f35e1b516d23)
Start importing Assets/SPUM/Retro UI Set/1_UI_Images/Theme2/05_System/Spum_Icon128.png using Guid(e36510853d91b403ea3231abf43a1e5e) Importer(2089858483,0ecaa5967403d082aa24f35e1b516d23) [PhysX] Initialized MultithreadedTaskDispatcher with 12 workers.
 -> (artifact id: '72740de3cffdcc16fdf83e627299afa2') in 0.029784 seconds
Number of updated asset objects reloaded before import = 0
Number of asset objects unloaded after import = 3
========================================================================
Received Import Request.
  Time since last request: 0.000018 seconds.
  path: Assets/SPUM/Retro UI Set/1_UI_Images/Theme1/02_Icons/2_Extra/Icon_24.png
  artifactKey: Guid(d705d001a0b604855854706783068070) Importer(2089858483,0ecaa5967403d082aa24f35e1b516d23)
Start importing Assets/SPUM/Retro UI Set/1_UI_Images/Theme1/02_Icons/2_Extra/Icon_24.png using Guid(d705d001a0b604855854706783068070) Importer(2089858483,0ecaa5967403d082aa24f35e1b516d23) [PhysX] Initialized MultithreadedTaskDispatcher with 12 workers.
 -> (artifact id: '6247f5e6cb85f6d3b74536889cfb6f6f') in 0.031853 seconds
Number of updated asset objects reloaded before import = 0
Number of asset objects unloaded after import = 3
========================================================================
Received Import Request.
  Time since last request: 0.000020 seconds.
  path: Assets/SPUM/Retro UI Set/1_UI_Images/Theme2/05_System/Spum_Icon87.png
  artifactKey: Guid(5d641dba1c4964111b9f4328a4fdccfe) Importer(2089858483,0ecaa5967403d082aa24f35e1b516d23)
Start importing Assets/SPUM/Retro UI Set/1_UI_Images/Theme2/05_System/Spum_Icon87.png using Guid(5d641dba1c4964111b9f4328a4fdccfe) Importer(2089858483,0ecaa5967403d082aa24f35e1b516d23) [PhysX] Initialized MultithreadedTaskDispatcher with 12 workers.
 -> (artifact id: '7737b9f67d94d0242a79c02ed78bee52') in 0.031844 seconds
Number of updated asset objects reloaded before import = 0
Number of asset objects unloaded after import = 3
========================================================================
Received Import Request.
  Time since last request: 0.000028 seconds.
  path: Assets/SPUM/Retro UI Set/1_UI_Images/Theme2/05_System/Spum_Icon71.png
  artifactKey: Guid(7cb99af21ea1e47218531096c9be42e7) Importer(2089858483,0ecaa5967403d082aa24f35e1b516d23)
Start importing Assets/SPUM/Retro UI Set/1_UI_Images/Theme2/05_System/Spum_Icon71.png using Guid(7cb99af21ea1e47218531096c9be42e7) Importer(2089858483,0ecaa5967403d082aa24f35e1b516d23) [PhysX] Initialized MultithreadedTaskDispatcher with 12 workers.
 -> (artifact id: '540c1cc8458655d61f61ebd8319bbd0b') in 0.027724 seconds
Number of updated asset objects reloaded before import = 0
Number of asset objects unloaded after import = 3
========================================================================
Received Import Request.
  Time since last request: 0.000022 seconds.
  path: Assets/SPUM/Retro UI Set/1_UI_Images/Theme2/05_System/Spum_Icon83.png
  artifactKey: Guid(04e79eb2fe3ca485cb5085b2fcfc534e) Importer(2089858483,0ecaa5967403d082aa24f35e1b516d23)
Start importing Assets/SPUM/Retro UI Set/1_UI_Images/Theme2/05_System/Spum_Icon83.png using Guid(04e79eb2fe3ca485cb5085b2fcfc534e) Importer(2089858483,0ecaa5967403d082aa24f35e1b516d23) [PhysX] Initialized MultithreadedTaskDispatcher with 12 workers.
 -> (artifact id: '910e018bdfd36cf872993f1fadc32604') in 0.030572 seconds
Number of updated asset objects reloaded before import = 0
Number of asset objects unloaded after import = 3
========================================================================
Received Import Request.
  Time since last request: 0.000018 seconds.
  path: Assets/SPUM/Retro UI Set/1_UI_Images/Theme2/06_UI/Spum_Icon153.png
  artifactKey: Guid(2ab974ff6b4be42c78510b55c3fb1f29) Importer(2089858483,0ecaa5967403d082aa24f35e1b516d23)
Start importing Assets/SPUM/Retro UI Set/1_UI_Images/Theme2/06_UI/Spum_Icon153.png using Guid(2ab974ff6b4be42c78510b55c3fb1f29) Importer(2089858483,0ecaa5967403d082aa24f35e1b516d23) [PhysX] Initialized MultithreadedTaskDispatcher with 12 workers.
 -> (artifact id: 'bcc2086c8d3bb2e037aafebca67b834c') in 0.027423 seconds
Number of updated asset objects reloaded before import = 0
Number of asset objects unloaded after import = 3
========================================================================
Received Import Request.
  Time since last request: 0.000026 seconds.
  path: Assets/SPUM/Retro UI Set/1_UI_Images/Theme1/01_UI_Images/03_Popup_Equipment/Box_Staus2.png
  artifactKey: Guid(f441e4207478341b0b8340412b7c6147) Importer(2089858483,0ecaa5967403d082aa24f35e1b516d23)
Start importing Assets/SPUM/Retro UI Set/1_UI_Images/Theme1/01_UI_Images/03_Popup_Equipment/Box_Staus2.png using Guid(f441e4207478341b0b8340412b7c6147) Importer(2089858483,0ecaa5967403d082aa24f35e1b516d23) [PhysX] Initialized MultithreadedTaskDispatcher with 12 workers.
 -> (artifact id: '6b1b7385aeee8f65359066560c3a56a4') in 0.027305 seconds
Number of updated asset objects reloaded before import = 0
Number of asset objects unloaded after import = 3
========================================================================
Received Import Request.
  Time since last request: 0.000026 seconds.
  path: Assets/SPUM/Retro UI Set/1_UI_Images/Theme2/06_UI/Spum_Icon139.png
  artifactKey: Guid(0f2203df76b1f4eb48b4009f4fae5b19) Importer(2089858483,0ecaa5967403d082aa24f35e1b516d23)
Start importing Assets/SPUM/Retro UI Set/1_UI_Images/Theme2/06_UI/Spum_Icon139.png using Guid(0f2203df76b1f4eb48b4009f4fae5b19) Importer(2089858483,0ecaa5967403d082aa24f35e1b516d23) [PhysX] Initialized MultithreadedTaskDispatcher with 12 workers.
 -> (artifact id: 'ac7c1f3d1a4185c856213912f7daaba5') in 0.029655 seconds
Number of updated asset objects reloaded before import = 0
Number of asset objects unloaded after import = 3
========================================================================
Received Import Request.
  Time since last request: 0.000019 seconds.
  path: Assets/SPUM/Retro UI Set/1_UI_Images/Theme2/03_Status
  artifactKey: Guid(6c69a28791be04803ae1521bd318d6dc) Importer(2089858483,0ecaa5967403d082aa24f35e1b516d23)
Start importing Assets/SPUM/Retro UI Set/1_UI_Images/Theme2/03_Status using Guid(6c69a28791be04803ae1521bd318d6dc) Importer(2089858483,0ecaa5967403d082aa24f35e1b516d23) [PhysX] Initialized MultithreadedTaskDispatcher with 12 workers.
 -> (artifact id: '04fa4f2cd179950e1aa6fea9b36b5ac4') in 0.011098 seconds
Number of updated asset objects reloaded before import = 0
Number of asset objects unloaded after import = 1
========================================================================
Received Import Request.
  Time since last request: 0.000020 seconds.
  path: Assets/SPUM/Retro UI Set/1_UI_Images/Theme2/05_System/Spum_Icon66.png
  artifactKey: Guid(75c83c62ac11949b190d966a79afd4d2) Importer(2089858483,0ecaa5967403d082aa24f35e1b516d23)
Start importing Assets/SPUM/Retro UI Set/1_UI_Images/Theme2/05_System/Spum_Icon66.png using Guid(75c83c62ac11949b190d966a79afd4d2) Importer(2089858483,0ecaa5967403d082aa24f35e1b516d23) [PhysX] Initialized MultithreadedTaskDispatcher with 12 workers.
 -> (artifact id: 'ca1b1811cfcadb175629579d36869cc6') in 0.027976 seconds
Number of updated asset objects reloaded before import = 0
Number of asset objects unloaded after import = 3
========================================================================
Received Import Request.
  Time since last request: 0.000020 seconds.
  path: Assets/SPUM/Retro UI Set/1_UI_Images/Theme2/01_Properties/Spum_Icon11.png
  artifactKey: Guid(66e30fe342c0c4003952f3b752f28d7b) Importer(2089858483,0ecaa5967403d082aa24f35e1b516d23)
Start importing Assets/SPUM/Retro UI Set/1_UI_Images/Theme2/01_Properties/Spum_Icon11.png using Guid(66e30fe342c0c4003952f3b752f28d7b) Importer(2089858483,0ecaa5967403d082aa24f35e1b516d23) [PhysX] Initialized MultithreadedTaskDispatcher with 12 workers.
 -> (artifact id: '9b4a0f95183559baaca04701659cd55b') in 0.028761 seconds
Number of updated asset objects reloaded before import = 0
Number of asset objects unloaded after import = 3
========================================================================
Received Import Request.
  Time since last request: 0.000019 seconds.
  path: Assets/SPUM/Retro UI Set/1_UI_Images/Theme1/02_Icons/2_Extra/Icon_5.png
  artifactKey: Guid(cacddf72bbbd348739e69e7d7818c8c9) Importer(2089858483,0ecaa5967403d082aa24f35e1b516d23)
Start importing Assets/SPUM/Retro UI Set/1_UI_Images/Theme1/02_Icons/2_Extra/Icon_5.png using Guid(cacddf72bbbd348739e69e7d7818c8c9) Importer(2089858483,0ecaa5967403d082aa24f35e1b516d23) [PhysX] Initialized MultithreadedTaskDispatcher with 12 workers.
 -> (artifact id: '9a928289bc2d459a4ed3ebae60a0ef68') in 0.028495 seconds
Number of updated asset objects reloaded before import = 0
Number of asset objects unloaded after import = 3
========================================================================
Received Import Request.
  Time since last request: 0.000023 seconds.
  path: Assets/SPUM/Retro UI Set/1_UI_Images/Theme1/02_Icons/2_Extra/Icon_3.png
  artifactKey: Guid(6d8c0f52d07ee4987a75248a44b3efc0) Importer(2089858483,0ecaa5967403d082aa24f35e1b516d23)
Start importing Assets/SPUM/Retro UI Set/1_UI_Images/Theme1/02_Icons/2_Extra/Icon_3.png using Guid(6d8c0f52d07ee4987a75248a44b3efc0) Importer(2089858483,0ecaa5967403d082aa24f35e1b516d23) [PhysX] Initialized MultithreadedTaskDispatcher with 12 workers.
 -> (artifact id: '4dc6697f1ba929344bb8ba3c26600d58') in 0.028786 seconds
Number of updated asset objects reloaded before import = 0
Number of asset objects unloaded after import = 3
========================================================================
Received Import Request.
  Time since last request: 0.000024 seconds.
  path: Assets/SPUM/Retro UI Set/1_UI_Images/Theme2/06_UI/Spum_Icon194.png
  artifactKey: Guid(86dce4d1453204f0c92ff69c38ba4456) Importer(2089858483,0ecaa5967403d082aa24f35e1b516d23)
Start importing Assets/SPUM/Retro UI Set/1_UI_Images/Theme2/06_UI/Spum_Icon194.png using Guid(86dce4d1453204f0c92ff69c38ba4456) Importer(2089858483,0ecaa5967403d082aa24f35e1b516d23) [PhysX] Initialized MultithreadedTaskDispatcher with 12 workers.
 -> (artifact id: '543b5c58b397f2a827e2e5fb5b372d7c') in 0.029133 seconds
Number of updated asset objects reloaded before import = 0
Number of asset objects unloaded after import = 3
========================================================================
Received Import Request.
  Time since last request: 0.000016 seconds.
  path: Assets/SPUM/Retro UI Set/1_UI_Images/Theme2/05_System/Spum_Icon94.png
  artifactKey: Guid(3a4f9cb2f0d4846918b2b2287ce99ae9) Importer(2089858483,0ecaa5967403d082aa24f35e1b516d23)
Start importing Assets/SPUM/Retro UI Set/1_UI_Images/Theme2/05_System/Spum_Icon94.png using Guid(3a4f9cb2f0d4846918b2b2287ce99ae9) Importer(2089858483,0ecaa5967403d082aa24f35e1b516d23) [PhysX] Initialized MultithreadedTaskDispatcher with 12 workers.
 -> (artifact id: 'b3c85a3f96891725943677bb74a3f652') in 0.027276 seconds
Number of updated asset objects reloaded before import = 0
Number of asset objects unloaded after import = 3
========================================================================
Received Import Request.
  Time since last request: 0.000018 seconds.
  path: Assets/SPUM/Retro UI Set/1_UI_Images/Theme2/06_UI/Spum_Icon146.png
  artifactKey: Guid(48d0d37d5fa42479fa4d21a9e7a8bbd1) Importer(2089858483,0ecaa5967403d082aa24f35e1b516d23)
Start importing Assets/SPUM/Retro UI Set/1_UI_Images/Theme2/06_UI/Spum_Icon146.png using Guid(48d0d37d5fa42479fa4d21a9e7a8bbd1) Importer(2089858483,0ecaa5967403d082aa24f35e1b516d23) [PhysX] Initialized MultithreadedTaskDispatcher with 12 workers.
 -> (artifact id: '7729a3f7937aed0a39b60b091763ac9b') in 0.028688 seconds
Number of updated asset objects reloaded before import = 0
Number of asset objects unloaded after import = 3
========================================================================
Received Import Request.
  Time since last request: 0.000022 seconds.
  path: Assets/SPUM/Retro UI Set/1_UI_Images/Theme1/02_Icons/2_Extra/Icon_20.png
  artifactKey: Guid(ee326cd29678d473c9c633be50d02a9e) Importer(2089858483,0ecaa5967403d082aa24f35e1b516d23)
Start importing Assets/SPUM/Retro UI Set/1_UI_Images/Theme1/02_Icons/2_Extra/Icon_20.png using Guid(ee326cd29678d473c9c633be50d02a9e) Importer(2089858483,0ecaa5967403d082aa24f35e1b516d23) [PhysX] Initialized MultithreadedTaskDispatcher with 12 workers.
 -> (artifact id: 'a5fc9c7b23919ee3af83123cf2941780') in 0.032396 seconds
Number of updated asset objects reloaded before import = 0
Number of asset objects unloaded after import = 3
========================================================================
Received Import Request.
  Time since last request: 0.000018 seconds.
  path: Assets/SPUM/Retro UI Set/1_UI_Images/Theme1/01_UI_Images/03_Popup_Equipment/Box_Hair_WS.png
  artifactKey: Guid(a86627be127d94950ade8d38c37ca998) Importer(2089858483,0ecaa5967403d082aa24f35e1b516d23)
Start importing Assets/SPUM/Retro UI Set/1_UI_Images/Theme1/01_UI_Images/03_Popup_Equipment/Box_Hair_WS.png using Guid(a86627be127d94950ade8d38c37ca998) Importer(2089858483,0ecaa5967403d082aa24f35e1b516d23) [PhysX] Initialized MultithreadedTaskDispatcher with 12 workers.
 -> (artifact id: 'b27bb411aa08d3501bdef5d60200c204') in 0.034419 seconds
Number of updated asset objects reloaded before import = 0
Number of asset objects unloaded after import = 3
========================================================================
Received Import Request.
  Time since last request: 0.000024 seconds.
  path: Assets/SPUM/Retro UI Set/1_UI_Images/Theme2/06_UI/Spum_Icon200.png
  artifactKey: Guid(493d7d51216944e5db610a4faa46b53d) Importer(2089858483,0ecaa5967403d082aa24f35e1b516d23)
Start importing Assets/SPUM/Retro UI Set/1_UI_Images/Theme2/06_UI/Spum_Icon200.png using Guid(493d7d51216944e5db610a4faa46b53d) Importer(2089858483,0ecaa5967403d082aa24f35e1b516d23) [PhysX] Initialized MultithreadedTaskDispatcher with 12 workers.
 -> (artifact id: 'f57329970a84557f79da6e311c9fc4d0') in 0.025217 seconds
Number of updated asset objects reloaded before import = 0
Number of asset objects unloaded after import = 3
========================================================================
Received Import Request.
  Time since last request: 0.000016 seconds.
  path: Assets/SPUM/Retro UI Set/1_UI_Images/Theme2/07_Resources/Spum_Icon282.png
  artifactKey: Guid(54fd99fd54b434fce8a6319c8b552afa) Importer(2089858483,0ecaa5967403d082aa24f35e1b516d23)
Start importing Assets/SPUM/Retro UI Set/1_UI_Images/Theme2/07_Resources/Spum_Icon282.png using Guid(54fd99fd54b434fce8a6319c8b552afa) Importer(2089858483,0ecaa5967403d082aa24f35e1b516d23) [PhysX] Initialized MultithreadedTaskDispatcher with 12 workers.
 -> (artifact id: 'be72992b4bfef2c913a38e7ff0a53c2c') in 0.030238 seconds
Number of updated asset objects reloaded before import = 0
Number of asset objects unloaded after import = 3
========================================================================
Received Import Request.
  Time since last request: 0.000021 seconds.
  path: Assets/SPUM/Retro UI Set/1_UI_Images/Theme1/02_Icons/2_Extra/Icon_62.png
  artifactKey: Guid(95a49f927de7a4732ab70827aedd4332) Importer(2089858483,0ecaa5967403d082aa24f35e1b516d23)
Start importing Assets/SPUM/Retro UI Set/1_UI_Images/Theme1/02_Icons/2_Extra/Icon_62.png using Guid(95a49f927de7a4732ab70827aedd4332) Importer(2089858483,0ecaa5967403d082aa24f35e1b516d23) [PhysX] Initialized MultithreadedTaskDispatcher with 12 workers.
 -> (artifact id: '8f728b3bf1eb6f02c397bbf5552ef003') in 0.028311 seconds
Number of updated asset objects reloaded before import = 0
Number of asset objects unloaded after import = 3
========================================================================
Received Import Request.
  Time since last request: 0.000018 seconds.
  path: Assets/SPUM/Retro UI Set/1_UI_Images/Theme1/02_Icons/2_Extra/Icon_7.png
  artifactKey: Guid(7280e9a9fcb034f2e9b0c83dcb8c0eff) Importer(2089858483,0ecaa5967403d082aa24f35e1b516d23)
Start importing Assets/SPUM/Retro UI Set/1_UI_Images/Theme1/02_Icons/2_Extra/Icon_7.png using Guid(7280e9a9fcb034f2e9b0c83dcb8c0eff) Importer(2089858483,0ecaa5967403d082aa24f35e1b516d23) [PhysX] Initialized MultithreadedTaskDispatcher with 12 workers.
 -> (artifact id: 'cc78bee0cf42e6d2db912a28d629f228') in 0.027250 seconds
Number of updated asset objects reloaded before import = 0
Number of asset objects unloaded after import = 3
========================================================================
Received Import Request.
  Time since last request: 0.000021 seconds.
  path: Assets/SPUM/Retro UI Set/1_UI_Images/Theme2/07_Resources/Spum_Icon270.png
  artifactKey: Guid(fb4373af47fc546cba8d5bf572a69d3d) Importer(2089858483,0ecaa5967403d082aa24f35e1b516d23)
Start importing Assets/SPUM/Retro UI Set/1_UI_Images/Theme2/07_Resources/Spum_Icon270.png using Guid(fb4373af47fc546cba8d5bf572a69d3d) Importer(2089858483,0ecaa5967403d082aa24f35e1b516d23) [PhysX] Initialized MultithreadedTaskDispatcher with 12 workers.
 -> (artifact id: '88c9cb37337e06477a6888569f6cded8') in 0.026921 seconds
Number of updated asset objects reloaded before import = 0
Number of asset objects unloaded after import = 3
========================================================================
Received Import Request.
  Time since last request: 0.000018 seconds.
  path: Assets/SPUM/Retro UI Set/1_UI_Images/Theme2/06_UI/Spum_Icon134.png
  artifactKey: Guid(2b1f02e3eb4ae4521a7a84c7a22d978a) Importer(2089858483,0ecaa5967403d082aa24f35e1b516d23)
Start importing Assets/SPUM/Retro UI Set/1_UI_Images/Theme2/06_UI/Spum_Icon134.png using Guid(2b1f02e3eb4ae4521a7a84c7a22d978a) Importer(2089858483,0ecaa5967403d082aa24f35e1b516d23) [PhysX] Initialized MultithreadedTaskDispatcher with 12 workers.
 -> (artifact id: '9fb031dbae24168600f3be8dc4cc5388') in 0.026503 seconds
Number of updated asset objects reloaded before import = 0
Number of asset objects unloaded after import = 3
========================================================================
Received Import Request.
  Time since last request: 0.000025 seconds.
  path: Assets/SPUM/Retro UI Set/1_UI_Images/Theme2/07_Resources/Spum_Icon238.png
  artifactKey: Guid(bf81577a90e1a426aa78bad3b4d14a13) Importer(2089858483,0ecaa5967403d082aa24f35e1b516d23)
Start importing Assets/SPUM/Retro UI Set/1_UI_Images/Theme2/07_Resources/Spum_Icon238.png using Guid(bf81577a90e1a426aa78bad3b4d14a13) Importer(2089858483,0ecaa5967403d082aa24f35e1b516d23) [PhysX] Initialized MultithreadedTaskDispatcher with 12 workers.
 -> (artifact id: '68fb09b9fbd7f5f2143af1dab06ec326') in 0.027910 seconds
Number of updated asset objects reloaded before import = 0
Number of asset objects unloaded after import = 3
========================================================================
Received Import Request.
  Time since last request: 0.000018 seconds.
  path: Assets/SPUM/Retro UI Set/1_UI_Images/Theme1/01_UI_Images/04_Popup_Inventory/Button_Scroll.png
  artifactKey: Guid(5749d94ee42ae49baa491709f751c310) Importer(2089858483,0ecaa5967403d082aa24f35e1b516d23)
Start importing Assets/SPUM/Retro UI Set/1_UI_Images/Theme1/01_UI_Images/04_Popup_Inventory/Button_Scroll.png using Guid(5749d94ee42ae49baa491709f751c310) Importer(2089858483,0ecaa5967403d082aa24f35e1b516d23) [PhysX] Initialized MultithreadedTaskDispatcher with 12 workers.
 -> (artifact id: '391c5bfaa84bd5ceb711602ec8bc2948') in 0.028911 seconds
Number of updated asset objects reloaded before import = 0
Number of asset objects unloaded after import = 3
========================================================================
Received Import Request.
  Time since last request: 0.000017 seconds.
  path: Assets/SPUM/Retro UI Set/1_UI_Images/Theme1/02_Icons/2_Extra/Icon_17.png
  artifactKey: Guid(b1f88a07f2e054c7eb0803ca4a02db3d) Importer(2089858483,0ecaa5967403d082aa24f35e1b516d23)
Start importing Assets/SPUM/Retro UI Set/1_UI_Images/Theme1/02_Icons/2_Extra/Icon_17.png using Guid(b1f88a07f2e054c7eb0803ca4a02db3d) Importer(2089858483,0ecaa5967403d082aa24f35e1b516d23) [PhysX] Initialized MultithreadedTaskDispatcher with 12 workers.
 -> (artifact id: 'd57d1938267518f1b37395b2e4fe3612') in 0.026824 seconds
Number of updated asset objects reloaded before import = 0
Number of asset objects unloaded after import = 3
========================================================================
Received Import Request.
  Time since last request: 0.000018 seconds.
  path: Assets/SPUM/Retro UI Set/1_UI_Images/Theme1/01_UI_Images/00_Basic/MP_Gauge1.png
  artifactKey: Guid(b377032f439f0402396eeddc2d5a22f4) Importer(2089858483,0ecaa5967403d082aa24f35e1b516d23)
Start importing Assets/SPUM/Retro UI Set/1_UI_Images/Theme1/01_UI_Images/00_Basic/MP_Gauge1.png using Guid(b377032f439f0402396eeddc2d5a22f4) Importer(2089858483,0ecaa5967403d082aa24f35e1b516d23) [PhysX] Initialized MultithreadedTaskDispatcher with 12 workers.
 -> (artifact id: '4ca86611f5ce232fbf5f7d818f2a1be7') in 0.028821 seconds
Number of updated asset objects reloaded before import = 0
Number of asset objects unloaded after import = 3
========================================================================
Received Import Request.
  Time since last request: 0.000017 seconds.
  path: Assets/SPUM/Retro UI Set/1_UI_Images/Theme2/04_Equipment/Spum_Icon36.png
  artifactKey: Guid(4d8e1b675292f433492d6bd54a1779ee) Importer(2089858483,0ecaa5967403d082aa24f35e1b516d23)
Start importing Assets/SPUM/Retro UI Set/1_UI_Images/Theme2/04_Equipment/Spum_Icon36.png using Guid(4d8e1b675292f433492d6bd54a1779ee) Importer(2089858483,0ecaa5967403d082aa24f35e1b516d23) [PhysX] Initialized MultithreadedTaskDispatcher with 12 workers.
 -> (artifact id: 'bdb508a8f9fe4f1fd3bca157208f10b1') in 0.022569 seconds
Number of updated asset objects reloaded before import = 0
Number of asset objects unloaded after import = 3
========================================================================
Received Import Request.
  Time since last request: 0.000017 seconds.
  path: Assets/SPUM/Retro UI Set/1_UI_Images/Theme2/07_Resources/Spum_Icon224.png
  artifactKey: Guid(13e9187e2d082455290203336d8a4dab) Importer(2089858483,0ecaa5967403d082aa24f35e1b516d23)
Start importing Assets/SPUM/Retro UI Set/1_UI_Images/Theme2/07_Resources/Spum_Icon224.png using Guid(13e9187e2d082455290203336d8a4dab) Importer(2089858483,0ecaa5967403d082aa24f35e1b516d23) [PhysX] Initialized MultithreadedTaskDispatcher with 12 workers.
 -> (artifact id: '63a745b105c70977cc338db5141bbf1b') in 0.029126 seconds
Number of updated asset objects reloaded before import = 0
Number of asset objects unloaded after import = 3
========================================================================
Received Import Request.
  Time since last request: 0.000018 seconds.
  path: Assets/SPUM/Retro UI Set/1_UI_Images/Theme2/06_UI/Spum_Icon165.png
  artifactKey: Guid(c6c2d0f5c2be4449cb9df1eeefa67bf8) Importer(2089858483,0ecaa5967403d082aa24f35e1b516d23)
Start importing Assets/SPUM/Retro UI Set/1_UI_Images/Theme2/06_UI/Spum_Icon165.png using Guid(c6c2d0f5c2be4449cb9df1eeefa67bf8) Importer(2089858483,0ecaa5967403d082aa24f35e1b516d23) [PhysX] Initialized MultithreadedTaskDispatcher with 12 workers.
 -> (artifact id: 'b89f7a5bbf64340db4733016be780cfe') in 0.028816 seconds
Number of updated asset objects reloaded before import = 0
Number of asset objects unloaded after import = 3
========================================================================
Received Import Request.
  Time since last request: 0.000023 seconds.
  path: Assets/SPUM/Retro UI Set/2_ExtraScript
  artifactKey: Guid(4b02d25248bb34bfd856215b01d00363) Importer(2089858483,0ecaa5967403d082aa24f35e1b516d23)
Start importing Assets/SPUM/Retro UI Set/2_ExtraScript using Guid(4b02d25248bb34bfd856215b01d00363) Importer(2089858483,0ecaa5967403d082aa24f35e1b516d23) [PhysX] Initialized MultithreadedTaskDispatcher with 12 workers.
 -> (artifact id: '2a7caec65dfc5b42dff23cf095912d62') in 0.011022 seconds
Number of updated asset objects reloaded before import = 0
Number of asset objects unloaded after import = 1
========================================================================
Received Import Request.
  Time since last request: 0.000018 seconds.
  path: Assets/SPUM/Retro UI Set/1_UI_Images/Theme1/01_UI_Images/04_Popup_Inventory/Box_Inven.png
  artifactKey: Guid(a1c9da091e5b84641a187ebd2cd5a4f4) Importer(2089858483,0ecaa5967403d082aa24f35e1b516d23)
Start importing Assets/SPUM/Retro UI Set/1_UI_Images/Theme1/01_UI_Images/04_Popup_Inventory/Box_Inven.png using Guid(a1c9da091e5b84641a187ebd2cd5a4f4) Importer(2089858483,0ecaa5967403d082aa24f35e1b516d23) [PhysX] Initialized MultithreadedTaskDispatcher with 12 workers.
 -> (artifact id: 'e383cb7a0906d0999b0fcb2e7d144190') in 0.029016 seconds
Number of updated asset objects reloaded before import = 0
Number of asset objects unloaded after import = 3
========================================================================
Received Import Request.
  Time since last request: 0.000032 seconds.
  path: Assets/SPUM/Retro UI Set/1_UI_Images/Theme1/02_Icons/0_Flat/Icon_Flat__30.png
  artifactKey: Guid(64c3a69bb13584151ad388b9a34975d6) Importer(2089858483,0ecaa5967403d082aa24f35e1b516d23)
Start importing Assets/SPUM/Retro UI Set/1_UI_Images/Theme1/02_Icons/0_Flat/Icon_Flat__30.png using Guid(64c3a69bb13584151ad388b9a34975d6) Importer(2089858483,0ecaa5967403d082aa24f35e1b516d23) [PhysX] Initialized MultithreadedTaskDispatcher with 12 workers.
 -> (artifact id: '2abe72a0402d318a1de03657d633737d') in 0.028432 seconds
Number of updated asset objects reloaded before import = 0
Number of asset objects unloaded after import = 3
========================================================================
Received Import Request.
  Time since last request: 0.000019 seconds.
  path: Assets/SPUM/Retro UI Set/1_UI_Images/Theme2/07_Resources/Spum_Icon289.png
  artifactKey: Guid(6d88a066b63d34af29c77401e47cfba1) Importer(2089858483,0ecaa5967403d082aa24f35e1b516d23)
Start importing Assets/SPUM/Retro UI Set/1_UI_Images/Theme2/07_Resources/Spum_Icon289.png using Guid(6d88a066b63d34af29c77401e47cfba1) Importer(2089858483,0ecaa5967403d082aa24f35e1b516d23) [PhysX] Initialized MultithreadedTaskDispatcher with 12 workers.
 -> (artifact id: 'd733ff790eb3be80f8f86a19ffe0369d') in 0.030509 seconds
Number of updated asset objects reloaded before import = 0
Number of asset objects unloaded after import = 3
========================================================================
Received Import Request.
  Time since last request: 0.000017 seconds.
  path: Assets/SPUM/Retro UI Set/1_UI_Images/Theme1
  artifactKey: Guid(d1a53b7baaab94b118740402a86e3a5f) Importer(2089858483,0ecaa5967403d082aa24f35e1b516d23)
Start importing Assets/SPUM/Retro UI Set/1_UI_Images/Theme1 using Guid(d1a53b7baaab94b118740402a86e3a5f) Importer(2089858483,0ecaa5967403d082aa24f35e1b516d23) [PhysX] Initialized MultithreadedTaskDispatcher with 12 workers.
 -> (artifact id: '16b86077e0b45793b1cbdd3590e1f55b') in 0.012436 seconds
Number of updated asset objects reloaded before import = 0
Number of asset objects unloaded after import = 1
========================================================================
Received Import Request.
  Time since last request: 0.000023 seconds.
  path: Assets/SPUM/Retro UI Set/1_UI_Images/Theme2/04_Equipment/Spum_Icon47.png
  artifactKey: Guid(fae8dcf4a317c4bb1a70453bff13b806) Importer(2089858483,0ecaa5967403d082aa24f35e1b516d23)
Start importing Assets/SPUM/Retro UI Set/1_UI_Images/Theme2/04_Equipment/Spum_Icon47.png using Guid(fae8dcf4a317c4bb1a70453bff13b806) Importer(2089858483,0ecaa5967403d082aa24f35e1b516d23) [PhysX] Initialized MultithreadedTaskDispatcher with 12 workers.
 -> (artifact id: '104c28798fe8bdab3417928a2da7fe99') in 0.029643 seconds
Number of updated asset objects reloaded before import = 0
Number of asset objects unloaded after import = 3
========================================================================
Received Import Request.
  Time since last request: 0.000020 seconds.
  path: Assets/SPUM/Retro UI Set/1_UI_Images/Theme1/01_UI_Images/03_Popup_Equipment/Box_Bottom_WS.png
  artifactKey: Guid(f1eb07d2b06b44faba228047e2270ad9) Importer(2089858483,0ecaa5967403d082aa24f35e1b516d23)
Start importing Assets/SPUM/Retro UI Set/1_UI_Images/Theme1/01_UI_Images/03_Popup_Equipment/Box_Bottom_WS.png using Guid(f1eb07d2b06b44faba228047e2270ad9) Importer(2089858483,0ecaa5967403d082aa24f35e1b516d23) [PhysX] Initialized MultithreadedTaskDispatcher with 12 workers.
 -> (artifact id: '0e1f1e5c76b7ee5b39c1373f3859849d') in 0.031693 seconds
Number of updated asset objects reloaded before import = 0
Number of asset objects unloaded after import = 3
========================================================================
Received Import Request.
  Time since last request: 0.000019 seconds.
  path: Assets/SPUM/Retro UI Set/1_UI_Images/Theme1/02_Icons/1_Basic/Icon_Sword.png
  artifactKey: Guid(a2e6507b792264deb92aee0a38a3172e) Importer(2089858483,0ecaa5967403d082aa24f35e1b516d23)
Start importing Assets/SPUM/Retro UI Set/1_UI_Images/Theme1/02_Icons/1_Basic/Icon_Sword.png using Guid(a2e6507b792264deb92aee0a38a3172e) Importer(2089858483,0ecaa5967403d082aa24f35e1b516d23) [PhysX] Initialized MultithreadedTaskDispatcher with 12 workers.
 -> (artifact id: '082748e7f08faa4b754cac49d0bb2a1b') in 0.030054 seconds
Number of updated asset objects reloaded before import = 0
Number of asset objects unloaded after import = 3
========================================================================
Received Import Request.
  Time since last request: 0.000016 seconds.
  path: Assets/SPUM/Retro UI Set/1_UI_Images/Theme2/06_UI/Spum_Icon205.png
  artifactKey: Guid(19d34f795fd664f809a2188909adb619) Importer(2089858483,0ecaa5967403d082aa24f35e1b516d23)
Start importing Assets/SPUM/Retro UI Set/1_UI_Images/Theme2/06_UI/Spum_Icon205.png using Guid(19d34f795fd664f809a2188909adb619) Importer(2089858483,0ecaa5967403d082aa24f35e1b516d23) [PhysX] Initialized MultithreadedTaskDispatcher with 12 workers.
 -> (artifact id: 'a87f381954cf6c863ee6ebf795b425d2') in 0.031746 seconds
Number of updated asset objects reloaded before import = 0
Number of asset objects unloaded after import = 3
========================================================================
Received Import Request.
  Time since last request: 0.000016 seconds.
  path: Assets/SPUM/Retro UI Set/1_UI_Images/Theme2/07_Resources/Spum_Icon249.png
  artifactKey: Guid(22180d298ba58408f94037f2afa04819) Importer(2089858483,0ecaa5967403d082aa24f35e1b516d23)
Start importing Assets/SPUM/Retro UI Set/1_UI_Images/Theme2/07_Resources/Spum_Icon249.png using Guid(22180d298ba58408f94037f2afa04819) Importer(2089858483,0ecaa5967403d082aa24f35e1b516d23) [PhysX] Initialized MultithreadedTaskDispatcher with 12 workers.
 -> (artifact id: '87174d56952009aefa7645b94ee873cd') in 0.031576 seconds
Number of updated asset objects reloaded before import = 0
Number of asset objects unloaded after import = 3
========================================================================
Received Import Request.
  Time since last request: 0.000017 seconds.
  path: Assets/SPUM/Retro UI Set/1_UI_Images/Theme1/01_UI_Images/04_Popup_Inventory/Title_Inven.png
  artifactKey: Guid(9adff786fe0d540ab896f2aac7bb24ee) Importer(2089858483,0ecaa5967403d082aa24f35e1b516d23)
Start importing Assets/SPUM/Retro UI Set/1_UI_Images/Theme1/01_UI_Images/04_Popup_Inventory/Title_Inven.png using Guid(9adff786fe0d540ab896f2aac7bb24ee) Importer(2089858483,0ecaa5967403d082aa24f35e1b516d23) [PhysX] Initialized MultithreadedTaskDispatcher with 12 workers.
 -> (artifact id: '7665fbe3bd1f5d2f1310fe6d8a8a7ff8') in 0.028036 seconds
Number of updated asset objects reloaded before import = 0
Number of asset objects unloaded after import = 3
========================================================================
Received Import Request.
  Time since last request: 0.000030 seconds.
  path: Assets/SPUM/Retro UI Set/1_UI_Images/Theme1/01_UI_Images/05_ResultScreen/Button_Home.png
  artifactKey: Guid(45fd8c908b45e48548ae39460e84beed) Importer(2089858483,0ecaa5967403d082aa24f35e1b516d23)
Start importing Assets/SPUM/Retro UI Set/1_UI_Images/Theme1/01_UI_Images/05_ResultScreen/Button_Home.png using Guid(45fd8c908b45e48548ae39460e84beed) Importer(2089858483,0ecaa5967403d082aa24f35e1b516d23) [PhysX] Initialized MultithreadedTaskDispatcher with 12 workers.
 -> (artifact id: 'af8efc196f6f0c80222a99f581417043') in 0.027767 seconds
Number of updated asset objects reloaded before import = 0
Number of asset objects unloaded after import = 3
========================================================================
Received Import Request.
  Time since last request: 0.000017 seconds.
  path: Assets/SPUM/Retro UI Set/1_UI_Images/Theme2/06_UI/Spum_Icon197.png
  artifactKey: Guid(731023e2bf74d472896e4c521510d220) Importer(2089858483,0ecaa5967403d082aa24f35e1b516d23)
Start importing Assets/SPUM/Retro UI Set/1_UI_Images/Theme2/06_UI/Spum_Icon197.png using Guid(731023e2bf74d472896e4c521510d220) Importer(2089858483,0ecaa5967403d082aa24f35e1b516d23) [PhysX] Initialized MultithreadedTaskDispatcher with 12 workers.
 -> (artifact id: 'f696f99bc8db39cbb4b221285c81a82a') in 0.026409 seconds
Number of updated asset objects reloaded before import = 0
Number of asset objects unloaded after import = 3
========================================================================
Received Import Request.
  Time since last request: 0.000018 seconds.
  path: Assets/SPUM/Retro UI Set/1_UI_Images/Theme2/04_Equipment/Spum_Icon33.png
  artifactKey: Guid(0017858006d224e73ac97bfa41fbec2f) Importer(2089858483,0ecaa5967403d082aa24f35e1b516d23)
Start importing Assets/SPUM/Retro UI Set/1_UI_Images/Theme2/04_Equipment/Spum_Icon33.png using Guid(0017858006d224e73ac97bfa41fbec2f) Importer(2089858483,0ecaa5967403d082aa24f35e1b516d23) [PhysX] Initialized MultithreadedTaskDispatcher with 12 workers.
 -> (artifact id: '92677b1965e6758f3508f2133b635c3a') in 0.028620 seconds
Number of updated asset objects reloaded before import = 0
Number of asset objects unloaded after import = 3
========================================================================
Received Import Request.
  Time since last request: 0.000016 seconds.
  path: Assets/SPUM/Retro UI Set/1_UI_Images/Theme1/02_Icons/0_Flat/Icon_Flat__50.png
  artifactKey: Guid(2fcf690509e6f4bf08fc7d368d573377) Importer(2089858483,0ecaa5967403d082aa24f35e1b516d23)
Start importing Assets/SPUM/Retro UI Set/1_UI_Images/Theme1/02_Icons/0_Flat/Icon_Flat__50.png using Guid(2fcf690509e6f4bf08fc7d368d573377) Importer(2089858483,0ecaa5967403d082aa24f35e1b516d23) [PhysX] Initialized MultithreadedTaskDispatcher with 12 workers.
 -> (artifact id: 'd622b456b64b56c377f8aff3d91bca09') in 0.027813 seconds
Number of updated asset objects reloaded before import = 0
Number of asset objects unloaded after import = 3
========================================================================
Received Import Request.
  Time since last request: 0.000027 seconds.
  path: Assets/SPUM/Retro UI Set/1_UI_Images/Theme1/01_UI_Images/00_Basic
  artifactKey: Guid(750f711f04b014f62bb9242176c27e94) Importer(2089858483,0ecaa5967403d082aa24f35e1b516d23)
Start importing Assets/SPUM/Retro UI Set/1_UI_Images/Theme1/01_UI_Images/00_Basic using Guid(750f711f04b014f62bb9242176c27e94) Importer(2089858483,0ecaa5967403d082aa24f35e1b516d23) [PhysX] Initialized MultithreadedTaskDispatcher with 12 workers.
 -> (artifact id: '1f1a928b5c1e28c8f9e84701c15ed1ef') in 0.011713 seconds
Number of updated asset objects reloaded before import = 0
Number of asset objects unloaded after import = 1
========================================================================
Received Import Request.
  Time since last request: 0.000016 seconds.
  path: Assets/SPUM/Retro UI Set/1_UI_Images/Theme2/05_System/Spum_Icon80.png
  artifactKey: Guid(1b38de2d38308403fa16bdd0fd145fef) Importer(2089858483,0ecaa5967403d082aa24f35e1b516d23)
Start importing Assets/SPUM/Retro UI Set/1_UI_Images/Theme2/05_System/Spum_Icon80.png using Guid(1b38de2d38308403fa16bdd0fd145fef) Importer(2089858483,0ecaa5967403d082aa24f35e1b516d23) [PhysX] Initialized MultithreadedTaskDispatcher with 12 workers.
 -> (artifact id: '3ad3b9763f5fdb6d65843e3b0b072d39') in 0.031515 seconds
Number of updated asset objects reloaded before import = 0
Number of asset objects unloaded after import = 3
========================================================================
Received Import Request.
  Time since last request: 0.000019 seconds.
  path: Assets/SPUM/Retro UI Set/1_UI_Images/Theme2/05_System/Spum_Icon91.png
  artifactKey: Guid(b222276a27a6e4fa1b8fbb32c1c31eb8) Importer(2089858483,0ecaa5967403d082aa24f35e1b516d23)
Start importing Assets/SPUM/Retro UI Set/1_UI_Images/Theme2/05_System/Spum_Icon91.png using Guid(b222276a27a6e4fa1b8fbb32c1c31eb8) Importer(2089858483,0ecaa5967403d082aa24f35e1b516d23) [PhysX] Initialized MultithreadedTaskDispatcher with 12 workers.
 -> (artifact id: '6d881aa2fba41eb551ee35a75bb92f4b') in 0.028710 seconds
Number of updated asset objects reloaded before import = 0
Number of asset objects unloaded after import = 3
========================================================================
Received Import Request.
  Time since last request: 0.000019 seconds.
  path: Assets/SPUM/Retro UI Set/1_UI_Images/Theme2/06_UI/Spum_Icon199.png
  artifactKey: Guid(3c0582fc87aff4527b5ec0a9bd80b2b8) Importer(2089858483,0ecaa5967403d082aa24f35e1b516d23)
Start importing Assets/SPUM/Retro UI Set/1_UI_Images/Theme2/06_UI/Spum_Icon199.png using Guid(3c0582fc87aff4527b5ec0a9bd80b2b8) Importer(2089858483,0ecaa5967403d082aa24f35e1b516d23) [PhysX] Initialized MultithreadedTaskDispatcher with 12 workers.
 -> (artifact id: 'cf4cceb4aa94f683b74b08d7e54c801b') in 0.031577 seconds
Number of updated asset objects reloaded before import = 0
Number of asset objects unloaded after import = 3
========================================================================
Received Import Request.
  Time since last request: 0.000021 seconds.
  path: Assets/SPUM/Retro UI Set/1_UI_Images/Theme2/05_System/Spum_Icon103.png
  artifactKey: Guid(f88274f171ed64bdca11c279e3697b45) Importer(2089858483,0ecaa5967403d082aa24f35e1b516d23)
Start importing Assets/SPUM/Retro UI Set/1_UI_Images/Theme2/05_System/Spum_Icon103.png using Guid(f88274f171ed64bdca11c279e3697b45) Importer(2089858483,0ecaa5967403d082aa24f35e1b516d23) [PhysX] Initialized MultithreadedTaskDispatcher with 12 workers.
 -> (artifact id: 'e626fcf949acd76b7a8567df2e39ef38') in 0.028829 seconds
Number of updated asset objects reloaded before import = 0
Number of asset objects unloaded after import = 3
========================================================================
Received Import Request.
  Time since last request: 0.000036 seconds.
  path: Assets/SPUM/Retro UI Set/1_UI_Images/Theme1/02_Icons/2_Extra/Icon_55.png
  artifactKey: Guid(a984fac613d334859b3d1d8ea0eac496) Importer(2089858483,0ecaa5967403d082aa24f35e1b516d23)
Start importing Assets/SPUM/Retro UI Set/1_UI_Images/Theme1/02_Icons/2_Extra/Icon_55.png using Guid(a984fac613d334859b3d1d8ea0eac496) Importer(2089858483,0ecaa5967403d082aa24f35e1b516d23) [PhysX] Initialized MultithreadedTaskDispatcher with 12 workers.
 -> (artifact id: '022be35f0ef85f85570e732191f05c06') in 0.029746 seconds
Number of updated asset objects reloaded before import = 0
Number of asset objects unloaded after import = 3
========================================================================
Received Import Request.
  Time since last request: 0.000017 seconds.
  path: Assets/SPUM/Retro UI Set/1_UI_Images/Theme1/02_Icons/2_Extra/Icon_6.png
  artifactKey: Guid(9f587c538d4ab478e8e9d800533788f4) Importer(2089858483,0ecaa5967403d082aa24f35e1b516d23)
Start importing Assets/SPUM/Retro UI Set/1_UI_Images/Theme1/02_Icons/2_Extra/Icon_6.png using Guid(9f587c538d4ab478e8e9d800533788f4) Importer(2089858483,0ecaa5967403d082aa24f35e1b516d23) [PhysX] Initialized MultithreadedTaskDispatcher with 12 workers.
 -> (artifact id: '366be60bd0830d72bdce3e42fda1ad49') in 0.030736 seconds
Number of updated asset objects reloaded before import = 0
Number of asset objects unloaded after import = 3
========================================================================
Received Import Request.
  Time since last request: 0.000024 seconds.
  path: Assets/SPUM/Retro UI Set/1_UI_Images/Theme2/05_System/Spum_Icon98.png
  artifactKey: Guid(d82c8cc2aaf6b4c80999cfe184bdfd90) Importer(2089858483,0ecaa5967403d082aa24f35e1b516d23)
Start importing Assets/SPUM/Retro UI Set/1_UI_Images/Theme2/05_System/Spum_Icon98.png using Guid(d82c8cc2aaf6b4c80999cfe184bdfd90) Importer(2089858483,0ecaa5967403d082aa24f35e1b516d23) [PhysX] Initialized MultithreadedTaskDispatcher with 12 workers.
 -> (artifact id: '588fe46a263e4ad77c18f44bb3ef8467') in 0.028473 seconds
Number of updated asset objects reloaded before import = 0
Number of asset objects unloaded after import = 3
========================================================================
Received Import Request.
  Time since last request: 0.000016 seconds.
  path: Assets/SPUM/Retro UI Set/1_UI_Images/Theme1/01_UI_Images/02_Box&Btn_White/Button_Basic4_White_WS.png
  artifactKey: Guid(41926f5a9dda944c9b1393088fafdf0a) Importer(2089858483,0ecaa5967403d082aa24f35e1b516d23)
Start importing Assets/SPUM/Retro UI Set/1_UI_Images/Theme1/01_UI_Images/02_Box&Btn_White/Button_Basic4_White_WS.png using Guid(41926f5a9dda944c9b1393088fafdf0a) Importer(2089858483,0ecaa5967403d082aa24f35e1b516d23) [PhysX] Initialized MultithreadedTaskDispatcher with 12 workers.
 -> (artifact id: '09e50ae2c8207e835acac9cd030ab8b4') in 0.028568 seconds
Number of updated asset objects reloaded before import = 0
Number of asset objects unloaded after import = 3
========================================================================
Received Import Request.
  Time since last request: 0.000018 seconds.
  path: Assets/SPUM/Retro UI Set/1_UI_Images/Theme2/07_Resources/Spum_Icon214.png
  artifactKey: Guid(a52d22e11670b4efbab360c6af49f751) Importer(2089858483,0ecaa5967403d082aa24f35e1b516d23)
Start importing Assets/SPUM/Retro UI Set/1_UI_Images/Theme2/07_Resources/Spum_Icon214.png using Guid(a52d22e11670b4efbab360c6af49f751) Importer(2089858483,0ecaa5967403d082aa24f35e1b516d23) [PhysX] Initialized MultithreadedTaskDispatcher with 12 workers.
 -> (artifact id: 'ad24fc50df45b9906a2ec6396bbb6336') in 0.030715 seconds
Number of updated asset objects reloaded before import = 0
Number of asset objects unloaded after import = 3
========================================================================
Received Import Request.
  Time since last request: 0.000017 seconds.
  path: Assets/SPUM/Retro UI Set/1_UI_Images/Theme2/05_System/Spum_Icon97.png
  artifactKey: Guid(1a8f3fd0b3aa743e28711166a3d0dfce) Importer(2089858483,0ecaa5967403d082aa24f35e1b516d23)
Start importing Assets/SPUM/Retro UI Set/1_UI_Images/Theme2/05_System/Spum_Icon97.png using Guid(1a8f3fd0b3aa743e28711166a3d0dfce) Importer(2089858483,0ecaa5967403d082aa24f35e1b516d23) [PhysX] Initialized MultithreadedTaskDispatcher with 12 workers.
 -> (artifact id: '64692a35b129e072ffdfbac6d1e60c2a') in 0.033664 seconds
Number of updated asset objects reloaded before import = 0
Number of asset objects unloaded after import = 3
========================================================================
Received Import Request.
  Time since last request: 0.000018 seconds.
  path: Assets/SPUM/Retro UI Set/1_UI_Images/Theme1/01_UI_Images/03_Popup_Equipment/Box_Armor.png
  artifactKey: Guid(1bc72bee678dc4c85987138a447370bd) Importer(2089858483,0ecaa5967403d082aa24f35e1b516d23)
Start importing Assets/SPUM/Retro UI Set/1_UI_Images/Theme1/01_UI_Images/03_Popup_Equipment/Box_Armor.png using Guid(1bc72bee678dc4c85987138a447370bd) Importer(2089858483,0ecaa5967403d082aa24f35e1b516d23) [PhysX] Initialized MultithreadedTaskDispatcher with 12 workers.
 -> (artifact id: '6b90fa0634a5db3c909a657b462b64dd') in 0.029434 seconds
Number of updated asset objects reloaded before import = 0
Number of asset objects unloaded after import = 3
========================================================================
Received Import Request.
  Time since last request: 0.000023 seconds.
  path: Assets/SPUM/Retro UI Set/1_UI_Images/Theme1/01_UI_Images/03_Popup_Equipment/Box_Beard.png
  artifactKey: Guid(25f8178b09d554b04931abb40ecf0695) Importer(2089858483,0ecaa5967403d082aa24f35e1b516d23)
Start importing Assets/SPUM/Retro UI Set/1_UI_Images/Theme1/01_UI_Images/03_Popup_Equipment/Box_Beard.png using Guid(25f8178b09d554b04931abb40ecf0695) Importer(2089858483,0ecaa5967403d082aa24f35e1b516d23) [PhysX] Initialized MultithreadedTaskDispatcher with 12 workers.
 -> (artifact id: '7f6d3f50aae78b7e0cee79f124b6ad75') in 0.032261 seconds
Number of updated asset objects reloaded before import = 0
Number of asset objects unloaded after import = 3
========================================================================
Received Import Request.
  Time since last request: 0.000028 seconds.
  path: Assets/SPUM/Retro UI Set/1_UI_Images/Theme2/07_Resources/Spum_Icon219.png
  artifactKey: Guid(b2450d6c1bcd1451f9186144ace3d608) Importer(2089858483,0ecaa5967403d082aa24f35e1b516d23)
Start importing Assets/SPUM/Retro UI Set/1_UI_Images/Theme2/07_Resources/Spum_Icon219.png using Guid(b2450d6c1bcd1451f9186144ace3d608) Importer(2089858483,0ecaa5967403d082aa24f35e1b516d23) [PhysX] Initialized MultithreadedTaskDispatcher with 12 workers.
 -> (artifact id: 'd18ecf746d9b8d2ab5c22f2293777174') in 0.029460 seconds
Number of updated asset objects reloaded before import = 0
Number of asset objects unloaded after import = 3
========================================================================
Received Import Request.
  Time since last request: 0.000017 seconds.
  path: Assets/SPUM/Retro UI Set/1_UI_Images/Theme2/06_UI/Spum_Icon141.png
  artifactKey: Guid(57af6e6fca89a429d9f89a713f20066d) Importer(2089858483,0ecaa5967403d082aa24f35e1b516d23)
Start importing Assets/SPUM/Retro UI Set/1_UI_Images/Theme2/06_UI/Spum_Icon141.png using Guid(57af6e6fca89a429d9f89a713f20066d) Importer(2089858483,0ecaa5967403d082aa24f35e1b516d23) [PhysX] Initialized MultithreadedTaskDispatcher with 12 workers.
 -> (artifact id: '2dee5bb5fb35a3118c01111c29aece40') in 0.030209 seconds
Number of updated asset objects reloaded before import = 0
Number of asset objects unloaded after import = 3
========================================================================
Received Import Request.
  Time since last request: 0.000038 seconds.
  path: Assets/SPUM/Retro UI Set/1_UI_Images/Theme1/01_UI_Images/03_Popup_Equipment/Box_Left.png
  artifactKey: Guid(23a15045b06da452d8eb1429a84e2621) Importer(2089858483,0ecaa5967403d082aa24f35e1b516d23)
Start importing Assets/SPUM/Retro UI Set/1_UI_Images/Theme1/01_UI_Images/03_Popup_Equipment/Box_Left.png using Guid(23a15045b06da452d8eb1429a84e2621) Importer(2089858483,0ecaa5967403d082aa24f35e1b516d23) [PhysX] Initialized MultithreadedTaskDispatcher with 12 workers.
 -> (artifact id: '655443934692b78fe177fff02647fe86') in 0.033754 seconds
Number of updated asset objects reloaded before import = 0
Number of asset objects unloaded after import = 3
========================================================================
Received Import Request.
  Time since last request: 0.000017 seconds.
  path: Assets/SPUM/Retro UI Set/1_UI_Images/Theme2/05_System/Spum_Icon105.png
  artifactKey: Guid(cb51f5f6f8281453c8c25dd38c756e34) Importer(2089858483,0ecaa5967403d082aa24f35e1b516d23)
Start importing Assets/SPUM/Retro UI Set/1_UI_Images/Theme2/05_System/Spum_Icon105.png using Guid(cb51f5f6f8281453c8c25dd38c756e34) Importer(2089858483,0ecaa5967403d082aa24f35e1b516d23) [PhysX] Initialized MultithreadedTaskDispatcher with 12 workers.
 -> (artifact id: 'e9e375340d0983f72d202d5c63cac68c') in 0.021859 seconds
Number of updated asset objects reloaded before import = 0
Number of asset objects unloaded after import = 3
========================================================================
Received Import Request.
  Time since last request: 0.000017 seconds.
  path: Assets/SPUM/Retro UI Set/1_UI_Images/Theme2/05_System/Spum_Icon120.png
  artifactKey: Guid(c9d1fed2ecfdb46e99bb0cf2e6695393) Importer(2089858483,0ecaa5967403d082aa24f35e1b516d23)
Start importing Assets/SPUM/Retro UI Set/1_UI_Images/Theme2/05_System/Spum_Icon120.png using Guid(c9d1fed2ecfdb46e99bb0cf2e6695393) Importer(2089858483,0ecaa5967403d082aa24f35e1b516d23) [PhysX] Initialized MultithreadedTaskDispatcher with 12 workers.
 -> (artifact id: '59b482e2bb5f136cf5bb490a4bad6669') in 0.032252 seconds
Number of updated asset objects reloaded before import = 0
Number of asset objects unloaded after import = 3
========================================================================
Received Import Request.
  Time since last request: 0.000019 seconds.
  path: Assets/SPUM/Retro UI Set/1_UI_Images/Theme1/02_Icons/2_Extra/Icon_16.png
  artifactKey: Guid(e5d141c8b6d0a4cfe93f54b2c887f87b) Importer(2089858483,0ecaa5967403d082aa24f35e1b516d23)
Start importing Assets/SPUM/Retro UI Set/1_UI_Images/Theme1/02_Icons/2_Extra/Icon_16.png using Guid(e5d141c8b6d0a4cfe93f54b2c887f87b) Importer(2089858483,0ecaa5967403d082aa24f35e1b516d23) [PhysX] Initialized MultithreadedTaskDispatcher with 12 workers.
 -> (artifact id: 'd830554704599a9188218a232861acf1') in 0.032239 seconds
Number of updated asset objects reloaded before import = 0
Number of asset objects unloaded after import = 3
========================================================================
Received Import Request.
  Time since last request: 0.000018 seconds.
  path: Assets/SPUM/Retro UI Set/1_UI_Images/Theme1/02_Icons/0_Flat/Icon_Flat__23.png
  artifactKey: Guid(f9c5492cd21af495680a6888779704a1) Importer(2089858483,0ecaa5967403d082aa24f35e1b516d23)
Start importing Assets/SPUM/Retro UI Set/1_UI_Images/Theme1/02_Icons/0_Flat/Icon_Flat__23.png using Guid(f9c5492cd21af495680a6888779704a1) Importer(2089858483,0ecaa5967403d082aa24f35e1b516d23) [PhysX] Initialized MultithreadedTaskDispatcher with 12 workers.
 -> (artifact id: '0515390d282c013005204d2344f1955a') in 0.029611 seconds
Number of updated asset objects reloaded before import = 0
Number of asset objects unloaded after import = 3
========================================================================
Received Import Request.
  Time since last request: 0.000021 seconds.
  path: Assets/SPUM/Retro UI Set/1_UI_Images/Theme1/02_Icons/1_Basic/Icon_Skill_WS.png
  artifactKey: Guid(b586ff62050e94fbe96d180e047edc9f) Importer(2089858483,0ecaa5967403d082aa24f35e1b516d23)
Start importing Assets/SPUM/Retro UI Set/1_UI_Images/Theme1/02_Icons/1_Basic/Icon_Skill_WS.png using Guid(b586ff62050e94fbe96d180e047edc9f) Importer(2089858483,0ecaa5967403d082aa24f35e1b516d23) [PhysX] Initialized MultithreadedTaskDispatcher with 12 workers.
 -> (artifact id: '7ef21e12cb64db27070b9911b1f8869b') in 0.031821 seconds
Number of updated asset objects reloaded before import = 0
Number of asset objects unloaded after import = 3
========================================================================
Received Import Request.
  Time since last request: 0.000026 seconds.
  path: Assets/SPUM/Retro UI Set/1_UI_Images/Theme1/01_UI_Images/01_Box&Btn/Button_Basic1_15x15.png
  artifactKey: Guid(4c7cb137b1ebe40cdb0d0f6fb779e41e) Importer(2089858483,0ecaa5967403d082aa24f35e1b516d23)
Start importing Assets/SPUM/Retro UI Set/1_UI_Images/Theme1/01_UI_Images/01_Box&Btn/Button_Basic1_15x15.png using Guid(4c7cb137b1ebe40cdb0d0f6fb779e41e) Importer(2089858483,0ecaa5967403d082aa24f35e1b516d23) [PhysX] Initialized MultithreadedTaskDispatcher with 12 workers.
 -> (artifact id: '53011d4b8973ff0b682eab29bb38db81') in 0.021450 seconds
Number of updated asset objects reloaded before import = 0
Number of asset objects unloaded after import = 3
========================================================================
Received Import Request.
  Time since last request: 0.000017 seconds.
  path: Assets/SPUM/Retro UI Set/1_UI_Images/Theme1/01_UI_Images/04_Popup_Inventory/Box_Inven_WS.png
  artifactKey: Guid(5fb75fe4a7dac491787107ad96018da9) Importer(2089858483,0ecaa5967403d082aa24f35e1b516d23)
Start importing Assets/SPUM/Retro UI Set/1_UI_Images/Theme1/01_UI_Images/04_Popup_Inventory/Box_Inven_WS.png using Guid(5fb75fe4a7dac491787107ad96018da9) Importer(2089858483,0ecaa5967403d082aa24f35e1b516d23) [PhysX] Initialized MultithreadedTaskDispatcher with 12 workers.
 -> (artifact id: '578289773d91af9829f4136697201cfd') in 0.032539 seconds
Number of updated asset objects reloaded before import = 0
Number of asset objects unloaded after import = 3
========================================================================
Received Import Request.
  Time since last request: 0.000018 seconds.
  path: Assets/SPUM/Retro UI Set/1_UI_Images/Theme1/02_Icons/0_Flat/Icon_Flat__6.png
  artifactKey: Guid(b855210befe62460880af947a417d021) Importer(2089858483,0ecaa5967403d082aa24f35e1b516d23)
Start importing Assets/SPUM/Retro UI Set/1_UI_Images/Theme1/02_Icons/0_Flat/Icon_Flat__6.png using Guid(b855210befe62460880af947a417d021) Importer(2089858483,0ecaa5967403d082aa24f35e1b516d23) [PhysX] Initialized MultithreadedTaskDispatcher with 12 workers.
 -> (artifact id: '4b69a29267f5eac2ee56d6d008373a7d') in 0.029452 seconds
Number of updated asset objects reloaded before import = 0
Number of asset objects unloaded after import = 3
========================================================================
Received Import Request.
  Time since last request: 0.000019 seconds.
  path: Assets/SPUM/Retro UI Set/1_UI_Images/Theme1/01_UI_Images/01_Box&Btn/Box_Icon1.png
  artifactKey: Guid(5c54479b677fb42e0b03a1cbf4c44264) Importer(2089858483,0ecaa5967403d082aa24f35e1b516d23)
Start importing Assets/SPUM/Retro UI Set/1_UI_Images/Theme1/01_UI_Images/01_Box&Btn/Box_Icon1.png using Guid(5c54479b677fb42e0b03a1cbf4c44264) Importer(2089858483,0ecaa5967403d082aa24f35e1b516d23) [PhysX] Initialized MultithreadedTaskDispatcher with 12 workers.
 -> (artifact id: '7c3a77e5327dda46bbb6e0304857e43f') in 0.026983 seconds
Number of updated asset objects reloaded before import = 0
Number of asset objects unloaded after import = 3
========================================================================
Received Import Request.
  Time since last request: 0.000020 seconds.
  path: Assets/SPUM/Retro UI Set/1_UI_Images/Theme1/01_UI_Images/01_Box&Btn/Button_Basic4_WS.png
  artifactKey: Guid(1c88fbd0d9c4e43f68b5dbe4845a5979) Importer(2089858483,0ecaa5967403d082aa24f35e1b516d23)
Start importing Assets/SPUM/Retro UI Set/1_UI_Images/Theme1/01_UI_Images/01_Box&Btn/Button_Basic4_WS.png using Guid(1c88fbd0d9c4e43f68b5dbe4845a5979) Importer(2089858483,0ecaa5967403d082aa24f35e1b516d23) [PhysX] Initialized MultithreadedTaskDispatcher with 12 workers.
 -> (artifact id: 'dd5f4c75082693adadea2b2a6f914594') in 0.030186 seconds
Number of updated asset objects reloaded before import = 0
Number of asset objects unloaded after import = 3
========================================================================
Received Import Request.
  Time since last request: 0.000017 seconds.
  path: Assets/FanyasyStatusIcons/Demo.unity
  artifactKey: Guid(a029454f0fbf4f14bb0ec96ce36a5f74) Importer(2089858483,0ecaa5967403d082aa24f35e1b516d23)
Start importing Assets/FanyasyStatusIcons/Demo.unity using Guid(a029454f0fbf4f14bb0ec96ce36a5f74) Importer(2089858483,0ecaa5967403d082aa24f35e1b516d23) [PhysX] Initialized MultithreadedTaskDispatcher with 12 workers.
 -> (artifact id: '5f090132b2d5fc958c3e64814897111d') in 0.011452 seconds
Number of updated asset objects reloaded before import = 0
Number of asset objects unloaded after import = 1
========================================================================
Received Import Request.
  Time since last request: 0.000020 seconds.
  path: Assets/TextMesh Pro/Fonts/LiberationSans - OFL.txt
  artifactKey: Guid(6e59c59b81ab47f9b6ec5781fa725d2c) Importer(2089858483,0ecaa5967403d082aa24f35e1b516d23)
Start importing Assets/TextMesh Pro/Fonts/LiberationSans - OFL.txt using Guid(6e59c59b81ab47f9b6ec5781fa725d2c) Importer(2089858483,0ecaa5967403d082aa24f35e1b516d23) [PhysX] Initialized MultithreadedTaskDispatcher with 12 workers.
 -> (artifact id: '76ee27343868bea324320baaa0e59ccc') in 0.017939 seconds
Number of updated asset objects reloaded before import = 0
Number of asset objects unloaded after import = 1
========================================================================
Received Import Request.
  Time since last request: 0.000019 seconds.
  path: Assets/TextMesh Pro/Examples & Extras/Resources
  artifactKey: Guid(d6d3a169ad794942a21da6a552d62f6f) Importer(2089858483,0ecaa5967403d082aa24f35e1b516d23)
Start importing Assets/TextMesh Pro/Examples & Extras/Resources using Guid(d6d3a169ad794942a21da6a552d62f6f) Importer(2089858483,0ecaa5967403d082aa24f35e1b516d23) [PhysX] Initialized MultithreadedTaskDispatcher with 12 workers.
 -> (artifact id: 'edd919ca249e1bc33524e4277adb9e0f') in 0.010838 seconds
Number of updated asset objects reloaded before import = 0
Number of asset objects unloaded after import = 1
========================================================================
Received Import Request.
  Time since last request: 0.000021 seconds.
  path: Assets/SPUM/Retro UI Set/1_UI_Images/Theme2/05_System/Spum_Icon100.png
  artifactKey: Guid(26920cd2f2cd146beada10045db62363) Importer(2089858483,0ecaa5967403d082aa24f35e1b516d23)
Start importing Assets/SPUM/Retro UI Set/1_UI_Images/Theme2/05_System/Spum_Icon100.png using Guid(26920cd2f2cd146beada10045db62363) Importer(2089858483,0ecaa5967403d082aa24f35e1b516d23) [PhysX] Initialized MultithreadedTaskDispatcher with 12 workers.
 -> (artifact id: '89fb7022ef4472d4ab96a2fd3058a0e8') in 0.028036 seconds
Number of updated asset objects reloaded before import = 0
Number of asset objects unloaded after import = 3
========================================================================
Received Import Request.
  Time since last request: 0.000022 seconds.
  path: Assets/TextMesh Pro/Examples & Extras/Resources/Color Gradient Presets
  artifactKey: Guid(7f422cd1388b01047a58cd07c7a23d9d) Importer(2089858483,0ecaa5967403d082aa24f35e1b516d23)
Start importing Assets/TextMesh Pro/Examples & Extras/Resources/Color Gradient Presets using Guid(7f422cd1388b01047a58cd07c7a23d9d) Importer(2089858483,0ecaa5967403d082aa24f35e1b516d23) [PhysX] Initialized MultithreadedTaskDispatcher with 12 workers.
 -> (artifact id: 'a3aea05251d87634c7269cbf3fcbb283') in 0.014008 seconds
Number of updated asset objects reloaded before import = 0
Number of asset objects unloaded after import = 1
========================================================================
Received Import Request.
  Time since last request: 0.000024 seconds.
  path: Assets/TextMesh Pro/Examples & Extras/Scripts
  artifactKey: Guid(3979ce59e55144c89a2b3b3f8dcf7fd3) Importer(2089858483,0ecaa5967403d082aa24f35e1b516d23)
Start importing Assets/TextMesh Pro/Examples & Extras/Scripts using Guid(3979ce59e55144c89a2b3b3f8dcf7fd3) Importer(2089858483,0ecaa5967403d082aa24f35e1b516d23) [PhysX] Initialized MultithreadedTaskDispatcher with 12 workers.
 -> (artifact id: '8c2435f1ef5a4b5a9effebc7970092c2') in 0.011346 seconds
Number of updated asset objects reloaded before import = 0
Number of asset objects unloaded after import = 1
========================================================================
Received Import Request.
  Time since last request: 0.000019 seconds.
  path: Assets/SPUM/Retro UI Set/1_UI_Images/Theme1/02_Icons/1_Basic/Image_Alarm.png
  artifactKey: Guid(3fc68d0a941e841aa85099c61c702fe9) Importer(2089858483,0ecaa5967403d082aa24f35e1b516d23)
Start importing Assets/SPUM/Retro UI Set/1_UI_Images/Theme1/02_Icons/1_Basic/Image_Alarm.png using Guid(3fc68d0a941e841aa85099c61c702fe9) Importer(2089858483,0ecaa5967403d082aa24f35e1b516d23) [PhysX] Initialized MultithreadedTaskDispatcher with 12 workers.
 -> (artifact id: 'a179f1aa3a38a0ff9c481b5f95800673') in 0.035250 seconds
Number of updated asset objects reloaded before import = 0
Number of asset objects unloaded after import = 3
========================================================================
Received Import Request.
  Time since last request: 0.000017 seconds.
  path: Assets/SPUM/Resources/Addons/Legacy/0_Unit/1_Animation/06_Other/02_Etc/0_Stun.anim
  artifactKey: Guid(d3ba69546abbf0444a455b41151d28db) Importer(2089858483,0ecaa5967403d082aa24f35e1b516d23)
Start importing Assets/SPUM/Resources/Addons/Legacy/0_Unit/1_Animation/06_Other/02_Etc/0_Stun.anim using Guid(d3ba69546abbf0444a455b41151d28db) Importer(2089858483,0ecaa5967403d082aa24f35e1b516d23) [PhysX] Initialized MultithreadedTaskDispatcher with 12 workers.
 -> (artifact id: 'e047f4024f83f092d3223ddaf1a1e51d') in 0.017118 seconds
Number of updated asset objects reloaded before import = 0
Number of asset objects unloaded after import = 1
========================================================================
Received Import Request.
  Time since last request: 0.000018 seconds.
  path: Assets/SPUM/Retro UI Set/1_UI_Images/Theme2/06_UI/Spum_Icon207.png
  artifactKey: Guid(9ba39688fa7574ba58b042cbc25ceaf6) Importer(2089858483,0ecaa5967403d082aa24f35e1b516d23)
Start importing Assets/SPUM/Retro UI Set/1_UI_Images/Theme2/06_UI/Spum_Icon207.png using Guid(9ba39688fa7574ba58b042cbc25ceaf6) Importer(2089858483,0ecaa5967403d082aa24f35e1b516d23) [PhysX] Initialized MultithreadedTaskDispatcher with 12 workers.
 -> (artifact id: '8da7f5bdc3494dd8592d23f7e2a5448d') in 0.030040 seconds
Number of updated asset objects reloaded before import = 0
Number of asset objects unloaded after import = 3
========================================================================
Received Import Request.
  Time since last request: 0.000024 seconds.
  path: Assets/3.Script
  artifactKey: Guid(f785063750865624aa83a3e2bc8e2053) Importer(2089858483,0ecaa5967403d082aa24f35e1b516d23)
Start importing Assets/3.Script using Guid(f785063750865624aa83a3e2bc8e2053) Importer(2089858483,0ecaa5967403d082aa24f35e1b516d23) [PhysX] Initialized MultithreadedTaskDispatcher with 12 workers.
 -> (artifact id: 'c9b9c9d7d2d42b1f12d7d32ac13bdefd') in 0.011235 seconds
Number of updated asset objects reloaded before import = 0
Number of asset objects unloaded after import = 1
========================================================================
Received Import Request.
  Time since last request: 0.000018 seconds.
  path: Assets/2.Model/Prefabs
  artifactKey: Guid(58f104defcf217a4eae47ea3160e57d9) Importer(2089858483,0ecaa5967403d082aa24f35e1b516d23)
Start importing Assets/2.Model/Prefabs using Guid(58f104defcf217a4eae47ea3160e57d9) Importer(2089858483,0ecaa5967403d082aa24f35e1b516d23) [PhysX] Initialized MultithreadedTaskDispatcher with 12 workers.
 -> (artifact id: '7a2007ab67c5573966e1be1abc3eccef') in 0.015480 seconds
Number of updated asset objects reloaded before import = 0
Number of asset objects unloaded after import = 1
========================================================================
Received Import Request.
  Time since last request: 0.000030 seconds.
  path: Assets/TextMesh Pro/Examples & Extras
  artifactKey: Guid(ce51c8e33b734b4db6086586558c53a3) Importer(2089858483,0ecaa5967403d082aa24f35e1b516d23)
Start importing Assets/TextMesh Pro/Examples & Extras using Guid(ce51c8e33b734b4db6086586558c53a3) Importer(2089858483,0ecaa5967403d082aa24f35e1b516d23) [PhysX] Initialized MultithreadedTaskDispatcher with 12 workers.
 -> (artifact id: '6b59f5635555dcae8eb7b6669cd761ca') in 0.017072 seconds
Number of updated asset objects reloaded before import = 0
Number of asset objects unloaded after import = 1
========================================================================
Received Import Request.
  Time since last request: 0.000021 seconds.
  path: Assets/TextMesh Pro/Examples & Extras/Prefabs
  artifactKey: Guid(5bff2544887143f5807c7d5059d07f79) Importer(2089858483,0ecaa5967403d082aa24f35e1b516d23)
Start importing Assets/TextMesh Pro/Examples & Extras/Prefabs using Guid(5bff2544887143f5807c7d5059d07f79) Importer(2089858483,0ecaa5967403d082aa24f35e1b516d23) [PhysX] Initialized MultithreadedTaskDispatcher with 12 workers.
 -> (artifact id: 'e90ef5806e27bc607524fe472c4ced32') in 0.015279 seconds
Number of updated asset objects reloaded before import = 0
Number of asset objects unloaded after import = 1
========================================================================
Received Import Request.
  Time since last request: 0.000017 seconds.
  path: Assets/FanyasyStatusIcons/StatusIcons.png
  artifactKey: Guid(080cb6d98b00c2645b2c41df5f69bc78) Importer(2089858483,0ecaa5967403d082aa24f35e1b516d23)
Start importing Assets/FanyasyStatusIcons/StatusIcons.png using Guid(080cb6d98b00c2645b2c41df5f69bc78) Importer(2089858483,0ecaa5967403d082aa24f35e1b516d23) [PhysX] Initialized MultithreadedTaskDispatcher with 12 workers.
 -> (artifact id: '0266fdb1b22b669d5c9d51944beb2d13') in 0.050363 seconds
Number of updated asset objects reloaded before import = 0
Number of asset objects unloaded after import = 14
========================================================================
Received Import Request.
  Time since last request: 0.000033 seconds.
  path: Assets/Resources
  artifactKey: Guid(3a583964a5e5bd045abfa49aea6e7cf1) Importer(2089858483,0ecaa5967403d082aa24f35e1b516d23)
Start importing Assets/Resources using Guid(3a583964a5e5bd045abfa49aea6e7cf1) Importer(2089858483,0ecaa5967403d082aa24f35e1b516d23) [PhysX] Initialized MultithreadedTaskDispatcher with 12 workers.
 -> (artifact id: 'dd482de4befcde0d64ee914dd3429819') in 0.014804 seconds
Number of updated asset objects reloaded before import = 0
Number of asset objects unloaded after import = 1
========================================================================
Received Import Request.
  Time since last request: 0.000029 seconds.
  path: Assets/TextMesh Pro/Examples & Extras/Prefabs/Text Popup.prefab
  artifactKey: Guid(b06f0e6c1dfa4356ac918da1bb32c603) Importer(2089858483,0ecaa5967403d082aa24f35e1b516d23)
Start importing Assets/TextMesh Pro/Examples & Extras/Prefabs/Text Popup.prefab using Guid(b06f0e6c1dfa4356ac918da1bb32c603) Importer(2089858483,0ecaa5967403d082aa24f35e1b516d23) [PhysX] Initialized MultithreadedTaskDispatcher with 12 workers.
 -> (artifact id: '892841e4b96d5ea235789fed63e21c61') in 0.056300 seconds
Number of updated asset objects reloaded before import = 0
Number of asset objects unloaded after import = 21
========================================================================
Received Import Request.
  Time since last request: 0.000025 seconds.
  path: Assets/SPUM/Retro UI Set/1_UI_Images/Theme2/02_Job/Spum_Icon13.png
  artifactKey: Guid(be32bdc704c87480caa40bcbeba59dda) Importer(2089858483,0ecaa5967403d082aa24f35e1b516d23)
Start importing Assets/SPUM/Retro UI Set/1_UI_Images/Theme2/02_Job/Spum_Icon13.png using Guid(be32bdc704c87480caa40bcbeba59dda) Importer(2089858483,0ecaa5967403d082aa24f35e1b516d23) [PhysX] Initialized MultithreadedTaskDispatcher with 12 workers.
 -> (artifact id: '4a4601f1af797d5fb25c25c0845315b5') in 0.030049 seconds
Number of updated asset objects reloaded before import = 0
Number of asset objects unloaded after import = 3
========================================================================
Received Import Request.
  Time since last request: 0.000018 seconds.
  path: Assets/SPUM/Retro UI Set/1_UI_Images/Theme2/06_UI/Spum_Icon175.png
  artifactKey: Guid(cb1aa1f1b27f84c0394093fa05467320) Importer(2089858483,0ecaa5967403d082aa24f35e1b516d23)
Start importing Assets/SPUM/Retro UI Set/1_UI_Images/Theme2/06_UI/Spum_Icon175.png using Guid(cb1aa1f1b27f84c0394093fa05467320) Importer(2089858483,0ecaa5967403d082aa24f35e1b516d23) [PhysX] Initialized MultithreadedTaskDispatcher with 12 workers.
 -> (artifact id: 'b72e803253e3f8ab334374a62876524f') in 0.029351 seconds
Number of updated asset objects reloaded before import = 0
Number of asset objects unloaded after import = 3
========================================================================
Received Import Request.
  Time since last request: 0.000019 seconds.
  path: Assets/SPUM/Retro UI Set/1_UI_Images/Theme1/02_Icons/2_Extra/Icon_27.png
  artifactKey: Guid(05ff2607fee6947ceb6d0a6c2871d4ae) Importer(2089858483,0ecaa5967403d082aa24f35e1b516d23)
Start importing Assets/SPUM/Retro UI Set/1_UI_Images/Theme1/02_Icons/2_Extra/Icon_27.png using Guid(05ff2607fee6947ceb6d0a6c2871d4ae) Importer(2089858483,0ecaa5967403d082aa24f35e1b516d23) [PhysX] Initialized MultithreadedTaskDispatcher with 12 workers.
 -> (artifact id: '8d7007523c07d795875da96d03646018') in 0.030833 seconds
Number of updated asset objects reloaded before import = 0
Number of asset objects unloaded after import = 3
========================================================================
Received Import Request.
  Time since last request: 0.000019 seconds.
  path: Assets/SPUM/Retro UI Set/1_UI_Images/Theme2/07_Resources/Spum_Icon232.png
  artifactKey: Guid(488bb20cc605c4898bd9c82f84ae685f) Importer(2089858483,0ecaa5967403d082aa24f35e1b516d23)
Start importing Assets/SPUM/Retro UI Set/1_UI_Images/Theme2/07_Resources/Spum_Icon232.png using Guid(488bb20cc605c4898bd9c82f84ae685f) Importer(2089858483,0ecaa5967403d082aa24f35e1b516d23) [PhysX] Initialized MultithreadedTaskDispatcher with 12 workers.
 -> (artifact id: 'c51ec432697badf6e9468e7cd83650a6') in 0.029326 seconds
Number of updated asset objects reloaded before import = 0
Number of asset objects unloaded after import = 3
========================================================================
Received Import Request.
  Time since last request: 0.000030 seconds.
  path: Assets/3.Script/Stage/StageData.cs
  artifactKey: Guid(428c567eedcad2346b7759e0dc4a2f38) Importer(2089858483,0ecaa5967403d082aa24f35e1b516d23)
Start importing Assets/3.Script/Stage/StageData.cs using Guid(428c567eedcad2346b7759e0dc4a2f38) Importer(2089858483,0ecaa5967403d082aa24f35e1b516d23) [PhysX] Initialized MultithreadedTaskDispatcher with 12 workers.
 -> (artifact id: '3b4923e0b246c728d76b97a20f942e1e') in 0.013940 seconds
Number of updated asset objects reloaded before import = 0
Number of asset objects unloaded after import = 1
========================================================================
Received Import Request.
  Time since last request: 0.000019 seconds.
  path: Assets/2.Model/Prefabs/RewardIcon.prefab
  artifactKey: Guid(b94f34464ffbd3d46ad01aa14d61cb5b) Importer(2089858483,0ecaa5967403d082aa24f35e1b516d23)
Start importing Assets/2.Model/Prefabs/RewardIcon.prefab using Guid(b94f34464ffbd3d46ad01aa14d61cb5b) Importer(2089858483,0ecaa5967403d082aa24f35e1b516d23) [PhysX] Initialized MultithreadedTaskDispatcher with 12 workers.
 -> (artifact id: '1f83885d77a85a074fc238ec00d97ce7') in 0.342797 seconds
Number of updated asset objects reloaded before import = 0
Number of asset objects unloaded after import = 17
========================================================================
Received Import Request.
  Time since last request: 0.000031 seconds.
  path: Assets/3.Script/Stage/StageStarSaveUtil.cs
  artifactKey: Guid(aa29d23724945aa42a31ab6bb1379bfd) Importer(2089858483,0ecaa5967403d082aa24f35e1b516d23)
Start importing Assets/3.Script/Stage/StageStarSaveUtil.cs using Guid(aa29d23724945aa42a31ab6bb1379bfd) Importer(2089858483,0ecaa5967403d082aa24f35e1b516d23) [PhysX] Initialized MultithreadedTaskDispatcher with 12 workers.
 -> (artifact id: 'fe82afb129ffeb4393f5b06adee1dbf0') in 0.013341 seconds
Number of updated asset objects reloaded before import = 0
Number of asset objects unloaded after import = 1
========================================================================
Received Import Request.
  Time since last request: 0.000027 seconds.
  path: Assets/3.Script/DataDTO/MoneyManager.cs
  artifactKey: Guid(7345d1df55c1b134a83413fc49055ba8) Importer(2089858483,0ecaa5967403d082aa24f35e1b516d23)
Start importing Assets/3.Script/DataDTO/MoneyManager.cs using Guid(7345d1df55c1b134a83413fc49055ba8) Importer(2089858483,0ecaa5967403d082aa24f35e1b516d23) [PhysX] Initialized MultithreadedTaskDispatcher with 12 workers.
 -> (artifact id: '9d7f45d632cbe65edf0a63f14de923fd') in 0.015594 seconds
Number of updated asset objects reloaded before import = 0
Number of asset objects unloaded after import = 1
========================================================================
Received Import Request.
  Time since last request: 0.000023 seconds.
  path: Assets/3.Script/DataDTO/New Enemy Icon Database.asset
  artifactKey: Guid(f8033e5a0387eae4886bd336c283ff3d) Importer(2089858483,0ecaa5967403d082aa24f35e1b516d23)
Start importing Assets/3.Script/DataDTO/New Enemy Icon Database.asset using Guid(f8033e5a0387eae4886bd336c283ff3d) Importer(2089858483,0ecaa5967403d082aa24f35e1b516d23) [PhysX] Initialized MultithreadedTaskDispatcher with 12 workers.
 -> (artifact id: '6a29197df33f8ee4c970c83688cdc8be') in 0.014760 seconds
Number of updated asset objects reloaded before import = 0
Number of asset objects unloaded after import = 3
========================================================================
Received Import Request.
  Time since last request: 0.000018 seconds.
  path: Assets/3.Script/DataDTO/RewardManager.cs
  artifactKey: Guid(14ba0c05adc69f546b57c6f7ccd6526e) Importer(2089858483,0ecaa5967403d082aa24f35e1b516d23)
Start importing Assets/3.Script/DataDTO/RewardManager.cs using Guid(14ba0c05adc69f546b57c6f7ccd6526e) Importer(2089858483,0ecaa5967403d082aa24f35e1b516d23) [PhysX] Initialized MultithreadedTaskDispatcher with 12 workers.
 -> (artifact id: '35426462626368c0f0cc105b79faeb60') in 0.012127 seconds
Number of updated asset objects reloaded before import = 0
Number of asset objects unloaded after import = 1
========================================================================
Received Import Request.
  Time since last request: 0.000019 seconds.
  path: Assets/TextMesh Pro/Resources/Fonts & Materials/LiberationSans SDF.asset
  artifactKey: Guid(8f586378b4e144a9851e7b34d9b748ee) Importer(2089858483,0ecaa5967403d082aa24f35e1b516d23)
Start importing Assets/TextMesh Pro/Resources/Fonts & Materials/LiberationSans SDF.asset using Guid(8f586378b4e144a9851e7b34d9b748ee) Importer(2089858483,0ecaa5967403d082aa24f35e1b516d23) [PhysX] Initialized MultithreadedTaskDispatcher with 12 workers.
 -> (artifact id: '7b8db9ff5248db0452df0c9be801b988') in 0.044622 seconds
Number of updated asset objects reloaded before import = 0
Number of asset objects unloaded after import = 8
========================================================================
Received Import Request.
  Time since last request: 0.000017 seconds.
  path: Assets/3.Script/UI/energyManager.cs
  artifactKey: Guid(1ef5a8edd67cd1a4498b818015d902bb) Importer(2089858483,0ecaa5967403d082aa24f35e1b516d23)
Start importing Assets/3.Script/UI/energyManager.cs using Guid(1ef5a8edd67cd1a4498b818015d902bb) Importer(2089858483,0ecaa5967403d082aa24f35e1b516d23) [PhysX] Initialized MultithreadedTaskDispatcher with 12 workers.
 -> (artifact id: '4d4c87360903df293bf725ae0fbcae0e') in 0.014745 seconds
Number of updated asset objects reloaded before import = 0
Number of asset objects unloaded after import = 1
========================================================================
Received Import Request.
  Time since last request: 0.000032 seconds.
  path: Assets/TextMesh Pro/Resources/Sprite Assets
  artifactKey: Guid(512a49d95c0c4332bdd98131869c23c9) Importer(2089858483,0ecaa5967403d082aa24f35e1b516d23)
Start importing Assets/TextMesh Pro/Resources/Sprite Assets using Guid(512a49d95c0c4332bdd98131869c23c9) Importer(2089858483,0ecaa5967403d082aa24f35e1b516d23) [PhysX] Initialized MultithreadedTaskDispatcher with 12 workers.
 -> (artifact id: '6469a26e2dab39b6263667d550820878') in 0.015499 seconds
Number of updated asset objects reloaded before import = 0
Number of asset objects unloaded after import = 1
========================================================================
Received Import Request.
  Time since last request: 0.000021 seconds.
  path: Assets/3.Script/DataDTO/GiveStageReward.cs
  artifactKey: Guid(1f782566eb206f243a0eac884021649f) Importer(2089858483,0ecaa5967403d082aa24f35e1b516d23)
Start importing Assets/3.Script/DataDTO/GiveStageReward.cs using Guid(1f782566eb206f243a0eac884021649f) Importer(2089858483,0ecaa5967403d082aa24f35e1b516d23) [PhysX] Initialized MultithreadedTaskDispatcher with 12 workers.
 -> (artifact id: '851f8fe24f745042cbb10a0c4c4aaa47') in 0.012441 seconds
Number of updated asset objects reloaded before import = 0
Number of asset objects unloaded after import = 1
========================================================================
Received Import Request.
  Time since last request: 0.000022 seconds.
  path: Assets/3.Script/DataDTO/PlayerUnitSaveData.cs
  artifactKey: Guid(36934c693c84c4145bb977889f697d81) Importer(2089858483,0ecaa5967403d082aa24f35e1b516d23)
Start importing Assets/3.Script/DataDTO/PlayerUnitSaveData.cs using Guid(36934c693c84c4145bb977889f697d81) Importer(2089858483,0ecaa5967403d082aa24f35e1b516d23) [PhysX] Initialized MultithreadedTaskDispatcher with 12 workers.
 -> (artifact id: 'c2edb43c9ec1e4dad68c51b856cd7303') in 0.014919 seconds
Number of updated asset objects reloaded before import = 0
Number of asset objects unloaded after import = 1
========================================================================
Received Import Request.
  Time since last request: 0.000019 seconds.
  path: Assets/TextMesh Pro/Resources/Style Sheets
  artifactKey: Guid(4aecb92fff08436c8303b10eab8da368) Importer(2089858483,0ecaa5967403d082aa24f35e1b516d23)
Start importing Assets/TextMesh Pro/Resources/Style Sheets using Guid(4aecb92fff08436c8303b10eab8da368) Importer(2089858483,0ecaa5967403d082aa24f35e1b516d23) [PhysX] Initialized MultithreadedTaskDispatcher with 12 workers.
 -> (artifact id: '1c48d63fca1a56e5467cb53755e59f8c') in 0.011295 seconds
Number of updated asset objects reloaded before import = 0
Number of asset objects unloaded after import = 1
========================================================================
Received Import Request.
  Time since last request: 0.000022 seconds.
  path: Assets/2.Model/Prefabs/moneyIcon.prefab
  artifactKey: Guid(fbb1a977353041c49bbaee7f0428ae58) Importer(2089858483,0ecaa5967403d082aa24f35e1b516d23)
Start importing Assets/2.Model/Prefabs/moneyIcon.prefab using Guid(fbb1a977353041c49bbaee7f0428ae58) Importer(2089858483,0ecaa5967403d082aa24f35e1b516d23) [PhysX] Initialized MultithreadedTaskDispatcher with 12 workers.
 -> (artifact id: 'c2f6af7bd74db77f46463ae1f0a4a442') in 0.340973 seconds
Number of updated asset objects reloaded before import = 0
Number of asset objects unloaded after import = 17
========================================================================
Received Import Request.
  Time since last request: 0.000022 seconds.
  path: Assets/TextMesh Pro/Documentation
  artifactKey: Guid(8e7e8f5a82a3a134e91c54efd2274ea9) Importer(2089858483,0ecaa5967403d082aa24f35e1b516d23)
Start importing Assets/TextMesh Pro/Documentation using Guid(8e7e8f5a82a3a134e91c54efd2274ea9) Importer(2089858483,0ecaa5967403d082aa24f35e1b516d23) [PhysX] Initialized MultithreadedTaskDispatcher with 12 workers.
 -> (artifact id: '0925da5b7cabdaf37a44e5c240956bf8') in 0.012324 seconds
Number of updated asset objects reloaded before import = 0
Number of asset objects unloaded after import = 1
========================================================================
Received Import Request.
  Time since last request: 0.000033 seconds.
  path: Assets/3.Script/UI/VictoryStarController.cs
  artifactKey: Guid(38124cc5059bdf846959397bf6e9ef53) Importer(2089858483,0ecaa5967403d082aa24f35e1b516d23)
Start importing Assets/3.Script/UI/VictoryStarController.cs using Guid(38124cc5059bdf846959397bf6e9ef53) Importer(2089858483,0ecaa5967403d082aa24f35e1b516d23) [PhysX] Initialized MultithreadedTaskDispatcher with 12 workers.
 -> (artifact id: 'bf72cd161c7872afbc8ba4cd05640a61') in 0.013271 seconds
Number of updated asset objects reloaded before import = 0
Number of asset objects unloaded after import = 1
========================================================================
Received Import Request.
  Time since last request: 0.000019 seconds.
  path: Assets/SPUM/Retro UI Set/1_UI_Images/Theme2/07_Resources/Spum_Icon256.png
  artifactKey: Guid(fcc760bae53824824810888ca3ce71c5) Importer(2089858483,0ecaa5967403d082aa24f35e1b516d23)
Start importing Assets/SPUM/Retro UI Set/1_UI_Images/Theme2/07_Resources/Spum_Icon256.png using Guid(fcc760bae53824824810888ca3ce71c5) Importer(2089858483,0ecaa5967403d082aa24f35e1b516d23) [PhysX] Initialized MultithreadedTaskDispatcher with 12 workers.
 -> (artifact id: 'be8b909cf2dbff898f0237dc71970636') in 0.038114 seconds
Number of updated asset objects reloaded before import = 0
Number of asset objects unloaded after import = 3
========================================================================
Received Import Request.
  Time since last request: 0.000023 seconds.
  path: Assets/SPUM/Retro UI Set/1_UI_Images/Theme1/02_Icons/2_Extra/Icon_48.png
  artifactKey: Guid(6ad3562b84b464bfe9552153347339d0) Importer(2089858483,0ecaa5967403d082aa24f35e1b516d23)
Start importing Assets/SPUM/Retro UI Set/1_UI_Images/Theme1/02_Icons/2_Extra/Icon_48.png using Guid(6ad3562b84b464bfe9552153347339d0) Importer(2089858483,0ecaa5967403d082aa24f35e1b516d23) [PhysX] Initialized MultithreadedTaskDispatcher with 12 workers.
 -> (artifact id: '0a0db140a3971805485aabfb47e5a53c') in 0.028882 seconds
Number of updated asset objects reloaded before import = 0
Number of asset objects unloaded after import = 3
========================================================================
Received Import Request.
  Time since last request: 0.000022 seconds.
  path: Assets/SPUM/Retro UI Set/1_UI_Images/Theme1/01_UI_Images/00_Basic/HP_Gauge2.png
  artifactKey: Guid(7d37754838fc449fbbaaa8a63abeea14) Importer(2089858483,0ecaa5967403d082aa24f35e1b516d23)
Start importing Assets/SPUM/Retro UI Set/1_UI_Images/Theme1/01_UI_Images/00_Basic/HP_Gauge2.png using Guid(7d37754838fc449fbbaaa8a63abeea14) Importer(2089858483,0ecaa5967403d082aa24f35e1b516d23) [PhysX] Initialized MultithreadedTaskDispatcher with 12 workers.
 -> (artifact id: '126a525b23dead7e8a91160a67d4e9a9') in 0.025095 seconds
Number of updated asset objects reloaded before import = 0
Number of asset objects unloaded after import = 3
========================================================================
Received Import Request.
  Time since last request: 0.000022 seconds.
  path: Assets/SPUM/Retro UI Set/1_UI_Images/Theme2/03_Status/Spum_Icon25.png
  artifactKey: Guid(fe7b8029ae8d74a438e969a58088470c) Importer(2089858483,0ecaa5967403d082aa24f35e1b516d23)
Start importing Assets/SPUM/Retro UI Set/1_UI_Images/Theme2/03_Status/Spum_Icon25.png using Guid(fe7b8029ae8d74a438e969a58088470c) Importer(2089858483,0ecaa5967403d082aa24f35e1b516d23) [PhysX] Initialized MultithreadedTaskDispatcher with 12 workers.
 -> (artifact id: 'd451cc19d1f5c4ff15e580a4666f7720') in 0.031462 seconds
Number of updated asset objects reloaded before import = 0
Number of asset objects unloaded after import = 3
========================================================================
Received Import Request.
  Time since last request: 0.000018 seconds.
  path: Assets/SPUM/Retro UI Set/1_UI_Images/Theme2/06_UI/Spum_Icon169.png
  artifactKey: Guid(c5c07c02e28264820905234f1bfae41b) Importer(2089858483,0ecaa5967403d082aa24f35e1b516d23)
Start importing Assets/SPUM/Retro UI Set/1_UI_Images/Theme2/06_UI/Spum_Icon169.png using Guid(c5c07c02e28264820905234f1bfae41b) Importer(2089858483,0ecaa5967403d082aa24f35e1b516d23) [PhysX] Initialized MultithreadedTaskDispatcher with 12 workers.
 -> (artifact id: '016b3a03f89dff39029610394777bf27') in 0.029528 seconds
Number of updated asset objects reloaded before import = 0
Number of asset objects unloaded after import = 3
========================================================================
Received Import Request.
  Time since last request: 0.000034 seconds.
  path: Assets/SPUM/Retro UI Set/1_UI_Images/Theme1/02_Icons/2_Extra/Icon_23.png
  artifactKey: Guid(afacb48c4aaf24b91a94b80dcb0d8fb0) Importer(2089858483,0ecaa5967403d082aa24f35e1b516d23)
Start importing Assets/SPUM/Retro UI Set/1_UI_Images/Theme1/02_Icons/2_Extra/Icon_23.png using Guid(afacb48c4aaf24b91a94b80dcb0d8fb0) Importer(2089858483,0ecaa5967403d082aa24f35e1b516d23) [PhysX] Initialized MultithreadedTaskDispatcher with 12 workers.
 -> (artifact id: 'ba97bd8c9ab5bb3e60d69454f7755fc4') in 0.030449 seconds
Number of updated asset objects reloaded before import = 0
Number of asset objects unloaded after import = 3
========================================================================
Received Import Request.
  Time since last request: 0.000023 seconds.
  path: Assets/SPUM/Retro UI Set/1_UI_Images/Theme2/07_Resources/Spum_Icon231.png
  artifactKey: Guid(44676ae07279248ee8b1764990b8e6f2) Importer(2089858483,0ecaa5967403d082aa24f35e1b516d23)
Start importing Assets/SPUM/Retro UI Set/1_UI_Images/Theme2/07_Resources/Spum_Icon231.png using Guid(44676ae07279248ee8b1764990b8e6f2) Importer(2089858483,0ecaa5967403d082aa24f35e1b516d23) [PhysX] Initialized MultithreadedTaskDispatcher with 12 workers.
 -> (artifact id: '8196383aa6a2e6eeb567be41e6aa0462') in 0.029465 seconds
Number of updated asset objects reloaded before import = 0
Number of asset objects unloaded after import = 3
========================================================================
Received Import Request.
  Time since last request: 0.000019 seconds.
  path: Assets/SPUM/Retro UI Set/1_UI_Images/Theme1/01_UI_Images/00_Basic/Boss_HP_Gauge2.png
  artifactKey: Guid(6036d5d05658b45e9b3dffadeacf3055) Importer(2089858483,0ecaa5967403d082aa24f35e1b516d23)
Start importing Assets/SPUM/Retro UI Set/1_UI_Images/Theme1/01_UI_Images/00_Basic/Boss_HP_Gauge2.png using Guid(6036d5d05658b45e9b3dffadeacf3055) Importer(2089858483,0ecaa5967403d082aa24f35e1b516d23) [PhysX] Initialized MultithreadedTaskDispatcher with 12 workers.
 -> (artifact id: '301b581795a54b1ade729bbac7808541') in 0.029027 seconds
Number of updated asset objects reloaded before import = 0
Number of asset objects unloaded after import = 3
========================================================================
Received Import Request.
  Time since last request: 0.000029 seconds.
  path: Assets/SPUM/Retro UI Set/1_UI_Images/Theme2/03_Status/Spum_Icon28.png
  artifactKey: Guid(a051a723e69914b44b02412e386f0325) Importer(2089858483,0ecaa5967403d082aa24f35e1b516d23)
Start importing Assets/SPUM/Retro UI Set/1_UI_Images/Theme2/03_Status/Spum_Icon28.png using Guid(a051a723e69914b44b02412e386f0325) Importer(2089858483,0ecaa5967403d082aa24f35e1b516d23) [PhysX] Initialized MultithreadedTaskDispatcher with 12 workers.
 -> (artifact id: 'a84309580aecc3b08314c25b7d161ee1') in 0.028548 seconds
Number of updated asset objects reloaded before import = 0
Number of asset objects unloaded after import = 3
========================================================================
Received Import Request.
  Time since last request: 0.000028 seconds.
  path: Assets/SPUM/Retro UI Set/1_UI_Images/Theme1/02_Icons/2_Extra/Icon_2.png
  artifactKey: Guid(3b37db2f0529f48a2a8f0e4464d336f8) Importer(2089858483,0ecaa5967403d082aa24f35e1b516d23)
Start importing Assets/SPUM/Retro UI Set/1_UI_Images/Theme1/02_Icons/2_Extra/Icon_2.png using Guid(3b37db2f0529f48a2a8f0e4464d336f8) Importer(2089858483,0ecaa5967403d082aa24f35e1b516d23) [PhysX] Initialized MultithreadedTaskDispatcher with 12 workers.
 -> (artifact id: 'af751fd51a53521a7649896cd94cb9ab') in 0.033877 seconds
Number of updated asset objects reloaded before import = 0
Number of asset objects unloaded after import = 3
========================================================================
Received Import Request.
  Time since last request: 0.000060 seconds.
  path: Assets/4.Sprite
  artifactKey: Guid(8245a7f32b0e7b24b862476c15da0d99) Importer(2089858483,0ecaa5967403d082aa24f35e1b516d23)
Start importing Assets/4.Sprite using Guid(8245a7f32b0e7b24b862476c15da0d99) Importer(2089858483,0ecaa5967403d082aa24f35e1b516d23) [PhysX] Initialized MultithreadedTaskDispatcher with 12 workers.
 -> (artifact id: '5ec36106d9b4097a1681a7057d4c7464') in 0.013888 seconds
Number of updated asset objects reloaded before import = 0
Number of asset objects unloaded after import = 1
========================================================================
Received Import Request.
  Time since last request: 0.000068 seconds.
  path: Assets/3.Script/Stage/GameSession.cs
  artifactKey: Guid(5c0f9e3d6a54f4047b58c3b8a7285531) Importer(2089858483,0ecaa5967403d082aa24f35e1b516d23)
Start importing Assets/3.Script/Stage/GameSession.cs using Guid(5c0f9e3d6a54f4047b58c3b8a7285531) Importer(2089858483,0ecaa5967403d082aa24f35e1b516d23) [PhysX] Initialized MultithreadedTaskDispatcher with 12 workers.
 -> (artifact id: 'b54f3784f2aef2b42c7c386d2f4c459f') in 0.012874 seconds
Number of updated asset objects reloaded before import = 0
Number of asset objects unloaded after import = 1
========================================================================
Received Import Request.
  Time since last request: 0.000021 seconds.
  path: Assets/SPUM/Retro UI Set/1_UI_Images/Theme2/05_System/Spum_Icon78.png
  artifactKey: Guid(8ee78026fa3164460b054930dcc4487d) Importer(2089858483,0ecaa5967403d082aa24f35e1b516d23)
Start importing Assets/SPUM/Retro UI Set/1_UI_Images/Theme2/05_System/Spum_Icon78.png using Guid(8ee78026fa3164460b054930dcc4487d) Importer(2089858483,0ecaa5967403d082aa24f35e1b516d23) [PhysX] Initialized MultithreadedTaskDispatcher with 12 workers.
 -> (artifact id: '1f9836e68013b87ca7609b441667319c') in 0.034165 seconds
Number of updated asset objects reloaded before import = 0
Number of asset objects unloaded after import = 3
========================================================================
Received Import Request.
  Time since last request: 0.000027 seconds.
  path: Assets/GoldenSkullStudios/2D/2D_Iso_Tile_Pack_Starter/README.txt
  artifactKey: Guid(98310f0a62e031c49bb10754ca25fd5d) Importer(2089858483,0ecaa5967403d082aa24f35e1b516d23)
Start importing Assets/GoldenSkullStudios/2D/2D_Iso_Tile_Pack_Starter/README.txt using Guid(98310f0a62e031c49bb10754ca25fd5d) Importer(2089858483,0ecaa5967403d082aa24f35e1b516d23) [PhysX] Initialized MultithreadedTaskDispatcher with 12 workers.
 -> (artifact id: '347db08cd0f899b751c85b33ae6eeb32') in 0.021893 seconds
Number of updated asset objects reloaded before import = 0
Number of asset objects unloaded after import = 1
========================================================================
Received Import Request.
  Time since last request: 0.000019 seconds.
  path: Assets/Pixel FX - Fire/Sprites/Fire_III_Flame_A_32x48.png
  artifactKey: Guid(e1acfedae04a8bf4c81b56d4b7f27e06) Importer(2089858483,0ecaa5967403d082aa24f35e1b516d23)
Start importing Assets/Pixel FX - Fire/Sprites/Fire_III_Flame_A_32x48.png using Guid(e1acfedae04a8bf4c81b56d4b7f27e06) Importer(2089858483,0ecaa5967403d082aa24f35e1b516d23) [PhysX] Initialized MultithreadedTaskDispatcher with 12 workers.
 -> (artifact id: '8f4c99f81f7f2a042c77b15131b1e7da') in 0.033728 seconds
Number of updated asset objects reloaded before import = 0
Number of asset objects unloaded after import = 8
========================================================================
Received Import Request.
  Time since last request: 0.000020 seconds.
  path: Assets/GoldenSkullStudios/2D/2D_Iso_Tile_Pack_Starter/Sprites/Sand/ISO_Tile_Sand_04.png
  artifactKey: Guid(f60a2e6adc7a1b1499affb2860b714ca) Importer(2089858483,0ecaa5967403d082aa24f35e1b516d23)
Start importing Assets/GoldenSkullStudios/2D/2D_Iso_Tile_Pack_Starter/Sprites/Sand/ISO_Tile_Sand_04.png using Guid(f60a2e6adc7a1b1499affb2860b714ca) Importer(2089858483,0ecaa5967403d082aa24f35e1b516d23) [PhysX] Initialized MultithreadedTaskDispatcher with 12 workers.
 -> (artifact id: '82089cf338be2cdfb1d399d9ead6dd0c') in 0.027390 seconds
Number of updated asset objects reloaded before import = 0
Number of asset objects unloaded after import = 3
========================================================================
Received Import Request.
  Time since last request: 0.000027 seconds.
  path: Assets/FantasyIconsPackFree/Icons/Gloves/BanditLightArmor [Paint].png
  artifactKey: Guid(d7236dfb0d0b195439305df676f2425b) Importer(2089858483,0ecaa5967403d082aa24f35e1b516d23)
Start importing Assets/FantasyIconsPackFree/Icons/Gloves/BanditLightArmor [Paint].png using Guid(d7236dfb0d0b195439305df676f2425b) Importer(2089858483,0ecaa5967403d082aa24f35e1b516d23) [PhysX] Initialized MultithreadedTaskDispatcher with 12 workers.
 -> (artifact id: '1ae6d72dac071f34e240daa12a24e163') in 0.028551 seconds
Number of updated asset objects reloaded before import = 0
Number of asset objects unloaded after import = 3
========================================================================
Received Import Request.
  Time since last request: 0.000031 seconds.
  path: Assets/SPUM/Basic_Resources/Font/PixelFont.ttf
  artifactKey: Guid(3e53c1bee5e5e43219f0342dc04f5be0) Importer(2089858483,0ecaa5967403d082aa24f35e1b516d23)
Start importing Assets/SPUM/Basic_Resources/Font/PixelFont.ttf using Guid(3e53c1bee5e5e43219f0342dc04f5be0) Importer(2089858483,0ecaa5967403d082aa24f35e1b516d23) [PhysX] Initialized MultithreadedTaskDispatcher with 12 workers.
 -> (artifact id: '9793fce3394995d60b0e8905a9fd6cf0') in 0.019619 seconds
Number of updated asset objects reloaded before import = 0
Number of asset objects unloaded after import = 3
========================================================================
Received Import Request.
  Time since last request: 0.000027 seconds.
  path: Assets/SPUM/Retro UI Set/1_UI_Images/Theme1/02_Icons/0_Flat/Icon_Flat__27.png
  artifactKey: Guid(a6f35930e03274fe4aafbaf857c416e3) Importer(2089858483,0ecaa5967403d082aa24f35e1b516d23)
Start importing Assets/SPUM/Retro UI Set/1_UI_Images/Theme1/02_Icons/0_Flat/Icon_Flat__27.png using Guid(a6f35930e03274fe4aafbaf857c416e3) Importer(2089858483,0ecaa5967403d082aa24f35e1b516d23) [PhysX] Initialized MultithreadedTaskDispatcher with 12 workers.
 -> (artifact id: '9437ed90e69fb6d7b33c608751f4cb25') in 0.032489 seconds
Number of updated asset objects reloaded before import = 0
Number of asset objects unloaded after import = 3
========================================================================
Received Import Request.
  Time since last request: 0.000020 seconds.
  path: Assets/GoldenSkullStudios/2D/2D_Iso_Tile_Pack_Starter/Sprites/Dirt/ISO_Tile_Dirt_01_ToSnow_01.png
  artifactKey: Guid(9ff3665d6c157c5428234650deac5faf) Importer(2089858483,0ecaa5967403d082aa24f35e1b516d23)
Start importing Assets/GoldenSkullStudios/2D/2D_Iso_Tile_Pack_Starter/Sprites/Dirt/ISO_Tile_Dirt_01_ToSnow_01.png using Guid(9ff3665d6c157c5428234650deac5faf) Importer(2089858483,0ecaa5967403d082aa24f35e1b516d23) [PhysX] Initialized MultithreadedTaskDispatcher with 12 workers.
 -> (artifact id: 'da39f2707d54bc609c1d90614b0bb7c6') in 0.027934 seconds
Number of updated asset objects reloaded before import = 0
Number of asset objects unloaded after import = 3
========================================================================
Received Import Request.
  Time since last request: 0.000024 seconds.
  path: Assets/Pixel FX - Fire/Sprites/Fire_III_Flame_C_80x48.png
  artifactKey: Guid(5b8ac3b48d3ce374d9e8eb65766c0e84) Importer(2089858483,0ecaa5967403d082aa24f35e1b516d23)
Start importing Assets/Pixel FX - Fire/Sprites/Fire_III_Flame_C_80x48.png using Guid(5b8ac3b48d3ce374d9e8eb65766c0e84) Importer(2089858483,0ecaa5967403d082aa24f35e1b516d23) [PhysX] Initialized MultithreadedTaskDispatcher with 12 workers.
 -> (artifact id: '054912e3306cb0369a3a4a23c74ba64d') in 0.032814 seconds
Number of updated asset objects reloaded before import = 0
Number of asset objects unloaded after import = 8
========================================================================
Received Import Request.
  Time since last request: 0.000020 seconds.
  path: Assets/Pixel FX - Fire/Prefabs
  artifactKey: Guid(07bf6159b764d3c409548f27fb96048e) Importer(2089858483,0ecaa5967403d082aa24f35e1b516d23)
Start importing Assets/Pixel FX - Fire/Prefabs using Guid(07bf6159b764d3c409548f27fb96048e) Importer(2089858483,0ecaa5967403d082aa24f35e1b516d23) [PhysX] Initialized MultithreadedTaskDispatcher with 12 workers.
 -> (artifact id: 'df3be997165f927865d27f4799c1356d') in 0.013624 seconds
Number of updated asset objects reloaded before import = 0
Number of asset objects unloaded after import = 1
========================================================================
Received Import Request.
  Time since last request: 0.000017 seconds.
  path: Assets/SPUM/Basic_Resources/Backup_Eye3/Eye16.png
  artifactKey: Guid(015301c6b6e8b4745aa2a97ebdafaeda) Importer(2089858483,0ecaa5967403d082aa24f35e1b516d23)
Start importing Assets/SPUM/Basic_Resources/Backup_Eye3/Eye16.png using Guid(015301c6b6e8b4745aa2a97ebdafaeda) Importer(2089858483,0ecaa5967403d082aa24f35e1b516d23) [PhysX] Initialized MultithreadedTaskDispatcher with 12 workers.
 -> (artifact id: '9dded87426c3c23c9d890b2d15afba2e') in 0.024127 seconds
Number of updated asset objects reloaded before import = 0
Number of asset objects unloaded after import = 4
========================================================================
Received Import Request.
  Time since last request: 0.000018 seconds.
  path: Assets/GoldenSkullStudios/2D/2D_Iso_Tile_Pack_Starter/Sprites/Low
  artifactKey: Guid(a923f72573c85f74c94fc232d4143f9e) Importer(2089858483,0ecaa5967403d082aa24f35e1b516d23)
Start importing Assets/GoldenSkullStudios/2D/2D_Iso_Tile_Pack_Starter/Sprites/Low using Guid(a923f72573c85f74c94fc232d4143f9e) Importer(2089858483,0ecaa5967403d082aa24f35e1b516d23) [PhysX] Initialized MultithreadedTaskDispatcher with 12 workers.
 -> (artifact id: '84872d58ec7999bc47cd55dd47a02403') in 0.013483 seconds
Number of updated asset objects reloaded before import = 0
Number of asset objects unloaded after import = 1
========================================================================
Received Import Request.
  Time since last request: 0.000020 seconds.
  path: Assets/GoldenSkullStudios/2D/2D_Iso_Tile_Pack_Starter/Sprites/Snow/Tiles/ISO_Tile_Snow_01_ToStone_02.asset
  artifactKey: Guid(23bc8cd60fb0a504ba0d3753ce403d63) Importer(2089858483,0ecaa5967403d082aa24f35e1b516d23)
Start importing Assets/GoldenSkullStudios/2D/2D_Iso_Tile_Pack_Starter/Sprites/Snow/Tiles/ISO_Tile_Snow_01_ToStone_02.asset using Guid(23bc8cd60fb0a504ba0d3753ce403d63) Importer(2089858483,0ecaa5967403d082aa24f35e1b516d23) [PhysX] Initialized MultithreadedTaskDispatcher with 12 workers.
 -> (artifact id: '95ad867fd054d873a92c50e920e7c714') in 0.025286 seconds
Number of updated asset objects reloaded before import = 0
Number of asset objects unloaded after import = 3
========================================================================
Received Import Request.
  Time since last request: 0.000019 seconds.
  path: Assets/GoldenSkullStudios/2D/2D_Iso_Tile_Pack_Starter/Autotiles/Path/Sprites/ISO_Tile_Dirt_01_GrassPath_4Cross.png
  artifactKey: Guid(2f859d245f0aa0c4e923833663d25f04) Importer(2089858483,0ecaa5967403d082aa24f35e1b516d23)
Start importing Assets/GoldenSkullStudios/2D/2D_Iso_Tile_Pack_Starter/Autotiles/Path/Sprites/ISO_Tile_Dirt_01_GrassPath_4Cross.png using Guid(2f859d245f0aa0c4e923833663d25f04) Importer(2089858483,0ecaa5967403d082aa24f35e1b516d23) [PhysX] Initialized MultithreadedTaskDispatcher with 12 workers.
 -> (artifact id: '794985fcceb5b39872a651efd0d67dbf') in 0.024233 seconds
Number of updated asset objects reloaded before import = 0
Number of asset objects unloaded after import = 3
========================================================================
Received Import Request.
  Time since last request: 0.000024 seconds.
  path: Assets/GoldenSkullStudios/2D/2D_Iso_Tile_Pack_Starter/Sprites/Sand/Tiles/ISO_Tile_Sand_01_ToStone_01.asset
  artifactKey: Guid(97973ec6b238975498fa0a18ec39a9eb) Importer(2089858483,0ecaa5967403d082aa24f35e1b516d23)
Start importing Assets/GoldenSkullStudios/2D/2D_Iso_Tile_Pack_Starter/Sprites/Sand/Tiles/ISO_Tile_Sand_01_ToStone_01.asset using Guid(97973ec6b238975498fa0a18ec39a9eb) Importer(2089858483,0ecaa5967403d082aa24f35e1b516d23) [PhysX] Initialized MultithreadedTaskDispatcher with 12 workers.
 -> (artifact id: 'c29d63cb9f755fe4a6aced26d525e5b1') in 0.025774 seconds
Number of updated asset objects reloaded before import = 0
Number of asset objects unloaded after import = 3
========================================================================
Received Import Request.
  Time since last request: 0.000029 seconds.
  path: Assets/GoldenSkullStudios/2D/2D_Iso_Tile_Pack_Starter/Autotiles/Fence/Sprites/ISO_Fence_01_C2S.png
  artifactKey: Guid(51f7f76e08368bc4f8efba22db2807cc) Importer(2089858483,0ecaa5967403d082aa24f35e1b516d23)
Start importing Assets/GoldenSkullStudios/2D/2D_Iso_Tile_Pack_Starter/Autotiles/Fence/Sprites/ISO_Fence_01_C2S.png using Guid(51f7f76e08368bc4f8efba22db2807cc) Importer(2089858483,0ecaa5967403d082aa24f35e1b516d23) [PhysX] Initialized MultithreadedTaskDispatcher with 12 workers.
 -> (artifact id: '0cfcb6d8eb4d24c1fc80863b8b708e44') in 0.027293 seconds
Number of updated asset objects reloaded before import = 0
Number of asset objects unloaded after import = 3
========================================================================
Received Import Request.
  Time since last request: 0.000022 seconds.
  path: Assets/Pixel FX - Fire/Controllers/Fire_Buff_Controller.controller
  artifactKey: Guid(fba88e23d46b06e438e523d03109c104) Importer(2089858483,0ecaa5967403d082aa24f35e1b516d23)
Start importing Assets/Pixel FX - Fire/Controllers/Fire_Buff_Controller.controller using Guid(fba88e23d46b06e438e523d03109c104) Importer(2089858483,0ecaa5967403d082aa24f35e1b516d23) [PhysX] Initialized MultithreadedTaskDispatcher with 12 workers.
 -> (artifact id: '427fa96f1bd3ccc0d2c01b97b33b5a4b') in 0.014123 seconds
Number of updated asset objects reloaded before import = 0
Number of asset objects unloaded after import = 4
========================================================================
Received Import Request.
  Time since last request: 0.000019 seconds.
  path: Assets/SPUM/ScreenShots/SPUM_20240911224628540_OTHER2_0_idle_0.png
  artifactKey: Guid(91b6e8c3d8a72414cb8c5718625a1703) Importer(2089858483,0ecaa5967403d082aa24f35e1b516d23)
Start importing Assets/SPUM/ScreenShots/SPUM_20240911224628540_OTHER2_0_idle_0.png using Guid(91b6e8c3d8a72414cb8c5718625a1703) Importer(2089858483,0ecaa5967403d082aa24f35e1b516d23) [PhysX] Initialized MultithreadedTaskDispatcher with 12 workers.
 -> (artifact id: 'e62227a74f6058d2ee38a5fb7faf4e87') in 0.039794 seconds
Number of updated asset objects reloaded before import = 0
Number of asset objects unloaded after import = 1
========================================================================
Received Import Request.
  Time since last request: 0.000021 seconds.
  path: Assets/SPUM/Sprite_Editor(Beta)/SPUM_SpriteEditor.unity
  artifactKey: Guid(922c57bc16e99433484b4e36a758c8bd) Importer(2089858483,0ecaa5967403d082aa24f35e1b516d23)
Start importing Assets/SPUM/Sprite_Editor(Beta)/SPUM_SpriteEditor.unity using Guid(922c57bc16e99433484b4e36a758c8bd) Importer(2089858483,0ecaa5967403d082aa24f35e1b516d23) [PhysX] Initialized MultithreadedTaskDispatcher with 12 workers.
 -> (artifact id: 'f5e2dc5ac67050fa0a5e9f5d219df940') in 0.013582 seconds
Number of updated asset objects reloaded before import = 0
Number of asset objects unloaded after import = 1
========================================================================
Received Import Request.
  Time since last request: 0.000016 seconds.
  path: Assets/FantasyIconsPackFree/Icons/Bow/BattleBow.png
  artifactKey: Guid(0c7f2b30efde63b4e85506baea6e3484) Importer(2089858483,0ecaa5967403d082aa24f35e1b516d23)
Start importing Assets/FantasyIconsPackFree/Icons/Bow/BattleBow.png using Guid(0c7f2b30efde63b4e85506baea6e3484) Importer(2089858483,0ecaa5967403d082aa24f35e1b516d23) [PhysX] Initialized MultithreadedTaskDispatcher with 12 workers.
 -> (artifact id: '094d5cae5d294ae82aecef5e0e7065d9') in 0.032820 seconds
Number of updated asset objects reloaded before import = 0
Number of asset objects unloaded after import = 3
========================================================================
Received Import Request.
  Time since last request: 0.000026 seconds.
  path: Assets/SPUM/Sprite_SheetExporter(Beta)/Script/SPUM_Exporter.cs
  artifactKey: Guid(5c52c9cb25bac4a3f9d13f35d3c13f63) Importer(2089858483,0ecaa5967403d082aa24f35e1b516d23)
Start importing Assets/SPUM/Sprite_SheetExporter(Beta)/Script/SPUM_Exporter.cs using Guid(5c52c9cb25bac4a3f9d13f35d3c13f63) Importer(2089858483,0ecaa5967403d082aa24f35e1b516d23) [PhysX] Initialized MultithreadedTaskDispatcher with 12 workers.
 -> (artifact id: '3489c5cc7695db8ad1ffbe26f83a33b7') in 0.015610 seconds
Number of updated asset objects reloaded before import = 0
Number of asset objects unloaded after import = 1
========================================================================
Received Import Request.
  Time since last request: 0.000018 seconds.
  path: Assets/SPUM/Basic_Resources/Backup_Eye4/Eye0.png
  artifactKey: Guid(5f9f25273c88c47b18ed01eb8f1140b9) Importer(2089858483,0ecaa5967403d082aa24f35e1b516d23)
Start importing Assets/SPUM/Basic_Resources/Backup_Eye4/Eye0.png using Guid(5f9f25273c88c47b18ed01eb8f1140b9) Importer(2089858483,0ecaa5967403d082aa24f35e1b516d23) [PhysX] Initialized MultithreadedTaskDispatcher with 12 workers.
 -> (artifact id: 'bdc60de03332c570d494184a606d6b64') in 0.032106 seconds
Number of updated asset objects reloaded before import = 0
Number of asset objects unloaded after import = 4
========================================================================
Received Import Request.
  Time since last request: 0.000017 seconds.
  path: Assets/SPUM/Script/SPUM_ConvertView.cs
  artifactKey: Guid(fee94ab081d14c741aad8284fd4ff1c9) Importer(2089858483,0ecaa5967403d082aa24f35e1b516d23)
Start importing Assets/SPUM/Script/SPUM_ConvertView.cs using Guid(fee94ab081d14c741aad8284fd4ff1c9) Importer(2089858483,0ecaa5967403d082aa24f35e1b516d23) [PhysX] Initialized MultithreadedTaskDispatcher with 12 workers.
 -> (artifact id: 'e969c9cd72340b076d00fc91cbe954e5') in 0.014137 seconds
Number of updated asset objects reloaded before import = 0
Number of asset objects unloaded after import = 1
========================================================================
Received Import Request.
  Time since last request: 0.000020 seconds.
  path: Assets/SPUM/Retro UI Set/1_UI_Images/Theme1/01_UI_Images/03_Popup_Equipment/Box_Left_WS.png
  artifactKey: Guid(4197baad1c2dc44b5b41849c91058061) Importer(2089858483,0ecaa5967403d082aa24f35e1b516d23)
Start importing Assets/SPUM/Retro UI Set/1_UI_Images/Theme1/01_UI_Images/03_Popup_Equipment/Box_Left_WS.png using Guid(4197baad1c2dc44b5b41849c91058061) Importer(2089858483,0ecaa5967403d082aa24f35e1b516d23) [PhysX] Initialized MultithreadedTaskDispatcher with 12 workers.
 -> (artifact id: '7277e7b7aa63aa4b9da7ff6534d90b41') in 0.029653 seconds
Number of updated asset objects reloaded before import = 0
Number of asset objects unloaded after import = 3
========================================================================
Received Import Request.
  Time since last request: 0.000023 seconds.
  path: Assets/GoldenSkullStudios/2D/2D_Iso_Tile_Pack_Starter/Autotiles/WaterBlock_Shores_Simple/RuleTile/ISO_Autotile_Water_Shores_01_Simple.asset
  artifactKey: Guid(04dcc34faf83a7741bbc4c530fc16ba6) Importer(2089858483,0ecaa5967403d082aa24f35e1b516d23)
Start importing Assets/GoldenSkullStudios/2D/2D_Iso_Tile_Pack_Starter/Autotiles/WaterBlock_Shores_Simple/RuleTile/ISO_Autotile_Water_Shores_01_Simple.asset using Guid(04dcc34faf83a7741bbc4c530fc16ba6) Importer(2089858483,0ecaa5967403d082aa24f35e1b516d23) [PhysX] Initialized MultithreadedTaskDispatcher with 12 workers.
 -> (artifact id: '5a703a28a7063d522199637eac170c24') in 0.028439 seconds
Number of updated asset objects reloaded before import = 0
Number of asset objects unloaded after import = 14
========================================================================
Received Import Request.
  Time since last request: 0.000027 seconds.
  path: Assets/FantasyIconsPackFree/Icons/MeleeWeapon1H/SandHealerStaff1.png
  artifactKey: Guid(4ebc70b29cf84034aa52eafdbca3951d) Importer(2089858483,0ecaa5967403d082aa24f35e1b516d23)
Start importing Assets/FantasyIconsPackFree/Icons/MeleeWeapon1H/SandHealerStaff1.png using Guid(4ebc70b29cf84034aa52eafdbca3951d) Importer(2089858483,0ecaa5967403d082aa24f35e1b516d23) [PhysX] Initialized MultithreadedTaskDispatcher with 12 workers.
 -> (artifact id: '8339e6f773e8295b309a0a1d80bb9d26') in 0.033377 seconds
Number of updated asset objects reloaded before import = 0
Number of asset objects unloaded after import = 3
========================================================================
Received Import Request.
  Time since last request: 0.000028 seconds.
  path: Assets/FantasyIconsPackFree/Icons/Shield/WoodenBuckler.png
  artifactKey: Guid(8c9bfd928f78cb541b9b79cfb995e5ae) Importer(2089858483,0ecaa5967403d082aa24f35e1b516d23)
Start importing Assets/FantasyIconsPackFree/Icons/Shield/WoodenBuckler.png using Guid(8c9bfd928f78cb541b9b79cfb995e5ae) Importer(2089858483,0ecaa5967403d082aa24f35e1b516d23) [PhysX] Initialized MultithreadedTaskDispatcher with 12 workers.
 -> (artifact id: 'b2d08f197f24c61ada95a3c83d795275') in 0.032100 seconds
Number of updated asset objects reloaded before import = 0
Number of asset objects unloaded after import = 3
========================================================================
Received Import Request.
  Time since last request: 0.000020 seconds.
  path: Assets/GoldenSkullStudios/2D/2D_Iso_Tile_Pack_Starter/Sprites/Stone/Tiles/ISO_Tile_Stone_01.asset
  artifactKey: Guid(8b9e3d0fac351a340a23c0f52347c840) Importer(2089858483,0ecaa5967403d082aa24f35e1b516d23)
Start importing Assets/GoldenSkullStudios/2D/2D_Iso_Tile_Pack_Starter/Sprites/Stone/Tiles/ISO_Tile_Stone_01.asset using Guid(8b9e3d0fac351a340a23c0f52347c840) Importer(2089858483,0ecaa5967403d082aa24f35e1b516d23) [PhysX] Initialized MultithreadedTaskDispatcher with 12 workers.
 -> (artifact id: '6c4dbf892067581e9f1576aaa59663e8') in 0.025278 seconds
Number of updated asset objects reloaded before import = 0
Number of asset objects unloaded after import = 3
========================================================================
Received Import Request.
  Time since last request: 0.000017 seconds.
  path: Assets/GoldenSkullStudios/2D/2D_Iso_Tile_Pack_Starter/Autotiles/Roof_Hay_Simple/Sprites/ISO_Roof_Hay_01_T_E1_SE.png
  artifactKey: Guid(da462ec7bf7054b40887892a61052799) Importer(2089858483,0ecaa5967403d082aa24f35e1b516d23)
Start importing Assets/GoldenSkullStudios/2D/2D_Iso_Tile_Pack_Starter/Autotiles/Roof_Hay_Simple/Sprites/ISO_Roof_Hay_01_T_E1_SE.png using Guid(da462ec7bf7054b40887892a61052799) Importer(2089858483,0ecaa5967403d082aa24f35e1b516d23) [PhysX] Initialized MultithreadedTaskDispatcher with 12 workers.
 -> (artifact id: 'c0e7526258f976dbc6c08c5d7ffdf910') in 0.028144 seconds
Number of updated asset objects reloaded before import = 0
Number of asset objects unloaded after import = 3
========================================================================
Received Import Request.
  Time since last request: 0.000018 seconds.
  path: Assets/GoldenSkullStudios/2D/2D_Iso_Tile_Pack_Starter/Sprites/Snow/Tiles/ISO_Tile_Snow_01_ToStone_01.asset
  artifactKey: Guid(faff37fa4b6e398408a22f062f8c0a54) Importer(2089858483,0ecaa5967403d082aa24f35e1b516d23)
Start importing Assets/GoldenSkullStudios/2D/2D_Iso_Tile_Pack_Starter/Sprites/Snow/Tiles/ISO_Tile_Snow_01_ToStone_01.asset using Guid(faff37fa4b6e398408a22f062f8c0a54) Importer(2089858483,0ecaa5967403d082aa24f35e1b516d23) [PhysX] Initialized MultithreadedTaskDispatcher with 12 workers.
 -> (artifact id: 'fdd5b1d5ee8316017bffb5153125e11c') in 0.023565 seconds
Number of updated asset objects reloaded before import = 0
Number of asset objects unloaded after import = 3
========================================================================
Received Import Request.
  Time since last request: 0.000022 seconds.
  path: Assets/GoldenSkullStudios/2D/2D_Iso_Tile_Pack_Starter/Autotiles/WaterBlock_Shores_Simple/Sprites/ISO_Tile_Water_Shore_1S_03.png
  artifactKey: Guid(dcb33a2903f6ec9428e8865f3588c134) Importer(2089858483,0ecaa5967403d082aa24f35e1b516d23)
Start importing Assets/GoldenSkullStudios/2D/2D_Iso_Tile_Pack_Starter/Autotiles/WaterBlock_Shores_Simple/Sprites/ISO_Tile_Water_Shore_1S_03.png using Guid(dcb33a2903f6ec9428e8865f3588c134) Importer(2089858483,0ecaa5967403d082aa24f35e1b516d23) [PhysX] Initialized MultithreadedTaskDispatcher with 12 workers.
 -> (artifact id: '9d9473be62d1d1da345ebd4f6347a989') in 0.023850 seconds
Number of updated asset objects reloaded before import = 0
Number of asset objects unloaded after import = 3
========================================================================
Received Import Request.
  Time since last request: 0.000017 seconds.
  path: Assets/SPUM/Basic_Resources/Prefab/ChracterPivot Variant.prefab
  artifactKey: Guid(178e27a2147386d4d84c76a5fb21772f) Importer(2089858483,0ecaa5967403d082aa24f35e1b516d23)
Start importing Assets/SPUM/Basic_Resources/Prefab/ChracterPivot Variant.prefab using Guid(178e27a2147386d4d84c76a5fb21772f) Importer(2089858483,0ecaa5967403d082aa24f35e1b516d23) [PhysX] Initialized MultithreadedTaskDispatcher with 12 workers.
 -> (artifact id: 'f4695557a6e88ff010b8a766cf7813a4') in 0.041729 seconds
Number of updated asset objects reloaded before import = 0
Number of asset objects unloaded after import = 1045
========================================================================
Received Import Request.
  Time since last request: 0.000026 seconds.
  path: Assets/GoldenSkullStudios/2D/2D_Iso_Tile_Pack_Starter/Autotiles/WaterBlock_Shores_Complex/Sprites/ISO_Tile_Water_Shore_1S_01.png
  artifactKey: Guid(d30f1fe44aab5154685c5a587914d707) Importer(2089858483,0ecaa5967403d082aa24f35e1b516d23)
Start importing Assets/GoldenSkullStudios/2D/2D_Iso_Tile_Pack_Starter/Autotiles/WaterBlock_Shores_Complex/Sprites/ISO_Tile_Water_Shore_1S_01.png using Guid(d30f1fe44aab5154685c5a587914d707) Importer(2089858483,0ecaa5967403d082aa24f35e1b516d23) [PhysX] Initialized MultithreadedTaskDispatcher with 12 workers.
 -> (artifact id: '0747a81cccf69ad6dbd50534adb32584') in 0.025301 seconds
Number of updated asset objects reloaded before import = 0
Number of asset objects unloaded after import = 3
========================================================================
Received Import Request.
  Time since last request: 0.000030 seconds.
  path: Assets/GoldenSkullStudios/2D/2D_Iso_Tile_Pack_Starter/Autotiles/Roof_Hay_Simple/Sprites/Tiles/ISO_Roof_Hay_01_T_E1_NE.asset
  artifactKey: Guid(795ec52940585784f86419c6c2a35a63) Importer(2089858483,0ecaa5967403d082aa24f35e1b516d23)
Start importing Assets/GoldenSkullStudios/2D/2D_Iso_Tile_Pack_Starter/Autotiles/Roof_Hay_Simple/Sprites/Tiles/ISO_Roof_Hay_01_T_E1_NE.asset using Guid(795ec52940585784f86419c6c2a35a63) Importer(2089858483,0ecaa5967403d082aa24f35e1b516d23) [PhysX] Initialized MultithreadedTaskDispatcher with 12 workers.
 -> (artifact id: '2279b1792437673d50c0dbef328084d3') in 0.025435 seconds
Number of updated asset objects reloaded before import = 0
Number of asset objects unloaded after import = 3
========================================================================
Received Import Request.
  Time since last request: 0.000016 seconds.
  path: Assets/SPUM/Retro UI Set/1_UI_Images
  artifactKey: Guid(74e557d994d9f49b28b2f1a860a6d383) Importer(2089858483,0ecaa5967403d082aa24f35e1b516d23)
Start importing Assets/SPUM/Retro UI Set/1_UI_Images using Guid(74e557d994d9f49b28b2f1a860a6d383) Importer(2089858483,0ecaa5967403d082aa24f35e1b516d23) [PhysX] Initialized MultithreadedTaskDispatcher with 12 workers.
 -> (artifact id: 'bd55efa51b4800bf8471e1c34f5ffe18') in 0.010741 seconds
Number of updated asset objects reloaded before import = 0
Number of asset objects unloaded after import = 1
========================================================================
Received Import Request.
  Time since last request: 0.000023 seconds.
  path: Assets/SPUM/Resources/Addons/Legacy/0_Unit/0_Sprite/6_Weapons/2_Bow
  artifactKey: Guid(f0630360583aa6548a49cda7359a2e9f) Importer(2089858483,0ecaa5967403d082aa24f35e1b516d23)
Start importing Assets/SPUM/Resources/Addons/Legacy/0_Unit/0_Sprite/6_Weapons/2_Bow using Guid(f0630360583aa6548a49cda7359a2e9f) Importer(2089858483,0ecaa5967403d082aa24f35e1b516d23) [PhysX] Initialized MultithreadedTaskDispatcher with 12 workers.
 -> (artifact id: '559da4a751e5c0f526434f2af89831e6') in 0.011378 seconds
Number of updated asset objects reloaded before import = 0
Number of asset objects unloaded after import = 1
========================================================================
Received Import Request.
  Time since last request: 0.000019 seconds.
  path: Assets/GoldenSkullStudios/2D/2D_Iso_Tile_Pack_Starter/Autotiles/WaterBlock_Shores_Complex/Sprites/ISO_Tile_Water_Shore_2S_03.png
  artifactKey: Guid(7d8577a3dc3cfe349b8e925cebc95e7f) Importer(2089858483,0ecaa5967403d082aa24f35e1b516d23)
Start importing Assets/GoldenSkullStudios/2D/2D_Iso_Tile_Pack_Starter/Autotiles/WaterBlock_Shores_Complex/Sprites/ISO_Tile_Water_Shore_2S_03.png using Guid(7d8577a3dc3cfe349b8e925cebc95e7f) Importer(2089858483,0ecaa5967403d082aa24f35e1b516d23) [PhysX] Initialized MultithreadedTaskDispatcher with 12 workers.
 -> (artifact id: '2d0f9708b429bb41b37d9fee7d07354e') in 0.026694 seconds
Number of updated asset objects reloaded before import = 0
Number of asset objects unloaded after import = 3
Editor requested this worker to shutdown with reason: Scaling down because of idle timeout
TcpMessagingSession - receive error: operation aborted. errorcode: 995, details: 스레드 종료 또는 응용 프로그램 요청 때문에 I/O 작업이 취소되었습니다.
AssetImportWorker is now disconnected from the server
Process exiting
Exiting without the bug reporter. Application will terminate with return code 0