{"cameraMode":{"drawMode":0,"name":"Shaded","section":"Shading Mode"},"sceneLighting":false,"audioPlay":false,"sceneViewState":{"m_AlwaysRefresh":false,"showFog":true,"showSkybox":false,"showFlares":true,"showImageEffects":true,"showParticleSystems":true,"showVisualEffectGraphs":true,"m_FxEnabled":true},"in2DMode":false,"pivot":{"x":1.8870292901992798,"y":0.900001049041748,"z":-8.10665225982666},"rotation":{"x":0.20729593932628632,"y":-0.002938520396128297,"z":0.0006250552251003683,"w":0.9782824516296387},"size":1.837117314338684,"orthographic":false}