{"cameraMode":{"drawMode":0,"name":"Shaded","section":"Shading Mode"},"sceneLighting":false,"audioPlay":false,"sceneViewState":{"m_AlwaysRefresh":false,"showFog":true,"showSkybox":false,"showFlares":true,"showImageEffects":true,"showParticleSystems":true,"showVisualEffectGraphs":true,"m_FxEnabled":true},"in2DMode":false,"pivot":{"x":-0.4434177875518799,"y":1.0161118507385255,"z":4.773757457733154},"rotation":{"x":0.20729593932628632,"y":-0.002938520396128297,"z":0.0006250552251003683,"w":0.9782824516296387},"size":18.552223205566408,"orthographic":false}